seed,t,ic,top,mid,bot,h1,h2,bs,sum
1,1.07856641,0.02720930233,0.01038262404,0.003977449405,-0.01436007344,0.03333333333,0.02114197531,0.8603988604,5.85
2,-0.950445967,-0.02348837209,0.0005624641061,-0.008437654641,0.007875190535,-0.02788161994,-0.01913580247,,-5.05
3,0.08471878824,0.001860465116,0.01973938924,-0.02162900606,0.001889616825,0.03909657321,-0.0350308642,7.75,0.4
4,-0.01270104178,-0.0003100775194,0.01000792142,-0.006067118324,-0.003940803093,0.007788161994,-0.008333333333,,-0.06666666667
5,1.565954507,0.03976744186,0.02670509203,0.005019986464,-0.0317250785,0.01884735202,0.06049382716,0.5458089669,8.55
6,0.9537477212,0.02364341085,0.01428709064,-0.02604079215,0.01175370151,-0.01355140187,0.06049382716,0.4295081967,5.083333333
7,1.561016973,0.03658914729,0.009049778449,-0.01194903083,0.00289925238,0.05732087227,0.01604938272,0.4766949153,7.866666667
8,-0.1548942761,-0.003875968992,-0.004171333774,-0.001258127398,0.005429461173,0.005140186916,-0.01280864198,,-0.8333333333
9,-1.524105391,-0.03620155039,-0.01282490608,-0.01546748855,0.02829239463,-0.03037383178,-0.04197530864,,-7.783333333
10,-2.896255833,-0.06891472868,-0.04605380911,0.01277291972,0.03328088939,-0.06962616822,-0.06820987654,,-14.81666667
11,-1.602609079,-0.03782945736,-0.01690253217,-0.008287818764,0.02519035094,-0.03364485981,-0.04197530864,,-8.133333333
12,0.06395878836,0.001550387597,-0.01730224192,0.02557340997,-0.008271168052,0.002803738318,0.0003086419753,4.4,0.3333333333
13,1.121886215,0.02790697674,0.007986765772,0.003452426128,-0.0114391919,0.02040498442,0.03533950617,0.4361111111,6.0
14,1.389795412,0.03201550388,-0.009200956975,0.003807841684,0.00539311529,0.004205607477,0.05956790123,0.8958837772,6.883333333
15,-1.222571098,-0.0303875969,-0.01822854426,0.003638049569,0.01459049469,-0.03598130841,-0.02484567901,,-6.533333333
16,-2.664384128,-0.06069767442,-0.04406983597,0.02112340872,0.02294642725,-0.04984423676,-0.07145061728,,-13.05
17,0.4510756076,0.00984496124,-0.01393143061,0.02019417281,-0.0062627422,-0.006853582555,0.02638888889,0.811023622,2.116666667
18,0.06890360524,0.001627906977,0.008610471085,-0.02048059603,0.01187012494,0.05825545171,-0.05447530864,15.38095238,0.35
19,0.1720719008,0.004186046512,-0.01825446365,0.02320403912,-0.004949575474,-0.0207165109,0.02885802469,2.722222222,0.9
20,1.178647129,0.02953488372,0.0322978784,-0.007127229269,-0.02517064913,-0.01199376947,0.07067901235,0.8188976378,6.35
21,1.868532309,0.04674418605,0.02621485513,-0.01395599726,-0.01225885787,0.04392523364,0.04953703704,0.4991708126,10.05
22,-0.4670277603,-0.01147286822,0.008391218424,-0.007082525418,-0.001308693006,-0.07024922118,0.04675925926,,-2.466666667
23,-0.7890413257,-0.01751937984,-0.0112145348,0.01037815699,0.000836377811,-0.04018691589,0.004938271605,,-3.766666667
24,-1.725612355,-0.03868217054,-0.007871321558,-0.001574790008,0.009446111566,-0.08239875389,0.00462962963,,-8.316666667
25,-0.4523054761,-0.01108527132,-0.001849713893,-0.01835228121,0.0202019951,-0.007320872274,-0.01481481481,,-2.383333333
26,0.3915297051,0.009224806202,-0.0168670411,0.03263983165,-0.01577279054,0.01043613707,0.008024691358,1.428571429,1.983333333
27,-2.805210201,-0.06945736434,-0.02815183473,-0.007919632004,0.03607146674,-0.03971962617,-0.09891975309,,-14.93333333
28,-1.185268373,-0.02875968992,-0.01406957581,0.01708032935,-0.003010753541,-0.02507788162,-0.03240740741,,-6.183333333
29,-1.267863143,-0.0303875969,-0.02293671029,0.01811815844,0.004818551858,-0.0722741433,0.01111111111,,-6.533333333
30,-0.6965864393,-0.01558139535,0.007385092568,-0.01686414439,0.009479051821,0.01931464174,-0.05015432099,,-3.35
31,1.072860551,0.02542635659,0.01407255841,-0.005900098213,-0.008172460195,-0.001246105919,0.05185185185,0.5243902439,5.466666667
32,-0.4430083687,-0.009612403101,0.01140035942,-0.02648859515,0.01508823573,-0.03862928349,0.01913580247,,-2.066666667
33,0.3446274187,0.008914728682,-0.007430502828,0.008768756372,-0.001338253544,0.02803738318,-0.0100308642,0.6695652174,1.916666667
34,1.005463068,0.02294573643,0.006863356942,-0.005603536462,-0.00125982048,0.01791277259,0.02793209877,0.75,4.933333333
35,0.9714708486,0.02263565891,0.008993832977,-0.005312688643,-0.003681144334,0.03333333333,0.01203703704,0.4657534247,4.866666667
36,1.428393503,0.03255813953,0.007699371155,-0.005454638183,-0.002244732972,0.001557632399,0.06327160494,0.9142857143,7.0
37,0.3545010923,0.008604651163,-0.01308825701,0.02445136495,-0.01136310794,0.007476635514,0.009722222222,0.6306306306,1.85
38,-0.5474162423,-0.01209302326,0.001100835219,-0.02356036058,0.02245952536,-0.04423676012,0.01975308642,,-2.6
39,-1.799488622,-0.0423255814,-0.01247227964,0.01916604954,-0.006693769904,-0.04190031153,-0.04274691358,,-9.1
40,-0.5327819731,-0.01108527132,-0.01778183774,0.01084577477,0.006936062973,-0.02196261682,-0.0003086419753,,-2.383333333
41,0.6666044958,0.01751937984,0.006156650117,-0.01488902903,0.008732378915,-0.03925233645,0.0737654321,1.530973451,3.766666667
42,-0.168647376,-0.003875968992,-0.0002110528257,-0.01054351346,0.01075456629,-0.01230529595,0.004475308642,,-0.8333333333
43,-0.2090944508,-0.004651162791,-0.01523399495,0.002322955179,0.01291103977,0.0,-0.009259259259,,-1.0
44,1.829104147,0.04310077519,0.009531131243,0.003150095439,-0.01268122668,0.009968847352,0.07592592593,0.5791366906,9.266666667
45,-0.1998624966,-0.00496124031,0.002927459149,-0.01701481918,0.01408736003,-0.02990654206,0.01975308642,,-1.066666667
46,-0.6900113516,-0.01697674419,-0.01581236876,0.003290240658,0.0125221281,0.03146417445,-0.0649691358,,-3.65
47,-0.1407576099,-0.003565891473,-0.003153695286,0.003441006956,-0.0002873116705,-0.06775700935,0.0600308642,,-0.7666666667
48,1.536189243,0.03643410853,0.02302021367,-0.01003513121,-0.01298508247,0.03535825545,0.0375,0.6510638298,7.833333333
49,-0.2602263681,-0.006511627907,0.003860204237,0.006119535855,-0.009979740092,-0.04937694704,0.03595679012,,-1.4
50,-1.919579295,-0.04658914729,-0.02113129559,0.004031557913,0.01709973768,-0.04034267913,-0.05277777778,,-10.01666667
51,-0.3034644683,-0.007286821705,-0.009997148028,0.004291351131,0.005705796898,-0.0191588785,0.004475308642,,-1.566666667
52,-1.013855967,-0.02666666667,-0.01643714726,0.001483705814,0.01495344144,-0.06074766355,0.007098765432,,-5.733333333
53,-0.9527227501,-0.02286821705,-0.0176184215,-0.001479693067,0.01909811457,-0.04252336449,-0.003395061728,,-4.916666667
54,0.9456625881,0.02403100775,0.01053717044,0.001647884382,-0.01218505482,0.01682242991,0.03117283951,0.4903225806,5.166666667
55,0.06862710327,0.001627906977,0.009776847958,-0.02716567423,0.01738882627,-0.02632398754,0.02932098765,7.047619048,0.35
56,-0.2875937246,-0.007286821705,0.02119576325,-0.01508439866,-0.006111364586,-0.0269470405,0.01219135802,,-1.566666667
57,-0.6695502833,-0.01589147287,-0.007978153651,-0.005421969784,0.01340012343,-0.0300623053,-0.001851851852,,-3.416666667
58,-1.025414267,-0.02441860465,-0.007378254165,-0.008465546703,0.01584380087,-0.04657320872,-0.002469135802,,-5.25
59,-0.07504550591,-0.001627906977,-0.007984102438,-0.007244118175,0.01522822061,-0.002024922118,-0.001234567901,,-0.35
60,-1.187889652,-0.02736434109,-0.03577682544,0.01651885466,0.01925797078,-0.006386292835,-0.04814814815,,-5.883333333
61,0.06099768631,0.001550387597,-0.006907420132,0.01174336603,-0.004835945898,-0.03348909657,0.0362654321,6.85,0.3333333333
62,0.2362073397,0.005426356589,-0.02687591189,0.02354419044,0.003331721451,-0.01230529595,0.02299382716,2.9,1.166666667
63,-0.01758244551,-0.0003875968992,0.004615150005,-0.003167440061,-0.001447709944,0.0300623053,-0.03055555556,,-0.08333333333
64,1.147111434,0.02976744186,0.00610638376,0.0003070492281,-0.006413432988,0.005451713396,0.05385802469,0.6354166667,6.4
65,-0.8208986096,-0.01992248062,-0.01652798437,0.005461768097,0.01106621627,-0.01277258567,-0.02700617284,,-4.283333333
66,1.292990981,0.02953488372,0.01419209474,0.002082783958,-0.0162748787,0.004361370717,0.05447530864,0.9816272966,6.35
67,0.6268354661,0.01426356589,-0.00139850868,-0.0117381766,0.01313668528,0.03193146417,-0.003240740741,1.625,3.066666667
68,0.7408659174,0.01868217054,-0.0001300909705,-0.004479554306,0.004609645277,0.05140186916,-0.0137345679,0.7427385892,4.016666667
69,0.7256440497,0.01837209302,0.02536942713,-0.01238144472,-0.01298798241,-0.03286604361,0.06913580247,0.8734177215,3.95
70,1.409889502,0.03472868217,-0.001979919245,-0.00474200529,0.006721924535,0.007009345794,0.06219135802,0.6160714286,7.466666667
71,-0.3082461081,-0.007674418605,-0.01449674301,0.005498945925,0.008997797087,-0.01433021807,-0.001080246914,,-1.65
72,-0.0558734147,-0.001317829457,0.00699665243,-0.01522510749,0.008228455058,-0.02975077882,0.02685185185,,-0.2833333333
73,0.4037680121,0.008604651163,0.0005997517408,-0.006871475297,0.006271723556,-0.02554517134,0.0424382716,2.351351351,1.85
74,0.06719353637,0.001550387597,-0.02158288859,0.01219252522,0.009390363365,-0.03566978193,0.03842592593,6.95,0.3333333333
75,-0.4802559929,-0.01147286822,-0.004706199065,0.006350017394,-0.001643818329,-0.02040498442,-0.00262345679,,-2.466666667
76,1.41326684,0.03472868217,0.0222488611,-0.004873249746,-0.01737561136,0.06074766355,0.008950617284,0.9375,7.466666667
77,-0.269981789,-0.006511627907,0.003193505217,-0.01068791537,0.007494410156,-0.03146417445,0.01820987654,,-1.4
78,0.09168432502,0.002093023256,-0.01281088622,0.004382626663,0.008428259552,0.02165109034,-0.01728395062,2.518518519,0.45
79,0.6981248716,0.01635658915,-0.00166575212,-0.007495381986,0.009161134106,-0.004984423676,0.0375,0.6398104265,3.516666667
80,-0.3743441664,-0.009379844961,0.006686753884,0.005009170399,-0.01169592428,-0.004517133956,-0.01419753086,,-2.016666667
81,1.243539851,0.03054263566,-0.01030947814,0.02312080931,-0.01281133117,0.02180685358,0.03919753086,0.5583756345,6.566666667
82,-1.830879605,-0.04558139535,-0.05083594708,0.01950544944,0.03133049764,-0.04657320872,-0.04459876543,,-9.8
83,0.6822687634,0.01581395349,0.02373801277,-0.02204482123,-0.001693191542,0.01183800623,0.01975308642,0.7549019608,3.4
84,-0.09320996916,-0.002248062016,0.009039091984,-0.01881106462,0.009771972634,0.003271028037,-0.007716049383,,-0.4833333333
85,-0.352921531,-0.008682170543,0.006760621257,-0.01054088944,0.003780268185,-0.05576323988,0.03796296296,,-1.866666667
86,-0.4385509775,-0.0107751938,0.002732269215,-0.005067271128,0.002335001913,-0.01246105919,-0.009104938272,,-2.316666667
87,1.0463545,0.02519379845,0.00777333909,0.01843220906,-0.02620554815,0.0006230529595,0.04953703704,0.68,5.416666667
88,0.0264120345,0.0006201550388,0.007677480175,0.002475548324,-0.0101530285,-0.03613707165,0.03703703704,12.875,0.1333333333
89,-0.1025755612,-0.002558139535,0.01627531689,-0.01501135579,-0.001263961095,0.006853582555,-0.01188271605,,-0.55
90,1.894626275,0.04263565891,0.005474433053,0.0005528997764,-0.00602733283,0.03099688474,0.05416666667,0.54,9.166666667
91,2.591382263,0.05945736434,0.02916394169,-0.002556240148,-0.02660770155,0.03987538941,0.07885802469,0.7366362451,12.78333333
92,-0.2559842473,-0.006356589147,-0.01548519609,-0.003056808354,0.01854200444,0.01199376947,-0.02453703704,,-1.366666667
93,0.4732892416,0.01170542636,0.01684016507,0.004471317662,-0.02131148273,0.02507788162,-0.001543209877,0.7483443709,2.516666667
94,0.7369037214,0.01930232558,0.02525570339,-0.01445775833,-0.01079794506,-0.02585669782,0.06404320988,0.8353413655,4.15
95,0.7970660942,0.01891472868,0.01554900584,-0.009308959057,-0.006240046786,0.009345794393,0.02839506173,0.4344262295,4.066666667
96,1.270796094,0.03046511628,-0.004251254001,0.004678838008,-0.0004275840064,0.03753894081,0.02345679012,0.5954198473,6.55
97,0.02758691178,0.0006201550388,-0.01433385958,0.01077743979,0.003556419788,0.03130841121,-0.02978395062,7.875,0.1333333333
98,0.8301500699,0.01736434109,-0.00256052831,0.01760774283,-0.01504721452,0.02009345794,0.01466049383,1.058035714,3.733333333
99,0.4978563835,0.01255813953,0.003210317946,0.008797856758,-0.0120081747,-0.003271028037,0.02824074074,1.327160494,2.7
100,0.2571112952,0.006046511628,0.01000937367,0.009326716433,-0.0193360901,-0.02834890966,0.04012345679,1.576923077,1.3
101,-1.503920157,-0.03364341085,-0.003868979247,-0.01040481783,0.01427379708,-0.01090342679,-0.05617283951,,-7.233333333
102,-0.7840264064,-0.0203875969,-0.009575668869,-0.01523793415,0.02481360302,-0.02523364486,-0.01558641975,,-4.383333333
103,-0.9000280868,-0.02015503876,-0.008106241218,-0.01623279411,0.02433903533,0.0006230529595,-0.04074074074,,-4.333333333
104,-1.115498267,-0.02674418605,-0.0355482438,0.02252438689,0.01302385691,-0.03426791277,-0.01929012346,,-5.75
105,-0.9390849182,-0.02147286822,-0.02108991123,-0.007480817169,0.0285707284,-0.04953271028,0.006327160494,,-4.616666667
106,0.8906329198,0.02201550388,0.003950914809,0.007646554919,-0.01159746973,-0.02180685358,0.06543209877,0.9436619718,4.733333333
107,-0.9598985707,-0.0219379845,-0.01054375643,-0.005375324658,0.01591908108,-0.02445482866,-0.01944444444,,-4.716666667
108,0.3478890737,0.009224806202,0.02250944365,-0.02512599323,0.002616549573,0.01043613707,0.008024691358,1.848739496,1.983333333
109,-0.05617858967,-0.001395348837,-0.02721089422,0.02168639653,0.005524497683,-0.04314641745,0.0399691358,,-0.3
110,-1.512014582,-0.03565891473,-0.02143623203,0.002615470154,0.01882076188,-0.05669781931,-0.01481481481,,-7.666666667
111,0.6754896894,0.01558139535,0.01019471189,-0.004778325645,-0.005416386244,0.04750778816,-0.01604938272,0.6567164179,3.35
112,-1.320103308,-0.02968992248,-0.01252542156,-0.00341577631,0.01594119786,-0.02009345794,-0.03919753086,,-6.383333333
113,0.7377789428,0.01790697674,0.0108568967,-0.01369439149,0.002837494792,0.007943925234,0.02777777778,0.4285714286,3.85
114,-1.227478283,-0.02906976744,-0.02619314925,0.008042628044,0.0181505212,-0.05716510903,-0.001234567901,,-6.25
115,-2.36341927,-0.05379844961,-0.02173766376,-0.01792496937,0.03966263312,-0.107165109,-0.0009259259259,,-11.56666667
116,0.9622838173,0.02217054264,-0.0132335483,0.02449097176,-0.01125742346,-0.02959501558,0.07345679012,1.178321678,4.766666667
117,1.817156568,0.04031007752,-0.007750228916,0.0015948211,0.006155407816,0.01588785047,0.06450617284,0.8192307692,8.666666667
118,-0.8586837925,-0.02046511628,-0.037839989,0.02680637958,0.01103360942,-0.05919003115,0.01790123457,,-4.4
119,0.2571385821,0.006434108527,-0.01541556788,0.0164607272,-0.001045159322,0.04112149533,-0.02793209877,1.843373494,1.383333333
120,-2.376672853,-0.05372093023,-0.02430276826,-0.0004433940855,0.02474616235,-0.05732087227,-0.05015432099,,-11.55
121,0.1997573283,0.00496124031,0.00166315891,-0.0002381781686,-0.001424980741,-0.01339563863,0.02314814815,1.359375,1.066666667
122,-0.4254290339,-0.01007751938,-0.01496189912,0.009877303239,0.005084595877,0.02663551402,-0.04645061728,,-2.166666667
123,-1.247400007,-0.02968992248,-0.007883876534,-0.01717380748,0.02505768402,0.001713395639,-0.06080246914,,-6.383333333
124,1.631805465,0.03775193798,0.01580931655,0.01312967742,-0.02893899397,0.04641744548,0.02916666667,0.5728952772,8.116666667
125,-0.8407700676,-0.0192248062,-0.005050029506,0.001077648983,0.003972380523,-0.006230529595,-0.03209876543,,-4.133333333
126,0.2416734759,0.005968992248,0.02039822596,-0.03687822956,0.0164800036,0.02118380062,-0.009104938272,2.103896104,1.283333333
127,-0.3400308617,-0.007751937984,-0.001650714405,-0.01125285433,0.01290356873,-0.02632398754,0.01064814815,,-1.666666667
128,-2.0787207,-0.04775193798,-0.02541484741,0.001184431801,0.0242304156,-0.06199376947,-0.03364197531,,-10.26666667
129,0.6841671533,0.01658914729,0.02095136924,0.002648479634,-0.02359984888,0.01853582555,0.01466049383,0.5654205607,3.566666667
130,-2.180278348,-0.05139534884,-0.01800638917,-0.004337621301,0.02234401047,-0.05420560748,-0.04861111111,,-11.05
131,-0.4864158062,-0.01131782946,0.008176927507,-0.02384826799,0.01567134048,0.01043613707,-0.03287037037,,-2.433333333
132,0.4478026281,0.01023255814,-0.01049415749,0.006216622331,0.004277535158,0.005295950156,0.01512345679,1.477272727,2.2
133,0.08527853854,0.002093023256,0.005242737713,-0.001741759382,-0.003500978331,0.006386292835,-0.002160493827,0.962962963,0.45
134,-0.6742052435,-0.01542635659,-0.003434868996,-0.01443026107,0.01786513007,-0.008411214953,-0.02237654321,,-3.316666667
135,0.9365064248,0.02325581395,0.0236089177,-0.02646194492,0.002853027221,-0.03629283489,0.08225308642,0.7233333333,5.0
136,0.3902660565,0.009069767442,0.004742319648,-0.01120581797,0.006463498324,-0.003738317757,0.02175925926,1.991452991,1.95
137,-0.8410680027,-0.02248062016,-0.006408137501,0.01882032497,-0.01241218747,-0.005919003115,-0.03888888889,,-4.833333333
138,0.06580487618,0.001627906977,0.006951091347,0.005774422342,-0.01272551369,-0.01339563863,0.01651234568,4.285714286,0.35
139,0.9434957432,0.02302325581,0.02163119586,-0.02057781085,-0.001053385008,0.01931464174,0.02669753086,0.569023569,4.95
140,-1.898781161,-0.04565891473,-0.02922319396,0.008144264585,0.02107892938,-0.06277258567,-0.0287037037,,-9.816666667
141,1.487998088,0.03441860465,-0.002874848216,0.008588121435,-0.005713273219,0.03426791277,0.03456790123,0.3828828829,7.4
142,-0.8860567362,-0.02007751938,-0.03931891869,0.02742806826,0.01189085043,-0.0277258567,-0.0125,,-4.316666667
143,-0.6330163323,-0.01511627907,-0.01327332733,0.01103932678,0.002234000551,-0.03785046729,0.007407407407,,-3.25
144,-1.682325335,-0.04031007752,-0.007812377773,-0.01283806596,0.02065044374,-0.05685358255,-0.02391975309,,-8.666666667
145,-1.082721204,-0.02705426357,-0.01821601271,0.03061456351,-0.01239855079,0.01121495327,-0.0649691358,,-5.816666667
146,0.9328338013,0.02147286822,-0.004087920567,0.0177162377,-0.01362831713,-0.007165109034,0.04984567901,0.6028880866,4.616666667
147,-0.9498377627,-0.02418604651,-0.008937439149,-0.004915847662,0.01385328681,-0.04813084112,-0.000462962963,,-5.2
148,1.375910109,0.02953488372,0.01658494607,0.000516444658,-0.01710139072,0.05046728972,0.008796296296,0.4461942257,6.35
149,-1.412014316,-0.03054263566,-0.02510550382,0.0135808437,0.01152466013,-0.06464174455,0.003240740741,,-6.566666667
150,1.747059145,0.04519379845,0.02741212853,-0.003375006949,-0.02403712159,0.05514018692,0.03533950617,0.5317324185,9.716666667
151,1.176207365,0.0296124031,0.01857003392,-0.01470855108,-0.003861482839,0.01760124611,0.04151234568,0.5785340314,6.366666667
152,-0.6146256774,-0.01465116279,0.01005135006,-0.01660777633,0.006556426274,-0.003738317757,-0.02546296296,,-3.15
153,-1.39251668,-0.03139534884,-0.005807496119,-0.0003614674436,0.006168963563,-0.05015576324,-0.01280864198,,-6.75
154,1.420264159,0.03604651163,0.01592805003,-0.002774166217,-0.01315388381,-0.01105919003,0.08271604938,0.8623655914,7.75
155,1.194485601,0.02868217054,0.02793126296,-0.004369622854,-0.02356164011,0.07632398754,-0.01851851852,0.7567567568,6.166666667
156,-0.5431790241,-0.01364341085,-0.004742222093,-0.006674036218,0.01141625831,-0.008722741433,-0.01851851852,,-2.933333333
157,0.8041683044,0.01968992248,0.02010326681,-0.01476754987,-0.005335716937,-0.004361370717,0.04351851852,0.6771653543,4.233333333
158,0.3521117239,0.008139534884,0.007812405375,-0.01944912879,0.01163672342,-0.007009345794,0.02314814815,1.247619048,1.75
159,1.223541758,0.02930232558,0.01322276299,-0.005308915496,-0.007913847494,0.03816199377,0.02052469136,0.4100529101,6.3
160,1.205661413,0.0292248062,0.00996533831,-0.01097560825,0.001010269939,0.04330218069,0.01527777778,0.5066312997,6.283333333
161,0.8426044526,0.02046511628,0.0195457537,-0.01254638786,-0.006999365842,0.01308411215,0.02777777778,0.6287878788,4.4
162,-1.015219087,-0.02255813953,-0.01341819193,-0.01201064857,0.0254288405,-0.03551401869,-0.009722222222,,-4.85
163,-1.521324632,-0.03426356589,-0.02553741172,0.006635691208,0.01890172052,0.004517133956,-0.07268518519,,-7.366666667
164,0.2390572828,0.006046511628,0.01363381351,0.005474942127,-0.01910875564,-0.005919003115,0.01790123457,2.333333333,1.3
165,-1.338110484,-0.0311627907,-0.01927175354,0.006885951456,0.01238580209,-0.02990654206,-0.03240740741,,-6.7
166,1.926193431,0.0519379845,0.0425247616,-0.02133437504,-0.02119038656,0.03177570093,0.07191358025,0.6059701493,11.16666667
167,0.7193658307,0.01705426357,-0.002181086473,-0.000213709776,0.002394796249,-0.02196261682,0.05570987654,1.0,3.666666667
168,-1.449866772,-0.03674418605,-0.03193073653,0.006082780838,0.02584795569,-0.03520249221,-0.03827160494,,-7.9
169,-1.489596782,-0.03387596899,-0.003366239099,-0.02047655294,0.02384279204,-0.05171339564,-0.0162037037,,-7.283333333
170,-0.9944252158,-0.02201550388,0.001999191515,-0.02037655369,0.01837736218,-0.02803738318,-0.01604938272,,-4.733333333
171,0.0544227732,0.001240310078,0.001531338827,0.01548516168,-0.01701650051,-0.01323987539,0.01558641975,4.875,0.2666666667
172,-1.743326814,-0.04,-0.01397670117,-0.005667207139,0.01964390831,-0.03286604361,-0.04706790123,,-8.6
173,0.1930498715,0.004728682171,0.0153276663,-0.03494358693,0.01961592063,-0.003115264798,0.0125,2.049180328,1.016666667
174,-0.392133498,-0.009069767442,-0.01035549027,0.00861369524,0.001741795029,-0.05109034268,0.0325617284,,-1.95
175,-0.8553378938,-0.0215503876,-0.01418415932,0.01650492745,-0.002320768127,-0.01214953271,-0.03086419753,,-4.633333333
176,-1.508032403,-0.03620155039,-0.004127846645,-0.01987127707,0.02399912371,-0.03707165109,-0.03533950617,,-7.783333333
177,0.3665639196,0.00976744186,0.009946749533,0.008065338145,-0.01801208768,0.005295950156,0.01419753086,1.023809524,2.1
178,2.178851732,0.05775193798,0.04053511023,-0.03406046456,-0.006474645661,0.03333333333,0.08194444444,0.4818791946,12.41666667
179,-0.4475412184,-0.01162790698,-0.02433421627,0.001761317325,0.02257289895,-0.08660436137,0.06265432099,,-2.5
180,-1.993053812,-0.04984496124,-0.03748401425,0.02738070364,0.01010331061,-0.08738317757,-0.01265432099,,-10.71666667
181,-0.4990890751,-0.01147286822,0.01822154818,-0.01986733256,0.001645784374,-0.04672897196,0.02345679012,,-2.466666667
182,-0.2104994225,-0.005581395349,0.003774421367,-0.01142881699,0.007654395619,-0.06573208723,0.05401234568,,-1.2
183,-0.227321166,-0.005271317829,-0.004486891303,0.01748495279,-0.01299806149,-0.002959501558,-0.007561728395,,-1.133333333
184,-1.136370491,-0.02449612403,-0.01079860057,-0.00490782146,0.01570642203,-0.0222741433,-0.02669753086,,-5.266666667
185,0.1049959868,0.002635658915,-0.01233500103,0.02193738959,-0.009602388563,0.0285046729,-0.02299382716,1.529411765,0.5666666667
186,0.9538938683,0.02372093023,-0.00907861461,0.02436816764,-0.01528955303,0.03847352025,0.009104938272,0.6830065359,5.1
187,0.7512963041,0.01643410853,-0.004735703661,0.0002291262924,0.004506577369,-0.002959501558,0.03564814815,1.028301887,3.533333333
188,2.050071517,0.0484496124,0.02707519634,-0.029184973,0.002109776657,0.05046728972,0.04645061728,0.4912,10.41666667
189,-1.66416968,-0.03891472868,-0.01992252817,0.001433983933,0.01848854424,-0.03551401869,-0.04228395062,,-8.366666667
190,-0.4807154974,-0.01209302326,0.004453235855,-0.005800447215,0.00134721136,-0.06261682243,0.03796296296,,-2.6
191,-0.705635221,-0.01666666667,-0.003441856227,0.004630904135,-0.001189047908,-0.04236760125,0.008796296296,,-3.583333333
192,-0.5632613829,-0.01186046512,0.008750385531,-0.02925714551,0.02050675997,-0.009968847352,-0.0137345679,,-2.55
193,1.445525221,0.03744186047,0.03838995343,-0.0183002497,-0.02008970373,0.05,0.025,0.5051759834,8.05
194,-2.233115166,-0.05558139535,-0.01560920051,-0.026902576,0.04251177652,-0.06183800623,-0.04938271605,,-11.95
195,1.035246491,0.02589147287,0.01001796266,-0.02234894313,0.01233098046,-0.002336448598,0.05385802469,0.6916167665,5.566666667
196,-0.8186783998,-0.01860465116,-0.0354699554,0.03655157491,-0.001081619502,-0.0277258567,-0.009567901235,,-4.0
197,-0.01121270425,-0.0002325581395,-0.01457504121,0.006780888404,0.007794152802,0.01635514019,-0.01666666667,,-0.05
198,0.3420236743,0.007674418605,-0.002915198978,0.01297300284,-0.01005780386,-0.008878504673,0.02407407407,1.353535354,1.65
199,1.418641018,0.03658914729,0.006787599087,-0.005726596265,-0.001061002822,0.0269470405,0.04614197531,0.6334745763,7.866666667
200,1.125567992,0.02751937984,0.0005164793639,0.02330610668,-0.02382258605,-0.01339563863,0.06805555556,1.064788732,5.916666667
201,0.2646091348,0.006279069767,-0.01712980422,0.02377552455,-0.006645720331,0.003115264798,0.009413580247,1.296296296,1.35
202,1.356968901,0.03031007752,0.001959807401,-0.001138453522,-0.0008213538789,0.0261682243,0.03441358025,0.5652173913,6.516666667
203,1.188591109,0.03069767442,0.008534826297,-0.01238371926,0.003848892959,0.002024922118,0.05910493827,0.7853535354,6.6
204,0.112104016,0.002480620155,0.02031964285,-0.003871042506,-0.01644860034,0.04080996885,-0.03549382716,5.21875,0.5333333333
205,0.981311302,0.02705426357,0.01364262744,-0.01932654901,0.005683921576,-0.002959501558,0.05679012346,0.4957020057,5.816666667
206,-0.05620037212,-0.001317829457,0.008768355377,-0.03031737099,0.02154901561,-0.03566978193,0.03271604938,,-0.2833333333
207,-0.6117904054,-0.01426356589,-0.003680523539,-0.009562409469,0.01324293301,0.008255451713,-0.03657407407,,-3.066666667
208,-0.3683101654,-0.008682170543,-0.001716516419,0.01259300833,-0.01087649191,-0.02679127726,0.009259259259,,-1.866666667
209,-0.4676537031,-0.01131782946,-0.005763149893,0.008328618652,-0.002565468759,-0.02352024922,0.0007716049383,,-2.433333333
210,-0.8701565801,-0.02054263566,-0.02636525899,0.03059055867,-0.004225299679,-0.01619937695,-0.02484567901,,-4.416666667
211,0.06041119522,0.001472868217,0.0065736392,0.01027430144,-0.01684794064,0.0738317757,-0.07021604938,11.10526316,0.3166666667
212,-0.2517447723,-0.005658914729,0.002089517393,0.007149187056,-0.009238704449,-0.01386292835,0.002469135802,,-1.216666667
213,-0.1329734926,-0.003023255814,-0.007503334719,0.02947283616,-0.02196950144,-0.02476635514,0.01851851852,,-0.65
214,-1.194074991,-0.02868217054,-0.01878387726,0.0236384977,-0.004854620445,-0.03286604361,-0.02453703704,,-6.166666667
215,-2.35042185,-0.05581395349,-0.03362464961,0.01132085005,0.02230379956,-0.1163551402,0.004166666667,,-12.0
216,1.39867999,0.03341085271,0.01786903489,0.0003586633615,-0.01822769825,0.01978193146,0.04691358025,0.8259860789,7.183333333
217,1.183701507,0.02736434109,0.02094279237,-0.01548306607,-0.005459726306,0.03816199377,0.01666666667,0.6005665722,5.883333333
218,-1.069251426,-0.02651162791,-0.0233086298,0.01601052045,0.007298109354,0.002959501558,-0.05570987654,,-5.7
219,-1.884877482,-0.04651162791,-0.02362387972,-0.00360712623,0.02723100595,-0.1010903427,0.007561728395,,-10.0
220,1.105406541,0.02658914729,0.0004275967658,-0.007615010961,0.007187414195,-0.01728971963,0.0700617284,0.7755102041,5.716666667
221,-0.4738072813,-0.01054263566,-0.0155446021,0.02056135017,-0.005016748068,0.009813084112,-0.03070987654,,-2.266666667
222,0.3039085696,0.007751937984,-0.004221531085,0.008543946725,-0.00432241564,0.01339563863,0.002160493827,0.58,1.666666667
223,-2.222415223,-0.05457364341,-0.02912963347,0.005093903727,0.02403572974,-0.04501557632,-0.06404320988,,-11.73333333
224,1.525180415,0.03860465116,0.02791738086,0.003011292758,-0.03092867362,0.01510903427,0.06188271605,0.3955823293,8.3
225,1.330979129,0.02992248062,-1.608569635e-05,-0.00348908423,0.003505169927,0.03629283489,0.02361111111,0.4222797927,6.433333333
226,1.446942908,0.03565891473,0.02462483869,-0.02955273657,0.004927897876,0.01495327103,0.05617283951,0.652173913,7.666666667
227,-0.03735269486,-0.0008527131783,-0.01320701506,0.004062762681,0.009144252384,0.008099688474,-0.009722222222,,-0.1833333333
228,-0.3892268891,-0.008837209302,0.004642325189,-0.005441056414,0.000798731225,0.02274143302,-0.04012345679,,-1.9
229,-0.3457016256,-0.007441860465,-0.004340167359,-0.008961953054,0.01330212041,-0.05794392523,0.04259259259,,-1.6
230,-0.2491110417,-0.006511627907,-0.004455869886,0.001402716,0.003053153887,-0.02897196262,0.01574074074,,-1.4
231,2.620511717,0.0592248062,-0.005458667067,0.01029445683,-0.004835789763,0.07507788162,0.04351851852,0.4227748691,12.73333333
232,0.4219924737,0.01023255814,-0.002802166636,0.01187330784,-0.009071141203,0.03940809969,-0.01867283951,1.378787879,2.2
233,0.880423147,0.02093023256,0.003250317275,-0.0009164183788,-0.002333898896,0.01775700935,0.02407407407,0.9333333333,4.5
234,0.1767594126,0.004263565891,0.009503246287,-0.005489558543,-0.004013687744,-0.002336448598,0.01080246914,1.927272727,0.9166666667
235,-0.6116308832,-0.01534883721,-0.01064541064,-0.01863682524,0.02928223589,-0.03598130841,0.005092592593,,-3.3
236,1.214278834,0.0315503876,0.0004281128515,-0.001081237017,0.0006531241659,0.003738317757,0.05910493827,0.9901719902,6.783333333
237,-0.7915363424,-0.01875968992,-0.01490881804,0.01521202881,-0.000303210769,-0.02912772586,-0.008487654321,,-4.033333333
238,-0.9073030724,-0.0215503876,-0.005764296731,0.01092551019,-0.005161213462,-0.01370716511,-0.02932098765,,-4.633333333
239,0.2315093766,0.006124031008,0.009321994381,-0.01047955651,0.001157562127,-0.01059190031,0.02268518519,1.64556962,1.316666667
240,0.00313989161,7.751937984e-05,0.002058558344,0.03341473761,-0.03547329595,0.01433021807,-0.01404320988,119.0,0.01666666667
241,0.6051378873,0.01488372093,0.02155744195,-0.001962857657,-0.0195945843,0.01214953271,0.01759259259,0.6354166667,3.2
242,0.3291928719,0.008449612403,0.01051488971,-0.009745620527,-0.0007692691812,-0.02445482866,0.04104938272,1.889908257,1.816666667
243,0.9474131989,0.02271317829,0.0191779569,0.01070230633,-0.02988026323,-0.01261682243,0.05771604938,0.9078498294,4.883333333
244,1.426269746,0.03263565891,0.009454552139,-0.01181860741,0.002364055269,0.06557632399,3.212450881e-20,0.7387173397,7.016666667
245,0.7043723668,0.01728682171,0.0112676015,-0.01510428919,0.003836687694,-0.003738317757,0.03811728395,1.31838565,3.716666667
246,-2.56759239,-0.06527131783,-0.02407825028,-0.008635753562,0.03271400384,-0.09797507788,-0.03287037037,,-14.03333333
247,0.3863358717,0.009689922481,-0.002803249951,0.0305181718,-0.02771492185,-0.0007788161994,0.0200617284,1.616,2.083333333
248,-0.4754302043,-0.01186046512,0.0007200685607,-0.01113502929,0.01041496073,-0.06448598131,0.04027777778,,-2.55
249,0.1260990672,0.002713178295,-0.004983894808,0.005640677484,-0.0006567826766,0.01214953271,-0.006635802469,2.8,0.5833333333
250,0.6674981463,0.01449612403,0.02213624695,-0.01511684878,-0.007019398164,0.05638629283,-0.02700617284,1.860962567,3.116666667
251,-1.28251864,-0.03139534884,-0.01479011444,-0.01531962184,0.03010973629,-0.07803738318,0.01481481481,,-6.75
252,-0.9396590653,-0.02434108527,-0.02913251162,0.03167555251,-0.002543040892,-0.02476635514,-0.02391975309,,-5.233333333
253,1.651827286,0.03852713178,0.01441602764,0.01715704086,-0.0315730685,0.02211838006,0.05478395062,0.6136820926,8.283333333
254,1.296071647,0.02984496124,0.006566162097,-0.01554443526,0.008978273159,0.0492211838,0.01064814815,0.4675324675,6.416666667
255,-1.3304496,-0.03108527132,0.006801919175,-0.02809053548,0.0212886163,-0.01043613707,-0.05154320988,,-6.683333333
256,-0.9509035455,-0.02255813953,-0.02069943442,0.003891920676,0.01680751374,-0.03239875389,-0.01280864198,,-4.85
257,0.2910009317,0.007751937984,-0.007387763942,-0.001768022398,0.00915578634,-0.001557632399,0.01697530864,1.83,1.666666667
258,-1.285412106,-0.0315503876,-0.0041428938,-0.02095677882,0.02509967262,-0.02024922118,-0.04274691358,,-6.783333333
259,1.059907786,0.02364341085,0.01375462161,-0.002643417487,-0.01111120412,-0.0001557632399,0.04722222222,0.7344262295,5.083333333
260,1.008898609,0.02279069767,0.02140803444,-0.006198788967,-0.01520924547,0.04953271028,-0.003703703704,0.7721088435,4.9
261,-0.8954875782,-0.02162790698,-0.01664366871,-5.625803991e-05,0.01669992675,-0.06090342679,0.01728395062,,-4.65
262,0.6789894982,0.01689922481,0.006554037269,0.03057686503,-0.0371309023,-0.02320872274,0.05663580247,1.252293578,3.633333333
263,-0.2801147227,-0.005891472868,0.006038779781,-0.02187985735,0.01584107757,-0.02367601246,0.01172839506,,-1.266666667
264,0.9595308258,0.02317829457,-0.0003184786129,0.01033517688,-0.01001669827,0.004361370717,0.04182098765,0.5418060201,4.983333333
265,-0.6538623561,-0.01635658915,0.007720248642,-0.02729882092,0.01957857228,-0.004205607477,-0.02839506173,,-3.516666667
266,0.9697896653,0.0219379845,0.008405896733,-0.006277211741,-0.002128684991,0.03099688474,0.01296296296,0.6925795053,4.716666667
267,0.5214740651,0.01263565891,0.0100756028,0.007788402239,-0.01786400504,0.01012461059,0.01512345679,0.5705521472,2.716666667
268,1.466445227,0.03697674419,0.02391024862,-0.005203197559,-0.01870705106,0.06043613707,0.0137345679,0.5115303983,7.95
269,-0.9951647248,-0.02426356589,-0.009263614646,0.008152763496,0.00111085115,-0.01682242991,-0.03163580247,,-5.216666667
270,-0.7736900938,-0.01992248062,-0.005123610137,-0.009900733137,0.01502434327,-0.003582554517,-0.03611111111,,-4.283333333
271,-0.2222699437,-0.005348837209,-0.0138594808,0.002286196021,0.01157328478,-0.01074766355,1.027984282e-18,,-1.15
272,1.567530699,0.03914728682,0.01984881476,0.0004977604861,-0.02034657525,0.02367601246,0.05447530864,0.6316831683,8.416666667
273,-1.13024628,-0.02705426357,-0.02252003799,0.03188723845,-0.009367200457,-0.01323987539,-0.04074074074,,-5.816666667
274,-0.1141526117,-0.002868217054,0.00247450434,-0.003577992462,0.001103488122,-0.001090342679,-0.00462962963,,-0.6166666667
275,-1.581955068,-0.03759689922,-0.03035695682,0.01571136105,0.01464559577,-0.06121495327,-0.01419753086,,-8.083333333
276,0.2876512215,0.007519379845,-0.0006089359514,0.005593546378,-0.004984610427,0.0230529595,-0.00787037037,2.164948454,1.616666667
277,-0.3843010721,-0.008992248062,-0.01997191949,0.01272178557,0.007250133921,-0.01479750779,-0.003240740741,,-1.933333333
278,-1.003284635,-0.02341085271,-0.00605665041,-0.0118686396,0.01792529001,0.02741433022,-0.0737654321,,-5.033333333
279,0.3178308654,0.007519379845,-0.004793901028,0.0008500473288,0.003943853699,0.02009345794,-0.004938271605,1.927835052,1.616666667
280,1.591794607,0.04201550388,0.04100713127,-0.01528850917,-0.0257186221,0.0207165109,0.06311728395,0.389298893,9.033333333
281,1.286562422,0.03007751938,0.007462283658,0.02774063735,-0.03520292101,0.02601246106,0.03410493827,0.5412371134,6.466666667
282,0.7432691373,0.0184496124,0.0120733367,-0.0168078308,0.004734494095,0.02289719626,0.01404320988,0.4537815126,3.966666667
283,0.9362485425,0.02356589147,0.02344877614,-0.03793368288,0.01448490675,0.01433021807,0.03271604938,0.4177631579,5.066666667
284,-2.301054788,-0.05697674419,-0.01920973562,-0.01190433502,0.03111407064,-0.05654205607,-0.05740740741,,-12.25
285,-2.170508531,-0.05046511628,-0.01988333759,-0.002251088869,0.02213442646,-0.03940809969,-0.06141975309,,-10.85
286,0.250741857,0.005658914729,0.007374203615,-0.01505313303,0.007678929415,-0.01479750779,0.02592592593,3.534246575,1.216666667
287,-1.186638152,-0.02596899225,-0.006232910721,0.0001575238297,0.006075386892,-0.02289719626,-0.02901234568,,-5.583333333
288,3.474607436,0.07775193798,0.02129686284,0.01800521898,-0.03930208182,0.09003115265,0.06558641975,0.4217347956,16.71666667
289,-0.5076506029,-0.01201550388,0.005319621655,-0.02245570647,0.01713608481,0.007476635514,-0.03132716049,,-2.583333333
290,-0.3734843427,-0.00976744186,-0.0003246083659,-0.01548216999,0.01580677835,-0.06292834891,0.04290123457,,-2.1
291,-1.342518719,-0.03108527132,-0.001677917438,-0.01733643901,0.01901435644,-0.03800623053,-0.02422839506,,-6.683333333
292,0.2529053967,0.005658914729,-0.01809032209,0.01418824625,0.003902075839,0.003271028037,0.008024691358,2.739726027,1.216666667
293,0.5678519976,0.01341085271,0.02194405777,-0.01477415495,-0.007169902816,-0.008255451713,0.03487654321,0.8959537572,2.883333333
294,0.2066623294,0.00488372093,0.004735052044,-0.01349841642,0.008763364379,-0.005451713396,0.01512345679,1.222222222,1.05
295,-0.04061425016,-0.001007751938,0.009108992055,0.001454557541,-0.0105635496,-0.03956386293,0.03719135802,,-0.2166666667
296,0.4906911946,0.01085271318,0.00149855522,-0.00358696693,0.00208841171,-0.004517133956,0.02608024691,0.8214285714,2.333333333
297,-1.187386875,-0.02829457364,-0.02212306944,-0.002550090537,0.02467315998,-0.03582554517,-0.02083333333,,-6.083333333
298,-0.6623121198,-0.01565891473,-0.002174794984,-0.01668772437,0.01886251935,-0.02554517134,-0.005864197531,,-3.366666667
299,0.6490727795,0.01612403101,0.02766376678,-0.01369205904,-0.01397170774,0.04828660436,-0.01574074074,0.7548076923,3.466666667
300,1.794840965,0.04449612403,0.02433029479,-0.006737440701,-0.01759285408,0.03582554517,0.05308641975,0.3919860627,9.566666667
301,0.2076750455,0.00480620155,0.02639030544,-0.01581910273,-0.01057120271,0.02492211838,-0.01512345679,3.629032258,1.033333333
302,-0.8640412306,-0.02093023256,0.003650080371,0.006656606081,-0.01030668645,0.009813084112,-0.05138888889,,-4.5
303,0.8275218327,0.02162790698,0.005528474134,-0.01397864092,0.008450166789,-0.02554517134,0.06836419753,0.8566308244,4.65
304,0.02227033051,0.0005426356589,0.001934704671,0.002524028336,-0.004458733008,-0.02398753894,0.02484567901,13.28571429,0.1166666667
305,2.781207513,0.06720930233,0.01952319249,-0.01063631557,-0.008886876917,0.01199376947,0.1219135802,0.6897347174,14.45
306,-0.5559777853,-0.01325581395,-0.002194086244,-0.006124717848,0.008318804092,-0.03722741433,0.01049382716,,-2.85
307,0.9186101785,0.02031007752,-0.0178757734,0.005137695049,0.01273807835,-0.01526479751,0.05555555556,0.9732824427,4.366666667
308,1.168888938,0.02813953488,-0.008158726531,0.009470037877,-0.001311311346,0.01028037383,0.04583333333,0.476584022,6.05
309,-0.5604503105,-0.01317829457,-0.01178861502,0.0008968245464,0.01089179047,-0.04875389408,0.02206790123,,-2.833333333
310,1.136237804,0.02782945736,-0.009142734127,0.01281401743,-0.003671283304,0.009034267913,0.04645061728,0.4150417827,5.983333333
311,0.1007484223,0.002325581395,0.0069910661,0.007057064577,-0.01404813068,0.03489096573,-0.0299382716,4.233333333,0.5
312,0.06833508241,0.001627906977,-0.01022186571,0.007311823425,0.002910042282,-0.03925233645,0.04212962963,8.523809524,0.35
313,1.614655626,0.04015503876,0.01120221282,-0.01153277186,0.0003305590436,-0.003115264798,0.08302469136,0.8725868726,8.633333333
314,0.7671729614,0.01658914729,0.008556551418,-0.02338564749,0.01482909607,0.0261682243,0.007098765432,1.018691589,3.566666667
315,0.5129208022,0.0123255814,0.008646845039,-0.02186350434,0.0132166593,0.04158878505,-0.01666666667,0.9811320755,2.65
316,0.5469290367,0.01294573643,0.002588280099,0.003627510774,-0.006215790873,0.008255451713,0.01759259259,1.317365269,2.783333333
317,-0.3119321745,-0.007596899225,-0.01229971768,0.00740358962,0.004896128059,-0.06682242991,0.05108024691,,-1.633333333
318,-0.07187626115,-0.001472868217,-0.02637034772,0.01001816095,0.01635218677,-0.007320872274,0.004320987654,,-0.3166666667
319,2.449302006,0.06449612403,0.02399301538,-0.000306271539,-0.02368674384,0.09719626168,0.03209876543,0.4230769231,13.86666667
320,0.008821661564,0.0002325581395,0.02858023361,-0.02648905591,-0.002091177699,0.02133956386,-0.02067901235,42.66666667,0.05
321,-0.7381466627,-0.01899224806,-0.001412510533,-0.01598228966,0.01739480019,-0.03224299065,-0.005864197531,,-4.083333333
322,2.076199691,0.05496124031,0.02842209786,-0.01725397332,-0.01116812454,0.02024922118,0.08935185185,0.5077574048,11.81666667
323,0.4118006861,0.009534883721,-0.0003821033488,0.004620662559,-0.00423855921,0.04563862928,-0.0262345679,1.585365854,2.05
324,-0.1923946493,-0.004496124031,-0.006547963954,0.008252464707,-0.001704500753,-0.04890965732,0.03950617284,,-0.9666666667
325,2.268867737,0.05108527132,0.02680071797,0.007059540241,-0.03386025822,0.04937694704,0.05277777778,0.4764795144,10.98333333
326,-0.3707966409,-0.008604651163,0.003430941779,-0.02039831689,0.01696737511,0.01386292835,-0.03086419753,,-1.85
327,-0.9754412491,-0.02286821705,-0.01953642526,0.02550251123,-0.005966085975,-0.04330218069,-0.00262345679,,-4.916666667
328,-0.9619597263,-0.02294573643,-0.008239371877,-0.008211568002,0.01645093988,-0.01760124611,-0.02824074074,,-4.933333333
329,-0.2810352837,-0.006899224806,-0.009706347572,-0.01309736332,0.02280371089,-0.02881619938,0.01481481481,,-1.483333333
330,-0.6035631214,-0.01310077519,-0.003410200677,0.01551773515,-0.01210753447,-0.02367601246,-0.00262345679,,-2.816666667
331,-0.5247888674,-0.0119379845,-0.003945262472,-0.01167820483,0.0156234673,-0.08239875389,0.05787037037,,-2.566666667
332,0.07673908988,0.001937984496,0.006205663519,0.01461318091,-0.02081884443,-0.01557632399,0.01929012346,4.68,0.4166666667
333,-0.398750522,-0.009147286822,0.001211307695,0.01598384199,-0.01719514968,-0.01635514019,-0.00200617284,,-1.966666667
334,1.365828002,0.03263565891,0.01813419898,-0.007374121423,-0.01076007756,0.004517133956,0.06049382716,0.6674584323,7.016666667
335,-2.233325196,-0.05325581395,-0.03318834697,0.02125360182,0.01193474515,-0.05950155763,-0.04706790123,,-11.45
336,0.8696415174,0.02224806202,0.008720615681,-0.008393297187,-0.0003273184948,-0.03426791277,0.07824074074,1.12543554,4.783333333
337,0.7706636161,0.02015503876,0.02972436379,-0.02477210197,-0.004952261821,-0.01401869159,0.05401234568,0.8961538462,4.333333333
338,0.1486115511,0.003255813953,0.01797975246,-0.01345346189,-0.004526290573,0.01978193146,-0.01311728395,5.619047619,0.7
339,1.445083541,0.03325581395,0.01364299599,0.00529006458,-0.01893306057,0.03940809969,0.02716049383,0.4498834499,7.15
340,1.248389954,0.0288372093,0.02457455675,-0.01703444263,-0.007540114129,0.02414330218,0.03348765432,0.7123655914,6.2
341,0.3292008251,0.007906976744,-0.01022353181,0.01253859394,-0.002315062123,-0.01214953271,0.02777777778,1.598039216,1.7
342,1.419524556,0.03472868217,0.009082298736,-0.01436135649,0.005279057756,0.05249221184,0.01712962963,0.4419642857,7.466666667
343,-0.8870123219,-0.02217054264,-0.009154278013,-0.01804353989,0.0271978179,-0.04704049844,0.002469135802,,-4.766666667
344,-1.333156596,-0.0311627907,-0.002654434316,-0.01991816274,0.02257259706,0.007788161994,-0.06975308642,,-6.7
345,0.3980029062,0.01046511628,0.01318816003,0.001912851527,-0.01510101156,0.01183800623,0.009104938272,0.8666666667,2.25
346,-0.5651074462,-0.01426356589,-0.004836397275,0.001566715659,0.003269681617,-0.04408099688,0.01527777778,,-3.066666667
347,-0.1809612668,-0.004263565891,0.005610590016,-0.02864776754,0.02303717752,-0.04392523364,0.0350308642,,-0.9166666667
348,1.689449189,0.0407751938,0.01504842577,-0.0007794316176,-0.01426899415,0.0207165109,0.06064814815,0.5760456274,8.766666667
349,1.076680553,0.02426356589,-0.007585679966,0.004436287058,0.003149392908,0.0714953271,-0.0225308642,0.6453674121,5.216666667
350,-0.2087830521,-0.005271317829,0.004283859742,-0.01250357705,0.008219717311,-0.03847352025,0.02762345679,,-1.133333333
351,0.01827249686,0.0004651162791,-0.01079222692,0.0004638983544,0.01032832856,-0.01713395639,0.01790123457,18.5,0.1
352,0.5108877964,0.0119379845,0.0003743078208,-0.001197057113,0.0008227492921,-0.009657320872,0.03333333333,1.045454545,2.566666667
353,0.3331618169,0.007829457364,0.006475634837,0.004154167154,-0.01062980199,-0.04236760125,0.0575617284,2.801980198,1.683333333
354,-2.387545783,-0.05813953488,-0.03499762794,0.002040324232,0.03295730371,-0.04750778816,-0.06867283951,,-12.5
355,-0.3934359748,-0.00984496124,-0.01906156805,0.01580320616,0.003258361893,0.01557632399,-0.0350308642,,-2.116666667
356,2.242179315,0.05131782946,0.02840260716,0.007225886148,-0.03562849331,0.06495327103,0.03780864198,0.4622356495,11.03333333
357,-0.1553281879,-0.003720930233,0.00282748212,-0.01626532064,0.01343783852,-0.01308411215,0.005555555556,,-0.8
358,-0.7523351104,-0.01759689922,-0.01130224095,0.008609081555,0.002693159394,-0.006386292835,-0.0287037037,,-3.783333333
359,-0.6726961929,-0.01604651163,-0.006015600759,0.001449931161,0.004565669598,0.01588785047,-0.04768518519,,-3.45
360,1.051314576,0.02728682171,0.03555273067,-0.02613858526,-0.009414145406,0.04890965732,0.005864197531,0.8465909091,5.866666667
361,-1.169835111,-0.03054263566,0.004617713375,-0.02285338591,0.01823567253,-0.01744548287,-0.04351851852,,-6.566666667
362,0.6364864017,0.01395348837,0.01325902222,-0.01426262758,0.001003605356,0.007476635514,0.02037037037,1.372222222,3.0
363,0.1912064002,0.004418604651,-0.004873813492,0.01094312916,-0.006069315671,-0.04314641745,0.05154320988,4.157894737,0.95
364,-0.4292935023,-0.01054263566,-0.01108605843,0.01000204596,0.001084012476,-0.01510903427,-0.006018518519,,-2.266666667
365,0.5887789667,0.01457364341,-0.01250634166,0.00650061442,0.006005727244,-0.03457943925,0.06327160494,1.218085106,3.133333333
366,1.544258417,0.03496124031,0.01742766425,0.004139489288,-0.02156715354,0.02429906542,0.04552469136,0.3902439024,7.516666667
367,0.07062982521,0.001705426357,0.006900275029,-0.01656788139,0.009667606359,-0.01028037383,0.01358024691,11.45454545,0.3666666667
368,-0.06623746239,-0.001550387597,-0.007558517176,0.0006249881447,0.006933529031,-0.01230529595,0.009104938272,,-0.3333333333
369,-0.9349713023,-0.02387596899,-0.001234441864,0.00748961013,-0.006255168265,-0.06043613707,0.01234567901,,-5.133333333
370,0.006383882499,0.0001550387597,0.01152612955,-0.01098916255,-0.0005369670032,0.01635514019,-0.01589506173,41.5,0.03333333333
371,-0.4897273571,-0.01124031008,-0.006262044704,0.01841598386,-0.01215393915,-0.02180685358,-0.0007716049383,,-2.416666667
372,0.1047265877,0.002558139535,-0.0006104928936,0.001863833683,-0.001253340789,-0.0261682243,0.03101851852,8.333333333,0.55
373,-0.3487215671,-0.008294573643,0.002444571646,-0.02157015582,0.01912558417,-0.04859813084,0.03163580247,,-1.783333333
374,0.1427273259,0.003488372093,0.007107933975,-0.01606621264,0.008958278669,-0.02242990654,0.02916666667,4.422222222,0.75
375,0.4095846596,0.01007751938,0.008393651546,-0.004690107586,-0.00370354396,-0.03862928349,0.05833333333,2.007692308,2.166666667
376,0.2207821597,0.005581395349,0.01739739675,-0.0008206543259,-0.01657674243,-0.02274143302,0.03364197531,1.277777778,1.2
377,-0.04275031607,-0.001085271318,-0.01461523953,0.02691784955,-0.01230261002,-0.02523364486,0.02283950617,,-0.2333333333
378,-1.604130703,-0.04124031008,-0.01606091188,0.002991089944,0.01306982194,-0.08426791277,0.001388888889,,-8.866666667
379,-0.2508292893,-0.005503875969,0.01818478537,-0.03548718772,0.01730240236,0.02492211838,-0.03564814815,,-1.183333333
380,-0.3279978798,-0.007364341085,0.002818449848,-0.004708598977,0.001890149128,-0.006853582555,-0.00787037037,,-1.583333333
381,-0.2814592691,-0.006511627907,0.00867553284,-0.02918712602,0.02051159318,0.01246105919,-0.02530864198,,-1.4
382,1.014656215,0.02372093023,0.01259153066,0.006257930821,-0.01884946148,-0.03239875389,0.07932098765,1.10130719,5.1
383,0.1992006702,0.004573643411,0.003404019108,-0.00866914334,0.005265124232,-0.03691588785,0.04567901235,2.525423729,0.9833333333
384,-2.000403279,-0.04736434109,-0.01061175665,-0.006804971251,0.0174167279,-0.04548286604,-0.04922839506,,-10.18333333
385,0.6054187169,0.01418604651,0.01737966645,-0.002390519008,-0.01498914744,0.008411214953,0.01990740741,0.5956284153,3.05
386,2.112792273,0.05372093023,0.04521846267,-0.01937703399,-0.02584142868,0.0531152648,0.05432098765,0.4227994228,11.55
387,0.6809214722,0.01527131783,0.01517353677,0.006274615648,-0.02144815242,-0.01619937695,0.04645061728,1.279187817,3.283333333
388,0.6845913423,0.01589147287,-0.01686973903,0.01328075984,0.003588979191,0.03551401869,-0.003549382716,1.604878049,3.416666667
389,0.7618904035,0.01813953488,0.01113061276,0.0001606553265,-0.01129126809,0.03442367601,0.00200617284,0.9957264957,3.9
390,0.38287097,0.01007751938,-0.001388514215,0.01814064415,-0.01675212993,-0.005451713396,0.02546296296,0.8615384615,2.166666667
391,-2.61884913,-0.0584496124,-0.03439520937,0.004653008734,0.02974220064,-0.07881619938,-0.03827160494,,-12.56666667
392,2.163760584,0.04837209302,0.0135355377,0.002795164455,-0.01633070215,0.01308411215,0.08333333333,0.6810897436,10.4
393,2.942802094,0.07062015504,0.03693307927,-0.01190649817,-0.02502658111,0.01495327103,0.1257716049,0.5993413831,15.18333333
394,0.2468296254,0.005813953488,-0.009090024578,0.02499727413,-0.01590724955,-0.0230529595,0.03441358025,3.026666667,1.25
395,-1.64655856,-0.03976744186,-0.03160446714,0.006690752367,0.02491371477,-0.03660436137,-0.04290123457,,-8.55
396,1.926354913,0.04348837209,-0.005515188068,0.006259011804,-0.0007438237367,0.07414330218,0.01311728395,0.4598930481,9.35
397,1.829339027,0.04124031008,0.01961596635,-0.01343387063,-0.006182095715,0.04361370717,0.03888888889,0.537593985,8.866666667
398,-0.3518493388,-0.009069767442,-0.0186804371,0.007098028758,0.01158240834,-0.05856697819,0.0399691358,,-1.95
399,-1.426429944,-0.03480620155,0.001234408039,-0.02054990057,0.01931549253,-0.007320872274,-0.06203703704,,-7.483333333
400,-1.475953523,-0.03294573643,-0.007933922005,-0.01846767813,0.02640160014,-0.05591900312,-0.01018518519,,-7.083333333
401,1.1038174,0.02720930233,0.007687414173,0.00412889036,-0.01181630453,0.01557632399,0.0387345679,0.4643874644,5.85
402,-0.1604083709,-0.003953488372,-0.012723935,0.001745956625,0.01097797838,-0.0269470405,0.01882716049,,-0.85
403,1.784976917,0.04418604651,0.01630871438,-0.004409061154,-0.01189965323,0.07056074766,0.01805555556,0.4614035088,9.5
404,-0.04564910534,-0.001085271318,-0.01442885666,-0.00290954168,0.01733839833,-0.06183800623,0.05910493827,,-0.2333333333
405,-0.1862391881,-0.004108527132,-0.02084923709,0.01768471373,0.00316452336,-0.01526479751,0.006944444444,,-0.8833333333
406,-2.155729828,-0.05294573643,-0.02601129975,0.003131481553,0.02287981819,-0.07024922118,-0.03580246914,,-11.38333333
407,0.7004169596,0.01674418605,0.006478564141,-0.01704255736,0.01056399321,0.0004672897196,0.03287037037,0.9166666667,3.6
408,0.3321729529,0.007829457364,-0.01554450679,0.02682781967,-0.01128331288,0.01028037383,0.005401234568,1.059405941,1.683333333
409,-0.4530597393,-0.0111627907,-0.005229975508,0.006100624921,-0.000870649413,-0.01791277259,-0.004475308642,,-2.4
410,1.201915727,0.03023255814,0.01925119661,-0.006603067728,-0.01264812889,0.01308411215,0.04722222222,0.6,6.5
411,-1.632569981,-0.03829457364,-0.006263742238,-0.01710692738,0.02337066962,-0.05965732087,-0.01712962963,,-8.233333333
412,-0.05823733534,-0.001395348837,-0.01056002857,0.01037213714,0.0001878914332,-0.002647975078,-0.0001543209877,,-0.3
413,-0.483690296,-0.01124031008,-0.00542211395,-0.006821031585,0.01224314554,-0.003271028037,-0.01913580247,,-2.416666667
414,-0.4081844617,-0.009302325581,-0.007885558263,-0.01530816869,0.02319372696,-0.01401869159,-0.00462962963,,-2.0
415,2.60104376,0.06,-0.007220718615,0.01533801979,-0.008117301173,0.06884735202,0.0512345679,0.4457364341,12.9
416,-0.1775199693,-0.004341085271,0.002476873798,0.01140534526,-0.01388221906,-0.01573208723,0.006944444444,,-0.9333333333
417,2.408799989,0.05829457364,0.04228374092,-0.001958007796,-0.04032573312,0.01838006231,0.09783950617,0.5026595745,12.53333333
418,1.019326539,0.02627906977,0.00834823807,-0.008300569543,-4.766852668e-05,0.008411214953,0.04398148148,0.6607669617,5.65
419,0.3426759199,0.007984496124,0.006684212421,0.01108397806,-0.01776819048,-0.009190031153,0.025,0.5436893204,1.716666667
420,-1.895690662,-0.04558139535,-0.03446933553,0.006652189331,0.0278171462,-0.06651090343,-0.02484567901,,-9.8
421,-0.1159001282,-0.002790697674,-0.001983154547,-0.01125704454,0.01324019909,-0.05451713396,0.04845679012,,-0.6
422,-0.1963115722,-0.004418604651,-0.02055968796,0.00824061114,0.01231907682,-0.03395638629,0.02484567901,,-0.95
423,-0.4198289971,-0.01,-0.002510670125,-0.006119782749,0.008630452874,-0.0191588785,-0.0009259259259,,-2.15
424,0.2242062183,0.005891472868,0.0006271630412,0.0023115613,-0.002938724341,-0.005919003115,0.01759259259,1.302631579,1.266666667
425,1.801688991,0.04573643411,0.02928871623,-0.01441869046,-0.01487002577,0.02663551402,0.06466049383,0.5762711864,9.833333333
426,-1.281849584,-0.03007751938,-0.03517675668,0.01283715695,0.02233959973,-0.04890965732,-0.01141975309,,-6.466666667
427,-1.553145909,-0.03279069767,-0.002909502775,-0.02032257564,0.02323207841,-0.02336448598,-0.04212962963,,-7.05
428,0.9330301053,0.02364341085,0.0154781951,0.01006952351,-0.02554771861,0.0238317757,0.02345679012,0.5803278689,5.083333333
429,-0.9979742237,-0.02255813953,-0.01839667742,0.01716593287,0.001230744553,-0.05171339564,0.006327160494,,-4.85
430,-1.426793865,-0.03263565891,-0.01123215675,0.002056515587,0.009175641159,-0.005140186916,-0.05987654321,,-7.016666667
431,-1.439251682,-0.03341085271,-0.02063454554,0.03445900392,-0.01382445838,-0.04548286604,-0.02145061728,,-7.183333333
432,-0.759032321,-0.01658914729,-0.02132117521,0.004933691554,0.01638748365,-0.02320872274,-0.0100308642,,-3.566666667
433,-0.82063956,-0.01953488372,0.0007964714352,-0.0378563771,0.03705990566,-0.06355140187,0.02407407407,,-4.2
434,-1.221346584,-0.02868217054,-0.000120509834,-0.02684852048,0.02696903032,-0.05747663551,-0.0001543209877,,-6.166666667
435,0.3813527564,0.007906976744,-0.009264602581,0.005446045213,0.003818557368,-0.01370716511,0.02932098765,2.078431373,1.7
436,-0.2657324034,-0.006434108527,0.002295072326,-0.009383119952,0.007088047626,-0.001557632399,-0.0112654321,,-1.383333333
437,-0.1152593188,-0.002558139535,0.000306238355,-0.005741652011,0.005435413656,0.01433021807,-0.01929012346,,-0.55
438,0.4330991176,0.01054263566,0.02210353143,-0.01705733561,-0.005046195827,-0.004672897196,0.02561728395,0.6617647059,2.266666667
439,0.2445661416,0.006046511628,-0.01154193644,-0.01308364504,0.02462558148,-0.05218068536,0.0637345679,3.076923077,1.3
440,0.8309439262,0.01899224806,0.01301919818,-0.01921624979,0.006197051609,0.01962616822,0.01836419753,0.4244897959,4.083333333
441,-0.572181312,-0.01302325581,0.004493926873,-0.01598020336,0.01148627649,-0.02632398754,0.0001543209877,,-2.8
442,1.557380525,0.0384496124,0.0333655543,-0.02924911682,-0.004116437475,0.0214953271,0.05524691358,0.3911290323,8.266666667
443,0.6795852327,0.01558139535,0.007778955114,0.003451051472,-0.01123000659,0.007320872274,0.0237654321,0.9104477612,3.35
444,-1.41786076,-0.03573643411,-0.002520864823,-0.02144147029,0.02396233511,-0.06214953271,-0.009567901235,,-7.683333333
445,0.6782721411,0.01713178295,0.01470122797,-0.0004370941411,-0.01426413383,0.007476635514,0.02669753086,0.4570135747,3.683333333
446,0.9572843762,0.02224806202,0.006664671959,0.0003652669147,-0.007029938874,0.005763239875,0.03858024691,0.8362369338,4.783333333
447,1.424100864,0.03581395349,0.03073323412,-0.02127267338,-0.009460560744,0.0261682243,0.04537037037,0.4285714286,7.7
448,1.985635892,0.0496124031,0.02395654029,-0.01521245222,-0.008744088073,0.05140186916,0.04783950617,0.3890625,10.66666667
449,0.1251866604,0.003023255814,0.008604422056,-0.02363118414,0.01502676208,-0.0238317757,0.02962962963,1.58974359,0.65
450,0.2297633743,0.00511627907,-0.005237191489,-0.004139881465,0.009377072953,0.01635514019,-0.006018518519,2.318181818,1.1
451,0.8794774873,0.02085271318,-0.009487077042,0.007395095251,0.002091981791,0.003271028037,0.03827160494,0.8289962825,4.483333333
452,0.959928021,0.02310077519,0.01304393885,-0.01944597896,0.006402040106,0.02445482866,0.02175925926,0.5469798658,4.966666667
453,1.270643069,0.03100775194,0.02500018518,0.01196305396,-0.03696323914,0.02710280374,0.03487654321,0.5775,6.666666667
454,0.40142173,0.009612403101,-0.009644068241,0.03876180547,-0.02911773723,0.01417445483,0.005092592593,0.8467741935,2.066666667
455,-1.062670516,-0.02364341085,-0.010808869,-0.009893825207,0.02070269421,-0.05186915888,0.004320987654,,-5.083333333
456,2.82212846,0.06875968992,0.02009017758,0.02382053823,-0.04391071581,0.09221183801,0.04552469136,0.3866967306,14.78333333
457,-1.166288734,-0.02627906977,-0.01323051952,-0.00299131293,0.01622183245,-0.05996884735,0.007098765432,,-5.65
458,2.045724855,0.05085271318,0.03446464366,-0.006164745328,-0.02829989834,0.01978193146,0.08163580247,0.5381097561,10.93333333
459,2.358107063,0.05201550388,0.01472639618,0.0005364332535,-0.01526282943,0.05529595016,0.0487654321,0.566318927,11.18333333
460,-0.6850782574,-0.01720930233,-0.01217085075,-0.001859612248,0.014030463,-0.01230529595,-0.02206790123,,-3.7
461,-0.4041864447,-0.00976744186,-0.01097842915,0.02538635229,-0.01440792315,0.006542056075,-0.02592592593,,-2.1
462,-0.7056713681,-0.01658914729,0.00514878465,-0.01790630615,0.0127575215,-0.0484423676,0.0149691358,,-3.566666667
463,-0.4809006055,-0.01178294574,-0.003183316059,0.003932930152,-0.0007496140931,-0.04299065421,0.01913580247,,-2.533333333
464,1.120044166,0.02604651163,0.02425270978,-0.02559787723,0.001345167455,0.0562305296,-0.003858024691,0.744047619,5.6
465,1.454806636,0.03294573643,0.002915168518,0.00304046578,-0.005955634298,0.01105919003,0.05462962963,0.64,7.083333333
466,1.263621521,0.02914728682,0.01192189613,-0.01563721027,0.003715314139,-0.009345794393,0.06728395062,0.7712765957,6.266666667
467,0.3247097007,0.007906976744,0.0178247256,-0.02912503229,0.01130030669,-0.01573208723,0.03132716049,1.460784314,1.7
468,-0.872388766,-0.02139534884,-0.0126402049,-0.004560546031,0.01720075093,-0.03504672897,-0.00787037037,,-4.6
469,-1.008520358,-0.02511627907,-0.03342544553,0.02727712764,0.006148317891,0.001246105919,-0.0512345679,,-5.4
470,0.2695695716,0.006356589147,-0.01752230294,0.0009670425317,0.0165552604,0.01168224299,0.001080246914,1.890243902,1.366666667
471,-1.689654873,-0.03705426357,-0.0253433611,0.00998217641,0.01536118469,-0.07009345794,-0.004320987654,,-7.966666667
472,-0.03046306791,-0.0006976744186,-0.02902962368,0.03391766858,-0.004888044904,-0.01074766355,0.009259259259,,-0.15
473,1.152325932,0.02697674419,0.005065255713,-0.009209775384,0.004144519671,0.03613707165,0.01790123457,0.4109195402,5.8
474,0.03262620429,0.0007751937984,0.006108182931,-0.01552138102,0.009413198088,0.01199376947,-0.01033950617,7.6,0.1666666667
475,-1.061741074,-0.02542635659,0.004922129747,-0.03184248815,0.0269203584,-0.03831775701,-0.01265432099,,-5.466666667
476,-1.099143799,-0.02395348837,-0.007908712268,0.002061762639,0.005846949629,0.003271028037,-0.05092592593,,-5.15
477,0.8515696599,0.01984496124,0.01202488345,-0.0126435677,0.000618684251,-0.01604361371,0.05540123457,1.25,4.266666667
478,0.2099703627,0.00519379845,-0.02652692662,0.02968582383,-0.003158897211,0.0445482866,-0.0337962963,2.462686567,1.116666667
479,-1.732994198,-0.04015503876,-0.0141524928,-0.0101216594,0.0242741522,-0.05685358255,-0.02361111111,,-8.633333333
480,-0.4468927007,-0.01007751938,0.01117225447,-0.0214404473,0.01026819284,0.001869158879,-0.02191358025,,-2.166666667
481,-0.8145512428,-0.02093023256,0.01882581919,-0.02350217488,0.004676355698,-0.01308411215,-0.0287037037,,-4.5
482,1.076876444,0.02612403101,0.005449914221,0.003535741701,-0.008985655923,0.01604361371,0.03611111111,0.4480712166,5.616666667
483,-0.5257309544,-0.01325581395,-0.01316770403,-0.002987007793,0.01615471182,-0.0207165109,-0.005864197531,,-2.85
484,1.813579826,0.04527131783,0.01489658813,0.01354882047,-0.0284454086,0.04579439252,0.04475308642,0.4863013699,9.733333333
485,-0.6411180063,-0.01550387597,-0.01629125052,0.004564501553,0.01172674896,-0.06557632399,0.03410493827,,-3.333333333
486,-1.488248006,-0.03317829457,-0.02542850231,0.0144395951,0.01098890721,-0.02757009346,-0.0387345679,,-7.133333333
487,-1.154392172,-0.02635658915,0.001878176544,-0.01939646448,0.01751828793,-0.002647975078,-0.04984567901,,-5.666666667
488,-1.332466177,-0.03426356589,-0.0116751036,-0.002100281152,0.01377538475,-0.04252336449,-0.02608024691,,-7.366666667
489,-0.05728346207,-0.001395348837,-0.009032117845,0.007837026247,0.001195091598,-0.03800623053,0.03487654321,,-0.3
490,2.771575098,0.06503875969,0.01654565184,0.01488607019,-0.03143172203,0.07975077882,0.05046296296,0.4028605483,13.98333333
491,1.218129037,0.03007751938,0.01005991489,-0.02091875315,0.01085883826,0.02040498442,0.03966049383,0.4742268041,6.466666667
492,1.450714155,0.03255813953,-0.003614267258,0.006712578511,-0.003098311253,0.03364485981,0.03148148148,0.5214285714,7.0
493,-0.3903132116,-0.00992248062,-0.01731276394,0.009929852385,0.007382911553,-0.02009345794,0.0001543209877,,-2.133333333
494,1.62449318,0.04,0.0147001821,0.008760493087,-0.02346067519,0.01900311526,0.06080246914,0.6569767442,8.6
495,-0.1390235849,-0.003023255814,-0.004709082844,0.02250451328,-0.01779543044,-0.001246105919,-0.004783950617,,-0.65
496,0.8492084081,0.02085271318,-0.004617829243,0.002399139375,0.002218689868,-0.02445482866,0.06574074074,1.275092937,4.483333333
497,-0.5524011556,-0.01294573643,-0.0262845426,0.01442953742,0.01185500518,0.001090342679,-0.02685185185,,-2.783333333
498,-0.2582354154,-0.005426356589,-0.007089263037,0.04118056022,-0.03409129718,0.007943925234,-0.01867283951,,-1.166666667
499,2.878812409,0.06860465116,0.02297222406,-0.0007939228528,-0.02217830121,0.07710280374,0.06018518519,0.4259887006,14.75
500,0.8651948396,0.01984496124,-0.006540353415,0.02859629123,-0.02205593781,6.744345477e-18,0.03950617284,0.58203125,4.266666667
501,0.269177135,0.006356589147,0.01713072312,-0.01597168758,-0.001159035545,-0.03021806854,0.04259259259,1.268292683,1.366666667
502,-1.505313693,-0.03263565891,-0.01409939167,0.009009761077,0.005089630597,-0.03520249221,-0.03009259259,,-7.016666667
503,0.8678005951,0.0207751938,0.01884680871,-0.0008862501338,-0.01796055857,0.01137071651,0.03009259259,0.7686567164,4.466666667
504,-0.8207588331,-0.02015503876,-0.009878482063,0.01994800367,-0.01006952161,-0.03722741433,-0.003240740741,,-4.333333333
505,-1.110699897,-0.02744186047,-0.02029825095,-0.01033640933,0.03063466028,0.004361370717,-0.05895061728,,-5.9
506,-0.05210958237,-0.001317829457,-0.01468115599,0.02920970589,-0.0145285499,-0.02834890966,0.02546296296,,-0.2833333333
507,1.081350549,0.02550387597,0.004312282086,0.007491051051,-0.01180333314,0.004672897196,0.04614197531,0.6626139818,5.483333333
508,1.804412716,0.04240310078,0.01771438891,-0.0007299995241,-0.01698438938,0.03457943925,0.05015432099,0.6544789762,9.116666667
509,-1.124387079,-0.02589147287,0.00229307262,-0.01090999229,0.008616919668,-0.01713395639,-0.03456790123,,-5.566666667
510,0.5239735418,0.0115503876,-0.004939094722,-0.01198599146,0.01692508618,-0.008566978193,0.03148148148,0.9731543624,2.483333333
511,-1.255996116,-0.02968992248,-0.01320694371,0.003749731838,0.009457211869,-0.04408099688,-0.01543209877,,-6.383333333
512,-0.4777047498,-0.01139534884,-0.001257079739,-0.009442706881,0.01069978662,0.001246105919,-0.02391975309,,-2.45
513,-0.62172015,-0.01480620155,-0.001848579472,-0.004972266558,0.00682084603,-0.01588785047,-0.0137345679,,-3.183333333
514,-2.241874917,-0.05069767442,-0.02491774185,-0.0006182778976,0.02553601975,-0.04221183801,-0.05910493827,,-10.9
515,1.369821337,0.03348837209,0.00377539354,-0.009506729038,0.005731335498,0.007632398754,0.05910493827,0.6111111111,7.2
516,2.578536713,0.06395348837,0.02636663662,-0.007038579634,-0.01932805699,0.06277258567,0.06512345679,0.4096969697,13.75
517,0.4245949251,0.009689922481,0.01352244176,0.000870575464,-0.01439301722,0.01464174455,0.004783950617,0.944,2.083333333
518,-0.2112463784,-0.004728682171,0.008460951056,-0.008025167794,-0.0004357832616,0.0007788161994,-0.01018518519,,-1.016666667
519,1.028312284,0.02604651163,0.03525780154,-0.02623320179,-0.009024599755,0.01651090343,0.03549382716,0.9761904762,5.6
520,-0.5412190441,-0.01271317829,-0.0005984806873,-0.007440276398,0.008038757085,-0.01012461059,-0.01527777778,,-2.733333333
521,-1.074252787,-0.02620155039,0.01308065217,-0.01238707865,-0.0006935735198,-0.02492211838,-0.0274691358,,-5.633333333
522,0.669674088,0.01573643411,0.009033263173,-0.01528866333,0.006255400155,0.01121495327,0.02021604938,0.6551724138,3.383333333
523,1.126437444,0.02620155039,0.03134870611,-0.02033757801,-0.0110111281,0.01168224299,0.04058641975,0.4289940828,5.633333333
524,-0.7030009237,-0.01759689922,-0.01523054533,0.01767497523,-0.002444429898,-0.009345794393,-0.02577160494,,-3.783333333
525,-0.2128323794,-0.005348837209,-0.03152917293,0.02806682761,0.00346234532,0.01028037383,-0.02083333333,,-1.15
526,0.5219119105,0.01131782946,0.0274869726,-0.0256779919,-0.001808980693,0.06246105919,-0.03935185185,1.479452055,2.433333333
527,-0.0710039339,-0.001627906977,-0.01873414749,0.03737426,-0.0186401125,0.004205607477,-0.007407407407,,-0.35
528,1.178724461,0.0296124031,0.003350991853,-0.002462655312,-0.0008883365407,0.03535825545,0.02391975309,0.4397905759,6.366666667
529,0.1918125604,0.004573643411,0.002910290562,-0.005313279079,0.002402988517,-0.03598130841,0.04475308642,4.271186441,0.9833333333
530,-0.65023073,-0.01511627907,-0.009315307329,0.005143508623,0.004171798705,-0.01838006231,-0.01188271605,,-3.25
531,-0.8927950287,-0.0215503876,-0.002563968199,-0.01200976618,0.01457373438,-0.05,0.006635802469,,-4.633333333
532,-0.7066905688,-0.01821705426,-0.009980438499,0.01626828974,-0.006287851237,-0.06012461059,0.02330246914,,-3.916666667
533,-0.5131262268,-0.01255813953,-0.01938582571,0.01975318328,-0.0003673575691,-0.02507788162,-0.0001543209877,,-2.7
534,-1.144883374,-0.02782945736,-0.002018498633,-0.02746466815,0.02948316678,-0.04828660436,-0.007561728395,,-5.983333333
535,0.6417996606,0.01620155039,0.01370424261,0.01971912924,-0.03342337185,0.06059190031,-0.02777777778,1.023923445,3.483333333
536,-0.6572461772,-0.01542635659,-0.01605397696,-0.00876778541,0.02482176237,-0.02009345794,-0.01080246914,,-3.316666667
537,0.04589496751,0.001162790698,-0.02139718012,0.01996764531,0.001429534818,0.02429906542,-0.02175925926,4.333333333,0.25
538,-0.223310799,-0.005736434109,-0.02018476166,0.02315467922,-0.002969917561,-0.01199376947,0.000462962963,,-1.233333333
539,1.619185969,0.03697674419,0.02407111683,-0.01006782411,-0.01400329272,0.001713395639,0.07191358025,0.6373165618,7.95
540,2.219840315,0.05162790698,-0.0122106365,0.01934106319,-0.007130426688,0.04003115265,0.06311728395,0.4714714715,11.1
541,0.2321876145,0.00496124031,0.002040552274,-0.02110892768,0.01906837541,0.01666666667,-0.006635802469,2.265625,1.066666667
542,-0.1075020563,-0.002635658915,-0.01500098853,0.008943636107,0.006057352424,-0.03816199377,0.0325617284,,-0.5666666667
543,1.200304016,0.02798449612,-0.0001361628657,0.03063851156,-0.03050234869,0.03052959502,0.02546296296,0.3379501385,6.016666667
544,0.9735701651,0.02255813953,0.004540016834,-0.002961545298,-0.001578471535,0.005140186916,0.03981481481,0.9450171821,4.85
545,-1.28242311,-0.03255813953,-0.03107124302,0.0194153387,0.01165590432,-0.04236760125,-0.02283950617,,-7.0
546,1.208475654,0.03015503876,0.00685253295,-0.01066739486,0.00381486191,0.01604361371,0.04413580247,0.5475578406,6.483333333
547,0.3575941399,0.008294573643,0.005245232264,-0.009838117785,0.004592885521,0.02336448598,-0.006635802469,1.121495327,1.783333333
548,-0.9732231254,-0.02364341085,-0.01263114988,0.008120953543,0.004510196338,0.03208722741,-0.07885802469,,-5.083333333
549,-0.5438157008,-0.01310077519,-0.02088720375,0.01346830979,0.007418893967,-0.01246105919,-0.0137345679,,-2.816666667
550,-1.367684345,-0.0380620155,-0.02410494381,0.009486818839,0.01461812497,-0.04112149533,-0.0350308642,,-8.183333333
551,0.3511180999,0.008139534884,0.006648200717,0.02516262053,-0.03181082125,-0.01760124611,0.03364197531,1.828571429,1.75
552,0.9091363076,0.02248062016,-0.01291907165,0.009188175349,0.003730896305,0.01464174455,0.03024691358,0.5551724138,4.833333333
553,-0.5421854747,-0.01325581395,-0.005915962019,0.001058739356,0.004857222663,-0.02274143302,-0.003858024691,,-2.85
554,0.409029178,0.009379844961,-0.01861200316,-0.00164229797,0.02025430113,0.01713395639,0.001697530864,0.4297520661,2.016666667
555,-1.657859976,-0.04139534884,-0.01600339463,0.008876198767,0.007127195863,-0.01931464174,-0.06327160494,,-8.9
556,-0.4609214722,-0.01131782946,-0.02331299032,0.01473124396,0.008581746362,-0.03193146417,0.009104938272,,-2.433333333
557,-1.922144057,-0.04348837209,-0.01270949924,-0.02316766037,0.03587715961,-0.04034267913,-0.04660493827,,-9.35
558,0.1062777026,0.002635658915,0.02416299825,-0.0477513408,0.02358834254,0.008722741433,-0.003395061728,4.147058824,0.5666666667
559,0.6394098326,0.01534883721,-0.001529630277,0.01425981478,-0.01273018451,0.01760124611,0.01311728395,0.595959596,3.3
560,-0.6339426997,-0.01581395349,-0.01971825113,0.007563695194,0.01215455594,-0.01401869159,-0.01759259259,,-3.4
561,1.121351693,0.02488372093,0.009838961246,0.0138737539,-0.02371271514,0.02258566978,0.02716049383,0.6448598131,5.35
562,1.188037708,0.0311627907,-3.462462333e-05,0.009050499852,-0.009015875228,0.04018691589,0.02222222222,0.5049751244,6.7
563,-0.04810214262,-0.001162790698,-0.02072849929,0.01125194911,0.009476550183,0.001246105919,-0.003549382716,,-0.25
564,-0.7307489638,-0.01759689922,-0.004040337726,-0.005510696515,0.009551034241,-0.03785046729,0.002469135802,,-3.783333333
565,0.7497280769,0.01829457364,-0.009714809887,0.006015405351,0.003699404537,0.02990654206,0.006790123457,0.8305084746,3.933333333
566,-1.134800092,-0.02581395349,-0.01901258378,0.01237095564,0.006641628136,-0.03224299065,-0.01944444444,,-5.55
567,0.2435535761,0.006124031008,0.01229646003,-0.002117526473,-0.01017893356,0.01510903427,-0.002777777778,1.924050633,1.316666667
568,0.01902645842,0.0004651162791,0.00818280252,-0.005854286583,-0.002328515938,-0.006697819315,0.007561728395,19.5,0.1
569,-0.1819288761,-0.004263565891,0.008162861961,-0.02885058113,0.02068771917,-0.01105919003,0.002469135802,,-0.9166666667
570,-0.01817732594,-0.0004651162791,-0.01207472068,0.006706921469,0.005367799208,-0.0214953271,0.02037037037,,-0.1
571,-1.171615521,-0.02720930233,-0.01645182326,0.01155980939,0.004892013867,-0.03878504673,-0.01574074074,,-5.85
572,-0.2793386154,-0.006899224806,-0.01790376011,0.01639771656,0.001506043547,-0.02554517134,0.01157407407,,-1.483333333
573,-1.454895182,-0.0323255814,-0.0221741714,0.005606177156,0.01656799425,-0.03722741433,-0.0274691358,,-6.95
574,-0.1772330482,-0.004496124031,0.001530574045,-0.01157119696,0.01004062292,-0.01261682243,0.003549382716,,-0.9666666667
575,0.1127337884,0.002558139535,-0.01089250521,0.01896663302,-0.008074127811,-0.007476635514,0.0125,6.909090909,0.55
576,2.274968422,0.05341085271,0.008079566803,0.00049951975,-0.008579086552,0.02320872274,0.08333333333,0.6516690856,11.48333333
577,-0.02059754778,-0.0004651162791,0.0047010929,0.002913463218,-0.007614556118,-0.01417445483,0.01311728395,,-0.1
578,0.1525418633,0.003488372093,-0.0219119121,5.278508946e-05,0.02185912701,-0.0007788161994,0.007716049383,3.822222222,0.75
579,-1.57070879,-0.03581395349,-0.02479825739,0.01641438602,0.008383871374,-0.06542056075,-0.006481481481,,-7.7
580,0.175229513,0.004263565891,0.00428286275,-0.01933668429,0.01505382154,-0.03364485981,0.04182098765,2.709090909,0.9166666667
581,1.408152879,0.03085271318,0.01791000627,-0.003803802179,-0.01410620409,0.007009345794,0.05447530864,0.9120603015,6.633333333
582,-1.13790885,-0.02914728682,0.005768986701,-0.02196375901,0.0161947723,-0.03364485981,-0.02469135802,,-6.266666667
583,-0.8221709247,-0.02085271318,-0.00980248307,-0.005583508066,0.01538599114,-0.06713395639,0.025,,-4.483333333
584,-0.6252245333,-0.01449612403,-0.00320072545,-0.005447566141,0.008648291592,0.0007788161994,-0.02962962963,,-3.116666667
585,-2.226578253,-0.04976744186,8.66707747e-05,-0.02960821733,0.02952154655,-0.04080996885,-0.05864197531,,-10.7
586,0.7838745326,0.01782945736,-0.002667007387,0.005332441597,-0.00266543421,0.001090342679,0.03441358025,0.847826087,3.833333333
587,0.7711967434,0.01829457364,-0.01002439659,0.02581359264,-0.01578919606,0.02492211838,0.01172839506,0.75,3.933333333
588,0.5405189842,0.01271317829,0.005036924098,-0.002149593603,-0.002887330495,0.007320872274,0.01805555556,0.5426829268,2.733333333
589,-1.642018775,-0.03899224806,-0.03097464704,0.02588591695,0.005088730086,-0.07429906542,-0.004012345679,,-8.383333333
590,-0.4131791693,-0.00984496124,-0.002865813726,0.002182023988,0.000683789738,-0.008878504673,-0.01080246914,,-2.116666667
591,-0.6239575834,-0.01403100775,-0.02107239485,-0.007357478373,0.02842987322,-0.02056074766,-0.007561728395,,-3.016666667
592,-0.8962029744,-0.02201550388,-0.01253238563,-0.01164124772,0.02417363335,-0.03753894081,-0.006635802469,,-4.733333333
593,0.6452304885,0.01596899225,0.01953190773,-0.02849428788,0.008962380153,0.02523364486,0.006790123457,0.5825242718,3.433333333
594,0.1662917582,0.004031007752,-0.01126435592,0.009920511619,0.001343844297,-0.06277258567,0.07021604938,5.75,0.8666666667
595,1.392830586,0.03356589147,0.00614370263,0.0001865457664,-0.006330248396,0.01853582555,0.04845679012,1.023094688,7.216666667
596,-0.2936540872,-0.007286821705,0.01330769093,-0.03007546798,0.01676777705,0.02834890966,-0.04259259259,,-1.566666667
597,-0.01013866754,-0.0002325581395,0.01129707607,-0.01447174873,0.003174672655,-0.004049844237,0.003549382716,,-0.05
598,0.6264212097,0.01426356589,-0.01180847011,0.01650802698,-0.004699556874,0.01744548287,0.01111111111,0.5597826087,3.066666667
599,1.034302203,0.02527131783,0.02616777838,-0.0278944014,0.00172662302,0.02289719626,0.02762345679,0.6932515337,5.433333333
600,-0.4423651618,-0.009612403101,-0.008339297872,0.01129958679,-0.002960288923,-0.04034267913,0.02083333333,,-2.066666667
601,-1.929565993,-0.04596899225,-0.02671303101,0.004371377787,0.02234165322,-0.004828660436,-0.08672839506,,-9.883333333
602,-0.5497191085,-0.01294573643,-0.01611061257,-0.0001255210833,0.01623613366,-0.007165109034,-0.01867283951,,-2.783333333
603,-1.885181786,-0.0484496124,-0.01282337613,-0.01331850733,0.02614188346,-0.05373831776,-0.04320987654,,-10.41666667
604,-1.911846427,-0.04279069767,-0.03293838315,-0.006575511168,0.03951389432,-0.05295950156,-0.03271604938,,-9.2
605,-0.9951826708,-0.02348837209,-0.0163528198,0.003923194394,0.01242962541,-0.03909657321,-0.008024691358,,-5.05
606,1.713598444,0.04294573643,0.0287189888,-0.0212026487,-0.007516340101,0.04704049844,0.03888888889,0.6245487365,9.233333333
607,-0.725303249,-0.01782945736,0.005772236525,-0.01496761349,0.009195376966,-0.02788161994,-0.00787037037,,-3.833333333
608,-0.3195044272,-0.008294573643,-0.008735130125,-0.01200126612,0.02073639625,-0.01495327103,-0.001697530864,,-1.783333333
609,-0.3676757636,-0.009147286822,-0.02094835994,0.01458839503,0.006359964916,-0.0004672897196,-0.01774691358,,-1.966666667
610,0.6260349792,0.01387596899,-0.01085819905,0.01077115706,8.704198806e-05,0.009501557632,0.01820987654,1.173184358,2.983333333
611,-1.813586451,-0.04496124031,-0.05385076884,0.04687921779,0.006971551047,-0.05482866044,-0.03518518519,,-9.666666667
612,1.318748936,0.03139534884,0.01776148147,-0.0212493811,0.003487899632,0.04953271028,0.01342592593,1.014814815,6.75
613,-1.838075979,-0.04170542636,-0.01207969237,0.003903195671,0.008176496696,-0.04937694704,-0.03410493827,,-8.966666667
614,1.215034115,0.02527131783,0.01333242564,0.01070276282,-0.02403518846,0.008878504673,0.04151234568,0.8251533742,5.433333333
615,-0.4022468598,-0.009689922481,0.001340863786,-0.01907378975,0.01773292596,0.002959501558,-0.02222222222,,-2.083333333
616,-1.211575573,-0.03139534884,-0.01213958984,-0.003074129354,0.01521371919,-0.02398753894,-0.0387345679,,-6.75
617,-0.692263407,-0.01627906977,-0.03494979525,0.01186158659,0.02308820865,-0.03644859813,0.003703703704,,-3.5
618,-0.03629148953,-0.0008527131783,-0.01512544065,0.0271165686,-0.01199112796,0.0007788161994,-0.002469135802,,-0.1833333333
619,3.576038243,0.08682170543,0.03031937801,-0.0006262519261,-0.02969312608,0.1096573209,0.06419753086,0.3857142857,18.66666667
620,-0.8392420751,-0.01953488372,-0.005914626248,-0.007448480933,0.01336310718,0.004205607477,-0.04305555556,,-4.2
621,-0.5469739261,-0.01379844961,-0.03794962016,0.03468027164,0.003269348525,0.006386292835,-0.0337962963,,-2.966666667
622,0.5400043823,0.01333333333,0.005628628694,-0.01340475539,0.007776126695,0.03769470405,-0.01080246914,1.052325581,2.866666667
623,1.493191287,0.03503875969,0.02612720357,-0.01416814791,-0.01195905566,0.0277258567,0.04228395062,0.4668141593,7.533333333
624,-0.6911979671,-0.01736434109,-0.0003295996066,-0.0007559153351,0.001085514942,-0.0246105919,-0.01018518519,,-3.733333333
625,-0.1144821748,-0.002868217054,0.009934106224,-0.01315624194,0.003222135714,-0.02289719626,0.01697530864,,-0.6166666667
626,-2.243973771,-0.05317829457,-0.01536848646,-0.005246114399,0.02061460086,-0.04267912773,-0.06358024691,,-11.43333333
627,0.897455171,0.02124031008,-0.0004028964417,0.01461348082,-0.01421058438,0.04906542056,-0.006327160494,0.9343065693,4.566666667
628,1.841761816,0.0407751938,0.02214726577,0.009362595623,-0.03150986139,0.0523364486,0.02932098765,0.4296577947,8.766666667
629,0.2124695563,0.005426356589,-0.00403222724,0.01338425025,-0.009352023009,-0.001713395639,0.0125,2.1,1.166666667
630,-0.3999075593,-0.009147286822,-0.002652119337,-0.02121788401,0.02387000335,-0.02912772586,0.01064814815,,-1.966666667
631,0.4643070791,0.01093023256,0.02260775667,-0.00531836914,-0.01728938753,0.01012461059,0.01172839506,1.042553191,2.35
632,2.406416339,0.06170542636,0.03552289733,-0.009800504787,-0.02572239255,0.05903426791,0.06435185185,0.3505025126,13.26666667
633,1.938273016,0.04426356589,0.0196904348,-0.0220317591,0.002341324295,0.06199376947,0.02669753086,0.5726795096,9.516666667
634,-1.311799167,-0.03139534884,-0.02305558832,-0.005390194619,0.02844578294,-0.05996884735,-0.003086419753,,-6.75
635,-1.3833217,-0.03387596899,-0.004432133502,-0.01728641858,0.02171855208,-0.02133956386,-0.0462962963,,-7.283333333
636,-0.9257669755,-0.02178294574,-0.009743636763,-0.01387845703,0.02362209379,-0.03847352025,-0.00524691358,,-4.683333333
637,1.282976186,0.0276744186,0.01253544229,-0.01015724058,-0.002378201703,0.04626168224,0.009259259259,0.4117647059,5.95
638,0.04619564265,0.001162790698,-0.001682417479,-0.003874121944,0.005556539423,0.008099688474,-0.005709876543,13.13333333,0.25
639,-1.952464981,-0.04720930233,-0.01511545283,-0.01368482467,0.02880027749,-0.008411214953,-0.08564814815,,-10.15
640,1.737339113,0.04488372093,0.02053650336,-0.006825821648,-0.01371068171,-0.007943925234,0.09722222222,0.8583765112,9.65
641,0.05777095933,0.001472868217,-0.003507911321,0.003219854673,0.0002880566479,-0.01791277259,0.02067901235,3.526315789,0.3166666667
642,1.875021729,0.04736434109,0.005192700258,0.01701353646,-0.02220623671,-0.01604361371,0.1101851852,0.9165302782,10.18333333
643,1.021706674,0.02302325581,-0.01016655602,0.006435805387,0.003730750636,-0.001090342679,0.04691358025,0.696969697,4.95
644,1.482573908,0.0311627907,0.008861289034,-0.005674189562,-0.003187099472,0.02943925234,0.03287037037,0.7288557214,6.7
645,-1.054543765,-0.02550387597,-0.01298029489,-0.01240746011,0.025387755,-0.03457943925,-0.01651234568,,-5.483333333
646,-0.8408613727,-0.02085271318,-0.003577795579,-0.01817639973,0.02175419531,-0.02570093458,-0.01604938272,,-4.483333333
647,-2.198821651,-0.04868217054,-0.02971505195,0.005602961474,0.02411209047,-0.0238317757,-0.07330246914,,-10.46666667
648,1.098198672,0.02558139535,0.01289720452,-0.01575649835,0.002859293822,-0.007632398754,0.05848765432,0.6939393939,5.5
649,1.82717863,0.04496124031,0.02483545141,-0.009649352776,-0.01518609864,0.06199376947,0.02808641975,0.4862068966,9.666666667
650,-0.003206627456,-7.751937984e-05,-0.01556706919,0.01321759079,0.0023494784,-0.06028037383,0.05956790123,,-0.01666666667
651,0.2535326815,0.006201550388,0.009283421247,-0.004352234788,-0.004931186459,0.005763239875,0.006635802469,2.05,1.333333333
652,0.9412824651,0.02062015504,0.008782721627,-0.007002249748,-0.001780471879,0.008411214953,0.03271604938,0.8345864662,4.433333333
653,-1.068058025,-0.02682170543,-0.03865201656,0.02827725279,0.01037476377,0.008099688474,-0.06141975309,,-5.766666667
654,-0.549779333,-0.01201550388,-0.0006528422146,-0.002584794107,0.003237636321,-0.005451713396,-0.01851851852,,-2.583333333
655,1.077490338,0.02511627907,0.008027337976,-0.01335801492,0.005330676948,0.03068535826,0.01959876543,0.7685185185,5.4
656,0.5311577261,0.01317829457,0.01215153638,-0.006195795406,-0.005955740971,-0.001713395639,0.02793209877,1.364705882,2.833333333
657,-1.679625116,-0.03992248062,-0.02234207098,0.00162460718,0.0207174638,-0.07211838006,-0.008024691358,,-8.583333333
658,1.538427033,0.03782945736,0.003586923501,-0.005168803164,0.001581879663,-0.005607476636,0.08086419753,0.7827868852,8.133333333
659,-2.342457937,-0.05364341085,-0.03180183779,0.01440796289,0.0173938749,-0.03862928349,-0.06851851852,,-11.53333333
660,0.3167284149,0.007131782946,0.01058303935,-0.001251021151,-0.009332018203,0.02741433022,-0.01296296296,1.0,1.533333333
661,-0.8262357325,-0.01891472868,0.002330800634,-0.01832190379,0.01599110315,-0.02211838006,-0.01574074074,,-4.066666667
662,-0.114947373,-0.002790697674,-0.0088377242,-0.01066767305,0.01950539725,0.04143302181,-0.04660493827,,-0.6
663,-2.731621376,-0.06279069767,-0.03882079466,0.006831599499,0.03198919516,-0.08255451713,-0.04320987654,,-13.5
664,-0.7298917271,-0.01899224806,0.009942156507,-0.01452654119,0.004584384681,0.01370716511,-0.05138888889,,-4.083333333
665,-0.09652568747,-0.002248062016,-0.01741099635,0.02409946363,-0.006688467283,-0.02788161994,0.02314814815,,-0.4833333333
666,0.3435402592,0.008759689922,0.008890701891,-0.01102228544,0.002131583546,-0.01526479751,0.0325617284,1.03539823,1.883333333
667,0.2886867055,0.007441860465,0.003365643446,-0.002437185655,-0.0009284577919,-0.006074766355,0.02083333333,2.0625,1.6
668,0.08052570753,0.001782945736,0.01156573056,0.002583869754,-0.01414960031,0.04267912773,-0.0387345679,7.739130435,0.3833333333
669,-1.245275916,-0.0296124031,-0.004744295956,0.02905970569,-0.02431540973,-0.06105919003,0.001543209877,,-6.366666667
670,0.2940922453,0.007364341085,0.01373845006,-0.01648984948,0.002751399421,-0.004984423676,0.01959876543,1.505263158,1.583333333
671,0.4400018085,0.01085271318,0.01123440608,0.003190141341,-0.01442454743,0.002024922118,0.01959876543,1.542857143,2.333333333
672,-1.206170293,-0.02984496124,-0.00793457566,-0.0003331902221,0.008267765882,-0.02320872274,-0.03641975309,,-6.416666667
673,-0.6336988715,-0.01457364341,-0.00715638842,-0.005874538007,0.01303092643,-0.03862928349,0.009259259259,,-3.133333333
674,0.8621985161,0.02271317829,0.0003756194532,0.002661306149,-0.003036925602,0.004672897196,0.04058641975,0.9351535836,4.883333333
675,-0.09142014469,-0.002170542636,0.003737495551,-0.01467548585,0.0109379903,-0.06230529595,0.05740740741,,-0.4666666667
676,-0.08727023416,-0.001860465116,0.001051135876,-0.0204383564,0.01938722052,-0.01168224299,0.00787037037,,-0.4
677,-0.7013531882,-0.01550387597,-0.01463086932,0.004892391918,0.009738477406,-0.03177570093,0.0006172839506,,-3.333333333
678,-0.5619320265,-0.01294573643,-0.01086008778,0.01002772059,0.0008323671945,-0.03722741433,0.01111111111,,-2.783333333
679,1.650971685,0.03930232558,0.02114484042,-0.01897363371,-0.002171206703,0.04937694704,0.02932098765,0.5147928994,8.45
680,0.129950543,0.003178294574,0.00194635642,0.008225121123,-0.01017147754,-0.002492211838,0.008796296296,0.6341463415,0.6833333333
681,-1.326072268,-0.03542635659,-0.05042779026,0.04462866439,0.005799125868,-0.01059190031,-0.0600308642,,-7.616666667
682,1.29361229,0.03263565891,0.009068513483,-0.001561254657,-0.007507258826,0.02445482866,0.04074074074,0.4845605701,7.016666667
683,1.39558448,0.03410852713,0.02033876852,-0.0163431932,-0.003995575318,0.005140186916,0.06280864198,0.4386363636,7.333333333
684,1.474014857,0.03860465116,0.02819976782,-0.02150046249,-0.006699305335,0.02102803738,0.05601851852,0.40562249,8.3
685,0.7468798505,0.01744186047,-0.00839715666,0.01663235381,-0.008235197153,0.001401869159,0.03333333333,0.7111111111,3.75
686,0.2669760669,0.005968992248,0.002422318193,-0.00731831702,0.004895998828,-0.01012461059,0.02191358025,1.142857143,1.283333333
687,1.132579186,0.02697674419,-0.009085471242,0.01023090242,-0.001145431177,0.05763239875,-0.003395061728,1.022988506,5.8
688,1.287805012,0.03108527132,0.01239625226,-0.01379759419,0.001401341937,0.05638629283,0.006018518519,0.3890274314,6.683333333
689,-0.7747811996,-0.01914728682,-0.004466182816,-0.008116155896,0.01258233871,0.02211838006,-0.0600308642,,-4.116666667
690,-0.2115521049,-0.005348837209,0.002981270559,0.02338601703,-0.02636728759,-0.01853582555,0.007716049383,,-1.15
691,0.3144090873,0.007829457364,-0.005601100823,-0.01451813822,0.02011923904,-0.0253894081,0.04074074074,2.356435644,1.683333333
692,-0.5019331347,-0.01271317829,-0.002949965443,-0.009032932453,0.0119828979,-0.004205607477,-0.02114197531,,-2.733333333
693,2.48629613,0.05294573643,0.01865695096,0.01888718814,-0.0375441391,0.0714953271,0.03456790123,0.4890190337,11.38333333
694,0.5005374095,0.01139534884,0.01423966745,-0.01933602617,0.005096358717,0.0484423676,-0.02530864198,0.9659863946,2.45
695,1.357241218,0.03263565891,0.01344846032,-0.01390825659,0.0004597962714,0.005451713396,0.05956790123,0.6935866983,7.016666667
696,0.1070807771,0.002480620155,-0.0230438666,0.01885128277,0.004192583826,0.02585669782,-0.02067901235,3.53125,0.5333333333
697,1.120849407,0.02620155039,0.02072257436,0.01572071105,-0.03644328541,-0.006074766355,0.05817901235,0.6686390533,5.633333333
698,0.7562806254,0.01937984496,0.004244197135,-0.007795966249,0.003551769114,0.03691588785,0.00200617284,1.06,4.166666667
699,1.691300479,0.04426356589,0.02603933473,-0.01938085746,-0.00665847727,0.01323987539,0.075,0.4851138354,9.516666667
700,2.881845194,0.06480620155,0.03219859713,-0.009784890423,-0.02241370671,0.09439252336,0.03549382716,0.4389952153,13.93333333
701,-0.07075121974,-0.001627906977,-0.01428299769,0.009885803944,0.004397193744,-0.0484423676,0.04475308642,,-0.35
702,-0.1815924487,-0.004186046512,0.0061319046,-0.01718424261,0.01105233801,0.03722741433,-0.04521604938,,-0.9
703,1.363239671,0.03418604651,0.02109189314,-0.006829898014,-0.01426199513,-0.008099688474,0.07608024691,0.566893424,7.35
704,1.232348647,0.02945736434,0.02029770259,-0.004318916855,-0.01597878573,-0.007165109034,0.06574074074,0.8526315789,6.333333333
705,-0.6027180685,-0.01348837209,0.01229090543,-0.02909537042,0.01680446499,-0.01433021807,-0.01265432099,,-2.9
706,0.3920613025,0.008914728682,0.009345642692,0.01662258554,-0.02596822823,-0.01355140187,0.03117283951,0.4347826087,1.916666667
707,-0.201046533,-0.00480620155,-0.02109631879,0.02970719775,-0.008610878963,-0.02414330218,0.01435185185,,-1.033333333
708,1.338148658,0.02984496124,0.005969219387,0.01052541014,-0.01649462953,0.05171339564,0.008179012346,0.4961038961,6.416666667
709,-1.416916843,-0.03465116279,-0.007136417844,-0.01686059213,0.02399700998,-0.03800623053,-0.03132716049,,-7.45
710,1.707944035,0.0407751938,0.02293552411,-0.006579307879,-0.01635621623,0.05451713396,0.02716049383,0.5418250951,8.766666667
711,-0.7156440906,-0.0176744186,0.004091035876,-0.009070350471,0.004979314595,0.03598130841,-0.07083333333,,-3.8
712,1.01547678,0.02240310078,0.002122762457,0.003798676667,-0.005921439124,0.01464174455,0.03009259259,0.7335640138,4.816666667
713,1.690227179,0.03891472868,0.01770015284,-0.01115538981,-0.006544763034,0.02819314642,0.04953703704,0.5996015936,8.366666667
714,0.7183893475,0.01736434109,0.01444934087,-0.004805942397,-0.009643398478,-0.001557632399,0.03611111111,0.6830357143,3.733333333
715,0.1878566312,0.004341085271,-0.002966017965,0.01456399226,-0.0115979743,-0.02959501558,0.03796296296,4.375,0.9333333333
716,2.059816449,0.04643410853,0.02456250339,0.008458276297,-0.03302077969,0.0253894081,0.06728395062,0.6176961603,9.983333333
717,0.6111882897,0.01581395349,0.001496175579,-0.007564275688,0.006068100109,0.01526479751,0.01635802469,0.4901960784,3.4
718,-0.2926966279,-0.006821705426,-0.008337508609,-0.007847786774,0.01618529538,-0.04548286604,0.03148148148,,-1.466666667
719,-0.3331430762,-0.008604651163,-0.007728879017,0.02145158587,-0.01372270686,-0.01900311526,0.001697530864,,-1.85
720,-0.06728732172,-0.001627906977,-0.002028492572,-0.009920224096,0.01194871667,-0.005295950156,0.00200617284,,-0.35
721,0.06777125101,0.001550387597,0.003372998352,-0.01810428016,0.0147312818,-0.002336448598,0.005401234568,6.1,0.3333333333
722,1.859558592,0.04139534884,0.03021302313,-0.02179797942,-0.008415043709,0.008255451713,0.07422839506,0.6741573034,8.9
723,1.042608631,0.02341085271,0.01596481227,-0.0264822208,0.01051740853,0.008411214953,0.03827160494,0.5331125828,5.033333333
724,-1.274814893,-0.03201550388,-0.01083056961,-0.002610174582,0.01344074419,-0.0238317757,-0.04012345679,,-6.883333333
725,0.6658278823,0.01736434109,0.02018085282,-0.00616760199,-0.01401325083,-0.01822429907,0.05262345679,0.7321428571,3.733333333
726,-1.889372211,-0.04643410853,-0.04061072765,0.02837830437,0.01223242328,-0.05887850467,-0.03410493827,,-9.983333333
727,-0.5739644956,-0.01325581395,-0.02720700772,0.01054323667,0.01666377106,0.001869158879,-0.02824074074,,-2.85
728,0.1052211853,0.002325581395,-0.02772902145,0.03658207154,-0.008853050093,-0.01838006231,0.02283950617,3.3,0.5
729,-0.5944870683,-0.01317829457,-0.006637869406,-0.00374439697,0.01038226638,0.009345794393,-0.03549382716,,-2.833333333
730,1.117508515,0.02751937984,0.0209551781,-0.01954534656,-0.001409831531,-0.001557632399,0.05632716049,0.8394366197,5.916666667
731,0.07395439535,0.001782945736,0.006526235189,0.0344940541,-0.04102028929,0.04439252336,-0.04043209877,12.2173913,0.3833333333
732,0.112213787,0.002558139535,0.01494166562,-0.0236474564,0.008705790781,0.02476635514,-0.01944444444,1.787878788,0.55
733,1.894868185,0.04054263566,0.02904311664,-0.03201130066,0.002968184019,0.02352024922,0.05740740741,0.7533460803,8.716666667
734,0.4526185783,0.01069767442,0.004089361541,-0.01271205901,0.008622697472,0.007943925234,0.01342592593,1.18115942,2.3
735,-1.422199559,-0.03015503876,-0.01282424164,-0.003968915117,0.01679315676,-0.04252336449,-0.01790123457,,-6.483333333
736,-0.3758140066,-0.008914728682,0.005195070026,0.002156026946,-0.007351096971,-0.02757009346,0.009567901235,,-1.916666667
737,-0.4380203787,-0.01085271318,0.003541851656,-0.005826290681,0.002284439024,-0.04828660436,0.0262345679,,-2.333333333
738,-0.01391374413,-0.0003100775194,0.01450469741,-0.0299804847,0.01547578728,-0.03052959502,0.02962962963,,-0.06666666667
739,0.9621827175,0.02286821705,0.00575928514,0.03484488505,-0.04060417019,0.005451713396,0.04012345679,0.8,4.916666667
740,1.813252623,0.04279069767,6.896145002e-05,-0.005268542137,0.005199580687,0.0484423676,0.03719135802,0.7155797101,9.2
741,-0.1022170123,-0.002403100775,0.01459292951,0.0006701032948,-0.0152630328,0.01028037383,-0.0149691358,,-0.5166666667
742,0.6208624056,0.01635658915,0.002724949377,-0.006382764269,0.003657814891,-0.01230529595,0.04475308642,0.8483412322,3.516666667
743,-1.072772997,-0.02790697674,-0.01901967061,0.02878397323,-0.009764302614,0.01588785047,-0.0712962963,,-6.0
744,-0.1863032791,-0.004496124031,0.01098970239,-0.02388678243,0.01289708003,0.02414330218,-0.03287037037,,-0.9666666667
745,0.2815293777,0.007286821705,-0.003007009345,0.003480771924,-0.0004737625789,0.02803738318,-0.01327160494,1.744680851,1.566666667
746,0.153056283,0.003488372093,-0.002070691542,0.02451021478,-0.02243952324,0.04968847352,-0.04228395062,2.311111111,0.75
747,-1.139954897,-0.02837209302,-0.02417088019,-0.002803620916,0.0269745011,-0.03224299065,-0.02453703704,,-6.1
748,0.3712725686,0.009147286822,0.01084353554,-0.01665701123,0.005813475687,0.009813084112,0.008487654321,1.36440678,1.966666667
749,-0.4449027797,-0.0107751938,0.002491534165,-0.01240401011,0.009912475948,-0.01386292835,-0.007716049383,,-2.316666667
750,-0.3683977526,-0.008914728682,-0.01519072017,0.003354026873,0.0118366933,-0.009657320872,-0.008179012346,,-1.916666667
751,-1.397755012,-0.02953488372,-0.009966042991,0.007737944649,0.002228098342,-0.03099688474,-0.02808641975,,-6.35
752,1.465706668,0.03341085271,0.01551244495,-0.01006935441,-0.005443090543,0.02990654206,0.03688271605,0.5081206497,7.183333333
753,1.450530988,0.03689922481,0.01199244737,0.0155160268,-0.02750847417,0.0292834891,0.04444444444,0.525210084,7.933333333
754,-1.998033957,-0.04798449612,-0.02838253702,0.01581861283,0.01256392419,-0.04205607477,-0.05385802469,,-10.31666667
755,0.2020134502,0.00496124031,-0.007468142296,-0.008072156325,0.01554029862,-0.008566978193,0.01836419753,0.90625,1.066666667
756,0.5640339838,0.01271317829,0.008817030239,-0.02074475871,0.01192772847,0.003582554517,0.02175925926,1.317073171,2.733333333
757,-1.836107673,-0.04775193798,-0.02451669396,-0.001676423762,0.02619311773,-0.06728971963,-0.02839506173,,-10.26666667
758,-1.140033053,-0.02790697674,-0.01773872537,0.002896657977,0.01484206739,-0.05404984424,-0.00200617284,,-6.0
759,0.129165014,0.003100775194,-0.004498819,0.007247082162,-0.002748263162,-0.009657320872,0.01574074074,3.875,0.6666666667
760,0.4642315763,0.01093023256,0.005363035437,-0.003454294717,-0.001908740719,-0.003894080997,0.02561728395,0.9503546099,2.35
761,-1.233533895,-0.02930232558,-0.01236615382,0.03710507199,-0.02473891817,-0.0722741433,0.01327160494,,-6.3
762,-0.5092316158,-0.01139534884,0.0001033020386,-0.01453400286,0.01443070082,-0.03738317757,0.01435185185,,-2.45
763,-0.4008834031,-0.009689922481,-0.00206178624,-0.001834795586,0.003896581826,-0.02788161994,0.008333333333,,-2.083333333
764,1.881103042,0.04178294574,0.01049308089,-0.02116875891,0.01067567802,0.02429906542,0.05910493827,0.5380333952,8.983333333
765,-0.6222149453,-0.01519379845,-0.005378541616,-0.01802176798,0.0234003096,0.002492211838,-0.03271604938,,-3.266666667
766,0.6034768875,0.01410852713,0.00435943163,0.01176179724,-0.01612122887,-0.001869158879,0.0299382716,1.582417582,3.033333333
767,-0.8074181958,-0.01930232558,-0.01304560457,0.01596177938,-0.002916174812,0.01588785047,-0.05416666667,,-4.15
768,0.3198137664,0.008527131783,0.01769857212,-0.01078981025,-0.006908761868,0.02897196262,-0.01172839506,1.454545455,1.833333333
769,-0.1063274108,-0.002480620155,-0.0003171921698,-0.01855946565,0.01887665782,0.01728971963,-0.02206790123,,-0.5333333333
770,1.063889173,0.02410852713,0.01028674061,-0.002718922733,-0.007567817876,0.02445482866,0.0237654321,0.5112540193,5.183333333
771,2.378626019,0.05798449612,0.02811170281,-0.009793783315,-0.01831791949,0.04283489097,0.07299382716,0.4478609626,12.46666667
772,0.08198586464,0.001782945736,0.001500411785,0.01107185498,-0.01257226676,-0.05218068536,0.05524691358,7.217391304,0.3833333333
773,-0.01010410575,-0.0002325581395,0.001535072219,0.02006977003,-0.02160484224,-0.01962616822,0.01898148148,,-0.05
774,-0.7336154867,-0.01821705426,0.01093831738,-0.009809958802,-0.001128358579,0.009813084112,-0.04598765432,,-3.916666667
775,-0.5714874797,-0.01372093023,-0.006039502544,-0.001133571088,0.007173073632,-0.03489096573,0.00725308642,,-2.95
776,1.308942688,0.0303875969,-0.02854725785,0.02419730829,0.004349949555,0.02352024922,0.03719135802,0.6071428571,6.533333333
777,0.8153524014,0.01937984496,-0.001464887376,0.02921672172,-0.02775183434,-0.003894080997,0.0424382716,0.924,4.166666667
778,-1.141515776,-0.0280620155,-0.004507662998,-0.0004471542686,0.004954817266,-0.02663551402,-0.02947530864,,-6.033333333
779,-0.6102365002,-0.01457364341,-0.02806108171,0.02288490522,0.005176176483,-0.005607476636,-0.02345679012,,-3.133333333
780,0.553388126,0.01255813953,0.02048922085,-0.02721040687,0.006721186017,-0.01090342679,0.03580246914,1.419753086,2.7
781,-0.06705845366,-0.001627906977,-0.002166547327,-0.01118504894,0.01335159627,0.01728971963,-0.02037037037,,-0.35
782,-0.8157957549,-0.01992248062,-0.00090221623,0.0174352979,-0.01653308167,0.0007788161994,-0.04043209877,,-4.283333333
783,1.861761059,0.0419379845,0.01074516384,0.0326746945,-0.04341985833,0.0453271028,0.03858024691,0.5304990758,9.016666667
784,-0.01026224687,-0.0002325581395,0.0006971565846,0.008601260354,-0.009298416939,-0.03099688474,0.03024691358,,-0.05
785,0.9052928779,0.0211627907,0.005310391145,0.009142302903,-0.01445269405,-0.02725856698,0.06913580247,1.245421245,4.55
786,-0.3362730532,-0.008139534884,0.001799893713,-0.02055215062,0.0187522569,-0.008566978193,-0.007716049383,,-1.75
787,2.064188819,0.04759689922,0.01610337875,0.0190776402,-0.03518101895,0.04548286604,0.04969135802,0.3729641694,10.23333333
788,0.1420589838,0.003178294574,0.002077932034,0.03266302857,-0.03474096061,-0.007788161994,0.01404320988,1.585365854,0.6833333333
789,-0.7317830205,-0.01573643411,-0.0172542701,0.005313807007,0.01194046309,-0.04906542056,0.01728395062,,-3.383333333
790,1.190028847,0.02813953488,0.009212762149,0.007046315254,-0.0162590774,0.03457943925,0.02175925926,0.6225895317,6.05
791,0.5274296984,0.01302325581,0.0005755215413,-0.006737991634,0.006162470093,-0.01261682243,0.03842592593,1.476190476,2.8
792,-0.0766026283,-0.001782945736,-0.006506303191,0.01663251096,-0.01012620777,0.009190031153,-0.01265432099,,-0.3833333333
793,-1.051376284,-0.02759689922,-0.008997387822,-0.01552279085,0.02452017867,-0.03847352025,-0.01682098765,,-5.933333333
794,1.23806503,0.02945736434,0.02180499276,-0.02173339686,-7.159590114e-05,0.01526479751,0.04351851852,0.6921052632,6.333333333
795,1.698924785,0.04356589147,0.04238123991,-0.02721536956,-0.01516587035,0.05202492212,0.03518518519,0.5480427046,9.366666667
796,0.7795821761,0.01720930233,0.01660534078,0.008340858721,-0.02494619951,0.04361370717,-0.008950617284,0.9054054054,3.7
797,-1.61765289,-0.03798449612,-0.009771537523,-0.009446884218,0.01921842174,-0.04330218069,-0.03271604938,,-8.166666667
798,0.1148035548,0.002868217054,0.006336655746,-0.02050860816,0.01417195242,-0.02943925234,0.03487654321,3.324324324,0.6166666667
799,0.3974751999,0.01015503876,-0.005263770905,-0.0003099685296,0.005573739434,0.01028037383,0.0100308642,0.6870229008,2.183333333
800,0.2317842359,0.005503875969,-0.001147938162,-0.00394136497,0.005089303133,-0.01728971963,0.02808641975,1.323943662,1.183333333
801,-2.384228279,-0.05674418605,-0.03418796142,-5.785402909e-05,0.03424581545,-0.04003115265,-0.07330246914,,-12.2
802,-0.003043650076,-7.751937984e-05,0.003681001362,-0.005126389848,0.001445388486,0.005295950156,-0.005401234568,,-0.01666666667
803,1.613371989,0.0380620155,0.01079920292,0.01755032249,-0.02834952541,0.01666666667,0.05925925926,0.4623217923,8.183333333
804,-2.24896356,-0.05139534884,-0.02416550575,-0.008554975313,0.03272048107,-0.05171339564,-0.05108024691,,-11.05
805,-1.679642987,-0.04240310078,-0.006789729439,0.0009160183201,0.005873711119,-0.06604361371,-0.01898148148,,-9.116666667
806,1.384308374,0.03240310078,0.01736584448,-0.008667539953,-0.008698304522,0.009345794393,0.05524691358,0.5023923445,6.966666667
807,0.8921494851,0.02348837209,0.01193790682,-0.009594318281,-0.002343588539,0.009813084112,0.03703703704,0.6633663366,5.05
808,0.2637122768,0.005891472868,-0.005184712317,0.02628330283,-0.02109859051,0.02663551402,-0.01466049383,0.6578947368,1.266666667
809,-0.7058868644,-0.01643410853,-0.01031534106,-0.002382546089,0.01269788715,-0.04158878505,0.008487654321,,-3.533333333
810,-1.112585447,-0.02775193798,0.001935712263,-0.01717826051,0.01524254825,-0.03535825545,-0.02021604938,,-5.966666667
811,0.5527529073,0.01341085271,-0.009313420574,0.01609455843,-0.006781137858,0.02959501558,-0.00262345679,1.497109827,2.883333333
812,-0.006977924417,-0.0001550387597,-0.01433773623,0.02510715447,-0.01076941823,-0.01339563863,0.01296296296,,-0.03333333333
813,-0.1960884112,-0.004418604651,0.01111413078,-0.0160573949,0.004943264119,-0.01713395639,0.008179012346,,-0.95
814,-0.7585980421,-0.0192248062,-0.001594949502,-0.002179536451,0.003774485954,-0.0269470405,-0.01157407407,,-4.133333333
815,0.9498171287,0.02325581395,0.004342920639,0.01098165919,-0.01532457983,-0.003115264798,0.04938271605,0.63,5.0
816,-0.1176980666,-0.002635658915,-0.008953010193,0.006422301303,0.00253070889,-0.02897196262,0.02345679012,,-0.5666666667
817,-0.1599910719,-0.003953488372,0.003260589591,-0.01617933422,0.01291874463,0.02040498442,-0.02808641975,,-0.85
818,-0.3441275334,-0.008372093023,-0.01158169931,0.008638713862,0.002942985444,-0.04968847352,0.0325617284,,-1.8
819,-1.67248563,-0.03937984496,-0.01170269482,-0.01374969909,0.02545239392,-0.05264797508,-0.0262345679,,-8.466666667
820,0.7749838824,0.01860465116,0.01261428013,0.01118634292,-0.02380062304,-0.006542056075,0.04351851852,0.7666666667,4.0
821,0.9295992869,0.02054263566,0.009585933025,-0.02226772158,0.01268178855,0.01339563863,0.02762345679,0.8490566038,4.416666667
822,-0.1176563479,-0.002868217054,-0.003286745163,-0.01005758651,0.01334433167,-0.006386292835,0.0006172839506,,-0.6166666667
823,2.19356282,0.05534883721,0.03932766938,-0.02869319975,-0.01063446963,0.004517133956,0.1057098765,0.5756302521,11.9
824,0.9420064486,0.02108527132,-0.005862365237,-0.003302796178,0.009165161414,0.005451713396,0.03657407407,1.047794118,4.533333333
825,-1.039745902,-0.02620155039,-0.008571544658,-0.003486744089,0.01205828875,-0.06028037383,0.007561728395,,-5.633333333
826,-1.182517544,-0.02868217054,-0.01425934601,0.01818724211,-0.003927896101,-0.03644859813,-0.02098765432,,-6.166666667
827,-0.9024144983,-0.02131782946,-0.01151304445,-0.008932343455,0.02044538791,-0.04190031153,-0.0009259259259,,-4.583333333
828,0.06968828118,0.001627906977,-0.005644218467,-0.005992861918,0.01163708039,-0.01433021807,0.0174382716,10.52380952,0.35
829,2.192347919,0.05093023256,0.0337108527,-0.008559868261,-0.02515098444,0.0515576324,0.05030864198,0.499238965,10.95
830,-0.4313396824,-0.01069767442,0.00533298797,-0.01468776678,0.009354778814,0.001246105919,-0.0225308642,,-2.3
831,0.149706952,0.003720930233,-0.001456943653,0.003726016966,-0.002269073313,0.006542056075,0.0009259259259,2.770833333,0.8
832,-0.2351699998,-0.005813953488,0.001480605998,-0.005393959255,0.003913353257,-0.002647975078,-0.008950617284,,-1.25
833,-1.364848971,-0.03379844961,-0.002616869953,-0.01935057634,0.0219674463,-0.04236760125,-0.02530864198,,-7.266666667
834,-0.9200767606,-0.02364341085,-0.02378865254,0.02248951506,0.001299137481,-0.006542056075,-0.04058641975,,-5.083333333
835,0.5793380045,0.01449612403,-0.005442042797,0.01884257279,-0.01340053,0.005451713396,0.02345679012,1.251336898,3.116666667
836,0.378622783,0.008527131783,0.01035582564,-0.01878377381,0.008427948168,-0.03925233645,0.05586419753,2.663636364,1.833333333
837,-0.378580652,-0.009069767442,-0.00373774119,-0.01434590447,0.01808364566,-0.04252336449,0.02407407407,,-1.95
838,-2.05414442,-0.05015503876,-0.01975369105,-0.005623689211,0.02537738026,-0.04236760125,-0.05787037037,,-10.78333333
839,-0.2884119235,-0.006434108527,0.005944811411,0.006093133035,-0.01203794445,-0.003115264798,-0.009722222222,,-1.383333333
840,0.636084224,0.01674418605,0.001015220345,-0.01857638069,0.01756116035,5.577054913e-18,0.03333333333,0.875,3.6
841,-0.4373208531,-0.01162790698,-0.01428997829,0.006566702743,0.007723275551,0.03395638629,-0.05679012346,,-2.5
842,-0.2823684838,-0.007054263566,-0.007528417822,-0.01778597833,0.02531439616,-0.06183800623,0.04722222222,,-1.516666667
843,0.1244372993,0.003178294574,-0.0007117068039,0.005777199475,-0.005065492671,-0.01682242991,0.02299382716,1.146341463,0.6833333333
844,0.3044760815,0.007519379845,0.004575339602,0.003780927007,-0.008356266609,-0.01168224299,0.02654320988,1.371134021,1.616666667
845,-0.3929332137,-0.009069767442,-0.004444188977,0.01049010738,-0.006045918402,-0.02897196262,0.01064814815,,-1.95
846,-0.41839486,-0.009534883721,-0.005950351131,0.02152914902,-0.01557879789,0.001246105919,-0.02021604938,,-2.05
847,-0.74605529,-0.01829457364,-0.0136721445,0.02914562741,-0.01547348291,0.003426791277,-0.03981481481,,-3.933333333
848,-0.7417295371,-0.01720930233,-0.02788933826,0.01193026005,0.01595907821,-0.02133956386,-0.01311728395,,-3.7
849,0.5664647446,0.01403100775,0.02367845524,-0.0200153575,-0.003663097739,0.02523364486,0.002932098765,1.922651934,3.016666667
850,-0.1858047505,-0.004186046512,0.001645400887,-0.009110433194,0.007465032307,-0.02429906542,0.01574074074,,-0.9
851,-0.3132276088,-0.007209302326,-0.01780346431,0.009840608446,0.00796285586,-0.01713395639,0.00262345679,,-1.55
852,-1.780659104,-0.04170542636,-0.02383171715,-0.002210135268,0.02604185242,-0.0285046729,-0.05478395062,,-8.966666667
853,3.427193004,0.08697674419,0.02535382492,-0.008661070275,-0.01669275465,0.06635514019,0.1074074074,0.5454545455,18.7
854,2.391049896,0.05341085271,0.03196342983,-0.01351303755,-0.01845039228,0.07133956386,0.03564814815,0.4746008708,11.48333333
855,-1.265204528,-0.0323255814,-0.04159328076,0.02299078758,0.01860249317,-0.04330218069,-0.02145061728,,-6.95
856,0.308619209,0.007751937984,0.01377509103,-0.005768805635,-0.008006285394,-0.03364485981,0.0487654321,1.36,1.666666667
857,1.441872895,0.03457364341,0.009271326773,-0.007817472556,-0.001453854217,0.04750778816,0.02175925926,0.6591928251,7.433333333
858,0.9011108235,0.01798449612,-0.001342920787,0.01464399454,-0.01330107375,0.04672897196,-0.01049382716,1.142241379,3.866666667
859,0.073840732,0.001782945736,0.01901437269,-0.01048720006,-0.008527172625,-0.01978193146,0.02314814815,4.913043478,0.3833333333
860,0.2873416218,0.007054263566,0.003944331025,-0.00378472007,-0.0001596109553,-0.02834890966,0.04212962963,2.527472527,1.516666667
861,-0.4537075534,-0.01131782946,-0.01032973175,-0.01050027743,0.02083000918,-0.0746105919,0.05138888889,,-2.433333333
862,0.2956118998,0.006666666667,-0.001858969239,0.009906570798,-0.008047601559,0.004049844237,0.009259259259,0.6976744186,1.433333333
863,-1.248896398,-0.0288372093,-0.001456045483,-0.01731118751,0.018767233,0.003738317757,-0.06111111111,,-6.2
864,0.6630391373,0.01596899225,0.005222606718,0.003009779846,-0.008232386563,0.01168224299,0.02021604938,0.9029126214,3.433333333
865,-0.5426963411,-0.01302325581,-0.01757691693,0.0195763528,-0.001999435874,0.01760124611,-0.04336419753,,-2.8
866,-0.5674946103,-0.01317829457,0.006413735021,0.007248871382,-0.0136626064,0.01744548287,-0.04351851852,,-2.833333333
867,-0.2700984308,-0.006356589147,0.01262936076,-0.01643011481,0.00380075405,-0.01838006231,0.005555555556,,-1.366666667
868,-0.543937942,-0.01240310078,-0.001289180697,-0.005863920755,0.007153101452,-0.03956386293,0.01450617284,,-2.666666667
869,-1.471430132,-0.03379844961,-0.009936480369,-0.003971715692,0.01390819606,-0.04968847352,-0.01805555556,,-7.266666667
870,-0.9703139532,-0.02046511628,-0.01279374479,0.02486613922,-0.01207239443,-0.01448598131,-0.02638888889,,-4.4
871,0.7288167167,0.02023255814,0.01204162268,-0.003622429004,-0.008419193678,-0.004205607477,0.04444444444,0.6666666667,4.35
872,-0.09165196008,-0.002325581395,-0.003172851256,-0.01294138298,0.01611423424,0.05373831776,-0.05787037037,,-0.5
873,-0.4779847038,-0.01186046512,-0.01570484967,0.008547046364,0.007157803304,-0.05919003115,0.0350308642,,-2.55
874,0.07602961417,0.001782945736,0.01550753337,-0.01466513778,-0.0008423955947,0.03208722741,-0.02824074074,11.13043478,0.3833333333
875,0.2020913607,0.00511627907,0.005415502758,-0.01556273282,0.01014723006,-0.01526479751,0.02530864198,0.7272727273,1.1
876,0.4195993653,0.009689922481,0.009271721795,0.01745312133,-0.02672484313,0.008566978193,0.01080246914,0.76,2.083333333
877,0.2385912864,0.005813953488,0.004534383964,-0.007923745036,0.003389361072,-0.01604361371,0.0274691358,1.933333333,1.25
878,-0.2050000477,-0.00503875969,-0.007910111259,-0.01416668829,0.02207679955,-0.0246105919,0.01435185185,,-1.083333333
879,-0.2229069453,-0.005348837209,0.01331411201,-0.01101219534,-0.002301916671,-0.04096573209,0.0299382716,,-1.15
880,0.1312383523,0.003178294574,0.004800393191,-0.00850100775,0.003700614559,-0.01214953271,0.01836419753,3.487804878,0.6833333333
881,1.203003318,0.03031007752,-0.0003235372604,0.01301901162,-0.01269547436,0.009345794393,0.05108024691,0.6035805627,6.516666667
882,-0.7447573154,-0.01813953488,-0.01431906016,0.01207835353,0.002240706629,0.0003115264798,-0.03641975309,,-3.9
883,-2.183732792,-0.05534883721,-0.05197252512,0.03308534221,0.01888718291,-0.04080996885,-0.06975308642,,-11.9
884,1.437900208,0.03596899225,0.01515538925,0.02049471204,-0.03565010129,0.04003115265,0.03194444444,0.4870689655,7.733333333
885,0.1853544469,0.004418604651,0.02343811912,-0.0154049904,-0.008033128718,-0.01292834891,0.02160493827,0.9122807018,0.95
886,1.072199597,0.02472868217,0.01131715275,0.002144019325,-0.01346117207,0.02242990654,0.02700617284,0.8244514107,5.316666667
887,-0.9427031232,-0.02093023256,-0.004919470389,-0.0139532498,0.01887272019,-0.007009345794,-0.03472222222,,-4.5
888,0.1967890277,0.00496124031,-0.004072921258,-0.01064391631,0.01471683757,-0.04096573209,0.05046296296,2.671875,1.066666667
889,-0.9899803722,-0.02356589147,-0.01570239507,0.02031093251,-0.004608537443,-0.01339563863,-0.03364197531,,-5.066666667
890,-0.680070592,-0.01651162791,-0.01318593973,0.009219746461,0.003966193272,-0.06448598131,0.03101851852,,-3.55
891,-1.681869242,-0.04325581395,-0.02002878451,0.03070725815,-0.01067847364,-0.0308411215,-0.05555555556,,-9.3
892,2.04450533,0.04565891473,0.01719691266,-0.0007185321502,-0.01647838051,0.06246105919,0.02901234568,0.7317487267,9.816666667
893,0.3206340129,0.008062015504,0.02363777943,-0.01817846743,-0.005459312007,0.009813084112,0.006327160494,1.298076923,1.733333333
894,1.417340366,0.03286821705,0.01704503211,-0.005138100592,-0.01190693152,0.009190031153,0.05632716049,0.6768867925,7.066666667
895,1.465370875,0.03565891473,-0.004661992372,0.01324137489,-0.008579382516,0.009190031153,0.06188271605,0.5869565217,7.666666667
896,-0.8550162004,-0.01992248062,-0.0006781606029,-0.01076234593,0.01144050654,-0.003426791277,-0.0362654321,,-4.283333333
897,-0.2986654133,-0.007674418605,0.007330481748,-0.007068185274,-0.0002622964742,-0.006853582555,-0.008487654321,,-1.65
898,1.983150747,0.0476744186,0.02218936666,-0.02187253848,-0.0003168281847,0.08535825545,0.01033950617,0.5495934959,10.25
899,-1.446071469,-0.03860465116,-0.02322636787,0.008101983548,0.01512438433,-0.05747663551,-0.01990740741,,-8.3
900,0.7957212707,0.01937984496,-0.001139634481,0.00408891081,-0.002949276329,0.02725856698,0.01157407407,0.572,4.166666667
901,-0.8941485078,-0.02201550388,-0.01387312601,0.01521365184,-0.00134052583,-0.04813084112,0.003858024691,,-4.733333333
902,0.7532211845,0.01837209302,-0.002676984754,0.02125606093,-0.01857907617,0.05436137072,-0.01728395062,0.7046413502,3.95
903,0.8408899404,0.02069767442,0.008630629347,0.009823342724,-0.01845397207,0.06619937695,-0.02438271605,1.007490637,4.45
904,-0.7923380583,-0.0207751938,-0.01097997801,0.004320080446,0.006659897569,-0.03348909657,-0.008179012346,,-4.466666667
905,0.6052871215,0.01496124031,-3.301932956e-05,0.0007790280662,-0.0007460087366,-0.01791277259,0.0475308642,1.14507772,3.216666667
906,0.08814667503,0.002248062016,0.01114944519,0.006850210169,-0.01799965535,0.03317757009,-0.02839506173,8.862068966,0.4833333333
907,-0.5017669624,-0.01279069767,0.006602888551,0.000157849204,-0.006760737755,-0.05981308411,0.0337962963,,-2.75
908,-1.594453523,-0.03906976744,-0.0251936107,0.01469820984,0.01049540086,-0.04034267913,-0.03780864198,,-8.4
909,-1.107206987,-0.02612403101,0.000950058971,0.003421866018,-0.004371924989,0.005607476636,-0.0575617284,,-5.616666667
910,1.760910911,0.04472868217,0.0231354349,0.001882108138,-0.02501754304,0.04813084112,0.04135802469,0.4350086655,9.616666667
911,0.6181600634,0.01511627907,-0.0008622992515,0.003554071522,-0.00269177227,0.06090342679,-0.03024691358,0.9897435897,3.25
912,-1.613319631,-0.0384496124,-0.01862485156,0.009031709943,0.009593141616,-0.04485981308,-0.03209876543,,-8.266666667
913,0.8298090088,0.01829457364,0.005022013031,0.0008932045693,-0.0059152176,0.01838006231,0.01820987654,0.6101694915,3.933333333
914,0.4269494791,0.009379844961,-0.001932369338,0.03735851956,-0.03542615022,0.008099688474,0.01064814815,1.661157025,2.016666667
915,-0.3782161204,-0.009224806202,-0.01591609154,-0.002745774853,0.01866186639,-0.02959501558,0.01095679012,,-1.983333333
916,0.05699385609,0.001395348837,-0.008703252527,0.004346084306,0.004357168221,-0.04548286604,0.04783950617,10.05555556,0.3
917,-0.9931764329,-0.02488372093,0.00116400908,-0.0291052363,0.02794122722,-0.0308411215,-0.01898148148,,-5.35
918,-1.232354263,-0.03162790698,-0.01950069116,-0.006462888078,0.02596357924,-0.05950155763,-0.004012345679,,-6.8
919,-0.2764513432,-0.006279069767,0.0111822384,-0.04136924219,0.03018700379,-0.02741433022,0.01466049383,,-1.35
920,-0.8743833934,-0.01992248062,-0.01054606898,-0.01532128489,0.02586735386,-0.0007788161994,-0.03888888889,,-4.283333333
921,0.4626769898,0.01085271318,0.01339620059,-0.02343005277,0.01003385218,0.01152647975,0.01018518519,1.071428571,2.333333333
922,1.399474121,0.03294573643,0.01983898431,-0.0148054226,-0.005033561704,0.0238317757,0.04197530864,0.4352941176,7.083333333
923,0.5470274035,0.01364341085,0.01396097291,-0.02171212053,0.007751147623,0.03177570093,-0.004320987654,0.5738636364,2.933333333
924,0.2736737552,0.006589147287,0.001990202741,-0.008588278608,0.006598075867,0.02741433022,-0.01404320988,1.258823529,1.416666667
925,-1.07952091,-0.02689922481,-0.01227754147,0.003598921885,0.008678619582,-0.05031152648,-0.003703703704,,-5.783333333
926,0.2128153232,0.00488372093,-0.00856716649,-0.001678784047,0.01024595054,0.002180685358,0.007561728395,2.063492063,1.05
927,0.7177694777,0.01736434109,0.003095841768,0.005309968334,-0.008405810102,0.003894080997,0.03070987654,1.214285714,3.733333333
928,1.383553273,0.03403100775,0.02934341544,-0.009869834396,-0.01947358104,-0.004361370717,0.07206790123,0.6810933941,7.316666667
929,1.660575107,0.03837209302,0.02741499045,-0.009479249291,-0.01793574116,0.02881619938,0.04783950617,0.6424242424,8.25
930,-1.127916121,-0.02813953488,-0.01721725783,0.008188440617,0.009028817209,-0.06417445483,0.007561728395,,-6.05
931,0.455368472,0.01093023256,0.007850979002,0.007524872432,-0.01537585143,-0.009345794393,0.03101851852,1.482269504,2.35
932,-0.3198362719,-0.007364341085,-0.005627677246,-0.004516545053,0.0101442223,-0.007632398754,-0.007098765432,,-1.583333333
933,-0.4291039114,-0.01093023256,-0.005335091867,0.00715688022,-0.001821788353,0.006697819315,-0.02839506173,,-2.35
934,-0.8166511787,-0.01821705426,-0.003259167299,-0.004385720028,0.007644887326,-0.003738317757,-0.0325617284,,-3.916666667
935,-1.927809647,-0.04565891473,-0.02729781334,-0.01021464899,0.03751246233,-0.04236760125,-0.04891975309,,-9.816666667
936,-0.1478856493,-0.003333333333,-0.002578790746,0.003489210253,-0.0009104195069,0.007009345794,-0.01358024691,,-0.7166666667
937,-2.481299219,-0.0588372093,-0.01081810637,-0.02312038163,0.033938488,-0.09236760125,-0.02561728395,,-12.65
938,-0.3620381762,-0.008992248062,-0.004245925836,-0.01908938633,0.02333531217,0.02741433022,-0.0450617284,,-1.933333333
939,-0.1435571659,-0.003023255814,-0.02013062863,0.00499979155,0.01513083708,-0.02258566978,0.01635802469,,-0.65
940,1.257733552,0.02720930233,-0.0109030652,0.002506674295,0.008396390906,0.0714953271,-0.01666666667,0.7150997151,5.85
941,-2.861209267,-0.07015503876,-0.04017342488,0.003491889688,0.03668153519,-0.1037383178,-0.03688271605,,-15.08333333
942,-0.8526150842,-0.02201550388,-0.0008281690672,-0.005728952825,0.006557121892,-0.05732087227,0.01296296296,,-4.733333333
943,-1.69572271,-0.04062015504,-0.02515809598,-0.004842610135,0.03000070611,-0.05934579439,-0.02206790123,,-8.733333333
944,-0.7513598709,-0.01992248062,-0.003107812579,0.03619744353,-0.03308963095,0.004361370717,-0.04398148148,,-4.283333333
945,0.6541924901,0.01511627907,0.001691018971,-0.004110155762,0.002419136791,0.02881619938,0.001543209877,0.8205128205,3.25
946,-1.973289825,-0.04542635659,-0.01305319853,-0.007560608958,0.02061380748,-0.07414330218,-0.01697530864,,-9.766666667
947,-0.6138892447,-0.01418604651,-0.00966488043,0.002154415243,0.007510465187,0.004205607477,-0.03240740741,,-3.05
948,0.2401314752,0.005503875969,0.002369651592,-0.007263569032,0.00489391744,-0.01557632399,0.02638888889,1.253521127,1.183333333
949,-1.44993938,-0.03511627907,-0.001962542269,-0.01549049576,0.01745303803,-0.04267912773,-0.02762345679,,-7.55
950,-0.294655613,-0.007519379845,0.001081663814,0.009673971065,-0.01075563488,0.008722741433,-0.02361111111,,-1.616666667
951,-0.461069997,-0.01139534884,-0.008264689141,0.01396467377,-0.005699984625,0.01962616822,-0.04212962963,,-2.45
952,-1.196647594,-0.02837209302,-0.009329683091,-0.008577820139,0.01790750323,-0.0277258567,-0.02901234568,,-6.1
953,-0.09934329604,-0.002325581395,0.01611839645,-0.002114783123,-0.01400361333,0.0007788161994,-0.005401234568,,-0.5
954,-2.83758559,-0.06449612403,-0.03389696328,0.002634794449,0.03126216883,-0.09283489097,-0.03641975309,,-13.86666667
955,-2.496276407,-0.05751937984,-0.0212671134,-0.0009242231448,0.02219133654,-0.05638629283,-0.05864197531,,-12.36666667
956,-1.48000402,-0.03635658915,-0.02312164064,0.01699828616,0.00612335448,-0.03099688474,-0.04166666667,,-7.816666667
957,1.352816382,0.03255813953,0.005211743048,0.01917666522,-0.02438840827,0.03551401869,0.02962962963,0.5595238095,7.0
958,0.2009934397,0.004728682171,-0.01465947649,0.0152709555,-0.00061147901,0.0207165109,-0.01111111111,3.245901639,1.016666667
959,0.2286110589,0.005968992248,-0.005681100396,0.006115532004,-0.0004344316078,-0.0277258567,0.03935185185,1.12987013,1.283333333
960,0.3848297976,0.009379844961,0.01701458731,-0.02231252112,0.005297933807,0.002959501558,0.01574074074,0.9752066116,2.016666667
961,-0.1743456118,-0.004186046512,0.001827866503,-0.01834967428,0.01652180778,-0.01588785047,0.007407407407,,-0.9
962,-0.6974402768,-0.01643410853,-0.01543419625,0.009795594381,0.00563860187,-0.04828660436,0.01512345679,,-3.533333333
963,-1.457875722,-0.03713178295,-0.05210654254,0.03337316137,0.01873338117,-0.0230529595,-0.05108024691,,-7.983333333
964,0.3038870523,0.006976744186,0.003592218691,-0.01344284866,0.00985062997,0.004049844237,0.00987654321,0.7555555556,1.5
965,-0.5722014938,-0.01333333333,-0.007609647352,-5.253354745e-05,0.0076621809,-0.04579439252,0.01882716049,,-2.866666667
966,1.651889,0.04201550388,0.01312218685,0.0004529549215,-0.01357514177,0.01074766355,0.07299382716,0.5922509225,9.033333333
967,0.116536379,0.002635658915,0.01042777839,-0.01360583329,0.003178054894,-0.02990654206,0.03487654321,2.970588235,0.5666666667
968,2.138574096,0.0492248062,0.007405360773,0.0105906126,-0.01799597338,0.05404984424,0.04444444444,0.5811023622,10.58333333
969,2.276152945,0.05790697674,0.005557315543,0.01919205973,-0.02474937527,0.0523364486,0.06342592593,0.3467202142,12.45
970,0.7660549931,0.01968992248,0.03026665069,-0.02904923447,-0.001217416215,0.01059190031,0.0287037037,0.5354330709,4.233333333
971,-1.861175593,-0.04581395349,-0.004617780747,-0.01950717125,0.024124952,-0.04704049844,-0.04459876543,,-9.85
972,0.8173435053,0.02031007752,0.002507508446,0.007597908018,-0.01010541646,-0.01433021807,0.05462962963,1.072519084,4.366666667
973,0.1438032633,0.003565891473,-0.00946268888,0.004203383254,0.005259305626,0.06775700935,-0.0600308642,9.260869565,0.7666666667
974,-0.8078158742,-0.02108527132,-0.02125553703,0.006629946508,0.01462559052,-0.06137071651,0.01882716049,,-4.533333333
975,-0.4115263223,-0.0103875969,-0.01339476417,0.004659284402,0.008735479763,0.009034267913,-0.02962962963,,-2.233333333
976,0.6332968653,0.01589147287,-0.0003361235298,-0.005936721557,0.006272845087,0.01183800623,0.01990740741,0.6487804878,3.416666667
977,0.2698410566,0.006666666667,0.01946846344,-0.011172962,-0.008295501449,-0.02398753894,0.03703703704,1.825581395,1.433333333
978,-0.2903732423,-0.007364341085,0.004811781435,-0.01170656757,0.006894786137,0.02881619938,-0.04320987654,,-1.583333333
979,0.09021194166,0.002093023256,0.009955882983,0.001644915164,-0.01160079815,-0.006074766355,0.01018518519,4.037037037,0.45
980,0.7749717287,0.01775193798,-0.01088892035,0.007466853233,0.003422067116,-0.01199376947,0.04722222222,1.100436681,3.816666667
981,-0.0952739453,-0.002403100775,-0.004332152358,-0.0007291254322,0.00506127779,-0.008411214953,0.003549382716,,-0.5166666667
982,-0.8137662112,-0.02015503876,0.01317927643,-0.03129515346,0.01811587703,-0.03317757009,-0.00725308642,,-4.333333333
983,-1.926137506,-0.04775193798,-0.0106428899,-0.01619240257,0.02683529247,-0.06214953271,-0.03348765432,,-10.26666667
984,0.5536204708,0.01348837209,0.01386832167,-0.01517519466,0.001306872989,0.05451713396,-0.02716049383,1.293103448,2.9
985,0.5281855271,0.0119379845,-0.01154139314,0.001613174308,0.009928218828,-0.004984423676,0.0287037037,0.6688311688,2.566666667
986,1.481403863,0.03728682171,0.009791772456,0.01253122481,-0.02232299726,0.03442367601,0.04012345679,0.6195426195,8.016666667
987,0.7815785475,0.01713178295,-0.005919597841,0.003982878263,0.001936719578,0.0253894081,0.008950617284,1.067873303,3.683333333
988,0.2029888012,0.00488372093,0.01362948428,-0.0007846673444,-0.01284481694,-0.02523364486,0.03472222222,3.0,1.05
989,-0.09983606293,-0.002325581395,0.00617675761,-0.01635845178,0.01018169417,0.01760124611,-0.02206790123,,-0.5
990,1.188473487,0.02899224806,0.01816208625,-0.01691162002,-0.001250466229,0.06713395639,-0.008796296296,0.4786096257,6.233333333
991,-0.2142615227,-0.005426356589,-0.009184607728,-0.007224088145,0.01640869587,-0.05903426791,0.04768518519,,-1.166666667
992,0.2142253984,0.005426356589,0.01117259333,-0.02421486747,0.01304227414,-0.02165109034,0.03225308642,2.4,1.166666667
993,1.322099486,0.0319379845,-0.002185580554,0.009232450499,-0.007046869946,0.0230529595,0.04074074074,0.5873786408,6.866666667
994,-1.212779603,-0.02891472868,-0.007479926591,-0.01040267751,0.0178826041,-0.05576323988,-0.002314814815,,-6.216666667
995,0.9514664478,0.02341085271,0.004474693055,0.01176637947,-0.01624107252,-0.002647975078,0.04922839506,0.7284768212,5.033333333
996,-1.477795394,-0.0388372093,-0.02736428503,0.005946306439,0.02141797859,-0.0722741433,-0.005709876543,,-8.35
997,-1.660528534,-0.03945736434,-0.008712697775,-0.001596745914,0.01030944369,-0.03707165109,-0.04182098765,,-8.483333333
998,-2.919174737,-0.07333333333,-0.01798641221,-0.02485090981,0.04283732202,-0.07336448598,-0.07330246914,,-15.76666667
999,-1.439682837,-0.03302325581,-0.01746380042,-0.002808037033,0.02027183745,-0.02367601246,-0.04228395062,,-7.1
1000,0.5703419349,0.01418604651,-0.002527844461,0.03112566786,-0.02859782339,0.06791277259,-0.03904320988,1.448087432,3.05
1001,0.1390065843,0.003643410853,0.00240073027,-0.004023620762,0.001622890492,0.006386292835,0.0009259259259,1.0,0.7833333333
1002,0.7233506967,0.01759689922,0.005061318882,0.007876553684,-0.01293787257,-0.0199376947,0.05478395062,1.31277533,3.783333333
1003,-0.8125816992,-0.02,-0.02254856394,0.01586493652,0.006683627417,-0.01791277259,-0.02206790123,,-4.3
1004,0.2354176193,0.005503875969,-0.01714228799,0.00849863897,0.008643649019,-0.02803738318,0.0387345679,1.309859155,1.183333333
1005,-1.430858948,-0.03263565891,-0.01167093074,-0.004811097961,0.0164820287,-0.06433021807,-0.001234567901,,-7.016666667
1006,0.9985008344,0.02480620155,-0.006509850547,0.03143799236,-0.02492814182,0.006697819315,0.04274691358,0.578125,5.333333333
1007,-0.4451144162,-0.01139534884,0.005925059982,0.006865015692,-0.01279007567,-0.03676012461,0.0137345679,,-2.45
1008,0.09887069179,0.002558139535,0.01442712285,-0.01657297484,0.002145851989,0.0308411215,-0.02546296296,2.666666667,0.55
1009,-0.188398827,-0.004651162791,-0.00812617157,0.0266815547,-0.01855538313,0.03753894081,-0.04645061728,,-1.0
1010,0.5091022265,0.01325581395,-0.0005479595493,0.04173619984,-0.04118824029,0.0476635514,-0.02083333333,0.9064327485,2.85
1011,0.9797883071,0.02356589147,0.01163854185,-0.0005016311693,-0.01113691068,0.0007788161994,0.04614197531,0.7434210526,5.066666667
1012,0.5807031014,0.01426356589,0.02179759314,-0.02839881941,0.006601226269,0.03582554517,-0.007098765432,1.016304348,3.066666667
1013,1.833920138,0.04124031008,0.01350384859,-0.00971239603,-0.003791452556,0.0222741433,0.0600308642,0.4718045113,8.866666667
1014,-0.1580956285,-0.003720930233,-0.0001281811511,0.01694348604,-0.01681530488,-0.01433021807,0.006790123457,,-0.8
1015,2.620172325,0.06178294574,0.03139970547,0.0005443559836,-0.03194406145,0.03816199377,0.08518518519,0.4830614806,13.28333333
1016,0.7373865878,0.01697674419,-0.02037782842,0.002058363706,0.01831946472,-0.007632398754,0.04135802469,0.6529680365,3.65
1017,-0.8098048544,-0.02031007752,-0.009971862991,-0.01679754034,0.02676940333,-0.02881619938,-0.01188271605,,-4.366666667
1018,1.639521234,0.03968992248,0.02731106359,0.002338008935,-0.02964907252,0.01386292835,0.06527777778,0.599609375,8.533333333
1019,-1.822394248,-0.04751937984,-0.0211388432,0.002421379108,0.01871746409,-0.05685358255,-0.03827160494,,-10.21666667
1020,1.288790937,0.03201550388,0.0207195581,0.0004404854063,-0.0211600435,0.004517133956,0.05925925926,0.583535109,6.883333333
1021,-0.3746631602,-0.01031007752,-0.002310314744,0.01167558817,-0.009365273429,0.02710280374,-0.04737654321,,-2.216666667
1022,0.3016052841,0.007751937984,0.006225873841,-0.005631121625,-0.000594752216,-0.03333333333,0.04845679012,1.45,1.666666667
1023,1.546367713,0.04007751938,0.02776799502,0.01681244153,-0.04458043655,0.02211838006,0.05787037037,0.4661508704,8.616666667
1024,1.687893028,0.04333333333,0.01598460058,-0.009342358929,-0.006642241647,0.01682242991,0.06959876543,0.5527728086,9.316666667
1025,-0.5989070918,-0.01472868217,-0.0101585746,-0.001129345805,0.01128792041,-0.05264797508,0.02283950617,,-3.166666667
1026,-0.1507650117,-0.003875968992,0.005880632477,-0.005222869075,-0.0006577634023,0.01900311526,-0.02654320988,,-0.8333333333
1027,-0.1714930179,-0.004186046512,-0.01621042323,0.006793400151,0.009417023075,-0.04018691589,0.03148148148,,-0.9
1028,0.8726777682,0.01906976744,-0.01209849934,-0.002931738241,0.01503023758,0.02336448598,0.01481481481,0.9268292683,4.1
1029,-0.9106851429,-0.02310077519,0.005032357678,-0.0001371921053,-0.004895165573,-0.05046728972,0.004012345679,,-4.966666667
1030,0.2171619725,0.00511627907,0.009325306761,0.01715540755,-0.02648071431,0.02289719626,-0.0125,4.166666667,1.1
1031,0.8719723001,0.02348837209,0.01694974274,-0.01205913776,-0.004890604988,-0.01339563863,0.0600308642,1.141914191,5.05
1032,2.093843492,0.04930232558,0.01956024254,-0.0002452816235,-0.01931496092,0.05794392523,0.04074074074,0.5990566038,10.6
1033,0.3929257361,0.009689922481,0.01243484647,-0.01897430354,0.006539457062,0.01043613707,0.008950617284,1.168,2.083333333
1034,-2.409371647,-0.06217054264,-0.0195944231,-0.009405649538,0.02900007264,-0.01822429907,-0.1057098765,,-13.36666667
1035,1.116197305,0.0280620155,0.009491956037,0.0024653789,-0.01195733494,0.02398753894,0.03209876543,0.8397790055,6.033333333
1036,0.6302670912,0.01604651163,0.008762819715,-0.01523429935,0.006471479638,-0.02414330218,0.05586419753,1.09178744,3.45
1037,0.04801482534,0.001162790698,0.02882680005,-0.01954615345,-0.0092806466,0.01417445483,-0.01172839506,13.4,0.25
1038,1.266451537,0.02837209302,0.01583896224,-0.002940367806,-0.01289859444,0.04937694704,0.007561728395,0.3797814208,6.1
1039,-0.3452317717,-0.008062015504,-0.001215730286,0.02310686323,-0.02189113294,-0.04361370717,0.02716049383,,-1.733333333
1040,1.055864388,0.02519379845,0.02550848454,-0.001733543463,-0.02377494107,0.0007788161994,0.04938271605,0.4492307692,5.416666667
1041,2.028514644,0.04643410853,0.01851986311,0.003833956217,-0.02235381933,0.04003115265,0.05277777778,0.4407345576,9.983333333
1042,-1.178595214,-0.0276744186,-0.02619023272,-0.003983411306,0.03017364403,-0.04190031153,-0.01358024691,,-5.95
1043,0.8809069997,0.02131782946,0.01801802301,-0.01372233862,-0.004295684392,0.02429906542,0.01836419753,0.6181818182,4.583333333
1044,0.6101430434,0.01356589147,0.009988965614,-0.01025130482,0.0002623392014,0.01292834891,0.01419753086,0.72,2.916666667
1045,1.091142775,0.02550387597,-0.008417516537,0.02222017368,-0.01380265714,-0.002647975078,0.05339506173,0.990881459,5.483333333
1046,0.5564212038,0.01224806202,0.0004342651443,-0.007947299496,0.007513034351,-0.004205607477,0.02854938272,0.8544303797,2.633333333
1047,1.903102077,0.04418604651,0.03617691296,-0.02113246184,-0.01504445112,0.07741433022,0.0112654321,0.4947368421,9.5
1048,-2.888861299,-0.06635658915,-0.02909093812,-0.01473763312,0.04382857124,-0.08130841121,-0.05154320988,,-14.26666667
1049,1.886646781,0.04759689922,0.01112542721,-0.004959595715,-0.006165831492,0.04937694704,0.04583333333,0.4657980456,10.23333333
1050,0.9375667495,0.02147286822,0.01634518504,-0.008526805929,-0.007818379112,0.06464174455,-0.0212962963,0.9458483755,4.616666667
1051,1.13494548,0.02790697674,0.00310458128,0.002600336502,-0.005704917781,0.0191588785,0.03657407407,0.5388888889,6.0
1052,2.084787573,0.05201550388,0.02818929131,-0.02119321267,-0.006996078633,0.02211838006,0.08163580247,0.4932935917,11.18333333
1053,0.8045282487,0.01868217054,0.007148169502,0.006324923691,-0.01347309319,-0.02040498442,0.05740740741,0.8962655602,4.016666667
1054,1.7923672,0.04348837209,0.02665314391,-0.01028463607,-0.01636850783,0.04485981308,0.04212962963,0.4278074866,9.35
1055,0.5371380784,0.01379844961,0.009738758777,-0.004493964998,-0.005244793779,-0.01230529595,0.03966049383,0.9494382022,2.966666667
1056,-0.8824130658,-0.01968992248,-0.005580955375,-0.002600153217,0.008181108592,-0.02118380062,-0.01820987654,,-4.233333333
1057,0.1421470015,0.003255813953,-0.005462432115,0.003957355662,0.001505076454,-0.02585669782,0.03209876543,3.928571429,0.7
1058,0.2614685426,0.005736434109,0.01096297901,-0.01554587335,0.004582894345,0.001869158879,0.009567901235,1.5,1.233333333
1059,0.6841467962,0.01759689922,0.02452118011,0.001182449913,-0.02570363002,0.053894081,-0.01836419753,1.171806167,3.783333333
1060,-0.8295531978,-0.02007751938,-0.006326446208,-0.01472530887,0.02105175508,-0.002492211838,-0.0375,,-4.316666667
1061,-0.7736965094,-0.01852713178,-0.003349234279,0.005036238116,-0.001687003836,-0.0004672897196,-0.03641975309,,-3.983333333
1062,-0.2867871866,-0.006744186047,-0.006105042473,0.005937040115,0.0001680023584,-0.0003115264798,-0.01311728395,,-1.45
1063,0.003107163831,7.751937984e-05,-0.006642284411,-0.003161375054,0.009803659465,0.0238317757,-0.02345679012,142.0,0.01666666667
1064,0.7395109189,0.0176744186,0.01760092444,-0.005425288821,-0.01217563562,0.004672897196,0.03055555556,1.035087719,3.8
1065,0.2671173981,0.005813953488,0.01226613224,0.01845788067,-0.03072401291,0.003582554517,0.008024691358,1.146666667,1.25
1066,-0.8461808989,-0.0196124031,-0.006802319503,-0.01062788495,0.01743020445,-0.05249221184,0.01296296296,,-4.216666667
1067,0.7252910883,0.01852713178,0.005421822663,-0.003397786442,-0.002024036222,0.009034267913,0.02793209877,0.7949790795,3.983333333
1068,-0.1291864904,-0.002945736434,-0.01988694867,0.02522216368,-0.005335215007,0.02554517134,-0.03117283951,,-0.6333333333
1069,-0.7091095887,-0.01643410853,-0.02715833584,0.01688631266,0.01027202318,-0.01043613707,-0.02237654321,,-3.533333333
1070,-0.2352669066,-0.005891472868,-0.01390549077,0.01336432374,0.0005411670306,0.02040498442,-0.03194444444,,-1.266666667
1071,-0.3491424223,-0.008682170543,-0.01145525609,-0.0006962587249,0.01215151482,-0.05436137072,0.03657407407,,-1.866666667
1072,1.37347505,0.03240310078,0.02798970125,-0.02042088266,-0.007568818585,-0.03551401869,0.09969135802,0.9043062201,6.966666667
1073,-0.677673787,-0.01589147287,-0.009533769942,0.01268371469,-0.003149944748,-0.04190031153,0.00987654321,,-3.416666667
1074,-0.415242859,-0.009457364341,-0.00505337017,-0.01698174365,0.02203511382,-0.03598130841,0.01682098765,,-2.033333333
1075,-1.259141223,-0.02813953488,-0.02559849414,0.02185885784,0.003739636297,0.02087227414,-0.07669753086,,-6.05
1076,-1.003614617,-0.02480620155,-0.02082757993,0.02049654367,0.0003310362585,-0.0453271028,-0.004475308642,,-5.333333333
1077,-0.5963453076,-0.01449612403,-0.002807568659,0.009364335651,-0.006556766993,-0.01105919003,-0.01790123457,,-3.116666667
1078,0.1048239707,0.002403100775,0.00588498532,0.01883025788,-0.0247152432,0.04875389408,-0.04351851852,5.935483871,0.5166666667
1079,0.9185786194,0.02147286822,-0.0124966683,0.00857156038,0.003925107924,-0.03177570093,0.07422839506,1.198555957,4.616666667
1080,-1.916047383,-0.0492248062,-0.03857792015,0.02836910559,0.01020881455,-0.05529595016,-0.04320987654,,-10.58333333
1081,-0.4109567621,-0.009689922481,-0.005138620061,0.006935012847,-0.001796392786,-0.03271028037,0.01311728395,,-2.083333333
1082,-0.4100844936,-0.009689922481,0.01001143957,0.001649482878,-0.01166092245,0.009345794393,-0.02854938272,,-2.083333333
1083,-1.128983901,-0.02713178295,-0.0213207592,0.0118334563,0.009487302894,-0.06214953271,0.007561728395,,-5.833333333
1084,1.829104147,0.04310077519,0.009531131243,0.003150095439,-0.01268122668,0.009968847352,0.07592592593,0.5791366906,9.266666667
1085,0.09251018177,0.002248062016,-0.003050796381,0.01571036772,-0.01265957134,0.01433021807,-0.009722222222,3.862068966,0.4833333333
1086,-0.9865093359,-0.02372093023,-0.003925836648,-0.003252489466,0.007178326115,-0.0453271028,-0.002314814815,,-5.1
1087,0.6519946467,0.01596899225,0.01345203259,-0.0112431604,-0.002208872197,-0.01090342679,0.04259259259,1.111650485,3.433333333
1088,-0.006607393259,-0.0001550387597,-0.01582534525,-0.003581306336,0.01940665159,-0.05218068536,0.05138888889,,-0.03333333333
1089,-0.6458701514,-0.01480620155,-0.01919198954,0.003843299379,0.01534869016,-0.05109034268,0.02114197531,,-3.183333333
1090,0.3443239228,0.008449612403,0.01379491114,-0.01520400859,0.001409097448,-0.01355140187,0.03024691358,2.183486239,1.816666667
1091,-0.5823259354,-0.01403100775,-0.02078988869,0.007435209439,0.01335467925,0.02990654206,-0.0575617284,,-3.016666667
1092,-1.526273065,-0.03496124031,-0.03145727639,0.001501132243,0.02995614414,-0.08146417445,0.01111111111,,-7.516666667
1093,0.04924172771,0.001317829457,0.0008122845701,-0.006004233509,0.005191948939,-0.009190031153,0.01172839506,5.705882353,0.2833333333
1094,2.126652465,0.04891472868,0.03483935252,-0.00945393907,-0.02538541345,0.02320872274,0.07438271605,0.6988906498,10.51666667
1095,-0.03687626632,-0.0009302325581,0.005506498221,-0.01292485126,0.007418353039,0.006386292835,-0.008179012346,,-0.2
1096,0.3917364811,0.009147286822,0.01797270278,0.01238968457,-0.03036238736,-0.02133956386,0.03935185185,1.169491525,1.966666667
1097,-1.521987233,-0.0380620155,-0.01743289893,-0.01430862122,0.03174152015,-0.05591900312,-0.02037037037,,-8.183333333
1098,-0.3653734701,-0.008449612403,-0.02439071633,-0.002499779207,0.02689049554,-0.02959501558,0.0125,,-1.816666667
1099,-1.013366932,-0.02341085271,-0.001163298697,0.004611799481,-0.003448500785,0.01604361371,-0.0625,,-5.033333333
1100,0.01507235553,0.0003875968992,0.005114617605,-0.002529861839,-0.002584755766,-0.03037383178,0.03086419753,24.6,0.08333333333
1101,-1.944218574,-0.04953488372,-0.01450820357,-0.01374414709,0.02825235065,-0.04096573209,-0.05802469136,,-10.65
1102,1.291434983,0.03449612403,0.02623039242,-0.02276098461,-0.00346940781,0.04672897196,0.02237654321,0.5123595506,7.416666667
1103,-1.449474553,-0.03379844961,-0.0261060612,-0.001687084371,0.02779314557,-0.02056074766,-0.04691358025,,-7.266666667
1104,1.576491421,0.04062015504,0.007406420878,0.004096353831,-0.01150277471,0.05342679128,0.02793209877,0.5992366412,8.733333333
1105,0.4689255658,0.01131782946,0.01087631929,-0.02254799627,0.01167167698,0.05264797508,-0.02962962963,1.98630137,2.433333333
1106,1.914499958,0.04410852713,0.02489267917,-0.01431359227,-0.0105790869,0.03831775701,0.04984567901,0.4868189807,9.483333333
1107,-0.0718986871,-0.001782945736,0.0007564684858,0.005542151338,-0.006298619824,-0.002492211838,-0.001080246914,,-0.3833333333
1108,-0.1558825432,-0.003720930233,0.01502480406,-0.003315036551,-0.01170976751,0.01230529595,-0.01959876543,,-0.8
1109,-1.957521755,-0.04720930233,-0.01263197889,-0.01040267213,0.02303465102,-0.06651090343,-0.02808641975,,-10.15
1110,-0.9106892865,-0.02139534884,-0.02181991624,0.005853109545,0.01596680669,-0.03193146417,-0.01095679012,,-4.6
1111,0.2619940122,0.006434108527,0.00515609616,-0.01213979779,0.006983701627,-0.01043613707,0.02314814815,2.710843373,1.383333333
1112,0.4245856911,0.0103875969,-0.00872850619,0.01276856557,-0.004040059376,0.02912772586,-0.008179012346,1.432835821,2.233333333
1113,1.126478407,0.02713178295,0.007458804859,0.02177245821,-0.02923126307,0.0515576324,0.002932098765,0.6314285714,5.833333333
1114,0.2747437893,0.006046511628,0.0009125761365,-0.008470257492,0.007557681355,-0.004049844237,0.01604938272,1.41025641,1.3
1115,0.2432362618,0.005891472868,-0.01747954608,0.03379876778,-0.01631922171,-0.02912772586,0.04058641975,1.789473684,1.266666667
1116,0.7255374617,0.01775193798,0.0170488314,-0.005340929053,-0.01170790234,0.04750778816,-0.01172839506,1.563318777,3.816666667
1117,-0.4390616799,-0.01054263566,-0.004099532356,0.005301222319,-0.001201689964,0.01526479751,-0.03611111111,,-2.266666667
1118,0.3264334066,0.007674418605,-0.006734850934,-0.004671928528,0.01140677946,0.0004672897196,0.01481481481,1.161616162,1.65
1119,-0.003201266492,-7.751937984e-05,-0.01054643258,0.01047018866,7.624392005e-05,-0.02133956386,0.02098765432,,-0.01666666667
1120,0.2359677611,0.006046511628,0.0005119482716,-0.01367032981,0.01315838154,-0.01479750779,0.02669753086,2.846153846,1.3
1121,1.125587307,0.02519379845,-0.0005870416547,0.01228433657,-0.01169729492,-0.01277258567,0.06280864198,0.7630769231,5.416666667
1122,-1.535408837,-0.03596899225,-0.01878417095,0.01534878194,0.003435389014,-0.04828660436,-0.0237654321,,-7.733333333
1123,1.653715418,0.03875968992,0.02544343903,-0.02138824801,-0.004055191021,0.06947040498,0.008333333333,0.596,8.333333333
1124,-1.170651489,-0.02790697674,0.003386584359,-0.01559123464,0.01220465028,-0.02585669782,-0.0299382716,,-6.0
1125,-0.9544041148,-0.02418604651,-0.009713127686,-0.001613219664,0.01132634735,-0.03411214953,-0.01435185185,,-5.2
1126,0.6577480862,0.01511627907,-0.0175581128,0.01659248522,0.0009656275736,0.04065420561,-0.01018518519,1.21025641,3.25
1127,0.1654840067,0.003643410853,-0.004157152918,-0.006442284137,0.01059943706,0.0277258567,-0.02021604938,2.574468085,0.7833333333
1128,-1.143059073,-0.02682170543,0.01496446615,-0.03548447895,0.02052001281,-0.01074766355,-0.04274691358,,-5.766666667
1129,0.3934179073,0.01015503876,0.01047764425,-0.01196728505,0.001489640797,-0.03208722741,0.05200617284,1.679389313,2.183333333
1130,0.7692889253,0.01821705426,0.00638931808,0.01055708925,-0.01694640733,0.003738317757,0.0325617284,0.6,3.916666667
1131,-0.3736373287,-0.009069767442,0.01452611337,0.01130318352,-0.02582929688,-0.005295950156,-0.01280864198,,-1.95
1132,-0.7021374245,-0.01627906977,-0.009555787608,-0.0005124811577,0.01006826877,-0.0476635514,0.01481481481,,-3.5
1133,0.7998565628,0.02139534884,0.02476488306,-0.02492568897,0.000160805913,-0.009813084112,0.05231481481,0.4420289855,4.6
1134,-0.740606411,-0.01744186047,0.008646767901,-0.03037501733,0.02172824943,-0.01542056075,-0.01944444444,,-3.75
1135,1.611219841,0.03449612403,0.004857562469,0.0224777025,-0.02733526496,0.01791277259,0.05092592593,0.608988764,7.416666667
1136,-1.082869382,-0.0280620155,-0.0241250625,0.02334240916,0.0007826533419,-0.03177570093,-0.02438271605,,-6.033333333
1137,1.578318932,0.03914728682,0.03191927517,-0.008991769474,-0.02292750569,0.008411214953,0.06959876543,0.401980198,8.416666667
1138,-0.01590431162,-0.0003875968992,-0.01499840277,0.00267991725,0.01231848552,-0.04127725857,0.04012345679,,-0.08333333333
1139,1.256872923,0.03015503876,-0.0007884626678,-0.009541976884,0.01033043955,-0.02476635514,0.08456790123,0.9177377892,6.483333333
1140,0.06428998058,0.001627906977,-0.0292623681,0.02403827345,0.005224094649,-0.04018691589,0.04305555556,8.428571429,0.35
1141,0.07976754117,0.001860465116,0.007160588237,-0.01243288426,0.005272296024,-0.01448598131,0.01805555556,5.375,0.4
1142,2.047531593,0.04705426357,0.02096144085,-0.01696504439,-0.003996396456,0.03769470405,0.05632716049,0.5700164745,10.11666667
1143,-1.338536974,-0.03139534884,-0.01879698357,-0.0007090074026,0.01950599097,-0.07725856698,0.01404320988,,-6.75
1144,2.075454384,0.04976744186,0.02142092761,-0.01544827262,-0.005972654993,0.007788161994,0.09135802469,0.6900311526,10.7
1145,1.995906144,0.04651162791,0.02818482059,-0.02105679631,-0.007128024281,0.04968847352,0.04336419753,0.4816666667,10.0
1146,0.3818210611,0.008837209302,0.008783587969,-0.009172719584,0.0003891316153,0.0238317757,-0.006018518519,0.8947368421,1.9
1147,0.4020720266,0.009689922481,0.004288565257,-0.01952013385,0.01523156859,-0.003582554517,0.02283950617,2.232,2.083333333
1148,0.3645754897,0.008992248062,-0.003277780403,0.008291874982,-0.005014094579,-0.0308411215,0.04845679012,1.99137931,1.933333333
1149,1.633769616,0.03899224806,0.01051222713,0.005601039438,-0.01611326657,0.01744548287,0.06033950617,0.6500994036,8.383333333
1150,-2.878743689,-0.07279069767,-0.03253396736,-0.004940437065,0.03747440442,-0.09750778816,-0.04830246914,,-15.65
1151,-0.7761541995,-0.01759689922,-0.01460011522,0.02158753841,-0.006987423186,-0.01386292835,-0.0212962963,,-3.783333333
1152,1.334564263,0.03310077519,0.006950956439,-0.006343358671,-0.0006075977682,0.02819314642,0.03796296296,0.5784543326,7.116666667
1153,-0.05893418444,-0.001317829457,-0.004442603209,0.003306097681,0.001136505529,0.003894080997,-0.006481481481,,-0.2833333333
1154,0.1704409688,0.003953488372,-0.002658378459,0.006652655095,-0.003994276635,-0.004049844237,0.01188271605,3.823529412,0.85
1155,-0.385254847,-0.008604651163,-0.02090910933,0.009937354723,0.01097175461,-0.009345794393,-0.00787037037,,-1.85
1156,-2.20489321,-0.05519379845,-0.0165242752,0.001245378331,0.01527889687,-0.04127725857,-0.06898148148,,-11.86666667
1157,-1.235865701,-0.02775193798,-0.009003817773,-0.003999394074,0.01300321185,-0.03208722741,-0.02345679012,,-5.966666667
1158,-0.5769632477,-0.01294573643,-0.01741961175,-0.001780201798,0.01919981354,-0.006697819315,-0.01913580247,,-2.783333333
1159,0.6032970728,0.01457364341,0.006237506354,-0.01810704925,0.01186954289,0.008566978193,0.02052469136,0.7553191489,3.133333333
1160,-0.8746660192,-0.0211627907,-0.001102769549,-0.001591084059,0.002693853609,-0.02663551402,-0.01574074074,,-4.55
1161,-1.20970299,-0.0307751938,-0.006792434111,-0.006992774693,0.0137852088,-0.05591900312,-0.005864197531,,-6.616666667
1162,1.28076741,0.02992248062,-0.0009726552043,0.01963057522,-0.01865792002,0.01479750779,0.04490740741,0.9067357513,6.433333333
1163,0.4275751892,0.009689922481,-0.006503589636,0.004641701479,0.001861888157,0.01822429907,0.001234567901,0.864,2.083333333
1164,0.7424206697,0.01790697674,0.01139693137,-0.01104978535,-0.0003471460137,-0.001401869159,0.03703703704,0.5541125541,3.85
1165,-0.6028857823,-0.01472868217,0.006782536301,-0.02698807214,0.02020553584,-0.02258566978,-0.006944444444,,-3.166666667
1166,-0.08813951749,-0.002093023256,0.01399077734,-0.008980241072,-0.005010536268,0.02445482866,-0.02839506173,,-0.45
1167,0.2756688009,0.006046511628,-0.01351717441,-0.003480110393,0.01699728481,0.01900311526,-0.006790123457,1.012820513,1.3
1168,-3.083088951,-0.0676744186,-0.02001733,-0.0130329581,0.0330502881,-0.0785046729,-0.05694444444,,-14.55
1169,1.644135105,0.04031007752,0.001202485504,-0.00128848127,8.599576605e-05,0.0292834891,0.0512345679,0.4423076923,8.666666667
1170,0.5274296984,0.01302325581,0.0005755215413,-0.006737991634,0.006162470093,-0.01261682243,0.03842592593,1.476190476,2.8
1171,-0.4150687435,-0.01,-0.0015240292,-0.0120774082,0.0136014374,-0.04299065421,0.02268518519,,-2.15
1172,0.05652626154,0.001317829457,-0.005553550015,0.02200824664,-0.01645469662,-0.03193146417,0.03425925926,6.0,0.2833333333
1173,-0.1384189079,-0.003255813953,0.003129973572,-0.003023039045,-0.0001069345269,-0.01105919003,0.004475308642,,-0.7
1174,-0.01627474455,-0.0003875968992,-0.002635587331,-0.001552835704,0.004188423035,-0.03878504673,0.03765432099,,-0.08333333333
1175,1.044513902,0.02542635659,0.01604272379,-0.01282827619,-0.003214447599,-0.01464174455,0.06512345679,0.8353658537,5.466666667
1176,0.8138953486,0.01992248062,0.00251899305,0.007973859634,-0.01049285268,-0.002647975078,0.04228395062,0.8287937743,4.283333333
1177,0.5156046163,0.01217054264,0.01199218404,-0.01654878358,0.004556599541,0.05716510903,-0.03240740741,1.974522293,2.616666667
1178,1.829375581,0.04589147287,0.026894468,-0.01146386325,-0.01543060475,0.02056074766,0.07098765432,0.5608108108,9.866666667
1179,-1.843093351,-0.04201550388,-0.01158837281,-0.01136217695,0.02295054976,-0.0707165109,-0.01358024691,,-9.033333333
1180,-1.580237419,-0.03387596899,-0.0001471714393,-0.02279960145,0.02294677289,-0.03940809969,-0.02839506173,,-7.283333333
1181,-0.764649377,-0.02023255814,-0.006919831399,0.006305269025,0.0006145623741,-0.09890965732,0.05771604938,,-4.35
1182,0.3758487887,0.008992248062,0.002148523435,-0.01513271294,0.01298418951,0.02118380062,-0.003086419753,1.344827586,1.933333333
1183,-0.1331750283,-0.003178294574,-0.01195766618,0.009698182848,0.002259483332,-0.006853582555,0.000462962963,,-0.6833333333
1184,-0.01060693596,-0.0002325581395,0.007536912962,-0.01751202259,0.009975109623,0.01401869159,-0.01435185185,,-0.05
1185,0.02760883975,0.0006976744186,0.003557014498,-0.01907356883,0.01551655433,-0.03613707165,0.03719135802,19.44444444,0.15
1186,-0.4922172971,-0.01170542636,-0.01115135795,0.01483700152,-0.003685643573,-0.04828660436,0.02453703704,,-2.516666667
1187,-0.2719215955,-0.006279069767,-0.007977585267,0.006313512081,0.001664073185,-0.01433021807,0.001697530864,,-1.35
1188,-0.6880653412,-0.01519379845,-0.004953633525,-0.01476487455,0.01971850807,-0.03115264798,0.0006172839506,,-3.266666667
1189,0.2918117987,0.007209302326,-0.01176035459,0.006362429942,0.005397924649,0.01557632399,-0.001080246914,0.7634408602,1.55
1190,-1.907713868,-0.0496124031,-0.02286186827,0.01229981342,0.01056205485,-0.04018691589,-0.05895061728,,-10.66666667
1191,1.620751212,0.03744186047,0.01622576025,0.02332628896,-0.03955204921,0.05062305296,0.02438271605,0.5610766046,8.05
1192,0.6648876919,0.01534883721,0.007314480372,0.02300696267,-0.03032144304,-0.01853582555,0.04891975309,1.565656566,3.3
1193,-1.096551786,-0.02674418605,-0.03051975502,0.02201879493,0.00850096009,-0.02788161994,-0.02561728395,,-5.75
1194,0.5039198935,0.01139534884,-0.002612817783,0.003321473994,-0.0007086562103,0.0006230529595,0.02206790123,1.129251701,2.45
1195,-0.09047883936,-0.002170542636,-0.01074949545,0.01983087058,-0.009081375129,0.01947040498,-0.02361111111,,-0.4666666667
1196,-0.9312612433,-0.0219379845,-0.02008906087,0.006776165643,0.01331289523,-0.01713395639,-0.02669753086,,-4.716666667
1197,3.131647946,0.08325581395,0.04834359079,-0.0296636811,-0.01867990968,0.05404984424,0.112191358,0.4301675978,17.9
1198,1.307553962,0.03100775194,0.006997769887,0.009722954749,-0.01672072464,-0.003738317757,0.06543209877,0.6225,6.666666667
1199,1.616165733,0.03937984496,0.01661945462,-0.005616497317,-0.0110029573,0.03286604361,0.04583333333,0.5334645669,8.466666667
1200,1.596456287,0.03775193798,0.02075703555,0.0005295621326,-0.02128659768,0.05763239875,0.01805555556,0.5420944559,8.116666667
1201,0.9964213152,0.02503875969,0.0259027319,-0.03669728529,0.01079455339,0.02788161994,0.02222222222,0.9318885449,5.383333333
1202,-0.02604863783,-0.0005426356589,-0.01278225244,0.0002155893105,0.01256666313,-0.01199376947,0.01080246914,,-0.1166666667
1203,0.8808066108,0.02015503876,0.02289660682,0.004402137356,-0.02729874418,0.03395638629,0.006481481481,1.253846154,4.333333333
1204,0.5935104581,0.01348837209,-0.0001573906798,0.01726820845,-0.01711081777,0.02242990654,0.00462962963,1.557471264,2.9
1205,-0.3983428138,-0.009534883721,-0.03099785983,0.03656954937,-0.00557168954,-0.0253894081,0.006172839506,,-2.05
1206,0.3919929096,0.009534883721,0.01337655534,0.01102333416,-0.0243998895,-0.008255451713,0.02716049383,0.5365853659,2.05
1207,1.20215295,0.02914728682,0.01082972176,0.02211435252,-0.03294407429,0.02024922118,0.03796296296,0.6542553191,6.266666667
1208,3.25459913,0.0784496124,0.02227162726,-0.004180105308,-0.01809152195,0.03520249221,0.1212962963,0.6096837945,16.86666667
1209,-0.8893852078,-0.01937984496,-0.009868292767,-0.01118923116,0.02105752392,-0.005607476636,-0.03302469136,,-4.166666667
1210,-0.006709143981,-0.0001550387597,0.003635769417,0.01540545586,-0.01904122528,-0.003894080997,0.003549382716,,-0.03333333333
1211,-0.09101823747,-0.002248062016,0.01803213315,-0.01232972261,-0.005702410542,0.01573208723,-0.0200617284,,-0.4833333333
1212,2.078269525,0.04627906977,0.003654904834,-0.001291851949,-0.002363052885,0.04781931464,0.04475308642,0.4740368509,9.95
1213,0.6326792326,0.01558139535,0.003485568152,0.003238283827,-0.00672385198,-0.03878504673,0.06944444444,1.60199005,3.35
1214,-1.017830808,-0.02542635659,-0.004754193571,0.007655027856,-0.002900834285,-0.004205607477,-0.04645061728,,-5.466666667
1215,1.041140676,0.02496124031,0.03790305805,-0.02156485612,-0.01633820193,0.03224299065,0.01774691358,0.9658385093,5.366666667
1216,0.9550560649,0.02364341085,-0.004238128543,0.002306419286,0.001931709257,0.04221183801,0.00524691358,0.4360655738,5.083333333
1217,0.7808499102,0.01875968992,0.01564775265,-0.01152062501,-0.004127127642,0.02912772586,0.008487654321,0.4338842975,4.033333333
1218,0.8656980171,0.02007751938,0.00700226502,0.01668807031,-0.02369033533,0.01479750779,0.02530864198,0.3783783784,4.316666667
1219,-0.9614821807,-0.02341085271,-0.007580022446,0.01775204253,-0.01017202008,-0.01713395639,-0.02962962963,,-5.033333333
1220,-0.2746042643,-0.006434108527,0.01054143158,-0.01840011048,0.0078586789,0.04548286604,-0.05787037037,,-1.383333333
1221,-2.123314737,-0.04627906977,-0.01213280185,-0.003368293288,0.01550109514,-0.09034267913,-0.00262345679,,-9.95
1222,1.464597099,0.03511627907,0.01795822779,-0.01895213357,0.0009939057842,0.002336448598,0.06759259259,0.8719646799,7.55
1223,-0.9826518876,-0.02147286822,-0.0009246216063,-0.01170689604,0.01263151764,-0.006697819315,-0.03611111111,,-4.616666667
1224,-1.344060304,-0.03069767442,0.002400556078,-0.0128779141,0.01047735802,-0.03925233645,-0.02222222222,,-6.6
1225,-2.19259038,-0.05534883721,-0.02166434928,-0.007048141487,0.02871249076,-0.05420560748,-0.05648148148,,-11.9
1226,1.405661216,0.03403100775,0.02204199,-0.005986115408,-0.01605587459,0.03551401869,0.0325617284,0.4396355353,7.316666667
1227,1.517363071,0.0388372093,0.03591817693,-0.026789726,-0.009128450932,0.04423676012,0.03348765432,0.5608782435,8.35
1228,1.669656127,0.03992248062,0.01561247239,-0.01378932344,-0.00182314895,0.05451713396,0.02546296296,0.5339805825,8.583333333
1229,-1.627295856,-0.03643410853,-0.01608937114,-0.01021901003,0.02630838117,-0.05903426791,-0.01404320988,,-7.833333333
1230,0.648787597,0.01534883721,0.008162691603,0.01813224936,-0.02629494096,-0.0261682243,0.05648148148,1.196969697,3.3
1231,1.301497852,0.03186046512,0.02265844677,-0.006069397158,-0.01658904961,0.03971962617,0.02407407407,0.4841849148,6.85
1232,-0.03904586824,-0.001007751938,0.008596903573,-0.01585336904,0.00725646547,-0.01355140187,0.01141975309,,-0.2166666667
1233,0.3682939691,0.009302325581,-0.02166991165,0.01028330523,0.01138660641,0.006542056075,0.01203703704,0.6083333333,2.0
1234,-1.386488269,-0.03449612403,-0.04079402797,0.02706958568,0.01372444229,-0.05934579439,-0.00987654321,,-7.416666667
1235,-0.9230850306,-0.02023255814,-0.01698674938,0.00540645193,0.01158029745,-0.02258566978,-0.01790123457,,-4.35
1236,-0.09073024676,-0.002170542636,-0.004725871829,0.01090732553,-0.006181453699,-0.01510903427,0.01064814815,,-0.4666666667
1237,2.111663155,0.04689922481,0.02057149258,0.01709498028,-0.03766647285,0.05140186916,0.0424382716,0.4727272727,10.08333333
1238,0.9452090759,0.02480620155,0.02584350532,-0.01615156361,-0.009691941708,-0.0003115264798,0.04969135802,0.959375,5.333333333
1239,0.9164832139,0.02178294574,0.01208604284,-0.003238353782,-0.00884768906,0.01090342679,0.0325617284,0.8505338078,4.683333333
1240,-1.115157449,-0.02713178295,-0.009533926859,0.008106583876,0.001427342983,-0.004828660436,-0.04922839506,,-5.833333333
1241,-0.5308716368,-0.01224806202,-0.01382747706,0.00578700921,0.008040467849,-0.03785046729,0.01311728395,,-2.633333333
1242,-1.520417589,-0.03620155039,-0.01342607811,-0.01823259773,0.03165867585,-0.06137071651,-0.0112654321,,-7.783333333
1243,0.5990794174,0.01519379845,0.006691609091,0.001016644654,-0.007708253745,-0.03130841121,0.0612654321,1.515306122,3.266666667
1244,-1.334128911,-0.03364341085,-0.03224391751,-0.002370719508,0.03461463702,-0.06370716511,-0.003858024691,,-7.233333333
1245,0.6173269709,0.01441860465,0.001207689038,0.003537148774,-0.004744837813,0.009968847352,0.01882716049,0.8602150538,3.1
1246,-0.1037853832,-0.002248062016,0.005726313051,-0.01454456025,0.008818247203,0.02585669782,-0.03009259259,,-0.4833333333
1247,0.8205069533,0.01945736434,0.01072230409,-0.009577120947,-0.001145183147,0.0191588785,0.01975308642,0.5298804781,4.183333333
1248,-0.05662589314,-0.001317829457,-0.007814763327,-0.004114881857,0.01192964518,0.001869158879,-0.004475308642,,-0.2833333333
1249,-2.10484055,-0.05496124031,-0.01557767397,0.003030182138,0.01254749184,-0.06464174455,-0.04537037037,,-11.81666667
1250,0.6394098326,0.01534883721,-0.001529630277,0.01425981478,-0.01273018451,0.01760124611,0.01311728395,0.595959596,3.3
1251,-1.268960513,-0.0307751938,-0.03113215066,0.02981597815,0.001316172514,-0.004517133956,-0.05679012346,,-6.616666667
1252,-1.567600579,-0.03682170543,-0.01312088142,-0.01568956969,0.02881045111,-0.04299065421,-0.03070987654,,-7.916666667
1253,-0.5534212568,-0.01325581395,-0.005013421674,0.005460446685,-0.0004470250112,0.02024922118,-0.04645061728,,-2.85
1254,-0.6378963321,-0.01527131783,-0.01586415894,0.01890264946,-0.003038490525,-0.03177570093,0.001080246914,,-3.283333333
1255,3.081053847,0.07930232558,0.02297185019,0.0009587504725,-0.02393060066,0.09158878505,0.06712962963,0.4477028348,17.05
1256,0.1931627016,0.004573643411,0.01279905036,0.01733558545,-0.03013463581,-0.03613707165,0.04490740741,2.762711864,0.9833333333
1257,0.03517044678,0.0008527131783,0.01247852047,0.002169295396,-0.01464781587,-0.06199376947,0.06311728395,23.36363636,0.1833333333
1258,-0.6384149446,-0.01542635659,-0.0005764990826,-0.009892372731,0.01046887181,-0.007632398754,-0.02314814815,,-3.316666667
1259,-0.4242773335,-0.01062015504,-0.006030622456,-0.0003997127711,0.006430335227,-0.02725856698,0.005864197531,,-2.283333333
1260,1.099718358,0.02651162791,0.01738634339,-0.0168682828,-0.0005180605833,0.04018691589,0.01296296296,0.5175438596,5.7
1261,-1.99003887,-0.04837209302,-0.02768885376,0.009266923756,0.01842193,-0.04221183801,-0.05447530864,,-10.4
1262,0.07072465316,0.001705426357,-0.01339850859,-0.005272933124,0.01867144171,-0.01261682243,0.01589506173,3.045454545,0.3666666667
1263,-0.1855684586,-0.004418604651,-0.006422353871,-0.003199805872,0.009622159743,-0.03177570093,0.02268518519,,-0.95
1264,0.5399604689,0.01310077519,0.003672488913,-0.02752629989,0.02385381098,0.01884735202,0.007407407407,1.378698225,2.816666667
1265,0.6768033042,0.01759689922,0.00654225724,-0.001650778819,-0.004891478421,-0.0006230529595,0.03564814815,0.6696035242,3.783333333
1266,0.1545917502,0.003720930233,-0.000155323403,0.001375516688,-0.001220193285,-0.009657320872,0.01697530864,1.395833333,0.8
1267,0.05382941155,0.001240310078,0.01351973074,-0.007304219821,-0.006215510919,-0.005607476636,0.008024691358,6.6875,0.2666666667
1268,-0.3305126827,-0.007984496124,0.006352122332,-0.005009990912,-0.00134213142,-0.03504672897,0.01882716049,,-1.716666667
1269,-0.4474790233,-0.01062015504,-0.003366793225,-0.0003731740639,0.003739967289,-0.03068535826,0.009259259259,,-2.283333333
1270,0.518964209,0.01271317829,0.013394043,-5.86962591e-05,-0.01333534675,-0.01401869159,0.03919753086,0.506097561,2.733333333
1271,3.004583919,0.0792248062,0.04449978878,-0.02125005007,-0.02324973871,0.03442367601,0.1236111111,0.4735812133,17.03333333
1272,-0.3601001541,-0.008992248062,-0.007361838389,0.008306887101,-0.000945048712,-0.0004672897196,-0.0174382716,,-1.933333333
1273,0.1836738816,0.004108527132,0.01183744223,-0.02565706015,0.01381961792,0.01666666667,-0.008333333333,2.20754717,0.8833333333
1274,-0.118013501,-0.003178294574,-0.01344882495,0.01337694111,7.188383581e-05,0.006542056075,-0.01280864198,,-0.6833333333
1275,0.5552710765,0.01333333333,0.01213375456,-0.009691774007,-0.002441980556,0.01542056075,0.0112654321,0.7558139535,2.866666667
1276,-0.1964496159,-0.004341085271,-0.002648107757,-0.004793667799,0.007441775556,-0.0191588785,0.01033950617,,-0.9333333333
1277,-0.2817807431,-0.006356589147,-0.001421744928,-0.0230092455,0.02443099042,0.004828660436,-0.0174382716,,-1.366666667
1278,0.1377885694,0.002945736434,-0.01022394721,0.009120244241,0.001103702969,0.03785046729,-0.03163580247,3.157894737,0.6333333333
1279,0.08896721924,0.002170542636,0.007054948687,-0.007924582328,0.0008696336412,-0.02788161994,0.03194444444,3.107142857,0.4666666667
1280,-1.391998969,-0.03279069767,-0.001929034783,-0.02701894118,0.02894797596,-0.04828660436,-0.0174382716,,-7.05
1281,0.9139348084,0.02209302326,0.007647253775,0.005752098475,-0.01339935225,0.04595015576,-0.001543209877,0.8421052632,4.75
1282,-0.8207588331,-0.02015503876,-0.009878482063,0.01994800367,-0.01006952161,-0.03722741433,-0.003240740741,,-4.333333333
1283,-1.634242247,-0.03992248062,-0.005817767664,-0.01256747072,0.01838523839,-0.03364485981,-0.04614197531,,-8.583333333
1284,-0.6133656032,-0.01426356589,0.01189055651,-0.02914124772,0.01725069121,0.01370716511,-0.04197530864,,-3.066666667
1285,0.9993355023,0.02426356589,0.01158443666,-0.01079443066,-0.0007900059961,0.02632398754,0.02222222222,0.4920127796,5.216666667
1286,-0.4865939455,-0.0107751938,-0.009576748837,0.009335623057,0.0002411257801,-0.004828660436,-0.01666666667,,-2.316666667
1287,-0.7483442784,-0.0184496124,0.002245795156,-0.005131812083,0.002886016927,-0.06246105919,0.02515432099,,-3.966666667
1288,-0.8247351593,-0.01976744186,-0.01338495005,0.004979798565,0.008405151485,-0.007009345794,-0.03240740741,,-4.25
1289,-0.3566152732,-0.008992248062,-0.008104658695,0.008357409984,-0.0002527512885,-0.0308411215,0.01265432099,,-1.933333333
1290,1.821497146,0.04046511628,0.01018250798,0.007227803823,-0.0174103118,0.05327102804,0.02777777778,0.4616858238,8.7
1291,1.425044559,0.03294573643,-0.008210099732,0.01351331251,-0.005303212778,-0.003271028037,0.06882716049,0.7129411765,7.083333333
1292,0.1127259137,0.002790697674,-0.004812766893,-0.01013639359,0.01494916048,-0.0246105919,0.0299382716,5.194444444,0.6
1293,2.20150256,0.05387596899,0.01912269153,0.03701482835,-0.05613751988,0.02554517134,0.08194444444,0.5625899281,11.58333333
1294,1.49734236,0.03666666667,0.02381974593,-0.02596400852,0.002144262584,0.02429906542,0.04891975309,0.7949260042,7.883333333
1295,-0.01381629308,-0.0003100775194,0.0005451160349,-0.005497185414,0.004952069379,-0.02398753894,0.02314814815,,-0.06666666667
1296,-0.6339977738,-0.01519379845,-0.03737889269,0.03576223174,0.001616660948,-0.01869158879,-0.01172839506,,-3.266666667
1297,1.908213959,0.04449612403,0.01234623381,-0.002928582655,-0.009417651154,0.03193146417,0.05694444444,0.4581881533,9.566666667
1298,-0.1175825819,-0.002635658915,-0.01151434014,0.02258422513,-0.01106988499,0.02647975078,-0.03148148148,,-0.5666666667
1299,-0.3375895609,-0.008449612403,-0.005108037943,0.0001889006183,0.004919137324,0.01651090343,-0.03317901235,,-1.816666667
1300,0.09079151586,0.002093023256,0.004553066169,-0.002202373759,-0.00235069241,0.002959501558,0.001234567901,1.814814815,0.45
1301,1.937824845,0.04751937984,0.01469538816,0.009220008201,-0.02391539636,0.01838006231,0.07638888889,0.5024469821,10.21666667
1302,-0.04231358936,-0.001007751938,-0.001071986656,-0.02006746607,0.02113945273,0.004517133956,-0.006481481481,,-0.2166666667
1303,1.667664569,0.04147286822,0.01857955201,-0.01399670312,-0.004582848894,0.01261682243,0.0700617284,0.6,8.916666667
1304,-0.4833461978,-0.01124031008,-0.005812602381,-0.01457170155,0.02038430393,-0.04314641745,0.02037037037,,-2.416666667
1305,-1.01607138,-0.02387596899,-0.003785001292,-0.03103494385,0.03481994514,-0.01588785047,-0.03179012346,,-5.133333333
1306,-1.463832505,-0.03248062016,0.01136329869,-0.02478605364,0.01342275495,-0.04096573209,-0.02407407407,,-6.983333333
1307,1.834881737,0.04604651163,0.0130209563,0.002125011515,-0.01514596782,0.03676012461,0.05524691358,0.3602693603,9.9
1308,0.7693944548,0.0188372093,0.01344637225,0.003736854546,-0.01718322679,-0.01666666667,0.05401234568,0.8724279835,4.05
1309,0.5784223792,0.01286821705,0.01205228898,0.007018654917,-0.0190709439,0.05716510903,-0.03101851852,1.126506024,2.766666667
1310,-0.6708985309,-0.01558139535,-0.004630415671,0.01658075941,-0.01195034374,-0.004205607477,-0.02685185185,,-3.35
1311,0.2494753204,0.005891472868,0.01134880036,0.00513528477,-0.01648408513,0.0261682243,-0.01419753086,4.013157895,1.266666667
1312,-0.8083407255,-0.01875968992,-0.00273632679,0.007897793791,-0.005161467,-0.001557632399,-0.03580246914,,-4.033333333
1313,0.5354826633,0.01248062016,-0.001304491148,0.01608377189,-0.01477928075,0.04719626168,-0.02191358025,0.8447204969,2.683333333
1314,-2.187781168,-0.04744186047,-0.006539622899,-0.02875921475,0.03529883765,-0.07897196262,-0.0162037037,,-10.2
1315,-0.1658716039,-0.004031007752,-0.004352281774,-0.002706883655,0.007059165428,-0.03722741433,0.02885802469,,-0.8666666667
1316,1.689984334,0.04240310078,0.01712858597,-0.005213921554,-0.01191466442,0.01573208723,0.06882716049,0.6727605119,9.116666667
1317,-0.7635167039,-0.01705426357,-0.01353975577,0.01357529215,-3.553638638e-05,-0.0468847352,0.0125,,-3.666666667
1318,0.2537366371,0.006201550388,-0.0001151588573,-0.004552904076,0.004668062933,-0.03364485981,0.04567901235,1.9875,1.333333333
1319,-0.8978357186,-0.01984496124,-0.007250217288,-0.01623196718,0.02348218447,-0.03395638629,-0.005864197531,,-4.266666667
1320,1.191531358,0.03007751938,0.006281710882,-0.001175563494,-0.005106147387,-0.003894080997,0.0637345679,0.5721649485,6.466666667
1321,-0.3896781257,-0.009302325581,-0.00996964113,0.01486393397,-0.004894292841,-0.04299065421,0.02407407407,,-2.0
1322,-0.3259472689,-0.007209302326,0.002656984272,-0.01273079271,0.01007380844,-0.06308411215,0.04814814815,,-1.55
1323,0.6805077737,0.01651162791,0.0187184088,0.008212019401,-0.02693042821,0.002024922118,0.03086419753,1.103286385,3.55
1324,0.09471911576,0.002248062016,-0.008125251475,0.008952953838,-0.0008277023635,0.02803738318,-0.02330246914,11.82758621,0.4833333333
1325,0.8861860894,0.02255813953,0.001289556898,-0.0007061446043,-0.0005834122934,0.009657320872,0.03533950617,0.9243986254,4.85
1326,-0.2517617417,-0.005891472868,-0.009855634228,0.000257345997,0.009598288231,0.03317757009,-0.04459876543,,-1.266666667
1327,-0.06349937873,-0.001550387597,-0.003064935144,-0.004049068871,0.007114004015,-0.02570093458,0.02237654321,,-0.3333333333
1328,-0.01953704825,-0.0004651162791,0.005305299011,-0.01257384963,0.007268550615,-0.02180685358,0.02067901235,,-0.1
1329,-1.203099807,-0.02744186047,-0.009832522703,0.02573241289,-0.01589989019,-0.003738317757,-0.05092592593,,-5.9
1330,1.199897145,0.02837209302,0.0001634098544,0.009304998653,-0.009468408508,-0.0199376947,0.0762345679,0.825136612,6.1
1331,-0.8625487305,-0.01899224806,-0.0242229454,0.03289215933,-0.008669213937,-0.03660436137,-0.001543209877,,-4.083333333
1332,-0.5838998557,-0.01286821705,-0.03393715506,0.04017690881,-0.006239753757,-0.01978193146,-0.006018518519,,-2.766666667
1333,-1.022493028,-0.02658914729,-0.01983883412,0.01980600132,3.283280068e-05,-0.0292834891,-0.02391975309,,-5.716666667
1334,1.464756835,0.03527131783,-0.00355537005,0.02267015228,-0.01911478223,0.04205607477,0.02854938272,0.4175824176,7.583333333
1335,-0.2598052769,-0.005813953488,-0.005930196344,0.0008211509357,0.005109045408,-0.01806853583,0.006327160494,,-1.25
1336,0.942375596,0.02279069767,0.004990327211,0.01286831266,-0.01785863987,0.01775700935,0.02777777778,0.5850340136,4.9
1337,1.561000674,0.03503875969,0.01291084295,0.01511662428,-0.02802746724,0.02570093458,0.04429012346,0.3827433628,7.533333333
1338,-0.2209849486,-0.005348837209,-0.009856594431,0.01060621979,-0.0007496253545,-0.05856697819,0.04737654321,,-1.15
1339,0.7312743599,0.01736434109,-0.01877033673,0.009414628848,0.009355707879,0.005295950156,0.02932098765,0.6830357143,3.733333333
1340,-0.1662067404,-0.003643410853,0.01656251392,-0.02176454159,0.005202027668,-0.006074766355,-0.001234567901,,-0.7833333333
1341,0.1529009186,0.003720930233,0.0008633833628,-0.005932640563,0.0050692572,-0.01760124611,0.02484567901,3.020833333,0.8
1342,-0.6656611833,-0.01519379845,-0.03050733984,0.02051074261,0.009996597231,-0.0222741433,-0.008179012346,,-3.266666667
1343,2.721506675,0.06248062016,0.01640837943,-0.005967444358,-0.01044093507,0.05965732087,0.06527777778,0.5595533499,13.43333333
1344,-2.039324639,-0.0496124031,-0.0169121344,-0.01017399899,0.0270861334,-0.06791277259,-0.03148148148,,-10.66666667
1345,-2.220306755,-0.05209302326,-0.03108773911,0.01978996332,0.01129777579,-0.06760124611,-0.03672839506,,-11.2
1346,0.7008932091,0.01620155039,-0.003650437179,0.03204354419,-0.02839310701,0.009813084112,0.0225308642,0.5693779904,3.483333333
1347,0.2471334916,0.005968992248,-0.004927288759,-0.007780851511,0.01270814027,-0.0007788161994,0.01265432099,0.961038961,1.283333333
1348,1.437029064,0.03379844961,0.02357007533,0.009172362771,-0.0327424381,0.03239875389,0.03518518519,0.4403669725,7.266666667
1349,2.07271581,0.04736434109,0.02531975703,-0.01051025724,-0.01480949979,0.002336448598,0.09197530864,0.7774140753,10.18333333
1350,-0.2017904095,-0.00496124031,0.005236248375,-0.01705695365,0.01182070528,0.02476635514,-0.03441358025,,-1.066666667
1351,-0.8480672542,-0.01984496124,-0.02176488866,0.008621960674,0.01314292798,-0.03582554517,-0.004012345679,,-4.266666667
1352,1.024153173,0.02519379845,0.02024620275,-0.01186494531,-0.008381257444,0.02445482866,0.02592592593,0.5230769231,5.416666667
1353,-0.09910882604,-0.002325581395,0.003605723135,-0.01546020613,0.01185448299,-0.06277258567,0.0575617284,,-0.5
1354,0.8129095722,0.01968992248,0.01642949649,-0.002958823097,-0.01347067339,-0.0437694704,0.0825617284,1.429133858,4.233333333
1355,1.461084687,0.03658914729,0.02139914243,-0.004245014944,-0.01715412749,0.009034267913,0.06388888889,0.6334745763,7.866666667
1356,1.061140822,0.02542635659,-0.005313817896,0.03798305565,-0.03266923775,0.003894080997,0.04675925926,0.9725609756,5.466666667
1357,-0.1565059036,-0.003565891473,-0.007688033832,-0.007884304126,0.01557233796,-0.01090342679,0.003703703704,,-0.7666666667
1358,1.145270345,0.02713178295,0.02136980397,-0.01902701709,-0.002342786877,0.0492211838,0.00524691358,0.4228571429,5.833333333
1359,0.2788078779,0.006201550388,0.002431734462,0.01755776466,-0.01998949912,-0.004672897196,0.01697530864,2.3875,1.333333333
1360,1.386560884,0.03410852713,0.03831134195,-0.00951364366,-0.02879769829,0.006853582555,0.06111111111,0.4954545455,7.333333333
1361,0.5829961493,0.01403100775,0.0003938431584,-0.0003863252732,-7.517885243e-06,-0.02647975078,0.05416666667,1.983425414,3.016666667
1362,-0.2151505193,-0.00519379845,0.003646777083,-0.009020556481,0.005373779398,-0.02990654206,0.01929012346,,-1.116666667
1363,-0.9436211953,-0.02457364341,-0.01184955242,0.02557589085,-0.01372633843,-0.05732087227,0.00787037037,,-5.283333333
1364,0.1298761951,0.003178294574,0.003865693893,-0.009215337126,0.005349643233,-0.01760124611,0.0237654321,3.146341463,0.6833333333
1365,-0.7236194537,-0.01720930233,-0.0116764755,-0.006192564407,0.01786903991,-0.02663551402,-0.00787037037,,-3.7
1366,-1.258895835,-0.02798449612,-0.008481488024,-0.0004675181809,0.008949006205,-0.07429906542,0.01790123457,,-6.016666667
1367,0.27962868,0.006511627907,-0.00491276486,0.005643712758,-0.0007309478982,-0.01853582555,0.03132716049,1.607142857,1.4
1368,0.391258132,0.009147286822,0.01340731197,-0.003865001568,-0.009542310406,-0.01277258567,0.03086419753,1.101694915,1.966666667
1369,0.58145971,0.01310077519,0.01432674892,0.0008592332039,-0.01518598213,0.02165109034,0.00462962963,0.674556213,2.816666667
1370,0.4217674454,0.01046511628,0.00415400939,0.02674492676,-0.03089893615,-0.02367601246,0.04429012346,1.555555556,2.25
1371,1.72164315,0.04015503876,-0.01347163378,0.0265393276,-0.01306769381,0.03816199377,0.04212962963,0.527027027,8.633333333
1372,-1.248901045,-0.03007751938,-0.02633750766,0.02146384953,0.004873658131,-0.0691588785,0.008641975309,,-6.466666667
1373,-1.739819786,-0.03914728682,-0.05348195579,0.04446710772,0.009014848063,-0.03457943925,-0.04367283951,,-8.416666667
1374,-1.049053309,-0.02658914729,-0.03165092985,0.01332094145,0.0183299884,-0.03707165109,-0.0162037037,,-5.716666667
1375,1.785415377,0.04209302326,0.01174541702,-0.01457438509,0.00282896807,0.0006230529595,0.08317901235,0.7513812155,9.05
1376,0.4434356109,0.01069767442,0.005425504785,-0.009958419886,0.004532915101,-0.0562305296,0.07700617284,2.224637681,2.3
1377,0.4460807484,0.01093023256,0.01847116258,-0.02400098418,0.0055298216,0.04813084112,-0.02592592593,1.503546099,2.35
1378,0.7308861494,0.01620155039,0.01635362047,0.008751608676,-0.02510522915,-0.009968847352,0.04212962963,1.172248804,3.483333333
1379,-0.4937268824,-0.01054263566,0.001811644278,-0.003127239017,0.001315594738,-0.004672897196,-0.01635802469,,-2.266666667
1380,-1.561149753,-0.03875968992,-0.02532694038,0.01189444417,0.01343249621,-0.06962616822,-0.008179012346,,-8.333333333
1381,1.016102795,0.02519379845,0.02964505607,-0.02502022598,-0.004624830083,0.008566978193,0.04166666667,0.6307692308,5.416666667
1382,-0.1838880016,-0.004186046512,0.006607578111,-0.008296652407,0.001689074297,-0.009968847352,0.001543209877,,-0.9
1383,1.116094213,0.0288372093,0.02365237131,-0.01001004652,-0.01364232478,0.001557632399,0.05586419753,0.5188172043,6.2
1384,-2.954203876,-0.06930232558,-0.03976707233,0.008658917346,0.03110815499,-0.09174454829,-0.04706790123,,-14.9
1385,0.7132884208,0.01527131783,0.001074486651,0.02128103986,-0.02235552651,0.02663551402,0.004012345679,0.9644670051,3.283333333
1386,-0.09492029366,-0.002480620155,-0.01857268807,-0.0005917751772,0.01916446325,0.01355140187,-0.01836419753,,-0.5333333333
1387,-0.3310992089,-0.007674418605,0.0006018134725,-0.005817026713,0.005215213241,-0.0004672897196,-0.01481481481,,-1.65
1388,-0.4604346056,-0.009147286822,-0.006953084601,-0.004521427649,0.01147451225,0.02009345794,-0.03811728395,,-1.966666667
1389,1.041783469,0.02496124031,0.002531490575,-0.004009909019,0.001478418444,0.03348909657,0.01651234568,0.5652173913,5.366666667
1390,-0.2488476151,-0.006356589147,-0.02163699063,0.01882226414,0.002814726493,-0.01308411215,0.0003086419753,,-1.366666667
1391,1.750280227,0.04449612403,0.02369936441,0.002253329769,-0.02595269418,0.03504672897,0.05385802469,0.5,9.566666667
1392,1.736360299e-16,4.131062417e-18,0.01354243082,-0.02935415738,0.01581172656,0.04968847352,-0.04922839506,4953959590000000.0,8.881784197e-16
1393,1.655294885,0.04395348837,0.0264375031,-0.01356537449,-0.0128721286,0.04003115265,0.04783950617,0.60670194,9.45
1394,-0.1041775883,-0.002635658915,0.00765287891,-0.01241124462,0.004758365713,-0.03520249221,0.02962962963,,-0.5666666667
1395,0.7985506807,0.01899224806,0.01820822375,-0.0176959919,-0.0005122318541,0.007165109034,0.03070987654,0.6775510204,4.083333333
1396,0.3744694641,0.009612403101,0.02004577883,-0.04041799766,0.02037221883,0.01308411215,0.006172839506,1.120967742,2.066666667
1397,1.835909589,0.04596899225,0.0343420164,-0.01294359409,-0.02139842231,0.02601246106,0.06574074074,0.6391231029,9.883333333
1398,0.395812464,0.008682170543,-0.01992853976,0.007590169302,0.01233837045,0.03286604361,-0.01527777778,1.491071429,1.866666667
1399,-0.6347127934,-0.01666666667,-0.00524499563,-0.006976553443,0.01222154907,-0.03239875389,-0.001080246914,,-3.583333333
1400,0.6907335004,0.01813953488,0.01179549918,-0.01766364049,0.005868141312,-0.0006230529595,0.03672839506,0.9273504274,3.9
1401,0.03522630843,0.0008527131783,-0.009334708788,-0.00714177903,0.01647648782,0.001401869159,0.0003086419753,5.545454545,0.1833333333
1402,0.5567083501,0.01217054264,-0.02030494762,0.02040851913,-0.00010357151,0.02429906542,0.0001543209877,1.057324841,2.616666667
1403,0.8787894378,0.02093023256,-0.007281825841,0.008578430193,-0.001296604351,0.05404984424,-0.01188271605,0.762962963,4.5
1404,-1.011989787,-0.02426356589,-0.02848208209,0.01777671134,0.01070537075,-0.02757009346,-0.02098765432,,-5.216666667
1405,-1.78066709,-0.04147286822,-0.03436607871,0.01120850119,0.02315757751,-0.02834890966,-0.05447530864,,-8.916666667
1406,-0.1230068513,-0.002713178295,0.000558553256,-0.01118464744,0.01062609418,0.006386292835,-0.01172839506,,-0.5833333333
1407,0.1739974613,0.004496124031,0.00900266897,-0.0108847768,0.001882107834,-0.0003115264798,0.009259259259,3.448275862,0.9666666667
1408,1.758964442,0.03914728682,-0.006820255728,-0.002862156993,0.009682412721,0.03940809969,0.03888888889,0.6178217822,8.416666667
1409,1.398714731,0.03534883721,0.01083361098,-0.005815892436,-0.005017718547,-0.004672897196,0.075,0.673245614,7.6
1410,1.002784983,0.02457364341,0.01467369102,-0.02991900261,0.01524531159,-0.01230529595,0.06111111111,0.8201892744,5.283333333
1411,-0.567093206,-0.01356589147,-0.009247534016,-0.005871802801,0.01511933682,-0.01838006231,-0.008796296296,,-2.916666667
1412,0.480845692,0.01255813953,-0.0134831142,0.005017509441,0.008465604758,0.06168224299,-0.03611111111,2.703703704,2.7
1413,-0.3454288345,-0.007751937984,-0.0003158588998,0.01968680512,-0.01937094622,0.001869158879,-0.01728395062,,-1.666666667
1414,0.6583233789,0.01573643411,0.01667630179,-0.006328051291,-0.0103482505,0.03052959502,0.001080246914,1.246305419,3.383333333
1415,-0.02734935464,-0.0006976744186,0.008216900429,-0.01079736368,0.002580463249,0.0004672897196,-0.001851851852,,-0.15
1416,0.7029139839,0.01519379845,-0.01257628345,0.006652827905,0.005923455547,-0.0207165109,0.05077160494,1.168367347,3.266666667
1417,1.28063286,0.03186046512,0.009747032344,-0.003259188928,-0.006487843417,0.04034267913,0.02345679012,0.5328467153,6.85
1418,-0.8828880585,-0.0211627907,-0.009193857372,0.006193962944,0.002999894428,-0.06386292835,0.02114197531,,-4.55
1419,1.184194284,0.02736434109,0.008016701604,-0.01203875826,0.004022056655,0.0009345794393,0.05354938272,0.5155807365,5.883333333
1420,-1.708144841,-0.04186046512,-0.0203034855,0.01967466548,0.0006288200173,-0.03364485981,-0.05,,-9.0
1421,0.03263176244,0.0007751937984,0.005822155588,-0.01637917485,0.01055701927,-0.0003115264798,0.001851851852,15.4,0.1666666667
1422,-0.152719794,-0.003410852713,-0.005134078943,0.007756910352,-0.002622831408,-0.02118380062,0.01419753086,,-0.7333333333
1423,-0.1403546131,-0.003255813953,0.03007379563,-0.02292885358,-0.007144942049,-0.009813084112,0.003240740741,,-0.7
1424,-0.6996776639,-0.01565891473,0.001861057049,-0.01732805774,0.0154670007,-0.02196261682,-0.009413580247,,-3.366666667
1425,-1.24079012,-0.02875968992,0.00491349851,-0.03129652828,0.02638302977,-0.01760124611,-0.03981481481,,-6.183333333
1426,-1.000741979,-0.02186046512,-0.001259358395,-0.0128712452,0.01413060359,-0.04283489097,-0.001080246914,,-4.7
1427,-1.586571579,-0.03782945736,-0.007337515487,-0.01493903455,0.02227655004,-0.02289719626,-0.05262345679,,-8.133333333
1428,-0.4016531144,-0.01015503876,-0.0001636807876,-0.02379546761,0.0239591484,-0.008566978193,-0.01172839506,,-2.183333333
1429,-1.460778751,-0.03271317829,-0.02374526798,-0.007441085993,0.03118635397,-0.0468847352,-0.01867283951,,-7.033333333
1430,-0.5318815362,-0.01217054264,-0.001408708743,-0.03108479308,0.03249350183,-0.03208722741,0.007561728395,,-2.616666667
1431,-0.738398216,-0.01775193798,-0.00225708916,-0.02593919806,0.02819628722,-0.02024922118,-0.01527777778,,-3.816666667
1432,0.6767671201,0.01651162791,0.0128735234,-0.006810603778,-0.006062919625,-0.006697819315,0.03950617284,0.9765258216,3.55
1433,1.380162781,0.03651162791,0.02638561305,-0.00494314223,-0.02144247082,-0.009968847352,0.0825617284,0.6199575372,7.85
1434,-1.093457898,-0.02775193798,-0.01940996931,0.0001975646002,0.01921240471,-0.0222741433,-0.03317901235,,-5.966666667
1435,0.2525378435,0.006201550388,0.0002621834367,0.004503478682,-0.004765662118,0.02040498442,-0.00787037037,1.6875,1.333333333
1436,-0.2112463784,-0.004728682171,0.008460951056,-0.008025167794,-0.0004357832616,0.0007788161994,-0.01018518519,,-1.016666667
1437,-1.377235615,-0.03201550388,-0.02797297172,0.002143640475,0.02582933124,-0.06152647975,-0.002777777778,,-6.883333333
1438,1.148836731,0.02829457364,0.01448620004,0.01732259523,-0.03180879527,0.04361370717,0.01311728395,0.5506849315,6.083333333
1439,-0.710221271,-0.01612403101,-0.01036664906,-0.004010418162,0.01437706722,0.002336448598,-0.03441358025,,-3.466666667
1440,-1.284731952,-0.03085271318,-0.02795449346,0.008584893383,0.01936960008,-0.02975077882,-0.03194444444,,-6.633333333
1441,-0.822398788,-0.01968992248,-0.02362900247,0.008258378003,0.01537062447,-0.0546728972,0.0149691358,,-4.233333333
1442,-0.2132756878,-0.005271317829,-0.01976269607,0.004771903014,0.01499079305,-0.03862928349,0.02777777778,,-1.133333333
1443,-0.06548558822,-0.001472868217,-0.0009122008637,-0.01113308854,0.0120452894,-0.01619937695,0.01311728395,,-0.3166666667
1444,2.491109518,0.05968992248,0.01435658063,-0.00205933402,-0.01229724661,0.03208722741,0.08703703704,0.4675324675,12.83333333
1445,-1.653610903,-0.04015503876,0.005332923341,-0.02691387474,0.0215809514,-0.04828660436,-0.03209876543,,-8.633333333
1446,0.04202248184,0.0009302325581,0.005115549771,0.005598016436,-0.01071356621,0.0253894081,-0.02330246914,8.5,0.2
1447,-0.2870354142,-0.006589147287,-0.001509319188,-0.001654056328,0.003163375516,-0.005451713396,-0.007716049383,,-1.416666667
1448,0.8538663254,0.01953488372,-0.02052528835,0.01594737269,0.004577915662,0.03660436137,0.00262345679,0.7103174603,4.2
1449,0.7859393773,0.01821705426,0.00829110444,0.01261829035,-0.02090939479,0.004205607477,0.03209876543,0.7489361702,3.916666667
1450,2.611070259,0.07139534884,0.03010378995,-0.01052910819,-0.01957468176,0.04937694704,0.09320987654,0.4983713355,15.35
1451,-2.793611059,-0.06899224806,-0.01667847454,-0.01854760936,0.0352260839,-0.04283489097,-0.09490740741,,-14.83333333
1452,0.5358364138,0.01271317829,0.0008742604705,-0.001708469208,0.0008342087374,-0.01744548287,0.04259259259,1.396341463,2.733333333
1453,-0.9428823852,-0.02310077519,-0.02614955916,0.01884134515,0.00730821401,-0.01074766355,-0.03533950617,,-4.966666667
1454,-0.6762704468,-0.01550387597,0.001170288207,-0.004522527776,0.00335223957,-0.03146417445,0.0003086419753,,-3.333333333
1455,-1.42083376,-0.03372093023,-0.006176865737,-0.004690198703,0.01086706444,-0.06401869159,-0.003703703704,,-7.25
1456,1.680615011,0.04426356589,0.01594273213,-0.006170986647,-0.009771745483,0.03395638629,0.05447530864,0.4886164623,9.516666667
1457,-0.7429200528,-0.0188372093,-0.008552090839,0.01001815675,-0.001466065914,-0.01775700935,-0.01990740741,,-4.05
1458,1.090691082,0.02472868217,0.03035689013,-0.01537709318,-0.01497979695,0.01121495327,0.03811728395,0.65830721,5.316666667
1459,-1.298852674,-0.03054263566,-0.005304696915,-0.004466369423,0.009771066338,-0.03753894081,-0.02361111111,,-6.566666667
1460,0.3331804131,0.008682170543,0.009673545373,-0.0006335507899,-0.009039994584,-0.005451713396,0.02268518519,0.7678571429,1.866666667
1461,-0.1691658778,-0.003875968992,-0.02068990377,0.0112260678,0.009463835974,-0.01573208723,0.00787037037,,-0.8333333333
1462,-0.9094213746,-0.02186046512,-0.006581935555,-0.02403279021,0.03061472576,-0.03021806854,-0.01358024691,,-4.7
1463,0.05573784132,0.001395348837,-0.009276152044,-0.009471441281,0.01874759332,0.006230529595,-0.003395061728,2.555555556,0.3
1464,-0.4249906403,-0.01015503876,0.008823269188,-0.009641547482,0.0008182782942,-0.004672897196,-0.01558641975,,-2.183333333
1465,-1.31050425,-0.03124031008,-0.0132673423,-0.009817294901,0.0230846372,-0.08862928349,0.02561728395,,-6.716666667
1466,0.7611051845,0.01899224806,0.001388451161,0.01224536511,-0.01363381627,0.009968847352,0.02793209877,0.906122449,4.083333333
1467,-0.02731446237,-0.0006201550388,0.009597774001,-0.02476388845,0.01516611445,0.01059190031,-0.01172839506,,-0.1333333333
1468,0.1594359178,0.003565891473,0.01528632689,-0.007955948258,-0.007330378634,-0.005763239875,0.01280864198,0.8043478261,0.7666666667
1469,0.9319377432,0.02372093023,0.009567034419,-0.00902919729,-0.0005378371286,0.007632398754,0.03966049383,0.9281045752,5.1
1470,2.143248069,0.04906976744,0.02741640126,-0.003414158309,-0.02400224295,0.05591900312,0.04228395062,0.4470774092,10.55
1471,0.04375446789,0.001085271318,0.01114604798,-0.01136940553,0.0002233575487,-0.07211838006,0.07361111111,17.07142857,0.2333333333
1472,0.6734352073,0.01550387597,0.009778815279,-0.005494710176,-0.004284105103,0.01230529595,0.01867283951,1.1,3.333333333
1473,1.223571241,0.0303875969,0.005986648774,-0.01734495817,0.0113583094,0.02975077882,0.03101851852,0.6096938776,6.533333333
1474,-0.5184057974,-0.01279069767,-0.01046434458,0.005507113072,0.004957231507,0.05420560748,-0.07916666667,,-2.75
1475,1.232037609,0.02674418605,0.01115624818,0.01376161733,-0.02491786551,0.05186915888,0.001851851852,0.6086956522,5.75
1476,0.8866721042,0.01953488372,0.01878486611,-0.0113114321,-0.007473434011,0.03130841121,0.00787037037,1.214285714,4.2
1477,0.3370027665,0.008062015504,0.008909828669,-0.006361441576,-0.002548387093,0.0191588785,-0.002932098765,1.163461538,1.733333333
1478,-0.683125867,-0.01565891473,-0.0146633961,-0.004427313537,0.01909070964,-0.03177570093,0.0003086419753,,-3.366666667
1479,-1.446304992,-0.03519379845,-0.002529826811,0.003271140327,-0.000741313516,-0.05436137072,-0.0162037037,,-7.566666667
1480,1.108086158,0.02868217054,0.02250507084,-0.02094490724,-0.001560163607,0.003271028037,0.05385802469,0.7,6.166666667
1481,-0.2832812484,-0.006744186047,-0.002720871131,0.001885982609,0.0008348885216,-0.02024922118,0.006635802469,,-1.45
1482,-0.9346011814,-0.02279069767,-0.01147357424,-0.002645784847,0.01411935908,-0.06339563863,0.0174382716,,-4.9
1483,-1.333011059,-0.0307751938,-0.02083929041,-0.002006590394,0.0228458808,-0.02196261682,-0.03950617284,,-6.616666667
1484,1.116711625,0.02713178295,0.0106982621,-0.01490704119,0.00420877909,0.04065420561,0.0137345679,0.6942857143,5.833333333
1485,0.5751547337,0.01341085271,-0.009598872711,0.01336214777,-0.003763275056,-0.03115264798,0.0575617284,1.809248555,2.883333333
1486,0.9921096344,0.02550387597,0.02822124695,-0.02699868547,-0.00122256148,0.0308411215,0.02021604938,1.0,5.483333333
1487,-1.027005918,-0.02465116279,-0.0085560268,0.003053870715,0.005502156085,-0.008566978193,-0.04058641975,,-5.3
1488,0.3586017162,0.008527131783,-0.002584843046,0.001884813154,0.0007000298921,-0.03551401869,0.05216049383,1.872727273,1.833333333
1489,1.203391004,0.03046511628,0.01661669149,-0.001794778961,-0.01482191253,-0.003738317757,0.06435185185,0.7709923664,6.55
1490,0.5860475457,0.01341085271,-0.004579373761,0.01638575789,-0.01180638413,-0.02024922118,0.04675925926,1.670520231,2.883333333
1491,-0.8425449588,-0.02062015504,-0.01543252582,-0.01215484635,0.02758737216,-0.03473520249,-0.006635802469,,-4.433333333
1492,0.03294941477,0.0007751937984,0.01196898696,-0.02375437471,0.01178538775,0.03333333333,-0.03148148148,20.4,0.1666666667
1493,0.0984168989,0.002403100775,0.01003475428,-0.004911063013,-0.005123691268,-0.005607476636,0.01033950617,2.064516129,0.5166666667
1494,1.526788563,0.03604651163,-0.005353868838,-0.004993612001,0.01034748084,0.06775700935,0.00462962963,0.4903225806,7.75
1495,-2.052356743,-0.04728682171,-0.01789483001,-0.005143500005,0.02303833002,-0.05669781931,-0.03796296296,,-10.16666667
1496,1.416553362,0.03713178295,0.02195054368,-0.008035190877,-0.0139153528,0.01542056075,0.05864197531,0.617954071,7.983333333
1497,-0.0201524099,-0.0004651162791,-0.02500682926,0.02373587313,0.001270956127,-0.01043613707,0.009413580247,,-0.1
1498,-1.062612127,-0.02744186047,0.0003283982069,-0.01505703787,0.01472863966,-0.0308411215,-0.02407407407,,-5.9
1499,0.3521674549,0.008759689922,-0.02478270411,0.02470893649,7.376762047e-05,-0.01962616822,0.03688271605,1.610619469,1.883333333
1500,-0.391759085,-0.008992248062,0.003071581668,0.00764041505,-0.01071199672,-0.06323987539,0.04475308642,,-1.933333333
1501,1.147108228,0.02798449612,0.005184653783,-0.01346919413,0.008284540349,0.02803738318,0.02793209877,0.6731301939,6.016666667
1502,1.843844296,0.04596899225,0.01969588772,-0.01330967388,-0.006386213848,-0.001246105919,0.09274691358,0.7251264755,9.883333333
1503,-2.0787207,-0.04775193798,-0.02541484741,0.001184431801,0.0242304156,-0.06199376947,-0.03364197531,,-10.26666667
1504,1.119708355,0.0288372093,-0.003795710305,0.002785589333,0.001010120972,0.02242990654,0.03518518519,0.7903225806,6.2
1505,0.7034573159,0.01534883721,-0.01827369109,0.01939136323,-0.001117672138,-0.01526479751,0.04567901235,1.121212121,3.3
1506,0.8969135812,0.02341085271,0.01235027162,0.001869505287,-0.01421977691,0.005607476636,0.04104938272,0.3874172185,5.033333333
1507,-0.3468986015,-0.008062015504,-0.03178993639,0.02601882706,0.005771109333,-0.01853582555,0.002314814815,,-1.733333333
1508,-1.086996654,-0.02457364341,-0.0007087065477,-0.01205379951,0.01276250606,-0.0207165109,-0.02839506173,,-5.283333333
1509,0.4127335959,0.01046511628,0.02472398999,-0.01047363186,-0.01425035812,0.01323987539,0.007716049383,1.859259259,2.25
1510,0.02951841241,0.0006976744186,0.001906709494,-0.004680637883,0.002773928388,-0.0004672897196,0.001851851852,10.44444444,0.15
1511,1.056406045,0.02589147287,0.02122375068,-0.002416975588,-0.01880677509,0.007476635514,0.04413580247,0.8083832335,5.566666667
1512,-0.7350320811,-0.01697674419,-0.01859568568,0.004461486496,0.01413419918,-0.03317757009,-0.0009259259259,,-3.65
1513,0.2878770244,0.006821705426,0.006619820538,-0.02163330637,0.01501348584,-0.02523364486,0.03858024691,2.704545455,1.466666667
1514,0.07916057111,0.001782945736,-0.001281398132,-0.01190275803,0.01318415616,-0.01900311526,0.02237654321,5.608695652,0.3833333333
1515,-1.047262117,-0.02658914729,-0.02409788681,0.02993032693,-0.005832440119,0.01666666667,-0.06944444444,,-5.716666667
1516,-1.609189973,-0.03790697674,-0.002882431513,-0.01854244761,0.02142487912,-0.04813084112,-0.02777777778,,-8.15
1517,0.1685612866,0.003953488372,0.02407850125,-0.01614662019,-0.007931881063,-0.03193146417,0.03950617284,0.6470588235,0.85
1518,-1.487034363,-0.03860465116,-0.02804395639,5.405146913e-06,0.02803855124,-0.01604361371,-0.06095679012,,-8.3
1519,-1.189077351,-0.02744186047,-0.01496333816,0.002672624485,0.01229071367,-0.02632398754,-0.02854938272,,-5.9
1520,-1.418727122,-0.03472868217,-0.02436820861,0.01258584926,0.01178235935,-0.04501557632,-0.02453703704,,-7.466666667
1521,0.6715732971,0.01612403101,0.01295923514,0.003708816437,-0.01666805158,-0.01822429907,0.05015432099,1.096153846,3.466666667
1522,-1.404309557,-0.03480620155,-0.005305797306,-0.009536091548,0.01484188885,-0.04143302181,-0.02824074074,,-7.483333333
1523,-0.1670212002,-0.003953488372,-0.01328692753,0.01415584452,-0.0008689169865,-0.05514018692,0.04675925926,,-0.85
1524,1.450056358,0.03317829457,0.01450807794,0.006344979634,-0.02085305757,0.04501557632,0.02145061728,0.5490654206,7.133333333
1525,-0.4998551334,-0.01224806202,0.006842978402,-0.005254752007,-0.001588226395,-0.02834890966,0.003703703704,,-2.633333333
1526,-0.2025581702,-0.00488372093,-0.001331430349,0.0008950720285,0.0004363583205,-0.0285046729,0.01851851852,,-1.05
1527,1.511174013,0.03372093023,0.009967880479,0.008347203182,-0.01831508366,0.03333333333,0.03410493827,0.6091954023,7.25
1528,-0.6056115056,-0.01449612403,-0.009782345013,-0.001010092092,0.0107924371,0.01121495327,-0.0399691358,,-3.116666667
1529,0.146163274,0.003410852713,0.01083925189,-0.02359264681,0.01275339492,-0.03566978193,0.04212962963,5.386363636,0.7333333333
1530,-0.4755849151,-0.01108527132,0.008185371502,0.005432782463,-0.01361815397,-0.0546728972,0.03209876543,,-2.383333333
1531,0.07123743176,0.001705426357,0.001008108306,0.01793053812,-0.01893864643,0.01573208723,-0.01219135802,8.272727273,0.3666666667
1532,0.8031054311,0.02124031008,-0.0103692469,0.01808290598,-0.007713659076,0.02102803738,0.02145061728,0.901459854,4.566666667
1533,0.6679262493,0.01643410853,0.02371337906,-0.007202438039,-0.01651094102,0.01775700935,0.01512345679,1.117924528,3.533333333
1534,-0.8685375695,-0.0219379845,-0.0227331159,0.004026466111,0.01870664979,-0.04641744548,0.002314814815,,-4.716666667
1535,0.1227233165,0.003100775194,0.006559619485,0.0003558923532,-0.006915511838,-0.01261682243,0.01867283951,4.35,0.6666666667
1536,0.7537699743,0.01906976744,0.009322950975,-0.0007580390932,-0.008564911882,-0.04626168224,0.0837962963,1.544715447,4.1
1537,1.633388439,0.03860465116,0.01572792219,-0.02313027042,0.007402348228,0.03489096573,0.04228395062,0.5100401606,8.3
1538,1.784976917,0.04418604651,0.03230577437,-0.02062472987,-0.0116810445,-0.001090342679,0.08904320988,0.5385964912,9.5
1539,-0.5140561961,-0.01325581395,-0.003344289891,0.002039921628,0.001304368263,-0.009345794393,-0.01712962963,,-2.85
1540,0.8938670933,0.01945736434,0.004847142282,0.003096145683,-0.007943287965,0.02803738318,0.01095679012,0.9601593625,4.183333333
1541,0.291065084,0.006976744186,0.001021109436,-0.02056087445,0.01953976501,-0.002336448598,0.0162037037,1.444444444,1.5
1542,-2.72334166,-0.0680620155,-0.0340017654,-0.01431249024,0.04831425564,-0.103271028,-0.03317901235,,-14.63333333
1543,-0.8392806097,-0.0196124031,-0.02261386199,0.0039888695,0.01862499249,-0.03177570093,-0.007561728395,,-4.216666667
1544,1.794700499,0.04062015504,0.02156209924,-0.00787017489,-0.01369192435,0.007165109034,0.0737654321,0.5744274809,8.733333333
1545,-2.139574849,-0.05046511628,-0.03338748479,-0.003602784849,0.03699026964,-0.0207165109,-0.0799382716,,-10.85
1546,-0.216658253,-0.00511627907,-0.003187351504,0.003188866922,-1.515417845e-06,0.005140186916,-0.01527777778,,-1.1
1547,2.96834119,0.07418604651,0.0353013345,-0.01435886139,-0.02094247311,0.1043613707,0.04429012346,0.4952978056,15.95
1548,0.4923621857,0.01139534884,-0.01063741855,0.0003382328811,0.01029918567,0.01635514019,0.006481481481,0.8163265306,2.45
1549,0.486828187,0.01178294574,-0.00168236746,-0.01616600497,0.01784837243,-0.009501557632,0.03287037037,0.7631578947,2.533333333
1550,0.986939341,0.02356589147,0.007703844167,-0.007823338034,0.0001194938671,0.0285046729,0.01867283951,0.6513157895,5.066666667
1551,1.697277611,0.04449612403,0.01540043992,0.01224598034,-0.02764642026,0.01619937695,0.0725308642,0.5174216028,9.566666667
1552,0.3130505866,0.007596899225,-0.01294150309,0.02642179652,-0.01348029342,0.005763239875,0.009413580247,1.326530612,1.633333333
1553,-1.181884162,-0.02906976744,-0.02238932034,0.01440106727,0.007988253072,0.001557632399,-0.05941358025,,-6.25
1554,0.2100817646,0.004573643411,0.008416467728,-0.01239522483,0.003978757106,0.002647975078,0.006481481481,1.93220339,0.9833333333
1555,0.8599590169,0.02170542636,-0.004688636185,-0.00525478472,0.009943420905,-0.02819314642,0.07114197531,0.7892857143,4.666666667
1556,-0.5321261976,-0.01248062016,0.01222160734,-0.03162965437,0.01940804703,-0.01573208723,-0.009259259259,,-2.683333333
1557,0.9675026162,0.02333333333,-0.0003430141467,0.009973548823,-0.009630534676,-0.006230529595,0.05262345679,0.926910299,5.016666667
1558,-0.5720748815,-0.01333333333,-0.005473555313,0.01027168482,-0.004798129509,0.002024922118,-0.02854938272,,-2.866666667
1559,-0.9627260849,-0.02255813953,-0.0395643625,0.02981154911,0.009752813389,-0.0246105919,-0.02052469136,,-4.85
1560,0.8613948757,0.0219379845,-0.004395104603,0.003576134141,0.0008189704625,0.05031152648,-0.006172839506,0.4911660777,4.716666667
1561,0.5250225415,0.01286821705,0.006660092165,0.001621542133,-0.008281634297,-0.02429906542,0.04969135802,1.457831325,2.766666667
1562,-2.090249527,-0.05147286822,-0.01531360732,0.0231972226,-0.007883615274,-0.05109034268,-0.05185185185,,-11.06666667
1563,-0.8771617198,-0.02131782946,0.005847935259,-0.008800282297,0.002952347038,-0.008255451713,-0.03425925926,,-4.583333333
1564,0.04705039818,0.001162790698,0.01161294004,-0.01330375442,0.001690814381,-0.01012461059,0.01234567901,5.066666667,0.25
1565,1.042228796,0.02596899225,0.005358774907,-0.0008028247086,-0.004555950198,0.004049844237,0.04768518519,0.7253731343,5.583333333
1566,0.8331576738,0.02108527132,0.01329392612,0.007089486691,-0.02038341281,-0.005295950156,0.04722222222,0.6213235294,4.533333333
1567,0.9677330583,0.02217054264,0.01046368488,-0.01548403988,0.005020355003,0.0004672897196,0.04367283951,0.9195804196,4.766666667
1568,1.167560015,0.0288372093,0.001153876457,0.007654390589,-0.008808267047,0.008255451713,0.04922839506,0.9569892473,6.2
1569,1.920020498,0.0423255814,0.01408771419,-0.005356184965,-0.008731529227,0.05031152648,0.03441358025,0.4981684982,9.1
1570,1.088441041,0.02612403101,0.00855002112,0.02652375147,-0.03507377259,0.01168224299,0.04043209877,0.7270029674,5.616666667
1571,0.3369244465,0.008449612403,0.005193076308,-0.002832029186,-0.002361047121,-0.0222741433,0.03888888889,2.394495413,1.816666667
1572,-0.6539584157,-0.01604651163,0.004399579711,-0.02409865223,0.01969907252,-0.01588785047,-0.0162037037,,-3.45
1573,0.08543721608,0.001860465116,0.0003069062687,0.0005689360065,-0.0008758422752,-0.04299065421,0.0462962963,9.458333333,0.4
1574,-1.057200409,-0.02511627907,-0.007421903196,-0.02792514062,0.03534704382,-0.07352024922,0.02283950617,,-5.4
1575,-1.282935621,-0.02589147287,-0.01558351066,-4.283978571e-05,0.01562635045,-0.009657320872,-0.04197530864,,-5.566666667
1576,1.084052561,0.02542635659,0.005265433908,-0.008915746571,0.003650312663,0.05794392523,-0.006790123457,0.8201219512,5.466666667
1577,-0.2344264747,-0.00511627907,-0.02164678105,0.01413275169,0.007514029364,-0.003894080997,-0.006327160494,,-1.1
1578,-0.06061516878,-0.001395348837,0.006323552513,0.01117476914,-0.01749832165,-0.03302180685,0.0299382716,,-0.3
1579,2.188649405,0.05387596899,0.03854261771,-0.007969745922,-0.03057287179,0.0308411215,0.07669753086,0.5539568345,11.58333333
1580,1.807832344,0.04511627907,0.01494030092,-0.004579078309,-0.01036122261,0.04392523364,0.0462962963,0.5309278351,9.7
1581,0.3521930183,0.008217054264,-0.007280800194,-0.007815161313,0.01509596151,0.02554517134,-0.008950617284,0.7075471698,1.766666667
1582,0.1617982069,0.004186046512,0.007625504605,-0.006370673867,-0.001254830739,0.01479750779,-0.006327160494,2.703703704,0.9
1583,0.5087434396,0.01139534884,0.02435284228,-0.03744982812,0.01309698584,-0.01526479751,0.03780864198,1.034013605,2.45
1584,2.477109009,0.05984496124,0.0204124414,-0.0004479294516,-0.01996451195,0.05560747664,0.06404320988,0.6049222798,12.86666667
1585,0.122491959,0.002868217054,0.0002010324573,-0.01914656739,0.01894553493,-0.02180685358,0.02731481481,5.432432432,0.6166666667
1586,-0.5163535158,-0.01317829457,-0.01975754501,0.02286051305,-0.003102968045,-0.02398753894,-0.002469135802,,-2.833333333
1587,0.5790312771,0.01472868217,-0.004911428542,0.004087572974,0.0008238555683,-0.04158878505,0.07052469136,1.915789474,3.166666667
1588,0.1479194504,0.003488372093,-0.01253122244,0.006559879046,0.005971343395,-0.001557632399,0.008487654321,4.022222222,0.75
1589,0.3277659245,0.007596899225,0.01427338163,-0.01904492225,0.004771540614,0.02663551402,-0.0112654321,1.489795918,1.633333333
1590,0.1183573566,0.002868217054,-0.01066364474,0.004449415585,0.006214229159,0.004828660436,0.0009259259259,3.594594595,0.6166666667
1591,1.868503713,0.04705426357,0.0272788492,-0.0119967575,-0.0152820917,0.03473520249,0.05925925926,0.5271828666,10.11666667
1592,-1.017932656,-0.02457364341,-0.004647896653,0.003018444287,0.001629452366,-0.05638629283,0.006944444444,,-5.283333333
1593,0.5025238873,0.01147286822,0.003143061341,-0.01660098087,0.01345791953,0.006697819315,0.0162037037,1.222972973,2.466666667
1594,-2.062007844,-0.04782945736,-0.009668306224,-0.01971755447,0.0293858607,-0.06308411215,-0.03271604938,,-10.28333333
1595,-1.444612212,-0.03643410853,-0.0287027161,0.006518899855,0.02218381625,-0.02320872274,-0.04953703704,,-7.833333333
1596,-0.5847947023,-0.01457364341,0.01384354695,-0.01805161685,0.004208069903,-0.0003115264798,-0.0287037037,,-3.133333333
1597,-0.5107185486,-0.01255813953,-0.03344642649,0.02181440159,0.0116320249,0.003271028037,-0.02824074074,,-2.7
1598,-0.003167587895,-7.751937984e-05,0.0103669309,-0.02591550358,0.01554857268,0.003115264798,-0.003240740741,,-0.01666666667
1599,-1.561149753,-0.03875968992,-0.02532694038,0.01189444417,0.01343249621,-0.06962616822,-0.008179012346,,-8.333333333
1600,1.419718512,0.03441860465,-0.01224457334,0.01916557187,-0.006920998528,0.01806853583,0.05061728395,0.5855855856,7.4
1601,-0.4294264075,-0.00976744186,-0.01360315721,0.01070101644,0.002902140767,-0.02663551402,0.006944444444,,-2.1
1602,1.616524577,0.03930232558,0.002425697686,-0.004813407476,0.00238770979,0.03582554517,0.04274691358,0.5345167653,8.45
1603,-0.8613492931,-0.02100775194,-0.01546826489,0.02185959623,-0.006391331346,0.01479750779,-0.05648148148,,-4.516666667
1604,0.7003776156,0.01651162791,0.009058986192,-0.01691490358,0.007855917387,0.004672897196,0.02824074074,0.5352112676,3.55
1605,0.4608797703,0.01217054264,0.01844382822,-0.01408015296,-0.004363675258,0.002336448598,0.02191358025,1.012738854,2.616666667
1606,-1.618362499,-0.03891472868,-0.03757123286,0.01141979715,0.02615143571,-0.007320872274,-0.07021604938,,-8.366666667
1607,-0.6651498083,-0.01565891473,-0.01694496097,-0.004664100752,0.02160906172,-0.01962616822,-0.01172839506,,-3.366666667
1608,-1.364551,-0.03364341085,-0.01431805033,-0.006139156341,0.02045720667,-0.02819314642,-0.03904320988,,-7.233333333
1609,-0.4155986292,-0.009224806202,-0.009638205277,-0.005057551968,0.01469575725,-0.03707165109,0.01836419753,,-1.983333333
1610,1.336678517,0.03023255814,-0.001679365946,0.002251654595,-0.0005722886489,0.004828660436,0.05540123457,0.7717948718,6.5
1611,1.239974406,0.03294573643,0.01528574627,-0.003353974818,-0.01193177146,0.009345794393,0.05632716049,0.4847058824,7.083333333
1612,0.2572027742,0.006434108527,-0.00366658206,0.002485213973,0.001181368087,-0.01433021807,0.02700617284,1.530120482,1.383333333
1613,0.61871453,0.01596899225,0.00860071698,-0.0049070985,-0.00369361848,-0.004672897196,0.03641975309,0.7330097087,3.433333333
1614,-0.05875645839,-0.001472868217,0.01556172422,-0.01712043879,0.00155871457,-0.02632398754,0.02314814815,,-0.3166666667
1615,-1.673984245,-0.04271317829,-0.01599743267,-0.006964043079,0.02296147575,-0.03769470405,-0.04768518519,,-9.183333333
1616,0.8201646762,0.01937984496,0.008799900016,-0.00491779636,-0.003882103656,0.03785046729,0.001080246914,0.896,4.166666667
1617,-1.382296856,-0.03325581395,-0.01552584569,0.009018287539,0.006507558151,-0.01666666667,-0.04969135802,,-7.15
1618,1.306004618,0.03162790698,0.02892637445,-0.021769154,-0.007157220458,0.02632398754,0.03688271605,0.4485294118,6.8
1619,-1.104536964,-0.02651162791,-0.01352152982,-0.008178869882,0.0217003997,-0.05638629283,0.003086419753,,-5.7
1620,0.6446823788,0.01542635659,0.009004099827,0.007136445914,-0.01614054574,0.001713395639,0.02901234568,1.206030151,3.316666667
1621,-0.7819515879,-0.0188372093,-0.005017923504,-0.01491761187,0.01993553537,-0.05171339564,0.0137345679,,-4.05
1622,-0.7002791834,-0.01620155039,-0.003647391923,-0.01651728495,0.02016467687,-0.01900311526,-0.01342592593,,-3.483333333
1623,-0.9707350648,-0.02356589147,-0.01880051791,0.009281665814,0.009518852095,-0.0285046729,-0.01867283951,,-5.066666667
1624,0.6063520902,0.01348837209,0.01439503634,-0.02247876267,0.008083726333,0.03348909657,-0.006327160494,1.33908046,2.9
1625,-1.612192042,-0.04085271318,-0.01121210319,0.0139193495,-0.00270724631,-0.02990654206,-0.05169753086,,-8.783333333
1626,-0.05065858575,-0.001240310078,-0.01085087613,-0.002432786742,0.01328366287,0.003738317757,-0.006172839506,,-0.2666666667
1627,0.1634062682,0.003410852713,-0.02169721836,0.01883951032,0.002857708042,0.0230529595,-0.01604938272,2.727272727,0.7333333333
1628,-0.5344362109,-0.01240310078,-0.01045447448,0.004556351556,0.005898122921,0.01246105919,-0.03703703704,,-2.666666667
1629,0.3100794849,0.007054263566,-0.003860129005,0.003638934474,0.0002211945308,-0.01214953271,0.02608024691,1.714285714,1.516666667
1630,1.229050964,0.02875968992,-0.01030513251,0.0245547556,-0.01424962309,0.02414330218,0.03333333333,0.6361185984,6.183333333
1631,0.8532131436,0.0219379845,0.009346199097,0.006139984315,-0.01548618341,-0.01090342679,0.05447530864,0.7455830389,4.716666667
1632,0.8959993051,0.02062015504,0.002595873371,-0.0009454197196,-0.001650453651,0.03971962617,0.001697530864,1.071428571,4.433333333
1633,0.4475004006,0.01046511628,0.003836537678,-0.008326545893,0.004490008216,-0.0191588785,0.03981481481,1.237037037,2.25
1634,1.595427551,0.03790697674,0.02000666597,0.009653940303,-0.02966060627,0.02429906542,0.05138888889,0.6155419223,8.15
1635,0.210722275,0.00503875969,-0.01046832626,0.01285034706,-0.002382020794,-0.02663551402,0.03641975309,2.646153846,1.083333333
1636,0.242266523,0.005581395349,0.0005093242465,0.00636237702,-0.006871701266,0.04345794393,-0.03194444444,1.277777778,1.2
1637,-0.6434976378,-0.01604651163,-0.008500622157,0.01403337123,-0.005532749073,0.01230529595,-0.04413580247,,-3.45
1638,-0.1545734922,-0.003798449612,0.01082459629,-0.01425001236,0.003425416074,-0.04080996885,0.03287037037,,-0.8166666667
1639,0.2221969421,0.005581395349,0.00153282383,-0.01113759235,0.009604768521,-0.01619937695,0.02716049383,1.430555556,1.2
1640,-0.5967710384,-0.01372093023,-0.01718999117,-0.006695811776,0.02388580295,-0.0191588785,-0.008333333333,,-2.95
1641,-1.246978684,-0.0311627907,-0.02208570422,0.0007538765445,0.02133182767,-0.01479750779,-0.04737654321,,-6.7
1642,2.070909033,0.04682170543,0.02761070298,-0.03094869338,0.003337990396,0.06183800623,0.03194444444,0.4337748344,10.06666667
1643,-0.2193668207,-0.00519379845,-0.01337640256,0.0005925336908,0.01278386887,-0.02788161994,0.01728395062,,-1.116666667
1644,-1.83800242,-0.04108527132,-0.01990383988,0.004377709484,0.0155261304,-0.0738317757,-0.008641975309,,-8.833333333
1645,0.08318441089,0.002015503876,-0.00187396536,-0.004992428967,0.006866394327,0.01277258567,-0.008641975309,1.923076923,0.4333333333
1646,1.147386192,0.02790697674,0.007134819739,0.02712493261,-0.03425975234,0.02196261682,0.0337962963,0.575,6.0
1647,-0.3541173227,-0.008992248062,-0.02199949897,0.01646731842,0.005532180551,-0.03831775701,0.0200617284,,-1.933333333
1648,1.089800025,0.02666666667,-0.008178134736,0.01534322363,-0.007165088893,0.01339563863,0.03981481481,0.6802325581,5.733333333
1649,-0.9906696892,-0.02085271318,-0.005519424824,-0.008902238171,0.014421663,-0.03286604361,-0.008950617284,,-4.483333333
1650,-2.272941679,-0.05503875969,-0.04066868255,0.005323459788,0.03534522276,-0.06090342679,-0.04922839506,,-11.83333333
1651,-1.142196906,-0.02728682171,-0.01498233758,-0.004222331388,0.01920466897,-0.0453271028,-0.009413580247,,-5.866666667
1652,0.4096232715,0.01093023256,-0.01290442446,0.01332102716,-0.0004166027001,0.01386292835,0.008024691358,0.6170212766,2.35
1653,2.529646766,0.06302325581,0.02104465918,0.008459464898,-0.02950412407,0.05903426791,0.06697530864,0.4280442804,13.55
1654,-0.8174068362,-0.01984496124,-0.001233036313,0.003217916007,-0.001984879694,-0.04112149533,0.001234567901,,-4.266666667
1655,-0.4078129358,-0.009457364341,-0.0189816593,0.0107954685,0.008186190806,0.02336448598,-0.04197530864,,-2.033333333
1656,-0.1679191902,-0.003875968992,0.001715043473,-0.0008283258201,-0.0008867176534,-0.01105919003,0.003240740741,,-0.8333333333
1657,0.5687935009,0.01302325581,0.008274343341,0.01231479528,-0.02058913862,-0.008411214953,0.03425925926,1.255952381,2.8
1658,-0.2201367934,-0.005271317829,-0.008046390059,-0.006984734583,0.01503112464,0.02523364486,-0.03549382716,,-1.133333333
1659,-0.4122123212,-0.01015503876,-0.0165432795,0.001500070071,0.01504320943,0.01760124611,-0.03765432099,,-2.183333333
1660,1.083435917,0.02550387597,0.004861081582,-0.007008364377,0.002147282794,0.01510903427,0.03580246914,0.5927051672,5.483333333
1661,0.2647353459,0.006589147287,0.008241342081,-0.00149250344,-0.006748838641,-0.01137071651,0.02438271605,1.317647059,1.416666667
1662,0.5672030158,0.01310077519,0.002967258079,-0.01120824558,0.008240987498,-0.02757009346,0.05339506173,1.579881657,2.816666667
1663,-0.6835488739,-0.01534883721,-0.02410299009,0.03478236314,-0.01067937306,-0.03551401869,0.00462962963,,-3.3
1664,-0.2956349703,-0.006744186047,0.01230991045,-0.01309818237,0.0007882719155,0.01433021807,-0.02762345679,,-1.45
1665,1.823344961,0.04511627907,0.04655482311,-0.03310976923,-0.01344505389,0.046105919,0.04413580247,0.4776632302,9.7
1666,-0.04553451411,-0.001085271318,0.003824933004,-0.02055430793,0.01672937493,0.01978193146,-0.02175925926,,-0.2333333333
1667,0.1616782321,0.003720930233,-0.01329439067,0.000922407599,0.01237198308,0.0007788161994,0.006635802469,1.125,0.8
1668,1.201406684,0.0311627907,-0.003022221927,0.018263267,-0.01524104507,0.06448598131,-0.001851851852,0.5696517413,6.7
1669,-2.083829564,-0.04635658915,-0.02322059629,-0.007020495851,0.03024109215,-0.06962616822,-0.02330246914,,-9.966666667
1670,-2.030354685,-0.0523255814,-0.012174995,-0.02456740389,0.03674239889,-0.09501557632,-0.0100308642,,-11.25
1671,-0.851767806,-0.02023255814,0.01172578834,-0.02561073128,0.01388494293,0.007632398754,-0.04783950617,,-4.35
1672,1.90001394,0.04387596899,0.002570283969,-0.004704943641,0.002134659672,0.06323987539,0.02469135802,0.5848056537,9.433333333
1673,-0.1220340567,-0.002868217054,0.003215016371,-0.02749315898,0.02427814261,0.006542056075,-0.01219135802,,-0.6166666667
1674,-0.4789583513,-0.01240310078,-0.0299170499,0.03449717495,-0.004580125048,-0.04205607477,0.01697530864,,-2.666666667
1675,-1.23078546,-0.02682170543,-0.02581465759,0.01940502288,0.006409634711,-0.02834890966,-0.02530864198,,-5.766666667
1676,1.395403011,0.03426356589,0.01850972266,-0.002708770492,-0.01580095217,0.03551401869,0.03302469136,0.7737556561,7.366666667
1677,-0.2587138215,-0.006201550388,-0.004157683836,-0.01222923778,0.01638692161,-0.05264797508,0.03981481481,,-1.333333333
1678,0.1934459762,0.00480620155,0.01776652519,-0.01131862978,-0.006447895416,-0.01869158879,0.02808641975,2.5,1.033333333
1679,-0.4057769622,-0.01031007752,0.01643759612,-0.03750420474,0.02106660862,-0.009034267913,-0.01157407407,,-2.216666667
1680,0.1625722953,0.003875968992,0.00593215535,-0.008068417227,0.002136261877,0.04221183801,-0.03410493827,2.12,0.8333333333
1681,-0.5015876544,-0.01100775194,-0.02048288628,0.02450878292,-0.004025896641,0.01370716511,-0.03549382716,,-2.366666667
1682,-0.788739126,-0.01736434109,0.009700373359,-0.03700923244,0.02730885908,-0.03566978193,0.0007716049383,,-3.733333333
1683,-0.7131518844,-0.01782945736,-0.0007886121157,-0.00554168493,0.006330297046,0.008722741433,-0.04413580247,,-3.833333333
1684,1.539556378,0.03480620155,0.008326301213,0.01331431172,-0.02164061293,0.03800623053,0.03163580247,0.7216035635,7.483333333
1685,-1.966585408,-0.04775193798,-0.03355494976,0.01115756256,0.0223973872,-0.03847352025,-0.05694444444,,-10.26666667
1686,0.8197885886,0.02007751938,0.02794899327,-0.002799758171,-0.0251492351,0.04517133956,-0.004783950617,0.7258687259,4.316666667
1687,2.436398984,0.05573643411,0.005774542804,0.005783523592,-0.0115580664,0.01308411215,0.09799382716,0.6912378303,11.98333333
1688,1.879762227,0.04263565891,0.02822089709,-0.02873328844,0.000512391351,0.04003115265,0.04521604938,0.46,9.166666667
1689,-0.8607066583,-0.02062015504,-0.003268308396,-0.008274180021,0.01154248842,0.0277258567,-0.06851851852,,-4.433333333
1690,-0.6197879122,-0.01542635659,-0.004882714461,-0.007379232817,0.01226194728,0.004049844237,-0.03472222222,,-3.316666667
1691,2.078403157,0.05356589147,0.009122930017,0.006846612312,-0.01596954233,0.001246105919,0.1054012346,0.6237337192,11.51666667
1692,0.05384989641,0.001317829457,0.007737496527,0.01351823775,-0.02125573428,0.001246105919,0.001388888889,9.588235294,0.2833333333
1693,-1.202322443,-0.02534883721,-0.02652437714,0.02055018195,0.005974195197,-0.04968847352,-0.001234567901,,-5.45
1694,-1.318193251,-0.0311627907,-0.01253778245,-0.01005364502,0.02259142747,-0.0785046729,0.01574074074,,-6.7
1695,0.7200842858,0.01852713178,-0.01285804945,0.007541135494,0.005316913959,-0.002647975078,0.03950617284,0.6861924686,3.983333333
1696,-1.41245596,-0.03488372093,-0.0034509532,-0.02094115631,0.02439210951,-0.0253894081,-0.04429012346,,-7.5
1697,-2.068822759,-0.04441860465,-0.01275938596,-0.0180690958,0.03082848176,-0.06978193146,-0.01929012346,,-9.55
1698,-1.349140492,-0.03015503876,-0.005276926574,-0.01364516945,0.01892209602,-0.06822429907,0.007561728395,,-6.483333333
1699,-0.4708999529,-0.01209302326,-0.02589378355,0.02138905961,0.004504723935,-0.06495327103,0.04027777778,,-2.6
1700,0.9293785664,0.02387596899,0.01954731585,-0.01448946092,-0.00505785493,-0.004672897196,0.05216049383,0.8409090909,5.133333333
1701,0.5002150919,0.01178294574,-0.01112535863,0.01030835318,0.0008170054507,0.0285046729,-0.004783950617,1.552631579,2.533333333
1702,-0.8873120643,-0.02100775194,-0.0303639378,0.002306100982,0.02805783682,-0.04345794393,0.001234567901,,-4.516666667
1703,1.277887709,0.02945736434,0.00515378086,0.02705646205,-0.03221024291,0.04143302181,0.01759259259,0.7105263158,6.333333333
1704,-0.5468794611,-0.01255813953,-0.01228578774,0.01826898951,-0.005983201768,-0.01931464174,-0.005864197531,,-2.7
1705,-0.2891152019,-0.006976744186,-0.006263842398,0.001695017863,0.004568824535,-0.05654205607,0.04212962963,,-1.5
1706,1.094866261,0.02581395349,0.006972683941,-0.006789101289,-0.0001835826516,0.03161993769,0.0200617284,0.4864864865,5.55
1707,1.63225457,0.03984496124,0.02350285582,-0.002125443145,-0.02137741268,-0.0001557632399,0.07947530864,0.6614785992,8.566666667
1708,1.241657235,0.03379844961,0.01845509908,-0.002316676043,-0.01613842303,-0.01775700935,0.08487654321,0.7729357798,7.266666667
1709,-1.017786366,-0.02294573643,-0.02738729407,0.01291112537,0.0144761687,-0.01713395639,-0.0287037037,,-4.933333333
1710,1.291690429,0.03209302326,0.03493697154,-0.01436898437,-0.02056798718,0.02523364486,0.03888888889,0.7270531401,6.9
1711,0.5338944243,0.01240310078,0.006593497005,0.005104237094,-0.0116977341,0.005763239875,0.01898148148,1.1375,2.666666667
1712,0.2917918649,0.007054263566,0.01596548208,-0.01247227024,-0.003493211841,0.02009345794,-0.005864197531,1.43956044,1.516666667
1713,0.03563166566,0.0008527131783,-0.007631037627,0.0211097758,-0.01347873817,0.0300623053,-0.02808641975,24.27272727,0.1833333333
1714,0.9774341867,0.02387596899,0.01676738967,0.002145532316,-0.01891292198,0.02897196262,0.01882716049,0.8798701299,5.133333333
1715,0.2997554059,0.007596899225,0.01361692128,-0.01125047963,-0.002366441654,-0.004517133956,0.01959876543,1.836734694,1.633333333
1716,0.6638911769,0.01682170543,0.008391944635,0.003785853237,-0.01217779787,0.02040498442,0.01327160494,1.239631336,3.616666667
1717,2.429273253,0.05697674419,0.03611583063,-0.002683745558,-0.03343208507,0.09080996885,0.02345679012,0.5469387755,12.25
1718,-0.8326864847,-0.01891472868,-0.01325170898,0.007771600988,0.00548010799,-0.01947040498,-0.01836419753,,-4.066666667
1719,-0.2497283767,-0.006279069767,-0.004262727934,0.01919508763,-0.0149323597,0.001869158879,-0.01435185185,,-1.35
1720,2.136153035,0.05069767442,0.03390978693,-0.005242620886,-0.02866716604,0.03691588785,0.06435185185,0.4678899083,10.9
1721,0.1415336658,0.003565891473,0.01637211058,0.009643764841,-0.02601587542,-0.03691588785,0.04367283951,1.804347826,0.7666666667
1722,-1.481497278,-0.03658914729,-0.01453061881,-0.01404015029,0.02857076911,-0.05529595016,-0.01805555556,,-7.866666667
1723,-2.897105875,-0.06558139535,-0.03898639741,0.01517369435,0.02381270306,-0.07570093458,-0.05555555556,,-14.1
1724,-2.160431979,-0.05062015504,-0.01381704132,-0.004870757544,0.01868779887,-0.03239875389,-0.06867283951,,-10.88333333
1725,-1.295819789,-0.03093023256,-0.009731107586,-0.01364778217,0.02337888976,-0.09190031153,0.02947530864,,-6.65
1726,-0.9670938745,-0.02372093023,-0.008967181517,-0.02291486881,0.03188205033,-0.03785046729,-0.009722222222,,-5.1
1727,-1.100669768,-0.02829457364,-0.02448204035,0.03390424151,-0.009422201154,-0.05887850467,0.00200617284,,-6.083333333
1728,-0.4362552422,-0.0115503876,-0.004303719079,0.001664643493,0.002639075586,-0.03707165109,0.0137345679,,-2.483333333
1729,2.138398926,0.05302325581,0.03997364472,-0.0366031975,-0.003370447224,0.04813084112,0.05787037037,0.5555555556,11.4
1730,0.3647049064,0.009069767442,-0.01158836892,0.002357502449,0.009230866466,-0.01822429907,0.03611111111,1.743589744,1.95
1731,2.047794382,0.04829457364,0.02664401305,-0.009700813014,-0.01694320004,0.03940809969,0.05709876543,0.5746388443,10.38333333
1732,2.128118838,0.04612403101,0.004896963698,-0.01100248195,0.00610551825,0.02523364486,0.06682098765,0.5613445378,9.916666667
1733,2.261547377,0.04945736434,0.008884167133,-0.009726677681,0.0008425105485,0.02663551402,0.07206790123,0.4952978056,10.63333333
1734,1.154942226,0.02689922481,0.006133632261,-0.001956599269,-0.004177032992,0.002492211838,0.05108024691,0.6887608069,5.783333333
1735,-0.3032685663,-0.007286821705,-0.001961188679,0.0139919123,-0.01203072363,-0.003738317757,-0.01080246914,,-1.566666667
1736,-0.2448499306,-0.006279069767,-0.01697807514,0.01380514375,0.003172931395,0.01822429907,-0.03055555556,,-1.35
1737,-0.1631696564,-0.003565891473,-0.008843148031,0.02495688695,-0.01611373892,-0.006853582555,-0.0003086419753,,-0.7666666667
1738,-0.6908459761,-0.01627906977,-0.006186208111,0.004358630315,0.001827577796,-0.0007788161994,-0.03163580247,,-3.5
1739,-1.194020433,-0.02984496124,-0.0126185417,-0.02125598504,0.03387452674,-0.07196261682,0.01188271605,,-6.416666667
1740,2.967012481,0.07015503876,0.01355671638,-0.009569399571,-0.003987316813,0.06651090343,0.0737654321,0.4187845304,15.08333333
1741,-1.179334327,-0.03054263566,-0.00834512054,-0.009773836298,0.01811895684,-0.01214953271,-0.0487654321,,-6.566666667
1742,0.07641710974,0.001860465116,-0.006849117376,0.0101332953,-0.003284177928,-0.006697819315,0.01033950617,1.791666667,0.4
1743,0.05158754324,0.001162790698,-0.00223449639,0.01813205566,-0.01589755927,-0.002647975078,0.004938271605,3.933333333,0.25
1744,0.07178793298,0.001782945736,-0.02905228489,0.0284884294,0.0005638554922,-0.01137071651,0.01481481481,6.260869565,0.3833333333
1745,0.014256018,0.0003875968992,0.02737896274,-0.0282976726,0.0009187098571,0.001090342679,-0.0003086419753,27.0,0.08333333333
1746,-0.823488104,-0.01744186047,-0.01150680483,0.008297770817,0.003209034009,0.003738317757,-0.03842592593,,-3.75
1747,0.5816771697,0.01395348837,0.01386777231,-0.01481260448,0.0009448321719,-0.02118380062,0.0487654321,0.9277777778,3.0
1748,-0.9896417034,-0.02682170543,-0.02051928484,0.02187031772,-0.001351032885,-0.01947040498,-0.03410493827,,-5.766666667
1749,0.124985925,0.003023255814,0.01262518181,-0.03027455533,0.01764937351,0.008566978193,-0.002469135802,3.179487179,0.65
1750,-0.1478539647,-0.003488372093,-0.01366792735,0.006200398847,0.007467528502,-0.01261682243,0.005555555556,,-0.75
1751,-0.3228662597,-0.007441860465,-0.0149797881,-0.0004271465078,0.0154069346,-0.05186915888,0.03657407407,,-1.6
1752,-0.1257960287,-0.003023255814,0.009230513936,-0.01430320346,0.005072689526,-0.01355140187,0.007407407407,,-0.65
1753,-0.5307294563,-0.01279069767,-0.00551802958,0.004799496334,0.0007185332455,-0.006853582555,-0.01867283951,,-2.75
1754,0.9098038458,0.02325581395,0.02515986046,-0.02928637509,0.00412651463,0.01199376947,0.03441358025,0.7133333333,5.0
1755,0.9554506238,0.02054263566,0.01751527451,-0.0178476146,0.0003323400895,-0.005607476636,0.04645061728,0.7283018868,4.416666667
1756,0.08667676046,0.002093023256,-0.01605361647,0.04634219324,-0.03028857677,-0.006230529595,0.01033950617,2.851851852,0.45
1757,-0.2801147227,-0.005891472868,0.006038779781,-0.02187985735,0.01584107757,-0.02367601246,0.01172839506,,-1.266666667
1758,0.8449132932,0.01968992248,-0.01170310212,0.01258084508,-0.000877742957,0.01869158879,0.02067901235,0.8149606299,4.233333333
1759,0.576342662,0.01550387597,0.01116375374,-0.006259707048,-0.004904046692,-0.006697819315,0.0375,0.84,3.333333333
1760,-0.04455953662,-0.001085271318,0.0185913779,-0.01733294281,-0.001258435094,-0.002336448598,0.0001543209877,,-0.2333333333
1761,-0.4998822426,-0.01186046512,-0.01315754678,0.01861433989,-0.005456793105,-0.05295950156,0.02885802469,,-2.55
1762,-0.4273540434,-0.01015503876,-0.009968550811,0.01032145507,-0.0003529042568,-0.02211838006,0.001697530864,,-2.183333333
1763,-1.150578583,-0.02689922481,-0.02404458177,0.001803551095,0.02224103067,-0.04252336449,-0.01141975309,,-5.783333333
1764,-1.282270106,-0.03263565891,-0.005854858508,-0.01225643513,0.01811129364,-0.02725856698,-0.03796296296,,-7.016666667
1765,1.741893061,0.04294573643,0.007397803589,-0.001515093562,-0.005882710026,-0.004672897196,0.09012345679,0.7292418773,9.233333333
1766,-0.05029387708,-0.001240310078,-0.003562541394,0.0004833476825,0.003079193712,-0.0006230529595,-0.001851851852,,-0.2666666667
1767,1.31779464,0.03007751938,0.008890204076,-0.009183513621,0.0002933095449,0.04501557632,0.01527777778,0.5309278351,6.466666667
1768,0.498110286,0.01178294574,0.0144045485,-0.01744362309,0.003039074593,0.01059190031,0.01296296296,0.7763157895,2.533333333
1769,-1.460121613,-0.03689922481,-0.020248968,-0.003358113664,0.02360708167,-0.0222741433,-0.05138888889,,-7.933333333
1770,-0.281912936,-0.007441860465,-0.01436588255,-0.001063554735,0.01542943728,-0.03847352025,0.02330246914,,-1.6
1771,1.234700878,0.02875968992,0.01577823288,0.009758756275,-0.02553698915,0.004672897196,0.05262345679,0.6765498652,6.183333333
1772,0.2656487657,0.006279069767,-0.01401190179,0.01144348991,0.002568411871,-0.004672897196,0.01712962963,2.234567901,1.35
1773,-0.571476991,-0.01364341085,-0.003331917064,-0.01038335817,0.01371527523,-0.03598130841,0.008487654321,,-2.933333333
1774,0.02011681185,0.0004651162791,-0.006104696928,-0.003949362996,0.01005405992,0.003115264798,-0.002160493827,23.0,0.1
1775,0.661662799,0.01596899225,0.008011557962,0.01792064168,-0.02593219964,0.002492211838,0.02932098765,0.9174757282,3.433333333
1776,-0.369732308,-0.008682170543,-0.02511376727,0.02148978012,0.00362398715,0.01900311526,-0.03611111111,,-1.866666667
1777,0.8360691717,0.02069767442,0.02245469928,-0.01771654254,-0.004738156739,-0.01230529595,0.05339506173,0.8689138577,4.45
1778,-2.325730281,-0.05906976744,-0.02451994379,-0.008672569276,0.03319251307,-0.0730529595,-0.04521604938,,-12.7
1779,-2.125120779,-0.05178294574,-0.02329057699,0.01291918812,0.01037138888,-0.05529595016,-0.04830246914,,-11.13333333
1780,0.2804347387,0.006124031008,0.006559775394,-0.02046189357,0.01390211818,0.003738317757,0.008487654321,1.025316456,1.316666667
1781,0.9298099694,0.02372093023,0.007254198594,-0.008504159617,0.001249961023,0.001246105919,0.04598765432,0.7189542484,5.1
1782,0.3055202465,0.007829457364,0.007970419133,0.005420477484,-0.01339089662,-0.008411214953,0.02391975309,2.01980198,1.683333333
1783,-1.062954434,-0.02364341085,-0.006394094004,-0.00936628081,0.01576037481,-0.06510903427,0.0174382716,,-5.083333333
1784,-0.4248348681,-0.00992248062,-0.01467435908,0.02799726218,-0.01332290311,-0.03395638629,0.01388888889,,-2.133333333
1785,-1.072986836,-0.02542635659,0.008701284063,-0.0259389513,0.01723766723,-0.02912772586,-0.02175925926,,-5.466666667
1786,1.916826688,0.04542635659,0.02833630679,0.0001868106092,-0.02852311739,0.03520249221,0.05555555556,0.3788395904,9.766666667
1787,0.4477511009,0.01023255814,-0.005843481216,0.000294876187,0.005548605029,0.01401869159,0.006481481481,0.6818181818,2.2
1788,0.9933255345,0.02503875969,0.00731181751,-0.007488694237,0.0001768767272,0.03489096573,0.01527777778,0.7430340557,5.383333333
1789,1.56753897,0.03589147287,0.02989019442,-0.03049544842,0.0006052539975,0.05404984424,0.01790123457,0.4881209503,7.716666667
1790,-1.121053648,-0.02604651163,-0.009434018079,0.008311554942,0.001122463137,-0.02523364486,-0.02685185185,,-5.6
1791,-0.01986234188,-0.0004651162791,-0.01835495484,0.01713941352,0.001215541321,0.01869158879,-0.01944444444,,-0.1
1792,-0.1822693579,-0.004728682171,0.01681354222,-0.01453267757,-0.002280864648,-0.01355140187,0.004012345679,,-1.016666667
1793,-0.8279060968,-0.01984496124,-0.01053722058,-0.002886393891,0.01342361447,-0.08894080997,0.04861111111,,-4.266666667
1794,1.418317357,0.03093023256,-0.004240156752,0.01017959232,-0.005939435572,0.003271028037,0.05833333333,0.7117794486,6.65
1795,-0.474825192,-0.01139534884,0.0007191639749,-0.007169000879,0.006449836905,0.0009345794393,-0.02361111111,,-2.45
1796,1.656124856,0.03829457364,0.0194081284,0.006060346933,-0.02546847533,0.03271028037,0.04382716049,0.4939271255,8.233333333
1797,-1.384094593,-0.03093023256,-0.002805869709,-0.01463130085,0.01743717056,-0.03146417445,-0.03040123457,,-6.65
1798,-1.112572634,-0.02798449612,-0.002338976561,-0.008820853108,0.01115982967,-0.03551401869,-0.02052469136,,-6.016666667
1799,0.1741791639,0.004341085271,0.007657329428,-0.0113367535,0.003679424072,0.007165109034,0.001543209877,1.982142857,0.9333333333
1800,0.05708014289,0.001472868217,0.01919671775,-0.02982813033,0.01063141258,0.01121495327,-0.008179012346,7.368421053,0.3166666667
1801,-0.3037717232,-0.007286821705,-0.004613122703,-0.003666425101,0.008279547804,-0.0277258567,0.01296296296,,-1.566666667
1802,0.3027134688,0.007829457364,0.007538600142,-0.005958005266,-0.001580594876,0.008411214953,0.00725308642,1.712871287,1.683333333
1803,0.6733247551,0.01542635659,0.02436449454,-0.01055486157,-0.01380963298,0.01059190031,0.02021604938,0.6683417085,3.316666667
1804,-1.682208515,-0.04015503876,-0.01986472585,0.002498073571,0.01736665228,-0.02663551402,-0.05354938272,,-8.633333333
1805,-0.3304703721,-0.008449612403,-0.009097184446,-5.277579976e-05,0.009149960245,-0.03271028037,0.01558641975,,-1.816666667
1806,-1.079257811,-0.02573643411,-0.01608408662,0.01957497234,-0.00349088572,-0.01962616822,-0.03179012346,,-5.533333333
1807,0.7012731809,0.01604651163,0.01535830362,-0.01852307117,0.003164767549,-0.005763239875,0.03765432099,0.6376811594,3.45
1808,-1.514402258,-0.03627906977,-0.02583295824,0.01858583376,0.007247124477,-0.008411214953,-0.06388888889,,-7.8
1809,0.5936080591,0.01496124031,0.01840676184,-0.01142960174,-0.006977160098,-0.01479750779,0.04444444444,1.321243523,3.216666667
1810,-0.8179908164,-0.01984496124,-0.01431272085,0.009147748417,0.005164972428,-0.004517133956,-0.0350308642,,-4.266666667
1811,-0.1525185541,-0.003565891473,-0.02754726125,0.006554058358,0.0209932029,-0.0445482866,0.03703703704,,-0.7666666667
1812,0.8897444685,0.0215503876,0.02061887591,-0.00181727726,-0.01880159865,-0.01791277259,0.06064814815,0.7446043165,4.633333333
1813,-0.8261472979,-0.02023255814,0.008999786935,-0.001750270633,-0.007249516302,0.02289719626,-0.06296296296,,-4.35
1814,0.2162129706,0.005426356589,0.01760876827,-0.01826424607,0.0006554777963,-0.006230529595,0.01697530864,1.528571429,1.166666667
1815,0.3016052841,0.007751937984,0.006225873841,-0.005631121625,-0.000594752216,-0.03333333333,0.04845679012,1.45,1.666666667
1816,-0.4220844402,-0.0103875969,-0.002704846604,0.03662962276,-0.03392477616,-0.03847352025,0.0174382716,,-2.233333333
1817,0.2132700066,0.00511627907,0.01489500286,-0.01368846511,-0.00120653775,0.02274143302,-0.01234567901,2.060606061,1.1
1818,-0.6351644905,-0.01581395349,-0.006426594853,0.0008508366646,0.005575758189,0.03052959502,-0.06172839506,,-3.4
1819,-0.1307366185,-0.003255813953,-0.01909000565,0.03353451471,-0.01444450906,-0.0253894081,0.01867283951,,-0.7
1820,1.321096795,0.03069767442,0.01402214408,0.004772873182,-0.01879501726,0.03629283489,0.02515432099,0.5126262626,6.6
1821,-0.8322899472,-0.01860465116,-0.002292708418,0.008492526835,-0.006199818416,-0.03691588785,-0.000462962963,,-4.0
1822,-0.2511314462,-0.005891472868,-0.007964441437,0.002064656584,0.005899784853,-0.01246105919,0.0006172839506,,-1.266666667
1823,0.7616956924,0.01914728682,0.00731081775,-0.009576115961,0.002265298211,0.007165109034,0.03101851852,0.6720647773,4.116666667
1824,-0.2297426782,-0.005426356589,0.008564892841,-0.01243541343,0.00387052059,-0.03473520249,0.02361111111,,-1.166666667
1825,1.075597445,0.02565891473,0.02274456703,-0.01964999021,-0.003094576817,-0.002647975078,0.0537037037,0.8187311178,5.516666667
1826,0.4604836281,0.00984496124,-0.01845047614,0.03176024978,-0.01330977365,0.006386292835,0.01327160494,0.4409448819,2.116666667
1827,0.3087493411,0.007829457364,0.005634530789,-0.003204237416,-0.002430293373,0.002336448598,0.01327160494,1.01980198,1.683333333
1828,0.9308036643,0.02248062016,0.02259915657,-0.01449060783,-0.008108548743,0.006230529595,0.03858024691,0.4310344828,4.833333333
1829,0.6231770936,0.01550387597,-0.0007170975969,0.02385681469,-0.02313971709,0.01059190031,0.02037037037,1.245,3.333333333
1830,-1.412007172,-0.03341085271,-0.01684245376,-0.008023609112,0.02486606288,-0.04595015576,-0.02098765432,,-7.183333333
1831,-1.317589287,-0.03108527132,-0.02286068814,0.02391664084,-0.001055952705,-0.05856697819,-0.003858024691,,-6.683333333
1832,-0.5117534372,-0.01224806202,-0.004452749346,-0.01842824054,0.02288098989,-0.03738317757,0.01265432099,,-2.633333333
1833,0.03645454377,0.0008527131783,0.008226543376,-0.0102957658,0.00206922242,0.008255451713,-0.006481481481,8.636363636,0.1833333333
1834,-0.5827626562,-0.01457364341,0.0008866215961,-0.01673901951,0.01585239791,-0.04080996885,0.01141975309,,-3.133333333
1835,0.8956177515,0.02286821705,0.03157112253,-0.02122932713,-0.01034179539,0.03239875389,0.01342592593,0.5322033898,4.916666667
1836,-1.064649029,-0.02472868217,-0.02499603298,0.04509657881,-0.02010054583,-0.05186915888,0.002160493827,,-5.316666667
1837,-0.05580337314,-0.001162790698,-0.004189032815,-0.01884431996,0.02303335278,-0.001401869159,-0.0009259259259,,-0.25
1838,-3.744248606,-0.08031007752,-0.0334439502,-0.00339205085,0.03683600105,-0.08473520249,-0.07592592593,,-17.26666667
1839,1.010913542,0.02472868217,0.02789130764,-0.005183072081,-0.02270823556,0.009657320872,0.03966049383,0.6269592476,5.316666667
1840,-0.517991964,-0.01263565891,-0.02472831143,0.021376513,0.00335179843,0.005451713396,-0.03055555556,,-2.716666667
1841,0.4611086657,0.0115503876,0.003342296142,-0.003160820583,-0.0001814755591,-0.006853582555,0.02978395062,1.214765101,2.483333333
1842,-0.2055624113,-0.005271317829,0.02370144782,-0.02900543845,0.005303990626,-0.01791277259,0.00725308642,,-1.133333333
1843,0.6788586149,0.01666666667,-0.0003216934566,-0.0001913733469,0.0005130668035,0.01682242991,0.01651234568,0.8139534884,3.583333333
1844,-0.04153583286,-0.001007751938,-8.575298123e-05,-0.01667455413,0.01676030711,-0.02866043614,0.02638888889,,-0.2166666667
1845,1.498300997,0.03658914729,0.02531152611,0.003239523003,-0.02855104911,-0.001557632399,0.07438271605,0.7584745763,7.866666667
1846,-2.462673128,-0.05852713178,-0.02971170396,0.002975211993,0.02673649197,-0.03348909657,-0.08333333333,,-12.58333333
1847,1.309363462,0.03302325581,0.007066689972,-0.003928619733,-0.003138070239,0.0006230529595,0.06512345679,0.9953051643,7.1
1848,0.300940783,0.007286821705,0.01599592936,-0.01786935986,0.001873430501,0.02663551402,-0.01188271605,2.436170213,1.566666667
1849,-0.5983219744,-0.01410852713,-0.004010408881,0.001215252681,0.0027951562,-0.02258566978,-0.005709876543,,-3.033333333
1850,-0.5678306292,-0.01325581395,-0.01290462171,0.04107972263,-0.02817510092,-0.0253894081,-0.001234567901,,-2.85
1851,1.047275205,0.02573643411,-0.0005098384783,-0.00451360944,0.005023447918,-0.01105919003,0.06219135802,0.9698795181,5.533333333
1852,0.6903007787,0.01651162791,0.01443559437,-0.01061085167,-0.003824742705,-0.007788161994,0.04058641975,1.014084507,3.55
1853,0.7867299628,0.01868217054,0.008467238887,0.0181113898,-0.02657862869,0.02289719626,0.01450617284,1.107883817,4.016666667
1854,0.7898429616,0.02,0.02463709796,-0.01366568339,-0.01097141458,0.02414330218,0.01589506173,0.8682170543,4.3
1855,-1.129036161,-0.02620155039,-0.01109732521,-0.002839859903,0.01393718511,-0.06542056075,0.01265432099,,-5.633333333
1856,0.9466143931,0.02124031008,0.008545951785,-0.0250226608,0.01647670901,0.02180685358,0.02067901235,0.6824817518,4.566666667
1857,1.575719315,0.03558139535,0.01623116284,-0.009441793282,-0.006789369556,0.006542056075,0.06435185185,0.7211328976,7.65
1858,0.8487329466,0.02015503876,0.01823566943,-0.005123613435,-0.013112056,0.01261682243,0.02762345679,0.3423076923,4.333333333
1859,1.13963988,0.02860465116,0.0373554006,-0.02923385676,-0.008121543835,0.02710280374,0.03009259259,0.7127371274,6.15
1860,-0.3590464539,-0.008914728682,0.01096747612,-0.02762002708,0.01665255096,0.02429906542,-0.04182098765,,-1.916666667
1861,0.6093232012,0.01426356589,-0.002939922392,0.007713316821,-0.004773394429,0.004517133956,0.02391975309,0.8913043478,3.066666667
1862,-1.719538323,-0.04093023256,-0.01332396636,-0.009027751123,0.02235171748,-0.08271028037,0.000462962963,,-8.8
1863,-0.636824259,-0.01403100775,-0.03237415959,0.01448651292,0.01788764667,-0.02912772586,0.0009259259259,,-3.016666667
1864,-0.1618527736,-0.003720930233,-0.02861370524,0.02546973059,0.003143974649,0.01277258567,-0.0200617284,,-0.8
1865,-0.2280354931,-0.00496124031,-0.008828670013,-0.01148129788,0.0203099679,-0.007632398754,-0.002314814815,,-1.066666667
1866,0.798797999,0.0196124031,0.004528253655,-0.005646008833,0.001117755178,0.01323987539,0.02592592593,0.7509881423,4.216666667
1867,1.688633256,0.03937984496,0.0208044614,0.02125585467,-0.04206031607,0.01137071651,0.06712962963,0.4763779528,8.466666667
1868,0.2134281831,0.005348837209,-0.00761705041,0.01401245392,-0.006395403507,-0.01931464174,0.02978395062,1.898550725,1.15
1869,1.711733996,0.03899224806,-0.002401025242,0.004548098537,-0.002147073295,0.06947040498,0.008796296296,0.3836978131,8.383333333
1870,-0.5419321331,-0.0119379845,0.004883724093,-0.01608925847,0.01120553438,-0.02398753894,1.027984282e-18,,-2.566666667
1871,1.560224786,0.03596899225,0.02451333441,-0.02101530707,-0.003498027338,0.008255451713,0.06342592593,0.4913793103,7.733333333
1872,0.1520400972,0.003643410853,-0.001505114726,-0.008261843762,0.009766958488,0.001090342679,0.006172839506,2.553191489,0.7833333333
1873,0.6966253916,0.01565891473,-0.002973652113,-0.004814436666,0.007788088779,0.003271028037,0.02793209877,0.9702970297,3.366666667
1874,1.80166039,0.04224806202,0.02792709268,-0.0001562137023,-0.02777087898,0.02429906542,0.0600308642,0.4917431193,9.083333333
1875,2.026951617,0.04914728682,0.02530908356,-0.01931717767,-0.00599190589,0.02757009346,0.07052469136,0.6561514196,10.56666667
1876,1.371654718,0.03240310078,0.02084806193,-0.009926697576,-0.01092136435,0.02056074766,0.04413580247,0.6531100478,6.966666667
1877,2.322378866,0.05596899225,0.02683198678,-0.02160407072,-0.005227916061,0.05919003115,0.05277777778,0.4016620499,12.03333333
1878,-1.180701923,-0.03162790698,-0.04588176041,0.02768399321,0.0181977672,-0.03878504673,-0.02453703704,,-6.8
1879,0.04022921524,0.0009302325581,-0.001305430195,-0.01378621071,0.0150916409,-0.002647975078,0.004475308642,15.25,0.2
1880,-2.302698488,-0.05240310078,-0.02468059081,0.009414293031,0.01526629778,-0.05778816199,-0.04706790123,,-11.26666667
1881,-0.8017687156,-0.0196124031,-0.01725901936,0.01225581245,0.00500320691,-0.01012461059,-0.02901234568,,-4.216666667
1882,-0.6743487612,-0.01612403101,-0.002210362989,-0.02500166799,0.02721203098,-0.01713395639,-0.01512345679,,-3.466666667
1883,-0.2451913203,-0.005968992248,0.001257078111,0.01305638736,-0.01431346547,0.001401869159,-0.01327160494,,-1.283333333
1884,-1.72318105,-0.0415503876,-0.001020952409,-0.03760590044,0.03862685285,-0.04485981308,-0.03827160494,,-8.933333333
1885,0.8211290751,0.01875968992,0.01447260467,-0.02137113528,0.006898530603,0.02133956386,0.0162037037,0.5165289256,4.033333333
1886,-1.454528321,-0.0384496124,-0.02699363196,0.02258440741,0.004409224549,-0.05732087227,-0.01975308642,,-8.266666667
1887,-1.457416428,-0.03658914729,-0.02572828206,0.02400802852,0.001720253537,-0.05498442368,-0.01836419753,,-7.866666667
1888,-0.4765797979,-0.01085271318,-0.0003905658107,-0.0105350445,0.01092561031,-0.01121495327,-0.01049382716,,-2.333333333
1889,-0.4640107246,-0.01015503876,-0.0002131246551,-0.007234401121,0.007447525776,0.0261682243,-0.04614197531,,-2.183333333
1890,0.4294331779,0.0103875969,0.008692993676,0.003744009023,-0.0124370027,-0.01277258567,0.03333333333,0.6119402985,2.233333333
1891,-2.333017416,-0.0576744186,-0.0202511531,-0.01578919298,0.03604034608,-0.08380062305,-0.03179012346,,-12.4
1892,-0.0720264617,-0.001627906977,-0.002981446895,0.01121546311,-0.008234016215,-0.01573208723,0.01234567901,,-0.35
1893,1.761994554,0.04751937984,0.01294206705,0.009579412065,-0.02252147911,0.03395638629,0.06095679012,0.4437194127,10.21666667
1894,1.977584125,0.04496124031,0.02051112357,0.002866280031,-0.02337740361,0.04501557632,0.04490740741,0.6482758621,9.666666667
1895,2.365433872,0.05519379845,0.01045573002,0.002771623737,-0.01322735376,0.02492211838,0.08518518519,0.6123595506,11.86666667
1896,1.558514054,0.04379844961,0.03688298919,-0.02253200094,-0.01435098825,0.02507788162,0.06234567901,0.4690265487,9.416666667
1897,-0.3060462397,-0.007286821705,-0.003188981522,-0.00200455083,0.005193532353,-0.01619937695,0.001543209877,,-1.566666667
1898,0.5204715535,0.01162790698,0.02232027946,-0.04176492558,0.01944464612,0.03021806854,-0.006790123457,1.793333333,2.5
1899,1.073532705,0.02573643411,0.01552732668,-0.003067521131,-0.01245980554,0.02819314642,0.02330246914,0.6265060241,5.533333333
1900,-1.356297209,-0.03062015504,-0.01831064132,0.003913838417,0.0143968029,0.003738317757,-0.06466049383,,-6.583333333
1901,0.5141965445,0.01131782946,0.01611524657,-0.00142430201,-0.01469094456,-0.002180685358,0.02469135802,0.595890411,2.433333333
1902,-0.09919096166,-0.002480620155,0.01493125397,-0.02156663155,0.006635377585,0.0007788161994,-0.005709876543,,-0.5333333333
1903,2.241563586,0.05263565891,0.02328320049,0.01721510112,-0.04049830161,0.03987538941,0.06527777778,0.3932253314,11.31666667
1904,0.2095930878,0.00503875969,0.01671390715,-0.02564776431,0.008933857165,-0.01697819315,0.02685185185,2.184615385,1.083333333
1905,1.915847275,0.04759689922,0.03200092614,-0.02068896871,-0.01131195742,0.053894081,0.04135802469,0.4543973941,10.23333333
1906,0.2086662502,0.00496124031,0.01149284458,-0.01906324441,0.00757039983,-0.0453271028,0.05478395062,2.625,1.066666667
1907,1.493831095,0.03534883721,-0.000826185016,-0.008240084773,0.009066269789,0.07352024922,-0.002469135802,0.7149122807,7.6
1908,0.2997797003,0.006976744186,0.0008097088135,-0.004218995975,0.003409287161,0.03940809969,-0.02515432099,3.177777778,1.5
1909,-1.664941324,-0.03775193798,-0.003199370519,-0.01838912797,0.02158849849,-0.03302180685,-0.0424382716,,-8.116666667
1910,0.449284863,0.009689922481,-0.02881089584,0.0390146563,-0.01020376046,-0.002959501558,0.02222222222,1.6,2.083333333
1911,-1.253093867,-0.03108527132,-0.0297531021,0.01324296591,0.01651013618,-0.02352024922,-0.03858024691,,-6.683333333
1912,1.052791672,0.02674418605,0.01956508388,-0.009052433319,-0.01051265056,0.01339563863,0.0399691358,0.6956521739,5.75
1913,-0.1958554679,-0.004728682171,-0.01554549679,0.03501403333,-0.01946853653,-0.01635514019,0.006790123457,,-1.016666667
1914,0.2267466512,0.00496124031,0.004813137717,0.02317351031,-0.02798664803,0.002492211838,0.007407407407,3.328125,1.066666667
1915,1.486139749,0.03147286822,0.00367554952,-0.001201547729,-0.002474001791,0.01308411215,0.04969135802,0.5172413793,6.766666667
1916,-0.1614353318,-0.003953488372,0.01042631128,-0.02026826548,0.009841954198,0.004672897196,-0.0125,,-0.85
1917,-2.040685205,-0.04829457364,-0.01871288364,0.007423637801,0.01128924584,-0.06090342679,-0.03580246914,,-10.38333333
1918,-0.8728371563,-0.01968992248,-0.0269895245,0.01387497469,0.01311454981,-0.04563862928,0.006018518519,,-4.233333333
1919,-1.160289311,-0.02759689922,-0.008348084336,-0.01547856234,0.02382664668,-0.05062305296,-0.004783950617,,-5.933333333
1920,0.1203633353,0.002945736434,0.003189126749,-0.01026544771,0.00707632096,0.004984423676,0.0009259259259,4.394736842,0.6333333333
1921,-0.3942860101,-0.009457364341,0.00487922532,-0.002398811915,-0.002480413405,-0.01168224299,-0.00725308642,,-2.033333333
1922,1.583742866,0.03775193798,0.01004219399,-0.005857572968,-0.004184621018,0.03115264798,0.04429012346,0.4455852156,8.116666667
1923,0.3379382586,0.007674418605,0.002794937581,-0.003096400726,0.0003014631444,-0.03052959502,0.04552469136,1.636363636,1.65
1924,1.784080513,0.04333333333,0.01645857788,0.004135402168,-0.02059398005,0.03239875389,0.05416666667,0.3559928444,9.316666667
1925,-0.4083150741,-0.01046511628,-0.0143012532,0.002197365275,0.01210388792,-0.03629283489,0.01512345679,,-2.25
1926,1.242843254,0.03031007752,0.02364706518,-0.0004396145428,-0.02320745064,0.009034267913,0.05138888889,1.140664962,6.516666667
1927,0.2637064642,0.006589147287,0.001878924641,-0.003560254106,0.001681329465,-0.02725856698,0.04012345679,1.388235294,1.416666667
1928,-0.3077505873,-0.007441860465,-0.001899544782,0.01468970309,-0.01279015831,-0.007943925234,-0.006944444444,,-1.6
1929,-2.527845289,-0.05627906977,-0.02063217741,-0.01067601505,0.03130819246,-0.03473520249,-0.07762345679,,-12.1
1930,-1.210287338,-0.03139534884,-0.02237062523,-0.005839710839,0.02821033607,-0.02881619938,-0.03395061728,,-6.75
1931,2.12866584,0.05279069767,0.02807301931,-0.01255384206,-0.01551917726,0.06853582555,0.03719135802,0.5447870778,11.35
1932,0.1620988716,0.004031007752,0.001131261102,0.03245512836,-0.03358638946,-0.01526479751,0.02314814815,2.480769231,0.8666666667
1933,-0.782258734,-0.01930232558,0.000351688036,0.002440848865,-0.002792536901,-0.03224299065,-0.006481481481,,-4.15
1934,2.861561847,0.06682170543,0.02866601944,0.005689966927,-0.03435598636,0.07912772586,0.05462962963,0.3955916473,14.36666667
1935,1.090503089,0.02875968992,-0.0009581794064,-0.0002010094141,0.00115918882,0.01433021807,0.04305555556,0.4905660377,6.183333333
1936,0.6730602539,0.01705426357,0.01935882211,-0.008346375381,-0.01101244673,-0.03177570093,0.06543209877,1.359090909,3.666666667
1937,-0.7003376686,-0.01550387597,-0.02667718027,0.02655109094,0.0001260893349,-0.02788161994,-0.003240740741,,-3.333333333
1938,1.193722742,0.02852713178,0.01919348716,-0.01483244992,-0.004361037233,0.005295950156,0.05154320988,0.6168478261,6.133333333
1939,-1.63103473,-0.03813953488,-0.0352992123,0.007471602941,0.02782760935,-0.06433021807,-0.01219135802,,-8.2
1940,0.3604738013,0.008604651163,0.003185055964,0.009461353871,-0.01264640983,0.05685358255,-0.03919753086,1.693693694,1.85
1941,-1.2392372,-0.02992248062,-0.02185347162,0.01416346047,0.007690011149,-0.04890965732,-0.01111111111,,-6.433333333
1942,-0.7703671983,-0.01914728682,-0.005989091995,-0.001935594332,0.007924686327,0.004049844237,-0.04212962963,,-4.116666667
1943,0.7564553321,0.01968992248,-0.002342530789,0.02401225304,-0.02166972225,0.03146417445,0.008024691358,0.7165354331,4.233333333
1944,0.08747376085,0.002015503876,0.004108659248,0.01010831094,-0.01421697018,0.008099688474,-0.004012345679,3.230769231,0.4333333333
1945,0.6889452523,0.01697674419,0.004617385894,0.02889527242,-0.03351265831,-0.01090342679,0.04459876543,1.479452055,3.65
1946,0.8724249167,0.02162790698,-0.003936131655,-0.004517920034,0.008454051689,-0.03052959502,0.07330246914,0.9211469534,4.65
1947,-0.444998957,-0.01015503876,-0.02076951892,0.009307335322,0.0114621836,-0.004672897196,-0.01558641975,,-2.183333333
1948,1.645425478,0.04139534884,0.04139031277,-0.03475934542,-0.006630967352,0.0523364486,0.03055555556,0.6161048689,8.9
1949,1.103956481,0.02604651163,0.007785130764,-0.013620341,0.005835210237,0.01339563863,0.03858024691,0.931547619,5.6
1950,1.784064927,0.04558139535,0.00842712836,-0.001169535614,-0.007257592745,-0.001090342679,0.09182098765,0.6496598639,9.8
1951,1.049218072,0.02651162791,0.01515841303,-0.01903081152,0.00387239849,0.03753894081,0.01558641975,0.5584795322,5.7
1952,1.883330366,0.04410852713,0.01400366834,-0.007628174848,-0.006375493494,0.02165109034,0.06635802469,0.6274165202,9.483333333
1953,2.343741672,0.05372093023,0.01765554402,0.0262369401,-0.04389248412,0.07601246106,0.03163580247,0.4386724387,11.55
1954,0.517827016,0.01317829457,0.01184180764,-0.02294827968,0.01110647204,-0.005607476636,0.03179012346,0.7352941176,2.833333333
1955,-0.4490600811,-0.01108527132,-0.01047680827,0.004228895689,0.006247912578,-0.01261682243,-0.009567901235,,-2.383333333
1956,0.8802941605,0.02286821705,0.01662258103,-0.004036941382,-0.01258563965,-0.02834890966,0.07361111111,0.7288135593,4.916666667
1957,0.9968310348,0.02271317829,0.01545774957,-0.009725296951,-0.005732452615,0.05638629283,-0.01064814815,1.098976109,4.883333333
1958,0.09382357935,0.002248062016,-0.005995190415,-0.00260197648,0.008597166895,-0.0207165109,0.025,3.068965517,0.4833333333
1959,-0.2230718417,-0.005968992248,0.004958370913,-0.01838480658,0.01342643567,-0.06137071651,0.04891975309,,-1.283333333
1960,0.00328412989,7.751937984e-05,0.004208404504,-0.01404879676,0.009840392258,0.02196261682,-0.02160493827,166.0,0.01666666667
1961,-0.04274593189,-0.001085271318,0.003388191888,0.005447897625,-0.008836089514,-0.007632398754,0.005401234568,,-0.2333333333
1962,-1.281444773,-0.02992248062,-0.01493950028,-0.001518473071,0.01645797335,-0.07102803738,0.01080246914,,-6.433333333
1963,-0.2533693731,-0.006666666667,-0.0169528609,0.009642383892,0.007310477007,-0.05809968847,0.04429012346,,-1.433333333
1964,-1.277973863,-0.03069767442,-0.01185669626,-0.002846949173,0.01470364543,-0.04330218069,-0.01820987654,,-6.6
1965,0.2742644799,0.006666666667,0.004783245656,0.0006697512949,-0.005452996951,-0.02087227414,0.03395061728,2.162790698,1.433333333
1966,-0.389686858,-0.00992248062,-0.01203389951,0.007195101391,0.004838798124,-0.02367601246,0.003703703704,,-2.133333333
1967,1.503838242,0.03534883721,0.02151020745,0.00386545934,-0.0253756668,0.01292834891,0.0575617284,0.6557017544,7.6
1968,-0.4884999761,-0.01162790698,0.01352638865,-0.01141419793,-0.00211219072,0.0253894081,-0.04830246914,,-2.5
1969,0.5064331665,0.01085271318,-0.001003046533,0.006847630706,-0.005844584173,0.03333333333,-0.01141975309,0.8785714286,2.333333333
1970,0.06649383704,0.001782945736,0.01014841512,0.01599563787,-0.02614405299,0.02165109034,-0.01790123457,5.260869565,0.3833333333
1971,2.299494814,0.05488372093,0.03096302607,-0.01076711618,-0.02019590988,0.03738317757,0.07222222222,0.4661016949,11.8
1972,0.9255014981,0.02558139535,0.01743464255,-0.0151122576,-0.002322384948,-0.006386292835,0.05725308642,0.7818181818,5.5
1973,0.5073835056,0.01263565891,0.009956587991,-0.005524645562,-0.004431942429,-0.04408099688,0.06882716049,1.656441718,2.716666667
1974,-1.467734877,-0.03279069767,-0.02186657659,0.0006561178981,0.02121045869,-0.08364485981,0.01759259259,,-7.05
1975,0.7202214064,0.01736434109,-0.005391153661,0.009373225032,-0.003982071371,0.001713395639,0.03287037037,0.9464285714,3.733333333
1976,-1.37947657,-0.03395348837,-0.02846572188,0.01292022314,0.01554549874,-0.05716510903,-0.01095679012,,-7.3
1977,0.4051255151,0.00976744186,0.01309542316,-0.006115931469,-0.006979491691,-0.01137071651,0.03070987654,1.23015873,2.1
1978,-0.4548108423,-0.01069767442,0.001867347025,-0.0202290713,0.01836172428,-0.01448598131,-0.006944444444,,-2.3
1979,2.441226719,0.05813953488,0.02490196954,0.02716148472,-0.05206345426,0.053894081,0.06234567901,0.4173333333,12.5
1980,-1.235850228,-0.03263565891,-0.04510599704,0.02563622689,0.01946977015,-0.007165109034,-0.05787037037,,-7.016666667
1981,3.025508739,0.07620155039,0.01107733578,0.007613659542,-0.01869099532,0.114953271,0.03780864198,0.4516785351,16.38333333
1982,0.7189310901,0.01813953488,0.01305461255,-0.006265566979,-0.006789045574,-0.01168224299,0.04768518519,0.688034188,3.9
1983,0.7860042532,0.01775193798,-0.0009350433195,-0.001707084839,0.002642128159,0.002180685358,0.03317901235,0.711790393,3.816666667
1984,1.538896402,0.03736434109,0.02847400287,0.00136276621,-0.02983676908,0.03535825545,0.03935185185,0.4398340249,8.033333333
1985,-0.1320889,-0.003023255814,0.01800142627,-0.02294144815,0.004940021875,0.01183800623,-0.01774691358,,-0.65
1986,1.531693557,0.03558139535,0.01201207797,0.01318372012,-0.02519579809,0.01542056075,0.05555555556,0.4357298475,7.65
1987,-0.1011751663,-0.002403100775,-0.006903886272,0.03241487844,-0.02551099217,-0.04003115265,0.03487654321,,-0.5166666667
1988,-0.9706606305,-0.02317829457,-0.03410367187,0.009387935486,0.02471573638,-0.01090342679,-0.03533950617,,-4.983333333
1989,1.096340745,0.02689922481,0.0114471351,0.001888110741,-0.01333524584,0.03146417445,0.02237654321,0.7031700288,5.783333333
1990,-2.35196269,-0.05550387597,-0.0208141664,-0.01064598271,0.0314601491,-0.04190031153,-0.06898148148,,-11.93333333
1991,-1.417358396,-0.03465116279,5.044385277e-05,-0.01369406687,0.01364362302,-0.03426791277,-0.0350308642,,-7.45
1992,-0.4679595338,-0.01054263566,-0.000973781415,-0.004443319342,0.005417100757,-0.02133956386,0.0001543209877,,-2.266666667
1993,-0.9907335472,-0.02310077519,-0.01427139777,0.02309337451,-0.008821976745,-0.01931464174,-0.02685185185,,-4.966666667
1994,-0.3581929256,-0.008992248062,-0.001134833987,-0.005691708708,0.006826542696,-0.01433021807,-0.003703703704,,-1.933333333
1995,0.769781945,0.01728682171,-0.008551307743,0.0001693317553,0.008381975988,0.03208722741,0.00262345679,0.7085201794,3.716666667
1996,0.1454006952,0.003565891473,-0.008413780555,0.01785915065,-0.009445370095,-0.04018691589,0.04691358025,5.239130435,0.7666666667
1997,-0.6368696559,-0.01387596899,-0.02355154359,0.03142915064,-0.007877607045,-0.04423676012,0.0162037037,,-2.983333333
1998,0.7053415492,0.01682170543,0.01680989377,-0.006460607474,-0.01034928629,-0.0285046729,0.06172839506,1.046082949,3.616666667
1999,1.419928132,0.03426356589,0.002630341897,-0.001526454539,-0.001103887359,0.001246105919,0.06697530864,0.7058823529,7.366666667
2000,-0.9924806717,-0.02131782946,-0.008767995722,0.01387084296,-0.005102847241,-0.006542056075,-0.03595679012,,-4.583333333
2001,0.9554506238,0.02054263566,0.01751527451,-0.0178476146,0.0003323400895,-0.005607476636,0.04645061728,0.7283018868,4.416666667
2002,-0.8120483866,-0.0203875969,0.001513403863,-0.01833900648,0.01682560261,-0.02414330218,-0.01666666667,,-4.383333333
2003,0.7683040656,0.01984496124,0.01850634539,-0.02639804678,0.007891701382,0.01838006231,0.0212962963,0.72265625,4.266666667
2004,-1.130974397,-0.02713178295,-0.01059869054,0.03120828404,-0.0206095935,-0.009345794393,-0.04475308642,,-5.833333333
2005,-0.0352422145,-0.0008527131783,-0.01282293541,0.02714804852,-0.01432511312,-0.01884735202,0.01697530864,,-0.1833333333
2006,0.6698536176,0.01534883721,0.007717551876,-0.002335744858,-0.005381807018,0.03395638629,-0.003086419753,0.6818181818,3.3
2007,1.529836135,0.03666666667,0.03056824787,-0.014445368,-0.01612287987,0.01526479751,0.05787037037,0.5031712474,7.883333333
2008,-1.117351227,-0.02689922481,-0.0115590822,0.02170440861,-0.01014532641,-0.01199376947,-0.04166666667,,-5.783333333
2009,0.8989076087,0.02131782946,4.809184139e-05,0.01151010773,-0.01155819957,-0.01526479751,0.0575617284,1.025454545,4.583333333
2010,0.6286197866,0.01457364341,0.002849841039,0.01567143389,-0.01852127493,0.02118380062,0.008024691358,0.6276595745,3.133333333
2011,-0.331914563,-0.007829457364,0.004631885856,0.000664216172,-0.005296102028,-0.03115264798,0.01527777778,,-1.683333333
2012,1.572342893,0.03782945736,0.01301580934,0.01628536597,-0.02930117531,0.05825545171,0.01759259259,0.5532786885,8.133333333
2013,-0.6472349108,-0.01713178295,0.005027836507,-0.003356689228,-0.001671147279,0.0006230529595,-0.03472222222,,-3.683333333
2014,1.123117514,0.02782945736,0.009112866784,0.0001250007054,-0.009237867489,0.03598130841,0.01975308642,0.5181058496,5.983333333
2015,-0.3881058795,-0.009379844961,-0.03051545656,0.02951409811,0.001001358451,-0.01947040498,0.0006172839506,,-2.016666667
2016,-0.9581073457,-0.02279069767,-0.0003938987977,0.01101374148,-0.01061984268,-0.03146417445,-0.01419753086,,-4.9
2017,0.7985632711,0.0188372093,-0.001915059525,-0.005341437307,0.007256496832,-0.001090342679,0.03858024691,0.9053497942,4.05
2018,-1.168221151,-0.02759689922,-0.0321695087,0.01178142453,0.02038808417,-0.06651090343,0.01095679012,,-5.933333333
2019,1.106261448,0.02674418605,0.03046374668,-5.894810405e-05,-0.03040479857,-0.02352024922,0.07654320988,0.7652173913,5.75
2020,-0.8762805322,-0.02162790698,-0.007205878645,-0.0102220193,0.01742789794,0.0001557632399,-0.04320987654,,-4.65
2021,-0.722003849,-0.01643410853,0.006116882184,-0.0264677562,0.02035087402,-0.05591900312,0.02268518519,,-3.533333333
2022,-0.7159239044,-0.01627906977,-0.03366411135,0.008167964458,0.02549614689,-0.04641744548,0.01358024691,,-3.5
2023,0.1349103124,0.003410852713,0.02017424691,-0.01210910306,-0.00806514385,0.02803738318,-0.02098765432,5.772727273,0.7333333333
2024,1.11421171,0.02705426357,-0.02154308679,0.02774641836,-0.006203331572,0.0214953271,0.0325617284,0.659025788,5.816666667
2025,-2.497003528,-0.0607751938,-0.01469851975,-0.014370898,0.02906941775,-0.05327102804,-0.06820987654,,-13.06666667
2026,1.710954807,0.04186046512,0.01125826339,0.01863896772,-0.02989723111,0.03333333333,0.05030864198,0.5185185185,9.0
2027,-0.9533306952,-0.02325581395,-0.009403342063,-0.002603988305,0.01200733037,0.03489096573,-0.08086419753,,-5.0
2028,-0.2045873631,-0.00503875969,-0.001314419489,-0.008561362766,0.009875782255,-0.04112149533,0.03070987654,,-1.083333333
2029,-1.955813437,-0.04596899225,-0.05514065401,0.04359749858,0.01154315544,-0.05498442368,-0.03703703704,,-9.883333333
2030,-0.3295649148,-0.007906976744,-0.00417322419,0.01107644041,-0.006903216218,0.007009345794,-0.02268518519,,-1.7
2031,-1.233003015,-0.0288372093,-0.004342918627,-0.007852469373,0.012195388,-0.09595015576,0.03765432099,,-6.2
2032,0.9725104483,0.02364341085,0.0137063259,0.007754007566,-0.02146033346,0.01137071651,0.03580246914,0.7901639344,5.083333333
2033,0.05791780121,0.001317829457,6.557586119e-05,-0.006560550689,0.006494974828,-0.04595015576,0.04814814815,13.29411765,0.2833333333
2034,-0.7130088428,-0.01689922481,-0.03839668303,0.04282118054,-0.004424497506,-0.04112149533,0.007098765432,,-3.633333333
2035,-0.1862925276,-0.004418604651,-0.003182231675,0.00515080884,-0.001968577165,-0.03380062305,0.02469135802,,-0.95
2036,-0.1242694262,-0.003023255814,-0.01128937779,0.01430235881,-0.003012981016,-0.008566978193,0.002469135802,,-0.65
2037,0.9935393902,0.0223255814,0.02159588319,-0.01885974211,-0.002736141087,0.03909657321,0.005709876543,0.6319444444,4.8
2038,-1.020572977,-0.02627906977,0.003244465218,-0.01411278004,0.01086831482,-0.009968847352,-0.0424382716,,-5.65
2039,0.5782965918,0.01356589147,-0.001459880247,0.01631883158,-0.01485895133,0.05295950156,-0.02546296296,0.9657142857,2.916666667
2040,0.5860179169,0.01372093023,0.02931758064,-0.02868552276,-0.000632057877,0.02788161994,-0.0003086419753,0.8079096045,2.95
2041,-1.849082904,-0.04457364341,-0.02269779809,0.02075380196,0.001943996124,-0.0292834891,-0.05972222222,,-9.583333333
2042,-0.5237041193,-0.01248062016,0.0007958865664,-0.01233724487,0.01154135831,0.01323987539,-0.03796296296,,-2.683333333
2043,-1.582428749,-0.03534883721,0.005322869135,-0.03116698875,0.02584411961,-0.05062305296,-0.02021604938,,-7.6
2044,1.0630307,0.02503875969,0.009144346891,-0.001662133899,-0.007482212991,0.0001557632399,0.04969135802,0.7089783282,5.383333333
2045,2.094833829,0.04480620155,0.02377362592,-0.01300410366,-0.01076952226,0.03489096573,0.05462962963,0.4238754325,9.633333333
2046,-0.414504701,-0.01015503876,0.01225411815,0.003156462447,-0.01541058059,0.01557632399,-0.03564814815,,-2.183333333
2047,0.3754276991,0.008837209302,0.03551028467,-0.03590312916,0.0003928444861,0.005607476636,0.01203703704,2.201754386,1.9
2048,0.03939643314,0.001007751938,-0.01053836534,0.01487367687,-0.004335311528,0.01433021807,-0.01219135802,15.92307692,0.2166666667
2049,1.202341037,0.02728682171,0.006508551255,0.002802938444,-0.009311489699,0.01370716511,0.04074074074,0.8977272727,5.866666667
2050,-1.042260862,-0.02341085271,-0.01039155901,0.0009782177179,0.009413341292,-0.07196261682,0.02469135802,,-5.033333333
2051,-0.4190713769,-0.009457364341,0.008612320457,0.004940506359,-0.01355282682,0.02024922118,-0.03888888889,,-2.033333333
2052,-1.075239181,-0.02348837209,-0.01123138153,-0.002961189144,0.01419257068,-0.01884735202,-0.02808641975,,-5.05
2053,-0.8018631593,-0.0192248062,0.001640504321,-0.001358224906,-0.0002822794154,-0.04548286604,0.006790123457,,-4.133333333
2054,0.3132615353,0.007906976744,0.008634959065,0.01068691567,-0.01932187474,0.005451713396,0.01033950617,0.5784313725,1.7
2055,-0.7122568673,-0.01829457364,-0.02666509855,0.03187988852,-0.005214789968,-0.006386292835,-0.03009259259,,-3.933333333
2056,-0.6250792669,-0.01410852713,-0.009176258588,0.01555864435,-0.006382385763,-0.009190031153,-0.01898148148,,-3.033333333
2057,-0.6251440462,-0.01372093023,-0.03483845486,0.02573452837,0.00910392649,-0.001246105919,-0.02608024691,,-2.95
2058,-1.184239769,-0.0296124031,0.009344994998,-0.02485240454,0.01550740954,-0.04018691589,-0.01913580247,,-6.366666667
2059,-0.9831201912,-0.02178294574,-0.02970195248,0.0147809131,0.01492103938,-0.01604361371,-0.0274691358,,-4.683333333
2060,0.463361371,0.00992248062,0.01324995999,-0.02737383886,0.01412387886,0.001713395639,0.01805555556,0.4765625,2.133333333
2061,1.359600654,0.03317829457,0.00882329176,0.001457215884,-0.01028050764,-0.006697819315,0.07268518519,0.5887850467,7.133333333
2062,-0.2600307822,-0.006589147287,0.001521547333,-0.01284638266,0.01132483533,-0.01588785047,0.00262345679,,-1.416666667
2063,0.7509264297,0.01829457364,0.015387216,-0.01822494941,0.00283773341,0.01542056075,0.02114197531,0.8347457627,3.933333333
2064,0.07229611598,0.001782945736,0.01017099746,-0.01202415174,0.001853154283,-0.03676012461,0.0399691358,9.52173913,0.3833333333
2065,0.1802653217,0.004341085271,-0.00604593953,-0.00903515872,0.01508109825,-0.01448598131,0.02299382716,1.517857143,0.9333333333
2066,-0.4640984942,-0.01069767442,-0.005583972634,0.005885509343,-0.0003015367089,0.007943925234,-0.02916666667,,-2.3
2067,-0.9466320626,-0.02550387597,-0.03245863883,0.02572960577,0.00672903306,-0.02803738318,-0.02299382716,,-5.483333333
2068,-1.799910458,-0.04488372093,-0.0401937829,0.02821762535,0.01197615755,-0.03691588785,-0.05277777778,,-9.65
2069,0.4215619364,0.0111627907,-0.008413296607,0.01605262313,-0.007639326525,-0.008099688474,0.03024691358,0.9236111111,2.4
2070,-0.4401433449,-0.01,0.002608185062,-0.01829792322,0.01568973816,-0.01246105919,-0.007561728395,,-2.15
2071,0.615377341,0.01511627907,-0.01224943518,0.02029713766,-0.008047702477,0.009345794393,0.02083333333,0.8615384615,3.25
2072,-0.7078033462,-0.01713178295,-0.004929506102,-0.007646767907,0.01257627401,-0.06043613707,0.02577160494,,-3.683333333
2073,1.859437134,0.04162790698,0.02459667784,-0.01200185252,-0.01259482532,0.07554517134,0.008024691358,0.696461825,8.95
2074,-1.351205215,-0.03310077519,0.005143747065,-0.02111604912,0.01597230205,-0.06090342679,-0.005555555556,,-7.116666667
2075,1.101650806,0.02348837209,-0.005215642976,-0.0006922034084,0.005907846385,0.05404984424,-0.006790123457,0.699669967,5.05
2076,0.6159440555,0.01449612403,-0.007765812828,0.04789726338,-0.04013145055,0.02476635514,0.004320987654,0.6417112299,3.116666667
2077,-1.007360367,-0.02465116279,-0.01883491208,0.01434544484,0.004489467237,-0.05872274143,0.009104938272,,-5.3
2078,1.003394268,0.02472868217,-0.001415590437,-0.002557435546,0.003973025982,0.008566978193,0.04074074074,0.4231974922,5.316666667
2079,1.016145036,0.02527131783,0.02092227632,0.004718676402,-0.02564095272,0.007788161994,0.04259259259,0.6165644172,5.433333333
2080,1.13348408,0.02666666667,0.007992398761,-0.00240117969,-0.00559121907,0.03115264798,0.02222222222,0.636627907,5.733333333
2081,0.4526911197,0.0103875969,-0.008967724364,-0.00381343594,0.0127811603,0.001713395639,0.01898148148,0.7611940299,2.233333333
2082,0.6824895048,0.01713178295,0.03712088782,-0.0239613632,-0.01315952461,0.05140186916,-0.01682098765,0.8461538462,3.683333333
2083,0.7367925751,0.01705426357,0.009310857602,0.01976078627,-0.02907164387,-0.0003115264798,0.03425925926,0.7,3.666666667
2084,-0.9175380806,-0.01984496124,-0.001818735331,0.003712124726,-0.001893389395,-0.0300623053,-0.009722222222,,-4.266666667
2085,1.122640906,0.02620155039,0.007962124502,0.007340765826,-0.01530289033,-0.01464174455,0.06666666667,0.8343195266,5.633333333
2086,1.007295385,0.02403100775,0.006949799704,0.005564707854,-0.01251450756,-0.002647975078,0.05046296296,0.8387096774,5.166666667
2087,-0.3807505625,-0.008682170543,-0.006615925676,-0.01103086085,0.01764678652,-0.03816199377,0.02052469136,,-1.866666667
2088,1.091257912,0.02713178295,0.01044078188,0.01027595837,-0.02071674025,-0.005607476636,0.05956790123,0.8171428571,5.833333333
2089,0.6930843571,0.01527131783,0.001935833523,-0.003493347924,0.001557514401,-0.005295950156,0.03564814815,0.7005076142,3.283333333
2090,0.7680130371,0.01813953488,0.01261925501,-0.01265230298,3.30479671e-05,0.004517133956,0.03163580247,1.115384615,3.9
2091,0.842917355,0.0219379845,0.007431257641,-0.009593089184,0.002161831543,0.03582554517,0.008179012346,0.8303886926,4.716666667
2092,-0.3611165822,-0.008527131783,0.001661320796,-0.006885592232,0.005224271436,-0.03442367601,0.01712962963,,-1.833333333
2093,-0.2963934288,-0.007364341085,0.008894278601,-0.01409224525,0.005197966646,0.005140186916,-0.01975308642,,-1.583333333
2094,0.965630993,0.02147286822,0.01603740813,-0.01852323682,0.002485828688,-0.02196261682,0.06450617284,1.14801444,4.616666667
2095,-0.0428578176,-0.001007751938,0.005149124151,-0.002293212759,-0.002855911392,0.03676012461,-0.03842592593,,-0.2166666667
2096,-0.1649722546,-0.004108527132,0.00852802872,-0.01088207151,0.002354042787,-0.0199376947,0.01157407407,,-0.8833333333
2097,0.5836798576,0.01395348837,0.00279077895,-0.01242686993,0.009636090984,-0.005451713396,0.03317901235,1.383333333,3.0
2098,1.210150803,0.02837209302,0.01326042033,0.01180946416,-0.02506988448,0.07647975078,-0.01929012346,0.9918032787,6.1
2099,-0.6643026881,-0.01573643411,-0.0002834513183,-0.006174113823,0.006457565141,-0.03535825545,0.003703703704,,-3.383333333
2100,-0.1622961407,-0.003643410853,-0.003797266781,0.002940205503,0.0008570612783,0.009657320872,-0.01682098765,,-0.7833333333
2101,-1.739439749,-0.04379844961,-0.01459893271,-0.0230809872,0.03767991991,-0.06199376947,-0.02577160494,,-9.416666667
2102,-0.863227249,-0.02108527132,0.004229343479,-0.01307430042,0.008844956942,-0.02881619938,-0.01342592593,,-4.533333333
2103,0.0231675358,0.0005426356589,0.01805122173,-0.02845872224,0.0104075005,-0.004361370717,0.005401234568,21.42857143,0.1166666667
2104,-0.3993350719,-0.01023255814,-0.02664332727,0.02387793654,0.002765390728,-0.01323987539,-0.00725308642,,-2.2
2105,0.07115674386,0.001550387597,0.002523576977,0.02076527961,-0.02328885659,0.01214953271,-0.008950617284,6.6,0.3333333333
2106,-0.8118601229,-0.01829457364,-0.007256317633,-0.01014209757,0.0173984152,-0.02445482866,-0.01219135802,,-3.933333333
2107,0.5175957395,0.01124031008,0.01416660203,-0.01845126937,0.004284667337,0.02803738318,-0.005401234568,0.6206896552,2.416666667
2108,0.2972230115,0.007054263566,-0.002123558223,-0.001051044463,0.003174602686,0.002492211838,0.01157407407,0.8681318681,1.516666667
2109,-1.162269771,-0.02713178295,-0.02582286396,0.009393115553,0.01642974841,-0.06510903427,0.01049382716,,-5.833333333
2110,-1.992022699,-0.04604651163,-0.02249231214,0.00408742215,0.01840488999,-0.04672897196,-0.04537037037,,-9.9
2111,0.6015160804,0.01403100775,0.0002345591562,0.005449679623,-0.00568423878,0.007009345794,0.02098765432,1.430939227,3.016666667
2112,-0.1860232659,-0.004496124031,-0.008861227171,-0.002383927318,0.01124515449,-0.009813084112,0.0007716049383,,-0.9666666667
2113,-0.9315994036,-0.02178294574,-0.008903808481,-0.007164697702,0.01606850618,-0.01090342679,-0.0325617284,,-4.683333333
2114,-0.1490215956,-0.003333333333,0.008271769582,-0.01146005532,0.003188285734,-0.005295950156,-0.001388888889,,-0.7166666667
2115,0.7132884208,0.01527131783,0.001074486651,0.02128103986,-0.02235552651,0.02663551402,0.004012345679,0.9644670051,3.283333333
2116,-0.5593165584,-0.01325581395,0.01139220278,-0.0207807865,0.009388583727,-0.06479750779,0.03780864198,,-2.85
2117,-0.4760935569,-0.01139534884,-0.002690135792,-0.009384458,0.01207459379,-0.0003115264798,-0.02237654321,,-2.45
2118,-2.607446427,-0.06705426357,-0.03413741084,0.00582689478,0.02831051606,-0.08052959502,-0.0537037037,,-14.41666667
2119,0.1474357777,0.003565891473,-0.0157965496,0.0115808214,0.004215728208,-0.0230529595,0.0299382716,3.565217391,0.7666666667
2120,2.199252743,0.05,0.01106960039,0.0007587232466,-0.01182832363,0.01448598131,0.08518518519,0.6651162791,10.75
2121,-1.429573858,-0.03775193798,-0.02134977664,-0.00605022558,0.02740000222,-0.06448598131,-0.0112654321,,-8.116666667
2122,1.066797679,0.02418604651,0.02250747566,-0.02436328273,0.00185580707,0.02912772586,0.01929012346,0.7179487179,5.2
2123,-0.9897190272,-0.02503875969,-0.01371063448,0.002515259319,0.01119537516,-0.009968847352,-0.0399691358,,-5.383333333
2124,-0.1800144645,-0.004651162791,0.01231495717,-0.02105070764,0.008735750474,-0.03364485981,0.02407407407,,-1.0
2125,1.314243576,0.03031007752,-0.001817100169,-0.01228037454,0.01409747471,0.006386292835,0.05401234568,0.5345268542,6.516666667
2126,1.103223152,0.02689922481,-0.006374590531,0.01733955597,-0.01096496544,0.003582554517,0.05,0.7319884726,5.783333333
2127,0.3920901576,0.008992248062,0.002740100121,-0.003577361063,0.0008372609418,0.01697819315,0.001080246914,1.206896552,1.933333333
2128,1.128150883,0.02891472868,0.01046170065,-0.01006701105,-0.0003946896073,-0.0006230529595,0.05817901235,0.7077747989,6.216666667
2129,-1.206878072,-0.02976744186,-0.00850424005,-0.01973898731,0.02824322735,-0.04657320872,-0.01311728395,,-6.4
2130,0.0976241951,0.002170542636,0.006925400492,-0.01991927841,0.01299387792,-0.0269470405,0.03101851852,6.107142857,0.4666666667
2131,0.8968507107,0.01976744186,0.01999046335,0.008338019971,-0.02832848332,0.02180685358,0.01774691358,0.5647058824,4.25
2132,-2.363107668,-0.05736434109,-0.01993866648,-0.006077927553,0.02601659403,-0.04641744548,-0.06820987654,,-12.33333333
2133,-2.001088111,-0.04759689922,-0.005760927981,-0.008293049162,0.01405397714,-0.04174454829,-0.05339506173,,-10.23333333
2134,-0.4046926642,-0.00984496124,-0.004508515237,0.01473078277,-0.01022226753,0.02679127726,-0.04614197531,,-2.116666667
2135,-0.7109691706,-0.01736434109,-0.006977274094,-0.001468102082,0.008445376176,0.0269470405,-0.0612654321,,-3.733333333
2136,0.2032534312,0.00480620155,0.01828563367,-0.009894880874,-0.008390752798,0.01573208723,-0.006018518519,1.85483871,1.033333333
2137,-1.891630222,-0.04379844961,-0.02671064266,0.01245488687,0.01425575579,-0.04174454829,-0.04583333333,,-9.416666667
2138,1.084533819,0.02813953488,0.01260788784,0.001794350305,-0.01440223814,-0.01464174455,0.07052469136,0.608815427,6.05
2139,1.400356474,0.03356589147,0.01326551944,-0.02326564129,0.01000012186,0.03426791277,0.03287037037,0.519630485,7.216666667
2140,-0.1105817295,-0.002713178295,0.003001711651,-0.003562125112,0.0005604134609,-0.03473520249,0.02901234568,,-0.5833333333
2141,1.519218724,0.03658914729,0.03384964655,-0.0133045175,-0.02054512905,0.01308411215,0.05987654321,0.4936440678,7.866666667
2142,-1.006112932,-0.02457364341,0.001256595743,-0.003643301773,0.002386706029,0.01121495327,-0.0600308642,,-5.283333333
2143,0.8597581325,0.0223255814,0.01503900027,-0.00934516202,-0.005693838253,0.0230529595,0.02160493827,0.8055555556,4.8
2144,1.9425864,0.04813953488,0.03051484619,-0.02452717681,-0.005987669376,0.01323987539,0.08271604938,0.5523349436,10.35
2145,1.916493028,0.04775193798,0.02880945274,0.004132055626,-0.03294150836,0.06246105919,0.03317901235,0.4967532468,10.26666667
2146,0.05345141044,0.001240310078,0.01012658797,0.002420040243,-0.01254662821,-0.004672897196,0.007098765432,3.75,0.2666666667
2147,-0.6917158155,-0.01527131783,0.001268583234,-0.002947452485,0.001678869251,-0.03878504673,0.008024691358,,-3.283333333
2148,-0.9011777999,-0.02062015504,-0.03774146824,0.03674016183,0.001001306404,0.006230529595,-0.04722222222,,-4.433333333
2149,-1.168368425,-0.03007751938,-0.0213501336,0.01165739641,0.009692737187,-0.05093457944,-0.009413580247,,-6.466666667
2150,0.1525418633,0.003488372093,-0.0219119121,5.278508946e-05,0.02185912701,-0.0007788161994,0.007716049383,3.822222222,0.75
2151,-0.140077483,-0.003333333333,-0.04206141997,0.03342691308,0.008634506889,0.002959501558,-0.009567901235,,-0.7166666667
2152,-0.274058831,-0.006434108527,-0.02413013063,0.04212021653,-0.0179900859,-0.02024922118,0.00725308642,,-1.383333333
2153,-0.6871108086,-0.01635658915,-0.02948227604,0.02516071434,0.004321561694,-0.05732087227,0.02422839506,,-3.516666667
2154,-1.262542119,-0.0319379845,-0.004975054269,-0.0005806530478,0.005555707317,-0.03037383178,-0.03348765432,,-6.866666667
2155,0.3853592096,0.01007751938,0.00403578991,0.01729971604,-0.02133550595,-0.04283489097,0.0625,1.9,2.166666667
2156,0.4110023344,0.009224806202,0.00764445627,-0.003147043657,-0.004497412614,-0.005451713396,0.0237654321,0.8823529412,1.983333333
2157,-1.565547209,-0.04007751938,-0.04585631007,0.0253932498,0.02046306027,-0.006542056075,-0.07330246914,,-8.616666667
2158,-0.828456029,-0.0207751938,-0.01118069563,0.02699787621,-0.01581718058,-0.03161993769,-0.0100308642,,-4.466666667
2159,0.2910774715,0.007054263566,0.01741454643,-0.02107656731,0.00366202088,0.008255451713,0.005864197531,0.956043956,1.516666667
2160,-2.442972424,-0.06069767442,-0.02766192868,0.007698735625,0.01996319306,-0.06838006231,-0.05308641975,,-13.05
2161,1.461484771,0.03224806202,-0.006081942465,0.01906902796,-0.01298708549,0.03271028037,0.03179012346,0.3653846154,6.933333333
2162,-0.4593317712,-0.0111627907,-0.00376642638,0.01252975936,-0.008763332983,0.01464174455,-0.03672839506,,-2.4
2163,-0.9595678176,-0.01984496124,-0.006245560065,0.01780479883,-0.01155923876,-0.02040498442,-0.01929012346,,-4.266666667
2164,0.5811661826,0.01341085271,0.01885012031,-0.02608217573,0.007232055418,0.008255451713,0.01851851852,1.566473988,2.883333333
2165,1.168770192,0.02782945736,0.01290804383,-0.001822869874,-0.01108517396,0.02492211838,0.03070987654,0.635097493,5.983333333
2166,-1.41025748,-0.03255813953,-0.0170632369,-0.00646194025,0.02352517715,-0.04221183801,-0.02299382716,,-7.0
2167,-0.478103343,-0.01054263566,0.004033711731,-0.0130587277,0.009025015974,-0.005763239875,-0.01527777778,,-2.266666667
2168,-0.6117171961,-0.01527131783,-0.00492737463,0.001633514705,0.003293859925,-0.04080996885,0.0100308642,,-3.283333333
2169,-1.005237813,-0.0211627907,0.003746109593,-0.007196186246,0.003450076652,-0.02165109034,-0.02067901235,,-4.55
2170,-0.5421747386,-0.0123255814,-0.007135634186,-0.01014687393,0.01728250812,-0.06900311526,0.04382716049,,-2.65
2171,-2.269686237,-0.05604651163,-0.02410987537,-0.005127381577,0.02923725695,-0.06697819315,-0.04521604938,,-12.05
2172,-2.56075247,-0.06054263566,-0.02412472615,-0.007090820887,0.03121554704,-0.0937694704,-0.02762345679,,-13.01666667
2173,2.462398284,0.05720930233,0.00472603557,0.01044162997,-0.01516766554,0.07118380062,0.04336419753,0.4363143631,12.3
2174,-0.6720391107,-0.01627906977,-0.02373501494,0.03511293428,-0.01137791935,0.01105919003,-0.04336419753,,-3.5
2175,-1.001846513,-0.02255813953,-0.01979190055,0.03471895091,-0.01492705036,-0.04984423676,0.004475308642,,-4.85
2176,-1.464133876,-0.03666666667,-0.001868428381,-0.02583727761,0.02770570599,-0.04361370717,-0.02978395062,,-7.883333333
2177,-1.384004973,-0.03317829457,-0.02064287604,-0.004064926841,0.02470780288,-0.06152647975,-0.005092592593,,-7.133333333
2178,0.2308751274,0.00503875969,-0.008524156829,0.03397959276,-0.02545543593,-0.01573208723,0.02561728395,1.876923077,1.083333333
2179,0.9761687419,0.02534883721,0.01870553278,0.01413927264,-0.03284480543,0.01183800623,0.0387345679,0.4311926606,5.45
2180,-2.39753886,-0.05573643411,-0.01612828559,-0.02210862583,0.03823691142,-0.05093457944,-0.06049382716,,-11.98333333
2181,0.7908286391,0.02023255814,0.02167854474,-0.005779801479,-0.01589874326,-0.05109034268,0.09089506173,1.291187739,4.35
2182,0.5675635456,0.01294573643,0.007696268525,-0.0148876148,0.007191346274,0.02445482866,0.001543209877,1.005988024,2.783333333
2183,-0.6249116067,-0.01488372093,-0.01221778021,-0.01987588211,0.03209366232,-0.07024922118,0.0399691358,,-3.2
2184,-0.753018909,-0.01868217054,-0.01089470166,0.01650109514,-0.005606393485,-0.02367601246,-0.0137345679,,-4.016666667
2185,2.540430594,0.06108527132,0.01939665691,0.03202497869,-0.0514216356,0.0707165109,0.05154320988,0.3769035533,13.13333333
2186,0.5726784503,0.01410852713,-0.005338602877,0.002105837623,0.003232765254,0.04595015576,-0.0174382716,1.538461538,3.033333333
2187,-0.8800038145,-0.02162790698,0.003018345909,-0.007605695132,0.004587349223,-0.05809968847,0.01450617284,,-4.65
2188,1.136038274,0.02682170543,0.003925815849,-0.008066427773,0.004140611924,0.01760124611,0.03595679012,0.5057803468,5.766666667
2189,-0.3284789886,-0.007674418605,-0.006973125626,0.0135373341,-0.006564208477,-0.01510903427,-0.0003086419753,,-1.65
2190,2.494462497,0.0576744186,0.02981789589,-0.003114891745,-0.02670300414,0.05919003115,0.05617283951,0.5120967742,12.4
2191,1.498892948,0.03759689922,0.01795314696,-0.002915406365,-0.01503774059,0.02087227414,0.05416666667,0.8742268041,8.083333333
2192,-1.961558973,-0.04511627907,-0.009981644732,-0.01053160833,0.02051325306,-0.0007788161994,-0.08904320988,,-9.7
2193,0.1381685136,0.003255813953,0.008002292828,-0.02199340852,0.01399111569,-0.03442367601,0.04058641975,4.166666667,0.7
2194,0.975573595,0.02348837209,0.000390555334,0.008179149251,-0.008569704585,0.02959501558,0.0174382716,0.5709570957,5.05
2195,2.340942374,0.05062015504,-0.009294353785,0.005454942618,0.003839411168,0.04314641745,0.05802469136,0.5191424196,10.88333333
2196,-0.3576673713,-0.008372093023,0.003586957461,-0.0171877708,0.01360081334,-0.03956386293,0.0225308642,,-1.8
2197,-0.6941290363,-0.01627906977,-0.02102182913,0.01382975316,0.007192075971,-0.04408099688,0.0112654321,,-3.5
2198,-0.5224714806,-0.01201550388,0.01235300346,-0.004330502928,-0.008022500532,-0.04735202492,0.02299382716,,-2.583333333
2199,-1.52217241,-0.03426356589,-0.01039613801,-0.003072687903,0.01346882591,-0.03956386293,-0.02901234568,,-7.366666667
2200,2.192673628,0.05240310078,0.02557121018,-0.008112961158,-0.01745824903,0.03613707165,0.06851851852,0.3816568047,11.26666667
2201,-1.106193777,-0.02635658915,-0.01418003631,0.02085605617,-0.00667601986,-0.01417445483,-0.03842592593,,-5.666666667
2202,1.379229541,0.03286821705,0.0107386808,-0.0002237421986,-0.0105149386,0.03691588785,0.02885802469,0.4339622642,7.066666667
2203,-0.3825323765,-0.009302325581,-0.01946025183,0.008677034655,0.01078321718,-0.006074766355,-0.0125,,-2.0
2204,0.7165386093,0.01751937984,0.003906281334,0.01820372564,-0.02211000697,-0.0261682243,0.06080246914,1.234513274,3.766666667
2205,-0.2347178442,-0.005736434109,-0.002723814791,-0.0002889822663,0.003012797057,-0.04158878505,0.02978395062,,-1.233333333
2206,-0.194379148,-0.00488372093,-0.0003877225448,-0.01865348759,0.01904121014,0.008722741433,-0.01836419753,,-1.05
2207,-0.8724663139,-0.02124031008,-0.0395080968,0.01738510767,0.02212298914,-0.01635514019,-0.02608024691,,-4.566666667
2208,-0.7638433143,-0.01728682171,-0.007362091904,-0.01223070385,0.01959279576,-0.0746105919,0.03950617284,,-3.716666667
2209,-1.036614165,-0.02348837209,-0.005935536342,-0.008954324462,0.0148898608,-0.02336448598,-0.02361111111,,-5.05
2210,-0.2046722062,-0.00488372093,0.00588861245,-0.002293153163,-0.003595459286,-0.01355140187,0.003703703704,,-1.05
2211,2.619806051,0.05868217054,0.01814219641,0.0002600974482,-0.01840229386,0.06355140187,0.05385802469,0.4451783355,12.61666667
2212,1.096583819,0.02751937984,0.0170823492,-0.005251043366,-0.01183130584,0.007476635514,0.04737654321,0.538028169,5.916666667
2213,0.2072780686,0.005271317829,-0.002292150435,0.02280743039,-0.02051527995,0.01900311526,-0.008333333333,2.338235294,1.133333333
2214,-0.8932426481,-0.02031007752,-0.0128139634,-0.008551973452,0.02136593685,-0.02180685358,-0.01882716049,,-4.366666667
2215,-0.01568771662,-0.0003875968992,0.0001611328743,-0.005667027823,0.005505894948,0.06744548287,-0.06759259259,,-0.08333333333
2216,1.141380367,0.02666666667,0.005951057162,-0.001707562168,-0.004243494994,0.01526479751,0.03796296296,0.5523255814,5.733333333
2217,-1.306826832,-0.0307751938,-0.01085410284,-0.01190049336,0.0227545962,-0.03847352025,-0.02314814815,,-6.616666667
2218,-0.653789878,-0.01620155039,-0.00448923787,0.01159192158,-0.007102683711,-0.05638629283,0.02361111111,,-3.483333333
2219,0.9851750262,0.02263565891,0.01545684632,-0.007825405019,-0.007631441303,-0.02040498442,0.06527777778,0.9589041096,4.866666667
2220,-0.04368515006,-0.001007751938,-0.001835367616,-0.007771231422,0.009606599038,-0.03208722741,0.02978395062,,-0.2166666667
2221,1.135916544,0.0276744186,-9.820681751e-05,0.02580094605,-0.02570273923,-0.003738317757,0.0587962963,0.8823529412,5.95
2222,1.942465771,0.05139534884,0.0003111419198,0.02845498624,-0.02876612815,0.0261682243,0.07638888889,0.5022624434,11.05
2223,1.090592083,0.02465116279,0.01695745008,-0.009393295658,-0.007564154425,0.04859813084,0.0009259259259,0.8836477987,5.3
2224,0.7684086245,0.01992248062,0.01276012806,0.005769497053,-0.01852962511,0.07803738318,-0.03765432099,1.435797665,4.283333333
2225,0.2133687305,0.00488372093,0.003542067637,-0.004649773638,0.001107706001,-0.03115264798,0.04058641975,4.285714286,1.05
2226,-2.021457154,-0.05279069767,-0.01033638761,0.0008899795382,0.009446408073,-0.05996884735,-0.04567901235,,-11.35
2227,0.903712643,0.02007751938,0.005105136988,-0.001696364526,-0.003408772463,0.01152647975,0.02854938272,0.4478764479,4.316666667
2228,-0.1856312098,-0.004186046512,0.01178209134,0.004481756075,-0.01626384742,-0.004828660436,-0.003549382716,,-0.9
2229,0.2896979135,0.006744186047,0.02189495196,-0.01982449653,-0.002070455433,0.005763239875,0.007716049383,2.022988506,1.45
2230,1.013769323,0.02348837209,-0.00836547725,0.0213148222,-0.01294934495,0.04968847352,-0.002469135802,0.8745874587,5.05
2231,1.354677354,0.03472868217,0.03076872561,-0.007221806234,-0.02354691938,-0.004828660436,0.07391975309,0.5825892857,7.466666667
2232,2.188414993,0.04945736434,0.03713996073,-0.005047007444,-0.03209295328,0.0562305296,0.04274691358,0.5705329154,10.63333333
2233,0.9964473562,0.02356589147,0.005175248403,0.02149420418,-0.02666945259,0.03878504673,0.008487654321,0.4769736842,5.066666667
2234,-0.8456305757,-0.02364341085,0.0001576051139,-0.005334616605,0.005177011491,-0.03380062305,-0.01358024691,,-5.083333333
2235,2.558885075,0.06441860465,0.02282608615,-0.01133999613,-0.01148609001,0.05186915888,0.07685185185,0.4007220217,13.85
2236,0.3662291655,0.008837209302,0.01505233732,0.01336775356,-0.02842009089,-0.04595015576,0.06311728395,1.692982456,1.9
2237,0.2144811635,0.00488372093,-0.0005863266172,0.02298986916,-0.02240354255,0.01292834891,-0.003086419753,0.5873015873,1.05
2238,0.5055872909,0.01279069767,-0.01280266349,0.002953193041,0.009849470444,0.05186915888,-0.02592592593,2.490909091,2.75
2239,0.9884043747,0.02279069767,0.02502014465,-0.03085732544,0.00583718079,0.03442367601,0.0112654321,0.5918367347,4.9
2240,0.3962454647,0.009534883721,0.02503967829,-0.05104782836,0.02600815007,0.001869158879,0.01712962963,0.7398373984,2.05
2241,-0.4710544485,-0.01069767442,-0.03190511033,0.01642430127,0.01548080906,0.01261682243,-0.0337962963,,-2.3
2242,0.8902374278,0.02248062016,0.01020836594,0.01388234805,-0.02409071399,-0.02398753894,0.06851851852,0.9586206897,4.833333333
2243,0.7873342949,0.01868217054,0.01656977445,0.002507208177,-0.01907698263,0.02196261682,0.01543209877,0.6058091286,4.016666667
2244,0.3604738013,0.008604651163,0.003185055964,0.009461353871,-0.01264640983,0.05685358255,-0.03919753086,1.693693694,1.85
2245,0.05155156886,0.001240310078,0.003278861037,-0.02462176515,0.02134290412,0.003894080997,-0.001388888889,10.5625,0.2666666667
2246,1.349645784,0.03379844961,0.005048945728,-0.001457705347,-0.003591240381,-0.002803738318,0.0700617284,0.7431192661,7.266666667
2247,-0.02242958815,-0.0005426356589,-0.01761673754,0.002550814812,0.01506592273,-0.01479750779,0.01358024691,,-0.1166666667
2248,-0.9514683539,-0.0207751938,-0.004547422792,-0.0007828185938,0.005330241386,-0.04719626168,0.005401234568,,-4.466666667
2249,0.573484419,0.01511627907,0.01960983057,-0.0308098237,0.01119999313,-0.001246105919,0.03132716049,0.8256410256,3.25
2250,-0.1820261884,-0.004651162791,0.002187089219,0.009525932419,-0.01171302164,-0.01588785047,0.006481481481,,-1.0
2251,-1.428608806,-0.03480620155,-0.005696475117,-0.01833986602,0.02403634114,-0.05607476636,-0.0137345679,,-7.483333333
2252,0.5343439875,0.01271317829,0.01838499633,-0.004321349421,-0.01406364691,-0.0285046729,0.05354938272,1.414634146,2.733333333
2253,0.5017671347,0.01224806202,0.01370380196,-0.01086256694,-0.002841235015,0.005140186916,0.01929012346,0.6202531646,2.633333333
2254,0.5053984789,0.01286821705,0.02653985636,-0.005677085507,-0.02086277085,-0.02118380062,0.04660493827,0.5180722892,2.766666667
2255,1.471258461,0.03589147287,0.01170712303,0.002142724075,-0.0138498471,0.04236760125,0.02947530864,0.4794816415,7.716666667
2256,0.4137765493,0.009534883721,-0.004704154727,-0.003820372584,0.008524527311,-0.009034267913,0.02793209877,1.113821138,2.05
2257,-0.6336135432,-0.01387596899,-0.01721425466,0.0030856371,0.01412861756,-0.01214953271,-0.01558641975,,-2.983333333
2258,0.8713227439,0.01914728682,0.01122542934,0.003012122722,-0.01423755206,0.03535825545,0.003086419753,1.530364372,4.116666667
2259,-0.1631076192,-0.003953488372,-0.00491089764,0.04237369369,-0.03746279605,0.009501557632,-0.01728395062,,-0.85
2260,0.04745648574,0.001162790698,0.01195222005,-0.0110561488,-0.0008960712585,-0.02663551402,0.0287037037,3.2,0.25
2261,-2.194975283,-0.04930232558,-0.01983062778,-0.001999491465,0.02183011924,-0.02133956386,-0.07700617284,,-10.6
2262,1.303554857,0.03248062016,0.004570830686,0.01509865234,-0.01966948303,-0.01791277259,0.08240740741,0.8162291169,6.983333333
2263,0.3747808342,0.008139534884,-0.002309395605,-0.02048404948,0.02279344508,-0.03691588785,0.05277777778,1.847619048,1.75
2264,0.05695864591,0.001317829457,-0.006936829436,-0.01373218878,0.02066901822,-0.03925233645,0.04151234568,12.82352941,0.2833333333
2265,-0.3734609196,-0.008992248062,-0.01537829512,0.01103732022,0.004340974894,0.02788161994,-0.04552469136,,-1.933333333
2266,1.540552685,0.03488372093,0.001272214497,0.02597657974,-0.02724879424,0.003115264798,0.06635802469,0.68,7.5
2267,-0.6555440996,-0.01379844961,-0.006091051514,0.0004310951834,0.005659956331,-0.05451713396,0.02654320988,,-2.966666667
2268,0.1720254008,0.004108527132,0.002961177861,-0.02476138679,0.02180020893,-0.0006230529595,0.008796296296,1.20754717,0.8833333333
2269,-0.6597962574,-0.01643410853,-0.01198688569,0.01516122746,-0.003174341772,-0.04314641745,0.0100308642,,-3.533333333
2270,-1.323008425,-0.03248062016,-0.01946934895,0.03593896158,-0.01646961263,-0.01121495327,-0.05354938272,,-6.983333333
2271,-0.09070871016,-0.002248062016,0.009768592771,0.005135092705,-0.01490368548,-0.01121495327,0.006635802469,,-0.4833333333
2272,0.6884328133,0.01775193798,0.02952904597,-0.008343434725,-0.02118561124,-0.03894080997,0.07391975309,0.9956331878,3.816666667
2273,0.03561336004,0.0008527131783,-0.005511680534,0.01195365259,-0.006441972054,-0.01339563863,0.0149691358,10.81818182,0.1833333333
2274,0.4239047769,0.01069767442,0.01077227641,0.0204017971,-0.0311740735,0.01308411215,0.008333333333,0.9927536232,2.3
2275,-0.1341355675,-0.003023255814,0.01661630898,-0.0164003484,-0.0002159605734,-0.02523364486,0.01898148148,,-0.65
2276,0.4130932822,0.01007751938,-0.004996485889,0.01639290299,-0.0113964171,0.01214953271,0.008024691358,1.292307692,2.166666667
2277,1.665933814,0.04100775194,0.0351313555,-0.01738110984,-0.01775024567,0.004828660436,0.07685185185,0.5179584121,8.816666667
2278,1.420802808,0.03341085271,-0.002334966394,0.02303359927,-0.02069863288,0.0300623053,0.03672839506,0.6635730858,7.183333333
2279,-0.7760118653,-0.01744186047,-0.007569415826,-0.005009958377,0.0125793742,-0.005607476636,-0.02916666667,,-3.75
2280,-0.04585359105,-0.001240310078,0.02641517946,-0.04467787584,0.01826269638,0.0009345794393,-0.003395061728,,-0.2666666667
2281,0.442839261,0.01093023256,-0.01234179141,0.01027600514,0.002065786278,-0.02476635514,0.0462962963,1.539007092,2.35
2282,-0.6417704441,-0.01527131783,-0.007951927948,0.01676565087,-0.008813722917,-0.03520249221,0.004475308642,,-3.283333333
2283,-0.5286307007,-0.01286821705,-0.005471548743,-0.0005098909701,0.005981439713,0.0277258567,-0.05308641975,,-2.766666667
2284,1.093865096,0.02488372093,-0.001821313056,0.0232008393,-0.02137952624,-0.01292834891,0.06234567901,1.018691589,5.35
2285,0.4761934669,0.01139534884,0.02205738948,-0.01335582369,-0.00870156579,-0.001869158879,0.02453703704,0.7755102041,2.45
2286,3.519975467,0.07651162791,0.01235268143,-0.007417090776,-0.004935590653,0.06573208723,0.08719135802,0.5025329281,16.45
2287,-1.873266502,-0.04689922481,-0.0335821758,0.01763904324,0.01594313256,-0.05981308411,-0.03410493827,,-10.08333333
2288,0.7547590403,0.0184496124,0.01655009907,-0.02446968717,0.007919588098,0.01588785047,0.02098765432,0.3697478992,3.966666667
2289,0.4464876014,0.01093023256,-0.002394685185,0.005051295961,-0.002656610775,0.01884735202,0.003086419753,1.624113475,2.35
2290,-0.8714641947,-0.02108527132,-0.004706504393,0.007164275697,-0.002457771304,-0.05809968847,0.01558641975,,-4.533333333
2291,0.6744969881,0.01635658915,0.01000727043,-0.01577613184,0.005768861418,-0.02819314642,0.06049382716,1.578199052,3.516666667
2292,1.417087018,0.03744186047,0.02319326106,-0.002602948722,-0.02059031234,0.02274143302,0.05200617284,0.4057971014,8.05
2293,0.250773861,0.005968992248,0.01330765681,-0.03116274279,0.01785508599,0.03286604361,-0.02067901235,1.896103896,1.283333333
2294,-1.539054283,-0.03782945736,-0.02232729373,0.007824394104,0.01450289962,-0.0308411215,-0.04475308642,,-8.133333333
2295,-0.8844367237,-0.02263565891,-0.01277651334,-0.003926829468,0.0167033428,-0.01417445483,-0.03101851852,,-4.866666667
2296,0.7449451704,0.01744186047,0.01208302555,-0.001355740098,-0.01072728545,0.005607476636,0.02916666667,1.093333333,3.75
2297,-1.566684359,-0.03604651163,-0.01957153927,0.008142505812,0.01142903346,-0.07866043614,0.006172839506,,-7.75
2298,-1.049704207,-0.02372093023,-0.02263593085,-0.0006602360817,0.02329616693,-0.04299065421,-0.00462962963,,-5.1
2299,1.407505478,0.03209302326,-0.01577635196,0.0249729669,-0.009196614938,0.02024922118,0.04382716049,0.5603864734,6.9
2300,0.3733618875,0.008914728682,-0.0007836170919,-0.002719176467,0.003502793559,-0.02959501558,0.04706790123,2.260869565,1.916666667
2301,1.695085285,0.04496124031,0.03433681319,-0.01861156749,-0.0157252457,0.0246105919,0.06512345679,0.6965517241,9.666666667
2302,0.6920375723,0.01550387597,0.002175098986,-0.01418633149,0.0120112325,-0.05202492212,0.08240740741,1.83,3.333333333
2303,0.7331255609,0.01728682171,0.02354350614,-0.007655561754,-0.01588794438,0.05280373832,-0.01790123457,1.112107623,3.716666667
2304,0.1537574705,0.003565891473,-0.005884316284,-0.01238704588,0.01827136216,0.0222741433,-0.0149691358,2.434782609,0.7666666667
2305,-0.6683617732,-0.01658914729,-0.003212018623,-0.01699238017,0.02020439879,0.005295950156,-0.03827160494,,-3.566666667
2306,-0.8107974023,-0.01821705426,-0.02144243418,0.03450669019,-0.01306425601,-0.02087227414,-0.01558641975,,-3.916666667
2307,0.1000549202,0.002403100775,-0.009291234188,0.003259487391,0.006031746797,0.06370716511,-0.05833333333,5.225806452,0.5166666667
2308,-0.1091911289,-0.002403100775,0.006625175105,-0.003887316019,-0.002737859086,-0.009034267913,0.004166666667,,-0.5166666667
2309,1.05032491,0.02317829457,0.0007237469745,-0.004897386246,0.004173639272,0.01214953271,0.03410493827,0.7324414716,4.983333333
2310,1.278566568,0.02968992248,0.01819116442,0.01844309126,-0.03663425568,0.01557632399,0.04367283951,0.4281984334,6.383333333
2311,1.535254373,0.03930232558,0.006528190156,0.00698416676,-0.01351235692,0.004984423676,0.07330246914,0.5917159763,8.45
2312,0.4286634339,0.0103875969,-0.00251732971,-0.007985767035,0.01050309675,-0.01806853583,0.03858024691,0.8731343284,2.233333333
2313,-1.193717095,-0.03100775194,0.000643773277,-0.01432916078,0.0136853875,0.01183800623,-0.07345679012,,-6.666666667
2314,-1.198228853,-0.02875968992,0.00690572566,-0.0286381978,0.02173247214,0.02757009346,-0.08456790123,,-6.183333333
2315,-2.357097322,-0.05751937984,-0.02242482068,-0.01312942632,0.035554247,-0.06713395639,-0.04799382716,,-12.36666667
2316,-1.022458517,-0.02472868217,-0.01067696558,0.003295625909,0.007381339668,-0.04875389408,-0.0009259259259,,-5.316666667
2317,2.294395222,0.05596899225,0.0360357974,-0.02888398806,-0.007151809337,0.0222741433,0.08935185185,0.6149584488,12.03333333
2318,1.108884993,0.02643410853,0.006534704485,0.004894216662,-0.01142892115,0.0445482866,0.008487654321,0.7829912023,5.683333333
2319,-1.588883486,-0.03953488372,-0.01486188425,-0.01304718332,0.02790906757,-0.02585669782,-0.05308641975,,-8.5
2320,0.5451306304,0.01317829457,0.009601159053,0.01772276396,-0.02732392301,-0.03224299065,0.05817901235,1.294117647,2.833333333
2321,-0.07058715909,-0.001627906977,-0.008538394337,0.04184149247,-0.03330309814,-0.0009345794393,-0.002314814815,,-0.35
2322,-1.153432739,-0.02813953488,-0.002047908662,0.0009290427303,0.001118865932,-0.04470404984,-0.01172839506,,-6.05
2323,-0.3026679635,-0.006976744186,-0.005085826913,0.00291071321,0.002175113703,0.01651090343,-0.03024691358,,-1.5
2324,0.3647900947,0.008837209302,0.0119526899,-0.007943718151,-0.004008971752,-0.02087227414,0.03827160494,0.5087719298,1.9
2325,2.108282171,0.05527131783,0.008782290319,0.010481318,-0.01926360832,0.0300623053,0.08024691358,0.5035063114,11.88333333
2326,0.8767258107,0.02279069767,0.01981742357,-0.01119998315,-0.008617440414,-0.02336448598,0.06851851852,0.8775510204,4.9
2327,0.8058099537,0.01930232558,0.02685788545,0.004009855269,-0.03086774072,-0.003426791277,0.04182098765,1.248995984,4.15
2328,0.1576093751,0.003798449612,-0.004585269704,0.007436483794,-0.00285121409,0.002803738318,0.004783950617,3.040816327,0.8166666667
2329,-0.3889256467,-0.00976744186,-0.001425651874,-0.01746233773,0.0188879896,0.02352024922,-0.04274691358,,-2.1
2330,1.645524805,0.03682170543,0.01879830985,0.005847144351,-0.0246454542,0.02476635514,0.0487654321,0.6610526316,7.916666667
2331,-0.003360305444,-7.751937984e-05,0.0002464126741,-0.0142501055,0.01400369283,-0.0453271028,0.04475308642,,-0.01666666667
2332,0.2024739174,0.00496124031,0.0136956413,-0.01095853797,-0.002737103337,0.01433021807,-0.004320987654,1.59375,1.066666667
2333,0.7148989247,0.01728682171,-0.001390422629,0.004958989247,-0.003568566618,-0.01900311526,0.05324074074,1.421524664,3.716666667
2334,0.2185215327,0.005658914729,0.01848194075,-0.01667897821,-0.001802962547,0.0006230529595,0.01064814815,1.219178082,1.216666667
2335,0.8273326182,0.02162790698,0.01741432739,-0.01767575497,0.0002614275763,0.006542056075,0.03657407407,0.7240143369,4.65
2336,-0.7353883802,-0.01697674419,-0.008399285923,-0.005912916068,0.01431220199,0.01775700935,-0.05138888889,,-3.65
2337,-0.2314525763,-0.005271317829,-0.006183745871,0.02470331224,-0.01851956637,0.0292834891,-0.03950617284,,-1.133333333
2338,0.638527825,0.01503875969,0.00989202183,-0.01181166763,0.001919645797,-0.01012461059,0.0399691358,0.7783505155,3.233333333
2339,0.3636977399,0.008449612403,-0.007609604471,0.0164123295,-0.008802725032,0.03380062305,-0.01666666667,1.513761468,1.816666667
2340,-1.189337446,-0.02953488372,-0.01962413747,-0.008378620534,0.028002758,-0.01308411215,-0.04583333333,,-6.35
2341,-0.3655432053,-0.008837209302,-0.02924483853,0.01403451388,0.01521032465,-0.04221183801,0.02422839506,,-1.9
2342,-0.5861485535,-0.01403100775,-0.001641780505,-0.007357676066,0.008999456571,-0.06588785047,0.03734567901,,-3.016666667
2343,0.1962727222,0.004728682171,-0.01028876983,0.005521050111,0.004767719719,0.01526479751,-0.005709876543,0.6885245902,1.016666667
2344,-0.3320042133,-0.007829457364,-0.01477394117,-0.01294245439,0.02771639556,-0.06744548287,0.0512345679,,-1.683333333
2345,-1.442920877,-0.03503875969,-0.02140037186,0.0354539719,-0.01405360004,-0.01931464174,-0.05061728395,,-7.533333333
2346,0.5059912708,0.01279069767,0.0062137257,-0.00756234855,0.00134862285,-0.01090342679,0.0362654321,1.060606061,2.75
2347,0.6902649354,0.01697674419,0.01258643091,-0.005586526034,-0.00699990488,-0.009034267913,0.04274691358,1.063926941,3.65
2348,-0.5975704952,-0.01395348837,-0.02571671364,0.01499563229,0.01072108134,0.03395638629,-0.06141975309,,-3.0
2349,-0.2132492955,-0.00496124031,0.002159563012,0.01527621913,-0.01743578214,-0.04018691589,0.0299382716,,-1.066666667
2350,0.2851327171,0.007054263566,0.003115014866,0.01947834683,-0.02259336169,-0.003271028037,0.01728395062,1.208791209,1.516666667
2351,-0.8616356909,-0.02007751938,-0.009308842289,0.005637000473,0.003671841815,-0.05638629283,0.01589506173,,-4.316666667
2352,-0.5120873681,-0.01240310078,0.01812573598,-0.003895543545,-0.01423019244,-0.008255451713,-0.01651234568,,-2.666666667
2353,1.191200044,0.02829457364,-0.002896437679,0.01711698268,-0.014220545,0.03753894081,0.01913580247,0.3835616438,6.083333333
2354,1.22911234,0.02906976744,-0.003893224517,-0.001366090169,0.005259314686,0.004205607477,0.0537037037,0.6293333333,6.25
2355,1.40644009,0.03403100775,0.0157661558,0.01011258004,-0.02587873584,0.01012461059,0.05771604938,0.5148063781,7.316666667
2356,0.164386317,0.004031007752,-0.001461453102,-0.01448250342,0.01594395652,-0.01059190031,0.01851851852,1.903846154,0.8666666667
2357,1.899208344,0.0415503876,0.023440259,0.004748682842,-0.02818894184,0.03707165109,0.04598765432,0.4104477612,8.933333333
2358,-0.6563257472,-0.01465116279,0.002534510461,-0.009143087107,0.006608576646,-0.04890965732,0.01929012346,,-3.15
2359,0.8745038118,0.02062015504,0.003383646953,0.001887347292,-0.005270994244,0.04704049844,-0.005555555556,0.7406015038,4.433333333
2360,-1.550923432,-0.03689922481,-0.008501528306,-0.0007295108911,0.009231039197,-0.04813084112,-0.02577160494,,-7.933333333
2361,2.056497472,0.0496124031,0.02199069293,-0.0001344994233,-0.02185619351,0.008878504673,0.0899691358,0.7359375,10.66666667
2362,0.7248249945,0.01821705426,0.0261554948,-0.03037237079,0.004216875991,0.04797507788,-0.0112654321,1.114893617,3.916666667
2363,-0.6500394217,-0.01542635659,0.003850132769,-0.01831569886,0.01446556609,0.02834890966,-0.0587962963,,-3.316666667
2364,-0.2196614087,-0.005581395349,0.006985918368,-0.01804335475,0.01105743639,-0.03489096573,0.02345679012,,-1.2
2365,-0.5802850786,-0.01395348837,-0.01675635617,-0.009478598742,0.02623495491,-0.006074766355,-0.02175925926,,-3.0
2366,1.711213961,0.03581395349,0.002103099743,0.04082484462,-0.04292794436,0.04330218069,0.02839506173,0.6904761905,7.7
2367,-0.03472495618,-0.0008527131783,0.005575593411,0.002086092567,-0.007661685978,-0.05825545171,0.05601851852,,-0.1833333333
2368,-0.04467054417,-0.001085271318,0.005543446618,-0.02376042142,0.01821697481,-0.02647975078,0.02407407407,,-0.2333333333
2369,-1.782293101,-0.04542635659,-0.01265525838,-0.01306763226,0.02572289064,-0.06728971963,-0.0237654321,,-9.766666667
2370,-0.2963202976,-0.007131782946,-0.04170202132,0.04530164703,-0.003599625709,-0.005763239875,-0.008487654321,,-1.533333333
2371,-0.2671750807,-0.006356589147,-0.01153048782,0.005429192191,0.006101295633,0.0003115264798,-0.01296296296,,-1.366666667
2372,0.4711133832,0.01178294574,-0.02356304124,0.02827132294,-0.004708281703,0.004828660436,0.01867283951,0.4539473684,2.533333333
2373,-0.1378044648,-0.003100775194,-0.003808089345,0.01625963209,-0.01245154275,-0.03364485981,0.02716049383,,-0.6666666667
2374,-0.7377423385,-0.0184496124,-0.008699421313,-0.01173536608,0.0204347874,-0.07352024922,0.03611111111,,-3.966666667
2375,0.06155132512,0.001395348837,0.008792880621,-0.009775102088,0.0009822214673,-0.009813084112,0.0125,2.444444444,0.3
2376,-0.6457854708,-0.01573643411,-0.03534291999,0.01446576246,0.02087715753,-0.003582554517,-0.02777777778,,-3.383333333
2377,-0.7670755937,-0.0188372093,-0.0124650758,0.0007938115057,0.01167126429,-0.06090342679,0.02283950617,,-4.05
2378,0.2283183745,0.005736434109,-0.003728201763,0.002343255952,0.001384945811,-0.006542056075,0.01790123457,2.027027027,1.233333333
2379,-0.8464153312,-0.02069767442,-0.03179398137,0.02898716567,0.002806815703,-0.02912772586,-0.01234567901,,-4.45
2380,-0.8911399985,-0.01899224806,-0.02087656643,0.04348900881,-0.02261244239,-0.01355140187,-0.02438271605,,-4.083333333
2381,-1.910961204,-0.04596899225,-0.02281604567,-0.002231405701,0.02504745137,-0.05295950156,-0.03904320988,,-9.883333333
2382,-0.7880222715,-0.01821705426,-0.007283820588,0.0195183194,-0.01223449881,-0.01012461059,-0.0262345679,,-3.916666667
2383,-0.9091755675,-0.02186046512,-0.02181378224,0.006412441917,0.01540134033,-0.05249221184,0.008487654321,,-4.7
2384,0.7690522148,0.01852713178,0.02382532999,0.001359067799,-0.02518439779,-0.01121495327,0.04799382716,0.7907949791,3.983333333
2385,-2.663101871,-0.06395348837,-0.02665063588,-0.009076447542,0.03572708342,-0.04984423676,-0.07793209877,,-13.75
2386,0.9993355023,0.02426356589,0.01158443666,-0.01079443066,-0.0007900059961,0.02632398754,0.02222222222,0.4920127796,5.216666667
2387,0.3301496056,0.008217054264,0.0001937490356,-0.01242013775,0.01222638871,-0.007165109034,0.02345679012,1.169811321,1.766666667
2388,1.794311081,0.04085271318,0.02366314961,-0.02256706219,-0.00109608742,0.02647975078,0.05509259259,0.5275142315,8.783333333
2389,0.893088407,0.02139534884,0.03968601527,-0.03428222556,-0.005403789718,0.02663551402,0.0162037037,0.847826087,4.6
2390,1.914492689,0.04775193798,0.00944717926,0.0007081405625,-0.01015531982,0.01526479751,0.0799382716,0.6964285714,10.26666667
2391,0.1499405014,0.003720930233,0.0004244711411,0.001119725868,-0.00154419701,-0.05498442368,0.06188271605,4.5,0.8
2392,1.176414725,0.03147286822,0.02321426529,-0.008875409448,-0.01433885584,0.01105919003,0.05169753086,0.5492610837,6.766666667
2393,-1.64444902,-0.03697674419,-0.02596180476,0.01021007942,0.01575172535,-0.01433021807,-0.05941358025,,-7.95
2394,-0.4709351617,-0.0115503876,0.003057401913,-0.003421691485,0.0003642895719,-0.006542056075,-0.01651234568,,-2.483333333
2395,-0.7471179955,-0.01775193798,-0.01755213316,-0.001028369909,0.01858050307,-0.04890965732,0.01311728395,,-3.816666667
2396,-2.432557804,-0.05658914729,-0.03331101936,0.0241715379,0.009139481459,-0.03753894081,-0.07546296296,,-12.16666667
2397,1.194302471,0.0296124031,0.004189499086,-0.007277602597,0.003088103511,-0.02087227414,0.07962962963,0.9581151832,6.366666667
2398,1.137652059,0.02643410853,0.01303309058,-0.004899412341,-0.00813367824,0.003271028037,0.04938271605,0.6246334311,5.683333333
2399,-0.3357223159,-0.008294573643,-0.02012958452,0.03233347254,-0.01220388802,0.01806853583,-0.03441358025,,-1.783333333
2400,1.316879557,0.03317829457,0.03585864127,-0.02881192953,-0.007046711745,0.06526479751,0.001388888889,0.8341121495,7.133333333
2401,1.245122193,0.02899224806,0.01358512526,0.010566998,-0.02415212327,-0.02414330218,0.08163580247,0.8663101604,6.233333333
2402,-1.142606651,-0.02744186047,0.0008875236682,-0.0175068304,0.01661930674,-0.03676012461,-0.01820987654,,-5.9
2403,-0.476905475,-0.01108527132,-3.308368912e-05,-0.004877965246,0.004911048935,-0.0230529595,0.0007716049383,,-2.383333333
2404,-0.8055008198,-0.0192248062,-0.006288556283,-0.01197772576,0.01826628204,-0.05046728972,0.01172839506,,-4.133333333
2405,0.1623455607,0.003953488372,-0.008111803365,-0.01017975607,0.01829155944,-0.05295950156,0.06033950617,2.823529412,0.85
2406,-0.0423019388,-0.001007751938,-0.02531566549,0.01935815938,0.005957506106,-0.02788161994,0.02561728395,,-0.2166666667
2407,0.580824436,0.01465116279,0.008432240838,0.006408724676,-0.01484096551,0.002180685358,0.02700617284,0.7195767196,3.15
2408,2.111160652,0.04984496124,0.02475531045,-0.02052279901,-0.004232511442,0.05249221184,0.04722222222,0.4541213064,10.71666667
2409,-0.2469707236,-0.005736434109,0.0007251689412,0.01093402069,-0.01165918963,-0.01838006231,0.006790123457,,-1.233333333
2410,0.868645901,0.02100775194,0.01503389113,0.004227676702,-0.01926156783,0.03504672897,0.007098765432,0.778597786,4.516666667
2411,1.289507752,0.03317829457,0.01232758631,0.002580156138,-0.01490774245,0.05218068536,0.01435185185,0.5794392523,7.133333333
2412,-0.3448574023,-0.008604651163,0.008495217834,-0.01129340726,0.002798189426,0.01339563863,-0.03040123457,,-1.85
2413,-0.2960355369,-0.006899224806,0.005039933893,-0.01123851304,0.006198579151,-0.03769470405,0.02361111111,,-1.483333333
2414,1.382196898,0.03294573643,0.02504255591,0.0002282948912,-0.0252708508,0.04143302181,0.02453703704,0.7247058824,7.083333333
2415,1.048674406,0.02418604651,0.01713631979,0.01684321878,-0.03397953857,0.01510903427,0.03317901235,0.6506410256,5.2
2416,0.4256183602,0.01062015504,-0.0005920955557,0.007013477788,-0.006421382232,-0.01464174455,0.03564814815,1.496350365,2.283333333
2417,1.269293709,0.03031007752,0.01209163565,0.01904533317,-0.03113696882,0.04548286604,0.01527777778,0.6649616368,6.516666667
2418,-0.4418130341,-0.01108527132,-0.009506991439,0.001280471805,0.008226519634,-0.02663551402,0.004320987654,,-2.383333333
2419,-0.661826147,-0.01480620155,0.002542074638,-0.00504387745,0.002501802812,-0.02242990654,-0.00725308642,,-3.183333333
2420,0.3234164624,0.007674418605,-0.03173341539,0.03005427208,0.001679143307,-0.01760124611,0.03271604938,1.929292929,1.65
2421,-0.1746467416,-0.004031007752,-0.007485806079,-0.005437068961,0.01292287504,0.01635514019,-0.02422839506,,-0.8666666667
2422,-1.415225519,-0.03441860465,-0.0103673115,-0.01404192582,0.02440923732,-0.002647975078,-0.06589506173,,-7.4
2423,-1.482139178,-0.03620155039,-0.04616102453,0.02664538776,0.01951563677,-0.07242990654,-0.0003086419753,,-7.783333333
2424,-1.233907177,-0.02992248062,0.002583582474,-0.02687486177,0.0242912793,-0.05327102804,-0.006790123457,,-6.433333333
2425,0.3902406696,0.01023255814,0.0184998,-0.006414401586,-0.01208539842,0.01526479751,0.00524691358,1.606060606,2.2
2426,-1.075992263,-0.02682170543,-0.02419531627,0.01291857894,0.01127673733,-0.01931464174,-0.03425925926,,-5.766666667
2427,1.469051613,0.03534883721,0.02541367901,-0.0006370140089,-0.024776665,0.02897196262,0.04166666667,0.725877193,7.6
2428,1.245980515,0.03062015504,0.01009478527,0.001338983379,-0.01143376865,0.003894080997,0.05709876543,0.8936708861,6.583333333
2429,-0.08060738573,-0.001937984496,0.01873862425,-0.006187631192,-0.01255099306,0.02180685358,-0.02546296296,,-0.4166666667
2430,-0.6708378655,-0.01620155039,-0.02115401935,0.007360992698,0.01379302665,-0.02398753894,-0.008487654321,,-3.483333333
2431,-0.2965464567,-0.007364341085,-0.0009384758107,-0.007272153529,0.00821062934,0.01105919003,-0.02561728395,,-1.583333333
2432,1.019332211,0.02472868217,0.02875412453,-0.02349608157,-0.005258042958,-0.02274143302,0.07175925926,0.7147335423,5.316666667
2433,-1.618318674,-0.03713178295,0.003440530207,-0.01079777025,0.007357240046,-0.05903426791,-0.01543209877,,-7.983333333
2434,0.4791702231,0.01217054264,-0.01438827921,0.00116686088,0.01322141833,0.02024922118,0.004166666667,1.598726115,2.616666667
2435,0.6270843911,0.01612403101,-0.01171647623,0.005968233195,0.005748243036,-0.01090342679,0.04290123457,1.403846154,3.466666667
2436,-0.7025173669,-0.01705426357,-0.03330123795,0.02401492273,0.009286315213,-0.009034267913,-0.025,,-3.666666667
2437,-0.9760950193,-0.02310077519,-0.02228917702,0.007373027436,0.01491614958,-0.04018691589,-0.006172839506,,-4.966666667
2438,1.117618708,0.02589147287,0.02214367765,-0.01323346501,-0.008910212646,-0.007632398754,0.05910493827,0.5928143713,5.566666667
2439,1.494181005,0.03449612403,0.01668314983,0.009826076584,-0.02650922641,0.008255451713,0.06049382716,0.6449438202,7.416666667
2440,-0.3581350717,-0.008139534884,0.009162159209,-0.01916760402,0.01000544481,-0.0007788161994,-0.01543209877,,-1.75
2441,-1.266341901,-0.02914728682,-0.007374411337,-0.01879873358,0.02617314491,-0.05794392523,-0.0006172839506,,-6.266666667
2442,0.8291816267,0.0203875969,0.009451538381,0.02144172819,-0.03089326658,-0.02647975078,0.06682098765,1.019011407,4.383333333
2443,1.436600986,0.03534883721,0.02564386039,-0.02238179332,-0.003262067066,0.0004672897196,0.06990740741,0.6622807018,7.6
2444,-0.9565322703,-0.02426356589,-0.01954283469,0.00459405174,0.01494878295,0.001246105919,-0.04953703704,,-5.216666667
2445,0.6160447844,0.01527131783,-0.005755870165,0.005951457015,-0.0001955868508,-0.0222741433,0.0524691358,1.563451777,3.283333333
2446,0.4159049128,0.009612403101,0.01910407051,-0.006838771923,-0.01226529859,0.01713395639,0.002160493827,1.483870968,2.066666667
2447,-1.230236226,-0.0280620155,-0.01237588617,-0.006890772044,0.01926665821,0.003115264798,-0.05895061728,,-6.033333333
2448,1.921283523,0.04635658915,0.02174609989,-0.01212685303,-0.009619246854,0.01495327103,0.0774691358,0.6404682274,9.966666667
2449,0.3802916173,0.009457364341,-0.003591655284,0.0003635842545,0.003228071029,-0.03255451713,0.05108024691,2.081967213,2.033333333
2450,-1.234257021,-0.02930232558,-0.0196051683,0.003214987103,0.0163901812,-0.01728971963,-0.0412037037,,-6.3
2451,1.156456333,0.02713178295,0.01250393445,-0.008579327032,-0.003924607417,0.0484423676,0.006018518519,0.5228571429,5.833333333
2452,-0.009998502662,-0.0002325581395,-0.003674079396,0.003205759101,0.0004683202951,-0.01261682243,0.01203703704,,-0.05
2453,0.9663409207,0.02480620155,0.01962232339,-0.004606468354,-0.01501585504,0.06152647975,-0.01157407407,1.15625,5.333333333
2454,-0.7006706109,-0.01643410853,-0.004867811539,-0.004953652327,0.009821463865,-0.04953271028,0.01635802469,,-3.533333333
2455,0.5799965219,0.01441860465,0.006184876979,-0.002523501619,-0.003661375361,-0.01074766355,0.03935185185,0.4946236559,3.1
2456,-1.382296856,-0.03325581395,-0.01552584569,0.009018287539,0.006507558151,-0.01666666667,-0.04969135802,,-7.15
2457,-0.8831216426,-0.02069767442,-0.02313255596,0.01316755065,0.009965005306,-0.05404984424,0.01234567901,,-4.45
2458,-1.148263289,-0.0284496124,0.009456715971,-0.02898507731,0.01952836134,-0.05436137072,-0.002777777778,,-6.116666667
2459,0.6817524201,0.01472868217,0.006844673782,0.01017058649,-0.01701526027,0.04096573209,-0.0112654321,1.163157895,3.166666667
2460,-1.686674773,-0.0392248062,-0.002526646301,-0.02832044527,0.03084709157,-0.0437694704,-0.03472222222,,-8.433333333
2461,-1.635544426,-0.03558139535,-0.01668786741,0.008042365236,0.008645502177,-0.07398753894,0.002469135802,,-7.65
2462,-0.8701226555,-0.0211627907,0.00920640639,-0.01223884596,0.003032439573,-0.01308411215,-0.02916666667,,-4.55
2463,0.2589820726,0.006434108527,-0.01241031348,0.009133884654,0.003276428823,0.006074766355,0.006790123457,0.9277108434,1.383333333
2464,-0.1582885539,-0.004031007752,-0.0005082820959,-0.01738288284,0.01789116494,-0.006542056075,-0.001543209877,,-0.8666666667
2465,1.099182061,0.02744186047,0.02762541686,-0.008716293043,-0.01890912382,0.03208722741,0.02283950617,0.9096045198,5.9
2466,-0.6846186185,-0.01550387597,-0.01887570696,0.03287413918,-0.01399843222,-0.02024922118,-0.01080246914,,-3.333333333
2467,-0.6611542168,-0.01457364341,0.01372240214,-0.02667935189,0.01295694974,0.01261682243,-0.04151234568,,-3.133333333
2468,-0.3090051245,-0.007286821705,-0.009883621506,-0.007775593714,0.01765921522,-0.02133956386,0.006635802469,,-1.566666667
2469,-0.4302996677,-0.01031007752,-0.01877396592,0.01081575258,0.007958213337,0.03130841121,-0.05154320988,,-2.216666667
2470,-0.1359890283,-0.003178294574,-0.00263590146,0.001848823254,0.0007870782063,-0.03395638629,0.02731481481,,-0.6833333333
2471,1.28737915,0.0323255814,0.01810630142,-0.003049472076,-0.01505682935,0.0009345794393,0.06342592593,0.7553956835,6.95
2472,0.2326254298,0.005658914729,-0.000789490037,-0.002854999081,0.003644489118,-0.03271028037,0.04367283951,4.054794521,1.216666667
2473,0.8966603194,0.0223255814,0.002542256591,-0.00902248204,0.006480225449,0.04719626168,-0.002314814815,0.6736111111,4.8
2474,2.187172003,0.05108527132,0.02983947323,-0.02480949931,-0.00502997392,0.05482866044,0.04737654321,0.4415781487,10.98333333
2475,0.1899955601,0.004263565891,-0.002901553715,-0.004919904239,0.007821457954,-0.02554517134,0.0337962963,4.890909091,0.9166666667
2476,0.05736911764,0.001240310078,0.01156655018,-0.01943071267,0.007864162491,0.04330218069,-0.04043209877,7.8125,0.2666666667
2477,0.9181816188,0.02294573643,-0.01181296564,0.008908084809,0.00290488083,-0.02258566978,0.06805555556,0.9763513514,4.933333333
2478,0.1297757149,0.003255813953,0.01970421315,-0.01283020825,-0.0068740049,-0.01744548287,0.0237654321,2.476190476,0.7
2479,2.071191916,0.05093023256,0.03233099277,-0.03376532153,0.001434328756,0.03457943925,0.06712962963,0.4855403349,10.95
2480,2.397753432,0.05426356589,0.002739159335,0.03335971519,-0.03609887452,0.0562305296,0.05231481481,0.4685714286,11.66666667
2481,-0.1095016298,-0.002713178295,0.002328830959,0.02050424073,-0.02283307168,-0.007476635514,0.00200617284,,-0.5833333333
2482,0.5116084076,0.01317829457,0.006583677932,0.01573695744,-0.02232063537,0.001401869159,0.02484567901,0.6764705882,2.833333333
2483,-0.8259750004,-0.01914728682,-0.01870545794,-0.00337238778,0.02207784572,-0.01168224299,-0.02654320988,,-4.116666667
2484,0.961447029,0.02356589147,0.01908080073,-0.01807189273,-0.001008907995,0.01417445483,0.03287037037,0.8453947368,5.066666667
2485,0.2764384632,0.006279069767,0.006108154358,-0.002142657017,-0.003965497341,-0.02040498442,0.03271604938,1.654320988,1.35
2486,-1.338068796,-0.0303875969,0.006650657202,-0.02904261069,0.02239195349,-0.003582554517,-0.05694444444,,-6.533333333
2487,-0.2139601334,-0.00503875969,0.008191546281,-0.01829139296,0.01009984668,-0.03037383178,0.0200617284,,-1.083333333
2488,1.261490138,0.02821705426,-0.01589842069,0.01118999903,0.004708421658,0.006074766355,0.05015432099,0.5714285714,6.066666667
2489,1.533017146,0.03744186047,0.001247677675,0.02763465677,-0.02888233444,0.001557632399,0.07299382716,0.884057971,8.05
2490,2.173714623,0.04751937984,0.01352824676,0.02075066757,-0.03427891433,0.03676012461,0.05817901235,0.5611745514,10.21666667
2491,-0.6693843178,-0.01620155039,-0.006317943902,-0.009686421406,0.01600436531,-0.007943925234,-0.02438271605,,-3.483333333
2492,-0.06410844561,-0.001550387597,0.008711394029,-0.01252033441,0.003808940377,-0.003115264798,-5.13992141e-18,,-0.3333333333
2493,-0.1532101461,-0.003643410853,-0.02280886811,0.01104769412,0.01176117399,-0.02040498442,0.01296296296,,-0.7833333333
2494,-0.2755221837,-0.006279069767,-0.0007959891286,0.004067928301,-0.003271939172,-0.01433021807,0.001697530864,,-1.35
2495,0.2824059845,0.006124031008,0.0004587400466,-0.008410138557,0.00795139851,0.01573208723,-0.003395061728,1.987341772,1.316666667
2496,-0.1275004374,-0.002635658915,-0.0003615245736,0.008711457868,-0.008349933294,-0.002336448598,-0.002932098765,,-0.5666666667
2497,-1.557284561,-0.03581395349,-0.02561431464,0.006989080486,0.01862523415,-0.07554517134,0.003549382716,,-7.7
2498,-0.8163741193,-0.02023255814,-0.01676746796,-0.01066896648,0.02743643443,-0.06137071651,0.02052469136,,-4.35
2499,-1.743448145,-0.0392248062,-0.02612447462,0.00784493904,0.01827953558,-0.03940809969,-0.03904320988,,-8.433333333
2500,0.1383682039,0.003410852713,-0.01070223387,-0.001593148977,0.01229538285,-0.01495327103,0.02160493827,3.590909091,0.7333333333
2501,0.3264510657,0.008062015504,-0.01322655219,0.003395322103,0.009831230089,-0.04797507788,0.06358024691,1.759615385,1.733333333
2502,0.08959077891,0.002170542636,0.02174285827,-0.0255711716,0.003828313327,0.01806853583,-0.01358024691,3.964285714,0.4666666667
2503,0.9422216806,0.0219379845,0.01190009719,-0.003907309596,-0.007992787593,0.04112149533,0.002932098765,0.6749116608,4.716666667
2504,-0.5648432611,-0.01372093023,-0.01231446651,-0.002359865098,0.01467433161,-0.05529595016,0.0274691358,,-2.95
2505,1.124157211,0.02643410853,0.02192288821,-0.002613998388,-0.01930888982,0.007476635514,0.04521604938,0.5425219941,5.683333333
2506,-0.4854629814,-0.01131782946,0.005278655,-0.02376421006,0.01848555506,-0.01292834891,-0.009722222222,,-2.433333333
2507,-0.02059754778,-0.0004651162791,0.0047010929,0.002913463218,-0.007614556118,-0.01417445483,0.01311728395,,-0.1
2508,0.6535656695,0.01627906977,-0.01093714155,0.007714959914,0.003222181631,0.008099688474,0.02438271605,0.980952381,3.5
2509,-0.4126572823,-0.009534883721,-0.01527575215,0.01276612669,0.002509625454,-0.02679127726,0.007561728395,,-2.05
2510,0.631803948,0.01542635659,0.004907047333,-0.01577067407,0.01086362673,0.03878504673,-0.007716049383,0.5175879397,3.316666667
2511,0.8196410456,0.01984496124,0.003922337874,-0.01103645324,0.007114115365,0.007165109034,0.03240740741,0.48046875,4.266666667
2512,1.025703362,0.02542635659,-0.004572310612,0.006821361602,-0.00224905099,0.0199376947,0.03086419753,0.4573170732,5.466666667
2513,0.2687558036,0.006201550388,0.0101665532,-0.01173012749,0.001563574293,0.01308411215,-0.0006172839506,0.8375,1.333333333
2514,-1.094035631,-0.02426356589,-0.02508493384,0.004554641519,0.02053029232,-0.04283489097,-0.005864197531,,-5.216666667
2515,1.340278037,0.03372093023,0.01766584207,0.01160313044,-0.02926897251,-0.004049844237,0.07114197531,0.832183908,7.25
2516,-0.6248548892,-0.01596899225,-0.01596699927,0.01579697573,0.0001700235359,-0.03722741433,0.005092592593,,-3.433333333
2517,-0.8901671444,-0.02449612403,0.003542842311,-0.02742032925,0.02387748694,-0.03364485981,-0.01543209877,,-5.266666667
2518,0.2297377289,0.005426356589,0.01336545742,-0.003434688904,-0.009930768513,-0.009968847352,0.02067901235,1.757142857,1.166666667
2519,2.107743318,0.05279069767,0.03690782872,-0.02129822358,-0.01560960514,0.01542056075,0.08981481481,0.5139500734,11.35
2520,-0.6279880663,-0.01426356589,-0.003744562497,-0.005583682047,0.009328244544,0.009345794393,-0.03765432099,,-3.066666667
2521,-0.6575424151,-0.01573643411,-0.007429415298,0.007164986755,0.0002644285424,-0.002024922118,-0.02932098765,,-3.383333333
2522,-0.2206682396,-0.00511627907,-0.008547946957,0.009070633947,-0.0005226869904,-0.05093457944,0.04027777778,,-1.1
2523,-1.640437721,-0.04085271318,-0.007312748995,-0.01752080229,0.02483355128,-0.01510903427,-0.06635802469,,-8.783333333
2524,-1.018202974,-0.02449612403,-0.02033562561,0.0007445284296,0.01959109719,-0.02242990654,-0.02654320988,,-5.266666667
2525,-1.290961198,-0.02984496124,0.005195687824,-0.01630876759,0.01111307977,-0.06137071651,0.001388888889,,-6.416666667
2526,-0.5243937185,-0.01224806202,0.002111856731,0.0009020376759,-0.003013894407,-0.02056074766,-0.004012345679,,-2.633333333
2527,-2.439902888,-0.05480620155,-0.01949075079,-0.0045583952,0.02404914599,-0.04968847352,-0.05987654321,,-11.78333333
2528,0.5331757591,0.01286821705,-0.0007889622574,0.02554187562,-0.02475291336,0.01183800623,0.01388888889,1.012048193,2.766666667
2529,0.6085353817,0.01441860465,0.01826737157,-0.007622407757,-0.01064496381,0.02725856698,0.001697530864,0.9139784946,3.1
2530,-1.41004436,-0.0376744186,-0.006524247734,-0.01093781542,0.01746206316,-0.09517133956,0.01929012346,,-8.1
2531,-1.888445561,-0.04503875969,-0.01784316527,0.002688187092,0.01515497818,-0.05638629283,-0.0337962963,,-9.683333333
2532,1.451734297,0.03224806202,0.009704786912,-0.002443769382,-0.00726101753,0.01526479751,0.04907407407,0.8461538462,6.933333333
2533,0.5608017184,0.01279069767,0.02170493304,-0.01106915229,-0.01063578075,0.05794392523,-0.03194444444,1.236363636,2.75
2534,-0.9326822613,-0.02209302326,-0.004392542939,-0.009650871634,0.01404341457,-0.02492211838,-0.01929012346,,-4.75
2535,1.227980865,0.02821705426,0.0265722395,-0.02144897765,-0.005123261858,0.07289719626,-0.01604938272,1.087912088,6.066666667
2536,2.880202924,0.0723255814,0.01473046202,-0.005541650977,-0.009188811041,0.06713395639,0.0774691358,0.3729903537,15.55
2537,-0.7846846619,-0.0192248062,-0.01792601955,-0.001116110082,0.01904212963,-0.02102803738,-0.0174382716,,-4.133333333
2538,-0.5523117327,-0.0123255814,-0.001705283633,0.02243586056,-0.02073057693,0.004828660436,-0.02932098765,,-2.65
2539,0.1174380024,0.002635658915,-0.01655897073,0.003625104702,0.01293386603,0.01090342679,-0.005555555556,1.147058824,0.5666666667
2540,-0.8101031591,-0.0192248062,-0.01642668755,0.005656850722,0.01076983683,-0.0792834891,0.04027777778,,-4.133333333
2541,-0.3624048746,-0.008449612403,0.005074801943,-0.0016309833,-0.003443818643,0.03380062305,-0.05030864198,,-1.816666667
2542,0.8528544567,0.01976744186,-0.006566456803,0.007985817391,-0.001419360588,0.03348909657,0.006172839506,0.8039215686,4.25
2543,1.184972729,0.02860465116,0.01406021951,-0.02918190628,0.01512168677,0.003271028037,0.0537037037,0.6043360434,6.15
2544,1.676067415,0.04186046512,0.02786745918,-0.01670091757,-0.01116654161,0.03286604361,0.05077160494,0.6314814815,9.0
2545,-1.161492896,-0.02891472868,-0.005485928447,-0.004632488223,0.01011841667,0.009034267913,-0.06651234568,,-6.216666667
2546,2.132772639,0.04899224806,0.01570338485,0.0002634964182,-0.01596688127,0.05280373832,0.04521604938,0.5712025316,10.53333333
2547,1.348471901,0.03139534884,-0.002928621815,0.01502047656,-0.01209185475,0.0300623053,0.03271604938,0.3703703704,6.75
2548,-1.202783641,-0.03108527132,0.004391919272,-0.03325076723,0.02885884796,-0.04080996885,-0.02145061728,,-6.683333333
2549,-1.284418313,-0.02868217054,-0.01373269809,-0.009835108791,0.02356780688,-0.08115264798,0.02330246914,,-6.166666667
2550,-0.77746124,-0.01899224806,-0.01247155642,0.0137209228,-0.001249366381,0.0007788161994,-0.03858024691,,-4.083333333
2551,1.589282912,0.03356589147,-0.01072365434,0.01760630298,-0.00688264864,0.04314641745,0.02407407407,0.5981524249,7.216666667
2552,1.406794747,0.03364341085,0.02921922155,-0.03476246826,0.005543246703,0.03099688474,0.0362654321,0.5,7.233333333
2553,-0.103020536,-0.002325581395,-0.01773027992,0.01376328964,0.003966990274,-0.04548286604,0.04043209877,,-0.5
2554,1.283151472,0.02945736434,0.01003304836,-0.01117436271,0.001141314358,0.01728971963,0.04151234568,0.7052631579,6.333333333
2555,-2.493191504,-0.06147286822,-0.02851819593,0.00200215043,0.0265160455,-0.07367601246,-0.04938271605,,-13.21666667
2556,1.664910494,0.03604651163,0.02099067249,-0.01051800928,-0.01047266322,0.06152647975,0.01080246914,0.7096774194,7.75
2557,-0.4029175954,-0.009147286822,-0.03082971573,0.02452588626,0.006303829465,0.04221183801,-0.0600308642,,-1.966666667
2558,0.9100037712,0.02100775194,0.02953999119,-0.00331913517,-0.02622085602,0.01619937695,0.02577160494,0.6752767528,4.516666667
2559,0.4665127322,0.01139534884,0.006907572193,0.02257083125,-0.02947840344,-0.01448598131,0.03703703704,1.0,2.45
2560,0.2362766244,0.005658914729,-0.006552356939,-0.009845230533,0.01639758747,0.0199376947,-0.008487654321,1.369863014,1.216666667
2561,-2.254803777,-0.05023255814,-0.02470355863,0.005017867526,0.0196856911,-0.05996884735,-0.04058641975,,-10.8
2562,-0.602410104,-0.01263565891,0.0004215651515,-0.01841928982,0.01799772467,-0.01822429907,-0.007098765432,,-2.716666667
2563,-0.3677507501,-0.009147286822,0.0003303506454,-0.0256564888,0.02532613815,-0.0523364486,0.03364197531,,-1.966666667
2564,1.641486282,0.03697674419,0.01232056167,-5.510785365e-05,-0.01226545382,0.05560747664,0.01851851852,0.5157232704,7.95
2565,0.07248760089,0.001860465116,0.002153112491,0.01212854788,-0.01428166037,-0.01775700935,0.0212962963,4.541666667,0.4
2566,0.9031855957,0.02147286822,0.0037440315,-0.007855589022,0.004111557522,0.05591900312,-0.01265432099,0.8231046931,4.616666667
2567,-0.2962588932,-0.007984496124,-0.004619469496,-0.009544084035,0.01416355353,-0.002336448598,-0.01358024691,,-1.716666667
2568,-1.214897116,-0.02798449612,-0.01255585744,-0.003941995933,0.01649785337,-0.05451713396,-0.001697530864,,-6.016666667
2569,0.5878483744,0.01395348837,0.004884627845,0.02002263705,-0.0249072649,-0.005919003115,0.03364197531,0.6166666667,3.0
2570,-2.314942344,-0.05666666667,-0.02561688392,-0.001528664733,0.02714554865,-0.06635514019,-0.04706790123,,-12.18333333
2571,1.322948709,0.02860465116,0.001681996194,0.03812123088,-0.03980322708,0.0207165109,0.03641975309,0.5501355014,6.15
2572,1.334406847,0.03108527132,-0.007463162821,0.01143286663,-0.003969703807,0.007943925234,0.05401234568,0.7506234414,6.683333333
2573,-0.4206439683,-0.01046511628,0.001333073223,0.005771130285,-0.007104203508,-0.04299065421,0.02175925926,,-2.25
2574,-0.9934371694,-0.02410852713,-0.004289773628,-0.0111721048,0.01546187843,-0.04548286604,-0.002932098765,,-5.183333333
2575,1.709530386,0.03968992248,-0.001010319289,0.03110977698,-0.03009945769,0.03613707165,0.04320987654,0.544921875,8.533333333
2576,0.2969782136,0.007674418605,0.01096103239,-0.005358573222,-0.005602459167,-0.03691588785,0.05185185185,2.939393939,1.65
2577,-0.4104984442,-0.01007751938,-0.0009680041283,-0.02963721556,0.03060521969,-0.06869158879,0.04799382716,,-2.166666667
2578,0.1251359639,0.002945736434,0.0008380788044,0.01541026779,-0.0162483466,-0.02367601246,0.02932098765,3.0,0.6333333333
2579,-0.4917995198,-0.01294573643,-0.02819708559,0.01008212056,0.01811496502,-0.02943925234,0.003395061728,,-2.783333333
2580,-0.1116161071,-0.002635658915,0.0174776541,-0.02797455377,0.01049689967,0.01417445483,-0.01929012346,,-0.5666666667
2581,1.067576815,0.02620155039,-0.01859996711,0.02279641415,-0.004196447047,0.04548286604,0.007098765432,0.7840236686,5.633333333
2582,-1.91382694,-0.04503875969,-0.02615031062,0.01400161516,0.01214869546,-0.07632398754,-0.01404320988,,-9.683333333
2583,0.597474802,0.01379844961,-0.001841186587,-0.01765676145,0.01949794803,0.02912772586,-0.001388888889,0.6853932584,2.966666667
2584,0.003468439975,7.751937984e-05,0.004317271182,-0.01712823197,0.01281096079,-0.01355140187,0.01358024691,36.0,0.01666666667
2585,2.688492331,0.05968992248,0.02552933822,-0.02882437067,0.00329503245,0.05732087227,0.06203703704,0.4350649351,12.83333333
2586,0.1556934024,0.003643410853,0.0145912979,-0.01755862478,0.002967326887,-0.02647975078,0.03348765432,2.276595745,0.7833333333
2587,0.3555015335,0.008992248062,0.0165345245,-0.007378770935,-0.009155753569,-0.009501557632,0.02731481481,0.7844827586,1.933333333
2588,0.9055973248,0.0215503876,0.01776826987,-0.006124702175,-0.0116435677,0.04859813084,-0.00524691358,0.4712230216,4.633333333
2589,-0.5530304894,-0.01302325581,0.005005682404,-0.001946706828,-0.003058975576,-0.04361370717,0.01728395062,,-2.8
2590,0.2666988772,0.006899224806,0.01107078076,-0.01550743835,0.004436657594,-0.01137071651,0.025,2.348314607,1.483333333
2591,-0.2259247686,-0.005658914729,-0.0001649449093,0.009870620386,-0.009705675477,0.03333333333,-0.04429012346,,-1.216666667
2592,0.2954294053,0.006976744186,0.008027476528,-0.01634352874,0.008316052209,-0.02570093458,0.03935185185,2.166666667,1.5
2593,-0.8669289347,-0.02007751938,-0.007681953708,-0.01328952138,0.02097147509,-0.05514018692,0.01466049383,,-4.316666667
2594,-0.6411105649,-0.01604651163,-0.01760477697,0.01161709126,0.005987685711,-0.06666666667,0.03410493827,,-3.45
2595,0.5626095403,0.01403100775,-0.02158214428,0.02195290924,-0.0003707649588,-0.009657320872,0.0375,1.314917127,3.016666667
2596,-2.711565921,-0.06496124031,-0.02694884439,-0.01537543183,0.04232427622,-0.1074766355,-0.02283950617,,-13.96666667
2597,-1.55900684,-0.03434108527,-0.02997226887,0.02068851564,0.009283753229,-0.03099688474,-0.03765432099,,-7.383333333
2598,0.8536569424,0.02100775194,0.01059584344,-0.01575629118,0.005160447738,0.02320872274,0.01882716049,0.4095940959,4.516666667
2599,-1.495811959,-0.0388372093,-0.0224773329,0.009757301245,0.01272003166,-0.04034267913,-0.03734567901,,-8.35
2600,-1.319915154,-0.02968992248,-0.009972062393,-0.01124883607,0.02122089846,-0.07320872274,0.01342592593,,-6.383333333
2601,-0.8040333663,-0.01837209302,0.002289296126,-0.0121705139,0.009881217776,-0.01542056075,-0.0212962963,,-3.95
2602,0.07787240714,0.001782945736,0.003150612527,-0.003835084222,0.0006844716944,0.009501557632,-0.005864197531,2.826086957,0.3833333333
2603,0.6939473707,0.01651162791,0.02632980972,-0.02709299836,0.0007631886476,0.01728971963,0.01574074074,1.0,3.55
2604,-0.3474537071,-0.008217054264,0.004766291906,0.0006843671207,-0.005450659027,-0.02040498442,0.003858024691,,-1.766666667
2605,-0.4740138425,-0.01131782946,-0.003325349839,-0.007874829598,0.01120017944,-0.04330218069,0.02037037037,,-2.433333333
2606,1.579671066,0.03759689922,0.01770200746,0.002480607108,-0.02018261457,0.02647975078,0.04861111111,0.5195876289,8.083333333
2607,-0.4083353932,-0.01031007752,-0.01420102601,0.02988659731,-0.0156855713,-0.0484423676,0.0274691358,,-2.216666667
2608,2.319549754,0.05589147287,0.04376155047,-0.03540307833,-0.008358472144,0.06713395639,0.04475308642,0.4119278779,12.01666667
2609,0.1295854915,0.002945736434,0.001131486038,0.00666387643,-0.007795362468,-0.02523364486,0.03086419753,5.078947368,0.6333333333
2610,-0.9276929727,-0.02263565891,-0.01679490354,0.00381692994,0.0129779736,-0.01931464174,-0.02592592593,,-4.866666667
2611,0.1472274895,0.003488372093,0.01070563762,-0.03001153024,0.01930589263,-0.01666666667,0.02345679012,2.511111111,0.75
2612,0.3274170791,0.008062015504,0.01270331751,0.01725302008,-0.02995633759,0.0285046729,-0.01219135802,0.8461538462,1.733333333
2613,-0.6295778085,-0.01496124031,-0.02515248239,0.02363786311,0.001514619283,0.009501557632,-0.03919753086,,-3.216666667
2614,0.6967634269,0.01651162791,-0.007533526849,0.01488292675,-0.007349399899,-0.02881619938,0.06141975309,1.309859155,3.55
2615,0.4645584591,0.01186046512,-0.002572761399,0.006583609251,-0.004010847852,0.03956386293,-0.01558641975,1.091503268,2.55
2616,-1.092146234,-0.02852713178,-0.0308400236,0.03501043216,-0.004170408556,0.02211838006,-0.0787037037,,-6.133333333
2617,-1.774763618,-0.04186046512,-0.02589745477,-0.0006739259173,0.02657138069,-0.007788161994,-0.07561728395,,-9.0
2618,-0.7534470941,-0.01813953488,-0.01215258763,0.003222805043,0.008929782583,-0.06355140187,0.02685185185,,-3.9
2619,3.047813222,0.07062015504,0.02426294934,0.01080934723,-0.03507229657,0.09704049844,0.04444444444,0.4753018661,15.18333333
2620,2.039738888,0.0496124031,0.008696997978,0.006141882428,-0.01483888041,0.04221183801,0.05694444444,0.5234375,10.66666667
2621,-0.6220143831,-0.01519379845,0.0009631132159,-0.01297666351,0.01201355029,-0.007320872274,-0.02299382716,,-3.266666667
2622,-6.598511485e-17,-1.549148406e-18,0.01617414928,-0.01098308518,-0.005191064106,0.003426791277,-0.003395061728,,-3.330669074e-16
2623,-1.619900889,-0.03899224806,-0.02731582857,0.0159865928,0.01132923578,-0.01962616822,-0.05817901235,,-8.383333333
2624,0.03923258985,0.0009302325581,-0.00875912014,0.01063647783,-0.00187735769,-0.02881619938,0.03040123457,12.33333333,0.2
2625,1.845505793,0.04426356589,0.02020507142,-0.0226061303,0.002401058872,0.003894080997,0.08425925926,0.8598949212,9.516666667
2626,1.525034115,0.03248062016,0.01575146386,0.008110608874,-0.02386207273,0.01884735202,0.04598765432,1.026252983,6.983333333
2627,0.5958589281,0.01395348837,0.00301704141,0.004545749499,-0.007562790909,-0.01931464174,0.04691358025,1.266666667,3.0
2628,1.557731706,0.03976744186,0.01956737818,-0.006986531792,-0.01258084639,-0.006542056075,0.08564814815,0.6530214425,8.55
2629,-0.1670227565,-0.003798449612,-0.01550300036,0.006876025573,0.008626974792,-0.009034267913,0.001388888889,,-0.8166666667
2630,1.257055832,0.02720930233,0.009411087222,-0.005262287973,-0.004148799249,0.0222741433,0.03209876543,0.547008547,5.85
2631,0.5037882955,0.01224806202,0.01369358111,0.005363996465,-0.01905757758,-0.001246105919,0.02561728395,1.037974684,2.633333333
2632,0.4734676315,0.0115503876,0.0157731703,0.01044184427,-0.02621501457,0.07180685358,-0.04814814815,2.342281879,2.483333333
2633,0.5345266137,0.01333333333,0.02272067375,-0.02337377881,0.0006531050578,0.03146417445,-0.00462962963,0.8372093023,2.866666667
2634,-1.469007297,-0.03449612403,-0.005718901589,-0.001515823414,0.007234725003,-0.02165109034,-0.04722222222,,-7.416666667
2635,0.2469047287,0.005736434109,0.0102778321,-0.02277819825,0.01250036615,-0.002647975078,0.01404320988,2.027027027,1.233333333
2636,-0.1425896876,-0.003488372093,0.008828111893,-0.003214719349,-0.005613392545,-0.046105919,0.0387345679,,-0.75
2637,-1.994726767,-0.04565891473,-0.0001479490385,-0.02644697487,0.0265949239,-0.05514018692,-0.0362654321,,-9.816666667
2638,-1.689489431,-0.04348837209,-0.01785491015,0.007207154374,0.01064775578,-0.03598130841,-0.05092592593,,-9.35
2639,0.6227152254,0.01426356589,0.007258019291,0.02172112177,-0.02897914107,-0.009968847352,0.03827160494,1.157608696,3.066666667
2640,0.9366420672,0.0219379845,0.00569601769,0.001003630404,-0.006699648094,0.03364485981,0.01033950617,0.6077738516,4.716666667
2641,-0.5994082929,-0.01503875969,-0.0188825332,-0.004492893419,0.02337542662,-0.02990654206,-0.0003086419753,,-3.233333333
2642,1.452160216,0.03558139535,0.008569150795,0.006828173374,-0.01539732417,0.0009345794393,0.06990740741,0.7102396514,7.65
2643,1.163125296,0.02782945736,0.02574409207,-0.02234342903,-0.00340066304,0.03473520249,0.02098765432,0.651810585,5.983333333
2644,0.06345708217,0.001472868217,0.0198400482,0.004331552611,-0.02417160081,-0.02429906542,0.02700617284,4.421052632,0.3166666667
2645,0.7575123832,0.01829457364,0.007514535736,-0.003210503241,-0.004304032495,0.03816199377,-0.001388888889,0.6483050847,3.933333333
2646,-2.127377509,-0.05527131783,-0.03107322545,0.02610964593,0.004963579521,-0.05794392523,-0.05262345679,,-11.88333333
2647,-0.09554346907,-0.002170542636,0.006114991333,0.008232641643,-0.01434763298,-0.007009345794,0.00262345679,,-0.4666666667
2648,0.811067077,0.0196124031,0.002094533924,0.009744348236,-0.01183888216,0.01666666667,0.0225308642,0.95256917,4.216666667
2649,0.1582189147,0.003643410853,-0.002755550962,0.003667165934,-0.0009116149726,-0.005919003115,0.01311728395,2.425531915,0.7833333333
2650,1.016625413,0.02372093023,0.00080099229,0.02824092194,-0.02904191423,0.06386292835,-0.01604938272,0.7026143791,5.1
2651,1.273548902,0.02705426357,0.01591686535,0.01863320847,-0.03455007382,0.05591900312,-0.001543209877,0.6418338109,5.816666667
2652,-1.170434063,-0.02860465116,-0.007684731927,0.01944204795,-0.01175731602,0.01323987539,-0.0700617284,,-6.15
2653,-0.6326564183,-0.01511627907,0.000703108253,-0.03115057606,0.0304474678,-0.01090342679,-0.01929012346,,-3.25
2654,-0.6748257193,-0.01689922481,0.001877825837,-0.01491989694,0.01304207111,0.02118380062,-0.05462962963,,-3.633333333
2655,-0.1085599407,-0.002635658915,-0.008293858489,0.004729411996,0.003564446493,-0.008722741433,0.003395061728,,-0.5666666667
2656,0.8881685461,0.02209302326,0.006910450713,0.0165096557,-0.02342010641,-0.004049844237,0.04799382716,0.7719298246,4.75
2657,-1.306843522,-0.03558139535,-0.03119609064,0.02635122636,0.004844864274,-0.06510903427,-0.006327160494,,-7.65
2658,-1.637623915,-0.03689922481,-0.02610398252,0.02425936397,0.001844618557,-0.02741433022,-0.0462962963,,-7.933333333
2659,-0.5188577554,-0.0119379845,-0.01341007259,0.003689281159,0.009720791431,-0.003426791277,-0.02037037037,,-2.566666667
2660,0.09689737792,0.002325581395,0.01046396043,-0.02088856787,0.01042460744,0.008878504673,-0.004166666667,1.433333333,0.5
2661,0.05862461573,0.001395348837,0.002491915687,-0.005332351375,0.002840435688,-0.05404984424,0.05632716049,16.94444444,0.3
2662,-0.6613045448,-0.01488372093,-0.01760222457,0.01510782581,0.002494398757,-0.03177570093,0.001851851852,,-3.2
2663,0.1587196777,0.004108527132,-0.02775484586,0.04070163653,-0.01294679068,-0.007943925234,0.01604938272,2.320754717,0.8833333333
2664,3.304433768,0.07790697674,0.02998522217,0.01548605085,-0.04547127302,0.09314641745,0.06280864198,0.3850746269,16.75
2665,2.948853898,0.07263565891,0.03925668975,0.008317168878,-0.04757385863,0.05264797508,0.0924382716,0.5859124867,15.61666667
2666,-1.728141981,-0.04426356589,0.008387299668,-0.0390295611,0.03064226143,-0.001869158879,-0.0862654321,,-9.516666667
2667,0.1527015696,0.003875968992,0.005597380593,-0.0135875911,0.007990210509,-0.02757009346,0.0350308642,3.24,0.8333333333
2668,-0.2996560049,-0.007054263566,-0.007805445632,0.0003686098669,0.007436835765,-0.02663551402,0.01234567901,,-1.516666667
2669,1.43122744,0.03503875969,0.00163936781,0.009258712262,-0.01089808007,0.03193146417,0.03811728395,0.6747787611,7.533333333
2670,-0.1309854544,-0.003410852713,0.01994100257,-0.0235508307,0.00360982813,-0.02492211838,0.01790123457,,-0.7333333333
2671,-0.4299983259,-0.0107751938,0.005241449997,-0.01214403052,0.006902580523,-0.01105919003,-0.01049382716,,-2.316666667
2672,-1.048392028,-0.02573643411,-0.01951452347,0.01191130927,0.007603214197,-0.04127725857,-0.01033950617,,-5.533333333
2673,1.633357848,0.03837209302,0.007063131839,-0.004463513827,-0.002599618012,0.02056074766,0.05601851852,0.4666666667,8.25
2674,0.8650694094,0.0203875969,0.0257396406,-0.02034969533,-0.005389945266,0.03317757009,0.007716049383,1.140684411,4.383333333
2675,-0.4027751757,-0.008837209302,1.516660685e-06,0.01448864504,-0.0144901617,0.0253894081,-0.04274691358,,-1.9
2676,-2.503874315,-0.05558139535,-0.02086094471,0.004270722765,0.01659022194,-0.05996884735,-0.0512345679,,-11.95
2677,-0.3435277816,-0.009069767442,0.01358916497,-0.03364202338,0.02005285842,-0.0230529595,0.004783950617,,-1.95
2678,0.3324247447,0.007829457364,-0.006025635458,-0.008242969018,0.01426860448,-0.03753894081,0.05277777778,1.277227723,1.683333333
2679,-0.1166120019,-0.002945736434,-0.008970040305,0.006332720946,0.002637319359,-0.01760124611,0.01157407407,,-0.6333333333
2680,-1.089453517,-0.02503875969,-0.032042493,0.01077397046,0.02126852254,-0.03333333333,-0.01682098765,,-5.383333333
2681,3.466849253,0.08689922481,0.04087689715,-0.02275809963,-0.01811879752,0.06137071651,0.112191358,0.4603033006,18.68333333
2682,1.106747179,0.02542635659,0.002411419673,0.004204561692,-0.006615981365,0.02133956386,0.02947530864,0.6493902439,5.466666667
2683,-0.7451247153,-0.0192248062,0.006370370485,0.001028827592,-0.007399198078,-0.03722741433,-0.001388888889,,-4.133333333
2684,0.4321291752,0.0107751938,-0.00921348948,0.003010393363,0.006203096118,0.02118380062,0.000462962963,1.26618705,2.316666667
2685,-0.4491677999,-0.0103875969,-0.02626093988,0.004277208361,0.02198373152,-0.008099688474,-0.01265432099,,-2.233333333
2686,-0.6517874954,-0.01527131783,0.002789903851,-0.01257746038,0.00978755653,0.005295950156,-0.03564814815,,-3.283333333
2687,1.146592778,0.02666666667,0.006125756511,0.01201609049,-0.018141847,-0.03566978193,0.08842592593,1.063953488,5.733333333
2688,0.2219939032,0.005426356589,0.01229900311,-0.002671172625,-0.009627830481,0.0003115264798,0.01049382716,2.142857143,1.166666667
2689,0.9451960955,0.02139534884,0.007191437049,-0.01625314415,0.009061707102,0.04018691589,0.002777777778,0.9057971014,4.6
2690,0.2859872231,0.006589147287,0.01323589209,-0.03271094255,0.01947505045,-0.01214953271,0.02515432099,1.329411765,1.416666667
2691,-1.885509984,-0.04496124031,-0.01768916531,0.001372781898,0.01631638342,-0.06043613707,-0.02962962963,,-9.666666667
2692,0.6814042021,0.01759689922,0.02555844897,0.000655261839,-0.02621371081,-0.04408099688,0.0787037037,1.149779736,3.783333333
2693,1.920811812,0.05093023256,0.03059927263,-0.006582529783,-0.02401674285,0.008255451713,0.09320987654,0.5768645358,10.95
2694,0.2702891136,0.006356589147,0.009491562007,-0.01646066358,0.006969101569,0.02679127726,-0.01388888889,1.792682927,1.366666667
2695,-0.4641997775,-0.01162790698,-0.03426572082,0.01108162421,0.02318409662,0.02165109034,-0.04459876543,,-2.5
2696,0.2080904692,0.00519379845,-0.002254987789,0.01012319984,-0.007868212055,-0.03442367601,0.04444444444,3.164179104,1.116666667
2697,1.759003096,0.04387596899,0.02068986763,-0.01653757966,-0.004152287965,0.04080996885,0.04691358025,0.425795053,9.433333333
2698,0.3753394633,0.00992248062,0.0109971459,-0.005441206133,-0.005555939763,-0.01308411215,0.03271604938,1.125,2.133333333
2699,-0.6361409754,-0.01503875969,-0.0247297308,0.01555440174,0.009175329057,-0.02788161994,-0.002314814815,,-3.233333333
2700,-0.009417634129,-0.0002325581395,-0.02610757742,0.02031074172,0.005796835697,-0.04174454829,0.04089506173,,-0.05
2701,-0.1075114192,-0.002480620155,0.00334213337,-0.00463027169,0.00128813832,0.0007788161994,-0.005709876543,,-0.5333333333
2702,-0.3599497489,-0.008217054264,-0.01434052255,0.01213158796,0.002208934591,-0.04579439252,0.02901234568,,-1.766666667
2703,-2.457979308,-0.05635658915,-0.01575763907,-0.02916846138,0.04492610046,-0.06651090343,-0.0462962963,,-12.11666667
2704,-2.039423398,-0.04891472868,-0.01792477572,0.006553253819,0.0113715219,-0.04875389408,-0.04907407407,,-10.51666667
2705,0.0758099174,0.001705426357,-0.003830750383,0.001233519396,0.002597230987,-0.0004672897196,0.003858024691,1.363636364,0.3666666667
2706,0.2040556702,0.005271317829,-0.005491582588,0.003433629152,0.002057953436,-0.04003115265,0.05015432099,3.235294118,1.133333333
2707,-0.06936136712,-0.001627906977,0.001353010942,0.004545151371,-0.005898162313,-0.01292834891,0.009567901235,,-0.35
2708,0.6377345279,0.01612403101,0.01154647787,-0.003807580436,-0.007738897433,-0.03333333333,0.06512345679,1.057692308,3.466666667
2709,0.5927296194,0.01480620155,0.0021453396,-0.01232055521,0.01017521561,0.004984423676,0.02453703704,0.9162303665,3.183333333
2710,-2.811595325,-0.06635658915,-0.03124569637,0.007017078255,0.02422861812,-0.05482866044,-0.07777777778,,-14.26666667
2711,0.7652482401,0.01813953488,-0.00554754681,-0.01042744376,0.01597499057,0.04563862928,-0.009104938272,0.4700854701,3.9
2712,0.5391092297,0.01209302326,-0.007455671705,0.03411916156,-0.02666348986,0.002647975078,0.02145061728,1.012820513,2.6
2713,-1.298970515,-0.03465116279,0.002247654442,-0.02777179994,0.0255241455,-0.08317757009,0.01342592593,,-7.45
2714,-0.5030281292,-0.01255813953,-0.01445574393,0.009923909783,0.00453183415,-0.02024922118,-0.004938271605,,-2.7
2715,0.4531836232,0.01015503876,0.0003423664845,-0.0007243044453,0.0003819379608,0.01853582555,0.001851851852,1.190839695,2.183333333
2716,-1.737367352,-0.04170542636,-0.02639934704,0.001245851291,0.02515349575,-0.0292834891,-0.05401234568,,-8.966666667
2717,-0.6188127298,-0.01550387597,-0.01747121649,0.0009112582791,0.01655995821,-0.0238317757,-0.00725308642,,-3.333333333
2718,0.2145779254,0.005736434109,0.01708609993,-0.03090692877,0.01382082884,0.02414330218,-0.0125,1.932432432,1.233333333
2719,-0.3511259527,-0.008139534884,-0.0009896545253,0.007271682525,-0.006282027999,-0.0445482866,0.02793209877,,-1.75
2720,0.1407879326,0.003565891473,0.00365225345,-0.01526555209,0.01161329864,0.01775700935,-0.01049382716,2.434782609,0.7666666667
2721,-1.910409702,-0.04503875969,-0.009015208237,-0.00994467945,0.01895988769,-0.01105919003,-0.0787037037,,-9.683333333
2722,-1.300933526,-0.0315503876,-0.02252824344,0.01963702197,0.00289122147,-0.02492211838,-0.03811728395,,-6.783333333
2723,1.69213419,0.04201550388,0.01550997398,-0.01220255559,-0.003307418395,0.01074766355,0.07299382716,0.5830258303,9.033333333
2724,-1.015711098,-0.02271317829,-0.01039791405,0.02029894509,-0.00990103104,-0.04875389408,0.003086419753,,-4.883333333
2725,-1.219208118,-0.02837209302,-0.009896992083,-0.004459453675,0.01435644576,-0.05732087227,0.0003086419753,,-6.1
2726,0.6109063719,0.01503875969,-0.03098927404,0.02729137706,0.003697896976,-0.01323987539,0.04305555556,1.159793814,3.233333333
2727,-0.9459059414,-0.02108527132,-0.0183931324,0.01444338989,0.00394974251,-0.04828660436,0.005864197531,,-4.533333333
2728,-0.3980481452,-0.009689922481,-0.02064148635,0.01225951724,0.008381969113,-0.009657320872,-0.009722222222,,-2.083333333
2729,-1.038061967,-0.02689922481,-0.01945251966,-0.005219318012,0.02467183767,-0.1151090343,0.06049382716,,-5.783333333
2730,0.7510473269,0.01875968992,0.01475516747,0.01311613569,-0.02787130316,0.01588785047,0.02160493827,0.4752066116,4.033333333
2731,0.9041749201,0.02325581395,0.01172162218,-0.003856133299,-0.00786548888,-0.01713395639,0.06327160494,0.8533333333,5.0
2732,-0.1712210678,-0.003953488372,-0.00473551768,0.01086784282,-0.006132325138,-0.04672897196,0.03842592593,,-0.85
2733,-0.7887327571,-0.0176744186,-0.007774428797,-0.01700808436,0.02478251316,-0.03177570093,-0.003703703704,,-3.8
2734,-1.03434434,-0.02503875969,-0.01619387284,0.009903655452,0.00629021739,-0.02009345794,-0.0299382716,,-5.383333333
2735,0.163274458,0.003643410853,0.000108551434,0.02188471214,-0.02199326357,0.0009345794393,0.006327160494,2.212765957,0.7833333333
2736,0.4415534413,0.0103875969,0.008040259951,-0.01303244036,0.004992180413,-0.01214953271,0.03271604938,1.52238806,2.233333333
2737,-0.8706731101,-0.02007751938,-0.01539665878,0.01123784108,0.004158817702,-0.003582554517,-0.03641975309,,-4.316666667
2738,-0.01394109721,-0.0003100775194,-0.001271755065,-0.01168103185,0.01295278691,-0.003894080997,0.003240740741,,-0.06666666667
2739,0.4982317113,0.01279069767,0.0158785561,0.01955206256,-0.03543061866,0.04143302181,-0.01558641975,1.224242424,2.75
2740,-1.153619709,-0.02720930233,-0.0186671252,0.006871545946,0.01179557925,-0.007788161994,-0.04645061728,,-5.85
2741,-0.4383832734,-0.01062015504,-0.001363936108,0.03113751799,-0.02977358188,-0.03442367601,0.01296296296,,-2.283333333
2742,1.538007405,0.03651162791,0.02056401706,-0.003852740018,-0.01671127704,0.07523364486,-0.001851851852,0.6220806794,7.85
2743,-0.9007143061,-0.02186046512,-0.01079605628,0.009476064708,0.001319991572,-0.03302180685,-0.01080246914,,-4.7
2744,-1.08794835,-0.02705426357,-0.006954588629,-0.001287205743,0.008241794372,-0.08629283489,0.03163580247,,-5.816666667
2745,-0.3814790169,-0.009534883721,-0.008685719493,0.0006480254786,0.008037694014,-0.02289719626,0.003703703704,,-2.05
2746,-1.602354912,-0.0384496124,-0.02782169115,-0.002575015746,0.0303967069,-0.01386292835,-0.06280864198,,-8.266666667
2747,0.8618960286,0.02124031008,0.02229446152,-0.01606808064,-0.00622638088,0.03520249221,0.007407407407,1.186131387,4.566666667
2748,0.1745103758,0.004341085271,0.001107373308,-0.01206665574,0.01095928243,0.007476635514,0.001234567901,4.178571429,0.9333333333
2749,-0.1212778231,-0.002868217054,-0.003097756368,-0.0004916236533,0.003589380022,-0.009345794393,0.003549382716,,-0.6166666667
2750,0.4577159583,0.00992248062,0.01303079694,-0.009101017056,-0.003929779885,-0.02056074766,0.04012345679,1.734375,2.133333333
2751,0.2707525934,0.006821705426,-0.007956814031,0.01139036761,-0.003433553582,-0.03504672897,0.04830246914,2.318181818,1.466666667
2752,-0.4231270043,-0.01023255814,-0.008675756978,-0.0003449528018,0.00902070978,-0.01869158879,-0.001851851852,,-2.2
2753,0.9881338331,0.02503875969,0.0004209909599,-0.003569369025,0.003148378065,0.05093457944,-0.0006172839506,0.8452012384,5.383333333
2754,-0.9577596461,-0.02255813953,0.005380444732,-0.02345036649,0.01806992176,-0.0222741433,-0.02283950617,,-4.85
2755,-0.385588359,-0.008527131783,0.01555882989,-0.003359930725,-0.01219889917,0.01931464174,-0.03611111111,,-1.833333333
2756,1.74270836,0.03813953488,0.01743996105,0.01682883906,-0.03426880011,0.04174454829,0.03456790123,0.4512195122,8.2
2757,-1.237803153,-0.02875968992,-0.007816504342,0.01865732767,-0.01084082333,0.01277258567,-0.06990740741,,-6.183333333
2758,1.255120092,0.0292248062,0.01629215964,0.004942622939,-0.02123478258,0.02679127726,0.03163580247,0.7029177719,6.283333333
2759,2.538388603,0.06333333333,0.02799771209,-0.02527544772,-0.002722264368,0.04906542056,0.0774691358,0.5581395349,13.61666667
2760,-0.6932673791,-0.01697674419,-0.01173838773,-0.004378635576,0.01611702331,-0.01775700935,-0.0162037037,,-3.65
2761,-1.937836372,-0.04465116279,-0.02450791785,-0.005771158064,0.03027907591,-0.06417445483,-0.02530864198,,-9.6
2762,0.7563844131,0.01875968992,0.02140835506,-0.001918434197,-0.01948992086,0.007632398754,0.02978395062,1.347107438,4.033333333
2763,2.020822742,0.04558139535,0.007420026514,0.001616215191,-0.009036241706,0.05747663551,0.0337962963,0.5595238095,9.8
2764,2.101866171,0.04527131783,0.01811222137,-0.005713657916,-0.01239856345,0.03442367601,0.05601851852,0.7037671233,9.733333333
2765,-1.358305322,-0.03201550388,-0.007394296499,-0.02399141162,0.03138570812,-0.04859813084,-0.01558641975,,-6.883333333
2766,-0.1232401736,-0.003023255814,-0.003050979048,0.003522703635,-0.0004717245871,-0.02056074766,0.01435185185,,-0.65
2767,0.4477352316,0.01015503876,-0.000966690937,0.02907381493,-0.02810712399,-0.03473520249,0.05462962963,2.099236641,2.183333333
2768,-0.8093619753,-0.02015503876,-0.00706522283,-0.00492277446,0.01198799729,-0.04127725857,0.0007716049383,,-4.333333333
2769,-0.367686069,-0.008449612403,-0.0115987173,-0.007682123199,0.0192808405,-0.03598130841,0.01882716049,,-1.816666667
2770,-0.2714984452,-0.006589147287,-0.003999002778,-0.003446760088,0.007445762866,0.003426791277,-0.01651234568,,-1.416666667
2771,-0.1702561029,-0.003798449612,-0.005533313114,-0.01012288191,0.01565619502,0.006074766355,-0.01358024691,,-0.8166666667
2772,-1.356218841,-0.02782945736,-0.005354553555,0.01141702281,-0.006062469257,-0.04299065421,-0.01280864198,,-5.983333333
2773,-0.1849192099,-0.004263565891,0.01108440967,-0.02856406799,0.01747965832,-0.01791277259,0.009259259259,,-0.9166666667
2774,-0.5403060539,-0.01379844961,0.01322983263,0.00106970492,-0.01429953755,0.02679127726,-0.05401234568,,-2.966666667
2775,0.5722679302,0.01364341085,0.00700413578,0.03062538656,-0.03762952234,0.006074766355,0.02114197531,0.8693181818,2.933333333
2776,0.71535638,0.01666666667,0.001683359488,-0.0005213333065,-0.001162026181,0.01884735202,0.01450617284,0.9348837209,3.583333333
2777,1.063030774,0.02457364341,0.01785317227,-0.02097405513,0.003120882858,-0.003271028037,0.05216049383,0.5867507886,5.283333333
2778,-0.3086524145,-0.007519379845,-0.003694988588,0.01237690081,-0.008681912222,-0.05015576324,0.03472222222,,-1.616666667
2779,-0.3753060088,-0.009534883721,-0.01367971309,0.02092337794,-0.007243664855,0.01121495327,-0.03009259259,,-2.05
2780,-1.162167217,-0.02937984496,-0.02822297679,-0.004058978519,0.03228195531,-0.08286604361,0.02361111111,,-6.316666667
2781,0.2648504164,0.006046511628,0.009671941833,-0.008573084098,-0.001098857734,0.04657320872,-0.03410493827,2.551282051,1.3
2782,-0.126523935,-0.002790697674,-0.02680520243,0.004769863473,0.02203533896,-0.0238317757,0.01805555556,,-0.6
2783,0.5222968994,0.0115503876,0.006469551741,-0.01149202465,0.005022472906,0.005140186916,0.01790123457,0.5973154362,2.483333333
2784,1.602136331,0.04124031008,0.02023873135,-0.007105371858,-0.01313335949,0.04174454829,0.04074074074,0.6240601504,8.866666667
2785,-0.1128484575,-0.002713178295,0.001922428992,-0.01041400755,0.008491578556,-0.03442367601,0.0287037037,,-0.5833333333
2786,-0.9902103911,-0.02286821705,-0.009076452709,-0.004962041712,0.01403849442,-0.01775700935,-0.02793209877,,-4.916666667
2787,-0.1912642275,-0.004263565891,-0.004272749118,-0.01154338046,0.01581612958,-0.01744548287,0.008796296296,,-0.9166666667
2788,0.3457779714,0.008372093023,0.01703262839,-0.01391075096,-0.003121877433,0.02211838006,-0.00524691358,2.388888889,1.8
2789,0.4471993961,0.0107751938,0.01118039724,0.00360523378,-0.01478563102,-0.01666666667,0.03796296296,1.215827338,2.316666667
2790,0.4970777045,0.01201550388,0.008108383743,-0.01925157455,0.0111431908,-0.04143302181,0.0649691358,1.464516129,2.583333333
2791,1.189181351,0.02798449612,0.006446562387,-0.01181351462,0.005366952236,-0.0006230529595,0.05632716049,0.811634349,6.016666667
2792,2.069281228,0.05186046512,0.002417787276,0.01229975574,-0.01471754301,0.02336448598,0.08009259259,0.4753363229,11.15
2793,-1.61716917,-0.03837209302,-0.01380876689,-0.01323911712,0.027047884,-0.08021806854,0.003086419753,,-8.25
2794,0.938669893,0.02279069767,0.02313462777,-0.02516666249,0.002032034716,0.01059190031,0.03487654321,0.693877551,4.9
2795,-0.1665017524,-0.003875968992,-0.02022916642,0.0186953346,0.001533831814,0.0214953271,-0.02901234568,,-0.8333333333
2796,0.7221198762,0.01759689922,0.0210175144,-0.02159373476,0.0005762203612,0.03177570093,0.003549382716,0.9162995595,3.783333333
2797,0.5350398154,0.01348837209,-0.007424839829,0.02790655255,-0.02048171273,0.002180685358,0.02469135802,0.8620689655,2.9
2798,0.9426011688,0.02449612403,0.0164922618,-0.01442788531,-0.002064376498,-0.009034267913,0.05771604938,0.8259493671,5.266666667
2799,0.16180711,0.003798449612,0.003378126037,-0.01778375905,0.01440563301,0.01105919003,-0.003395061728,1.653061224,0.8166666667
2800,-0.003178224757,-7.751937984e-05,0.0005025962773,0.01399816169,-0.01450075797,-0.04065420561,0.04012345679,,-0.01666666667
2801,-1.255754016,-0.02875968992,-0.005473474816,-0.005139104318,0.01061257913,-0.01137071651,-0.04598765432,,-6.183333333
2802,-0.02847522113,-0.0006976744186,-0.01002130676,0.02311590382,-0.01309459705,0.01931464174,-0.02052469136,,-0.15
2803,-1.163967947,-0.03069767442,-0.0104183445,0.01883231409,-0.008413969589,-0.03255451713,-0.02885802469,,-6.6
2804,-0.8176805182,-0.0215503876,-0.01153630685,0.001989698324,0.009546608523,-0.009345794393,-0.03364197531,,-4.633333333
2805,0.3243245828,0.007674418605,0.007199200891,-0.0299522095,0.02275300861,-0.02118380062,0.0362654321,1.292929293,1.65
2806,-0.7102751207,-0.01627906977,-0.01507303392,0.01704431769,-0.001971283768,-0.02352024922,-0.009104938272,,-3.5
2807,-0.05282059683,-0.001317829457,0.004302310879,-0.00726019842,0.002957887541,-0.0006230529595,-0.00200617284,,-0.2833333333
2808,-0.2341508013,-0.005736434109,-0.004453126974,1.508208668e-05,0.004438044888,0.01012461059,-0.02145061728,,-1.233333333
2809,-1.27644561,-0.03201550388,-0.01447529248,-0.003213718211,0.01768901069,-0.01869158879,-0.04521604938,,-6.883333333
2810,-0.3144382496,-0.006899224806,-0.03544054925,0.02155125125,0.013889298,-0.01152647975,-0.002314814815,,-1.483333333
2811,1.323756124,0.02930232558,0.02279239748,-0.02850964744,0.005717249955,-0.001246105919,0.05956790123,0.671957672,6.3
2812,-0.9903788288,-0.02449612403,-0.009696400874,0.009141878701,0.0005545221725,-0.06417445483,0.01481481481,,-5.266666667
2813,-0.2925684427,-0.007751937984,0.001460015385,0.00768737525,-0.009147390634,-0.0277258567,0.01203703704,,-1.666666667
2814,-0.2106533589,-0.00511627907,0.01338826523,-0.001000564938,-0.01238770029,-0.02258566978,0.01219135802,,-1.1
2815,1.062297259,0.02666666667,0.0197528108,-0.0227877173,0.003034906504,-0.002024922118,0.05509259259,0.4622093023,5.733333333
2816,-1.934687167,-0.04426356589,-0.02908752965,0.01699017865,0.012097351,-0.07585669782,-0.01296296296,,-9.516666667
2817,0.1422280885,0.003410852713,0.01361659098,-0.02499871122,0.01138212025,0.02663551402,-0.01959876543,1.159090909,0.7333333333
2818,-0.3850397078,-0.009689922481,-0.01483937535,0.002828511985,0.01201086336,-0.01619937695,-0.003240740741,,-2.083333333
2819,-0.03940863743,-0.0009302325581,-0.01718643952,0.008711630207,0.008474809317,-0.02507788162,0.02299382716,,-0.2
2820,2.858336434,0.06441860465,0.01540801971,0.01884137954,-0.03424939925,0.06838006231,0.06049382716,0.3922984356,13.85
2821,-0.04398275192,-0.001085271318,0.006803375385,0.01996032654,-0.02676370192,0.005451713396,-0.007561728395,,-0.2333333333
2822,-1.96925295,-0.04798449612,-0.02180557502,0.003927171999,0.01787840302,-0.03862928349,-0.05725308642,,-10.31666667
2823,-1.392224434,-0.03418604651,-0.004901695769,0.004258296409,0.0006433993598,-0.03551401869,-0.03287037037,,-7.35
2824,-0.9755090962,-0.02310077519,-0.003559569172,0.009951156717,-0.006391587545,0.01775700935,-0.06358024691,,-4.966666667
2825,-0.1087578689,-0.002790697674,0.01233111008,-0.01052302526,-0.001808084816,-0.02289719626,0.01712962963,,-0.6
2826,1.154284699,0.02465116279,-0.008083011598,0.03539067454,-0.02730766294,0.01028037383,0.03888888889,0.4811320755,5.3
2827,0.3020605128,0.007286821705,0.01468480826,-0.009674296076,-0.005010512182,-0.01246105919,0.02685185185,2.223404255,1.566666667
2828,0.1444365482,0.003333333333,-0.008852557399,0.007087679021,0.001764878378,-0.002647975078,0.009259259259,2.627906977,0.7166666667
2829,0.1868057899,0.003953488372,0.015325735,1.156365343e-05,-0.01533729865,-0.01479750779,0.0225308642,3.960784314,0.85
2830,0.04630203635,0.001085271318,0.01539032624,-0.03226605709,0.01687573085,-0.02819314642,0.03009259259,12.57142857,0.2333333333
2831,-0.8199460417,-0.01976744186,-0.01707181841,-0.01188931669,0.0289611351,-0.07990654206,0.03981481481,,-4.25
2832,0.206636525,0.00519379845,0.003729233592,-0.003145250399,-0.0005839831937,0.005919003115,0.004475308642,2.492537313,1.116666667
2833,2.061448284,0.05100775194,0.006205451605,0.01894695952,-0.02515241112,0.06137071651,0.04074074074,0.4376899696,10.96666667
2834,1.712959693,0.04465116279,0.02598369988,-0.01012374625,-0.01585995364,-0.008099688474,0.09691358025,0.6284722222,9.6
2835,0.4764457481,0.01131782946,-0.01730262381,0.01608488491,0.001217738905,0.01012461059,0.0125,1.47260274,2.433333333
2836,-0.04453653281,-0.001085271318,0.004660112645,-0.02131697975,0.0166568671,0.0277258567,-0.02962962963,,-0.2333333333
2837,0.8720121001,0.02100775194,0.0161913028,-0.009726155768,-0.006465147036,0.05202492212,-0.009722222222,1.036900369,4.516666667
2838,-0.2244959945,-0.005426356589,-0.01742648965,0.008899465976,0.008527023672,0.0003115264798,-0.01111111111,,-1.166666667
2839,0.1742124619,0.003875968992,-0.01824459777,-0.00244010441,0.02068470218,-0.01059190031,0.01820987654,3.16,0.8333333333
2840,1.728811807,0.04341085271,0.0286747854,-0.001330996423,-0.02734378898,-0.008722741433,0.0950617284,0.6410714286,9.333333333
2841,2.004502875,0.04441860465,0.01202738298,0.009670735993,-0.02169811897,0.05202492212,0.03688271605,0.664921466,9.55
2842,-0.9140294354,-0.02108527132,-0.006974021982,-0.006787946886,0.01376196887,-0.01526479751,-0.02685185185,,-4.533333333
2843,1.061770399,0.02627906977,-0.007201421193,0.02791652984,-0.02071510865,0.004517133956,0.04783950617,0.6755162242,5.65
2844,-0.2408239112,-0.005503875969,-0.01170648901,0.00233293743,0.009373551584,-0.03956386293,0.02824074074,,-1.183333333
2845,2.023476226,0.0488372093,0.02615753774,0.007699743404,-0.03385728115,0.05124610592,0.04645061728,0.5253968254,10.5
2846,-0.2025833023,-0.00488372093,0.007829182568,-0.01300303812,0.005173855549,-0.005451713396,-0.004320987654,,-1.05
2847,0.2733079388,0.006356589147,0.01242499034,0.0008149782769,-0.01323996861,-0.003738317757,0.01635802469,1.402439024,1.366666667
2848,1.793657375,0.0411627907,0.02571539932,-0.002494381941,-0.02322101738,0.06510903427,0.0174382716,0.6723163842,8.85
2849,0.6969106569,0.01472868217,0.01698073183,-0.02767687085,0.01069613902,-1.426688466e-18,0.02932098765,1.242105263,3.166666667
2850,2.429710995,0.05620155039,0.0292478107,-0.008301512719,-0.02094629798,0.06043613707,0.05200617284,0.515862069,12.08333333
2851,-0.3872269128,-0.009612403101,0.0006523677349,-0.02362418282,0.02297181509,-0.03348909657,0.01404320988,,-2.066666667
2852,0.7084862698,0.01790697674,0.01740376485,-0.006254908209,-0.01114885664,-0.01791277259,0.05339506173,0.8614718615,3.85
2853,-1.178080076,-0.02697674419,-0.009052084627,-0.01532592654,0.02437801117,-0.01464174455,-0.03919753086,,-5.8
2854,-0.8049435781,-0.01689922481,0.001242527807,-0.01460490677,0.01336237896,-0.01479750779,-0.01898148148,,-3.633333333
2855,1.098739593,0.02573643411,0.02343912421,-0.01059825742,-0.01284086679,0.04953271028,0.002160493827,0.8012048193,5.533333333
2856,1.965557686,0.04403100775,0.009239703547,0.01031233213,-0.01955203568,0.02757009346,0.06033950617,0.5422535211,9.466666667
2857,-2.240726555,-0.05426356589,-0.01324986009,-0.01553675489,0.02878661499,-0.07118380062,-0.0375,,-11.66666667
2858,-0.6630259314,-0.01589147287,-0.01476992951,0.002842580447,0.01192734906,-0.01822429907,-0.01358024691,,-3.416666667
2859,-0.3594568384,-0.008217054264,-0.01409494877,0.02466020808,-0.01056525932,0.01277258567,-0.02901234568,,-1.766666667
2860,-0.333869337,-0.008062015504,-0.01331173539,0.01628000655,-0.002968271153,0.01246105919,-0.02839506173,,-1.733333333
2861,0.7872334869,0.01937984496,0.03617395399,-0.01937848252,-0.01679547147,0.04672897196,-0.007716049383,1.292,4.166666667
2862,-1.084972858,-0.02604651163,-0.02258354702,0.006293638638,0.01628990838,-0.05794392523,0.005555555556,,-5.6
2863,-1.121374584,-0.02666666667,-0.003697923254,0.009042007395,-0.005344084141,-0.04828660436,-0.00524691358,,-5.733333333
2864,-1.757177664,-0.04496124031,-0.02259095227,-0.003453507004,0.02604445927,-0.0976635514,0.00725308642,,-9.666666667
2865,-0.3856622234,-0.008992248062,0.01142823244,-0.01570471786,0.004276485417,0.008722741433,-0.02654320988,,-1.933333333
2866,-0.7087822964,-0.01798449612,-0.001500012337,0.02793294463,-0.02643293229,-0.01479750779,-0.02114197531,,-3.866666667
2867,0.5502635654,0.01255813953,-0.004546042179,0.01250808332,-0.00796204114,0.01744548287,0.007716049383,0.6419753086,2.7
2868,-0.1814681992,-0.004573643411,-0.00576873002,0.01395928632,-0.008190556297,-0.02352024922,0.01419753086,,-0.9833333333
2869,0.2784412433,0.006976744186,-0.008824107065,0.01355133022,-0.004727223159,-0.02242990654,0.03611111111,2.177777778,1.5
2870,-0.5572481102,-0.01263565891,-0.01082237151,0.03629785525,-0.02547548374,-0.01651090343,-0.008796296296,,-2.716666667
2871,1.992735909,0.04589147287,0.0223683454,0.008957296928,-0.03132564232,0.05046728972,0.04135802469,0.5540540541,9.866666667
2872,-1.977738178,-0.04798449612,-0.02022011571,-0.01405584574,0.03427596144,-0.06526479751,-0.03086419753,,-10.31666667
2873,-0.7706158961,-0.0184496124,-0.003168270803,-0.01769034517,0.02085861597,0.006697819315,-0.04336419753,,-3.966666667
2874,2.974996294,0.06968992248,0.02329816831,-0.01040386266,-0.01289430566,0.07710280374,0.06234567901,0.4627363737,14.98333333
2875,-0.1854916656,-0.004496124031,0.002596588775,0.003293264066,-0.005889852841,-0.01386292835,0.004783950617,,-0.9666666667
2876,0.5715526289,0.01279069767,0.01335506256,-0.01010156109,-0.003253501472,0.01588785047,0.009722222222,1.084848485,2.75
2877,-0.0351636175,-0.0008527131783,-0.04321489238,0.05770815416,-0.01449326178,0.003894080997,-0.005555555556,,-0.1833333333
2878,0.5760971708,0.01317829457,0.009756848867,-0.004217387031,-0.005539461836,0.02523364486,0.001234567901,0.6647058824,2.833333333
2879,-0.7057504823,-0.01813953488,0.004635849218,-0.0006116351552,-0.004024214063,-0.02242990654,-0.01388888889,,-3.9
2880,-2.118035515,-0.05372093023,-0.01245064638,-0.01773117046,0.03018181685,-0.02819314642,-0.07901234568,,-11.55
2881,-0.9564846705,-0.02100775194,-0.009410949321,0.003757902092,0.00565304723,-0.03800623053,-0.004166666667,,-4.516666667
2882,-0.1563225059,-0.003643410853,-0.004628861501,-0.01181274249,0.01644160399,-0.008411214953,0.001080246914,,-0.7833333333
2883,1.446414595,0.03736434109,-0.005387086526,0.01366368924,-0.008276602709,0.0269470405,0.04768518519,0.5497925311,8.033333333
2884,-1.460061299,-0.03519379845,-0.01029308684,-0.01809815452,0.02839124137,-0.0476635514,-0.02283950617,,-7.566666667
2885,0.5512754074,0.01310077519,-0.008390366187,0.006120131112,0.002270235075,0.004517133956,0.02160493827,0.3786982249,2.816666667
2886,-1.343284964,-0.0311627907,-0.01893267319,0.02099290858,-0.002060235385,-0.04439252336,-0.01805555556,,-6.7
2887,-1.188390124,-0.03178294574,-0.01231356364,-0.004742068333,0.01705563198,-0.02320872274,-0.04027777778,,-6.833333333
2888,1.257200486,0.02860465116,0.01185376334,0.006620179036,-0.01847394237,0.01697819315,0.04012345679,0.6097560976,6.15
2889,-0.6484386919,-0.01527131783,-0.005995964467,0.004629584362,0.001366380105,-0.0238317757,-0.006790123457,,-3.283333333
2890,-1.406047016,-0.03255813953,-0.03811258651,0.02517297223,0.01293961428,-0.04158878505,-0.02361111111,,-7.0
2891,-2.366758477,-0.05589147287,-0.02166885514,0.008521339825,0.01314751532,-0.02040498442,-0.09104938272,,-12.01666667
2892,-1.319336841,-0.03263565891,-0.02040850009,0.002590971356,0.01781752873,-0.0691588785,0.003549382716,,-7.016666667
2893,1.895233967,0.04689922481,0.02402613339,-0.01188828655,-0.01213784684,0.03551401869,0.05817901235,0.3983471074,10.08333333
2894,-1.273211085,-0.0296124031,-0.02722757803,0.005971926519,0.02125565151,-0.05031152648,-0.009104938272,,-6.366666667
2895,1.081367504,0.02697674419,0.01969963323,-0.00235701487,-0.01734261836,0.01822429907,0.03564814815,0.5804597701,5.8
2896,1.092837561,0.02674418605,0.01215941887,-0.01693675294,0.004777334074,-0.001090342679,0.05432098765,0.8898550725,5.75
2897,0.2241035308,0.005503875969,0.01938567907,-0.005799954108,-0.01358572496,0.03130841121,-0.0200617284,2.338028169,1.183333333
2898,0.1745103758,0.004341085271,0.001107373308,-0.01206665574,0.01095928243,0.007476635514,0.001234567901,4.178571429,0.9333333333
2899,2.688492331,0.05968992248,0.02552933822,-0.02882437067,0.00329503245,0.05732087227,0.06203703704,0.4350649351,12.83333333
2900,-0.02127956181,-0.0004651162791,0.006378769728,0.0003758326494,-0.006754602378,-0.01822429907,0.01712962963,,-0.1
2901,0.8614478207,0.02255813953,0.01233839654,-0.01121507339,-0.001123323149,0.007788161994,0.03719135802,0.4742268041,4.85
2902,-1.055482078,-0.02689922481,-0.00477872219,-0.00663331927,0.01141204146,-0.07990654206,0.02561728395,,-5.783333333
2903,-0.7797609925,-0.01736434109,0.004569909247,-0.01941359619,0.01484368695,-0.03037383178,-0.004475308642,,-3.733333333
2904,-0.8273663369,-0.01906976744,0.007724624907,-0.008620874508,0.0008962496013,-0.01199376947,-0.02608024691,,-4.1
2905,-1.550309019,-0.03565891473,-0.0354842123,0.02197273101,0.01351148129,-0.0300623053,-0.0412037037,,-7.666666667
2906,1.656849658,0.03852713178,0.005539124676,0.0049967011,-0.01053582578,0.006697819315,0.0700617284,0.6116700201,8.283333333
2907,0.7510473269,0.01875968992,0.01475516747,0.01311613569,-0.02787130316,0.01588785047,0.02160493827,0.4752066116,4.033333333
2908,0.8060531217,0.01891472868,-0.01198504616,0.0110995788,0.0008854673581,0.05887850467,-0.02067901235,0.9590163934,4.066666667
2909,-1.166371187,-0.02682170543,-0.01790633924,-0.01374628299,0.03165262223,-0.02258566978,-0.03101851852,,-5.766666667
2910,1.214983502,0.0288372093,0.005659519773,0.01390013699,-0.01955965676,0.001401869159,0.05601851852,0.6424731183,6.2
2911,2.376477278,0.05728682171,0.02337230042,0.01261268783,-0.03598498825,0.06682242991,0.04783950617,0.400541272,12.31666667
2912,0.6832425469,0.01627906977,0.0159784604,-0.00817250597,-0.007805954427,0.03691588785,-0.004166666667,0.7571428571,3.5
2913,-0.02606489629,-0.0006201550388,0.00420899152,-0.01388587742,0.009676885898,0.01978193146,-0.02083333333,,-0.1333333333
2914,1.351826454,0.02976744186,-0.005990409302,-0.0008604497514,0.006850859054,0.02523364486,0.03425925926,0.671875,6.4
2915,1.988336704,0.05,0.0198122043,-0.005451059956,-0.01436114434,0.007943925234,0.09166666667,0.7937984496,10.75
2916,0.983252591,0.02178294574,0.006551723794,0.02037385257,-0.02692557636,0.04984423676,-0.006018518519,0.8825622776,4.683333333
2917,0.1963184419,0.00480620155,0.01470018797,-0.02422362977,0.009523441802,0.01682242991,-0.007098765432,4.274193548,1.033333333
2918,-1.444603663,-0.0376744186,-0.02727035488,0.00969138842,0.01757896646,-0.0269470405,-0.04830246914,,-8.1
2919,-0.3770150298,-0.008372093023,0.01506020078,-0.01988961802,0.004829417239,0.009501557632,-0.02608024691,,-1.8
2920,-1.357302426,-0.03403100775,-0.02653379706,0.02059201074,0.005941786321,-0.02087227414,-0.04706790123,,-7.316666667
2921,-1.851198567,-0.04534883721,-0.0172087327,0.003092388286,0.01411634441,-0.08909657321,-0.00200617284,,-9.75
2922,-1.394268642,-0.03496124031,-0.02504483806,0.004849589283,0.02019524878,-0.01246105919,-0.05725308642,,-7.516666667
2923,1.843692792,0.04666666667,0.03501020908,-0.001729052119,-0.03328115696,0.04018691589,0.05308641975,0.5132890365,10.03333333
2924,-1.319933558,-0.0296124031,-0.0143513351,0.002879936685,0.01147139841,0.01074766355,-0.06959876543,,-6.366666667
2925,0.4296038642,0.01007751938,0.01898198506,-0.007474401004,-0.01150758406,0.04937694704,-0.02885802469,1.392307692,2.166666667
2926,-0.9757421406,-0.02457364341,-0.01042592462,-0.00495439382,0.01538031844,-0.0004672897196,-0.04845679012,,-5.283333333
2927,2.058860972,0.04790697674,0.02441853128,-0.02979202737,0.005373496088,0.006542056075,0.08888888889,0.6116504854,10.3
2928,-0.2597416751,-0.006589147287,0.003909371039,-0.01387911882,0.009969747783,-0.01137071651,-0.001851851852,,-1.416666667
2929,-0.8588565165,-0.02069767442,0.002474205244,0.003524654413,-0.005998859657,-0.02336448598,-0.01805555556,,-4.45
2930,0.8596374554,0.02240310078,-0.004747576927,0.001272169692,0.003475407235,-0.02024922118,0.06466049383,0.9238754325,4.816666667
2931,-0.3719488476,-0.008759689922,-0.002515295913,0.02285214007,-0.02033684416,0.0007788161994,-0.01820987654,,-1.883333333
2932,0.718047293,0.01682170543,0.02114017331,-0.01900609601,-0.002134077306,0.003582554517,0.0299382716,0.6359447005,3.616666667
2933,-1.581955068,-0.03759689922,-0.03035695682,0.01571136105,0.01464559577,-0.06121495327,-0.01419753086,,-8.083333333
2934,-0.472826267,-0.01147286822,0.001861048607,0.002618309996,-0.004479358603,-0.03598130841,0.01280864198,,-2.466666667
2935,-0.2654632368,-0.006279069767,0.001530088197,-0.01897116989,0.01744108169,-0.03411214953,0.0212962963,,-1.35
2936,0.6252341639,0.01410852713,0.004914963141,0.01177708439,-0.01669204753,-0.001869158879,0.0299382716,1.142857143,3.033333333
2937,-0.65734485,-0.01651162791,0.004581002326,-0.02102170334,0.01644070102,0.0009345794393,-0.0337962963,,-3.55
2938,-0.4234259241,-0.009302325581,-0.0001928464138,-0.01230466847,0.01249751488,0.01775700935,-0.03611111111,,-2.0
2939,0.1216898968,0.003100775194,0.024437444,-0.0042455933,-0.0201918507,-0.04018691589,0.04598765432,1.525,0.6666666667
2940,0.2006872862,0.00488372093,-0.001666264083,0.006681315726,-0.005015051643,0.03691588785,-0.02685185185,2.396825397,1.05
2941,-0.2548122327,-0.006124031008,-0.008509617863,0.02318451519,-0.01467489733,-0.03753894081,0.025,,-1.316666667
2942,-1.309417327,-0.03294573643,-0.03150472108,0.01750081857,0.01400390251,-0.01230529595,-0.05339506173,,-7.083333333
2943,1.327554076,0.03310077519,0.02040382334,-0.01691162768,-0.003492195661,0.05732087227,0.009104938272,0.4871194379,7.116666667
2944,0.07367972645,0.001705426357,0.002013536671,0.02452394158,-0.02653747825,-0.003582554517,0.006944444444,3.681818182,0.3666666667
2945,1.668677239,0.04379844961,0.03666677032,-0.003948054594,-0.03271871573,0.02258566978,0.06481481481,0.410619469,9.416666667
2946,2.086627379,0.05333333333,0.001449508286,0.01284246717,-0.01429197545,0.02757009346,0.07885802469,0.488372093,11.46666667
2947,0.7025887503,0.01519379845,0.007890098384,0.01399184075,-0.02188193914,0.03239875389,-0.001851851852,0.7091836735,3.266666667
2948,0.1085538445,0.002558139535,-0.01451751624,0.01156685632,0.002950659922,-0.0207165109,0.02561728395,4.090909091,0.55
2949,-1.896398472,-0.04395348837,-0.01971459246,-0.009501713025,0.02921630548,-0.04143302181,-0.04645061728,,-9.45
2950,0.5854604573,0.01410852713,0.004365626478,-0.001794484519,-0.002571141959,-0.03644859813,0.06419753086,1.604395604,3.033333333
2951,-0.9392437178,-0.02131782946,-0.0122346106,0.01278346147,-0.000548850868,-0.06339563863,0.02037037037,,-4.583333333
2952,1.929737382,0.03589147287,0.006768221441,0.01974276522,-0.02651098666,0.01853582555,0.05308641975,0.6457883369,7.716666667
2953,0.6781198413,0.01643410853,-0.0181185717,0.02461950964,-0.006500937937,0.01339563863,0.01944444444,0.7971698113,3.533333333
2954,0.7443027892,0.01728682171,0.01421390282,-0.002443682978,-0.01177021984,0.02009345794,0.01450617284,0.6053811659,3.716666667
2955,1.323072769,0.03310077519,0.01626703941,-0.01486974927,-0.00139729014,0.04828660436,0.01805555556,0.4051522248,7.116666667
2956,-0.1517448218,-0.003565891473,0.001219087984,0.01319789011,-0.01441697809,0.02803738318,-0.03487654321,,-0.7666666667
2957,-0.6805664492,-0.01658914729,0.007935120247,-0.02842566644,0.02049054619,0.04252336449,-0.07515432099,,-3.566666667
2958,-0.06159704572,-0.001472868217,-0.01967264566,0.01189722432,0.007775421339,-0.05062305296,0.04722222222,,-0.3166666667
2959,-0.8322899472,-0.01860465116,-0.002292708418,0.008492526835,-0.006199818416,-0.03691588785,-0.000462962963,,-4.0
2960,0.9308707953,0.02248062016,0.004840445216,0.01029356671,-0.01513401193,-0.005919003115,0.05061728395,0.5172413793,4.833333333
2961,-0.9648357783,-0.02472868217,-0.01040193297,-0.009865374101,0.02026730707,-0.01666666667,-0.03271604938,,-5.316666667
2962,2.69550875,0.05899224806,0.01902743625,-0.01180209543,-0.007225340821,0.0691588785,0.04891975309,0.3758212878,12.68333333
2963,0.8902665714,0.0203875969,0.0157074462,-0.009661700473,-0.006045745729,-0.006697819315,0.04722222222,0.6692015209,4.383333333
2964,-1.110404711,-0.02627906977,0.003159598805,-0.006713576005,0.003553977199,-0.08021806854,0.02716049383,,-5.65
2965,0.8885523417,0.02046511628,0.00374344557,0.005795439219,-0.009538884789,0.0009345794393,0.03981481481,0.8598484848,4.4
2966,1.254930062,0.0280620155,0.03193301123,-0.03065089146,-0.001282119776,0.03489096573,0.0212962963,0.3729281768,6.033333333
2967,-1.040400284,-0.02434108527,-0.009380874939,-0.007766291773,0.01714716671,0.004984423676,-0.05339506173,,-5.233333333
2968,0.4554999651,0.01085271318,-0.000862219573,0.01457707691,-0.01371485733,0.03566978193,-0.0137345679,1.0,2.333333333
2969,0.5644530832,0.01441860465,-0.004731373284,0.01446192743,-0.009730554143,0.001557632399,0.02716049383,0.6720430108,3.1
2970,0.02944596409,0.0006976744186,-0.00400330311,-0.001579692259,0.005582995369,-0.005451713396,0.006790123457,13.77777778,0.15
2971,0.0194620812,0.0004651162791,0.005095988834,0.001339999702,-0.006435988536,0.03271028037,-0.03148148148,23.5,0.1
2972,-0.9196450333,-0.02186046512,-0.01811679716,0.004972450927,0.01314434624,-0.04890965732,0.004938271605,,-4.7
2973,-0.1891605846,-0.00488372093,0.008605095037,-0.01812967124,0.009524576199,-0.04065420561,0.03055555556,,-1.05
2974,-0.7625991441,-0.01697674419,-0.001732942808,0.01794887823,-0.01621593543,-0.0253894081,-0.008641975309,,-3.65
2975,0.8183736841,0.01728682171,-0.0145726404,0.02128444078,-0.006711800384,-0.01775700935,0.05200617284,1.094170404,3.716666667
2976,0.5839719247,0.01379844961,-0.001784762025,0.02100557716,-0.01922081514,0.02398753894,0.003703703704,1.314606742,2.966666667
2977,2.522568924,0.06124031008,0.01881471049,0.003023730447,-0.02183844094,0.04750778816,0.07484567901,0.517721519,13.16666667
2978,-0.7425823122,-0.01852713178,-0.008504388487,-0.005991875971,0.01449626446,-0.03629283489,-0.0009259259259,,-3.983333333
2979,0.6318964234,0.01620155039,0.0003688820405,0.009423220518,-0.009792102559,-0.02523364486,0.05725308642,1.052631579,3.483333333
2980,0.1821670792,0.004651162791,-0.001595359677,-0.005222412908,0.006817772585,-0.004361370717,0.01358024691,1.633333333,1.0
2981,1.785707627,0.04395348837,0.01736332456,0.005233516646,-0.02259684121,0.03862928349,0.04922839506,0.4197530864,9.45
2982,-1.792501826,-0.04503875969,-0.02936652853,0.01520979117,0.01415673735,-0.07024922118,-0.0200617284,,-9.683333333
2983,-1.239478571,-0.03046511628,-0.01579325915,-0.001478071426,0.01727133057,-0.02242990654,-0.03842592593,,-6.55
2984,-0.1523879404,-0.003565891473,-0.0139736195,0.0074463842,0.006527235297,0.01853582555,-0.02546296296,,-0.7666666667
2985,0.6127086551,0.01449612403,0.0008094824809,0.004496242063,-0.005305724544,-0.003271028037,0.03209876543,1.427807487,3.116666667
2986,0.2128323844,0.00519379845,-0.01313741576,0.02807794522,-0.01494052946,0.01370716511,-0.003240740741,2.074626866,1.116666667
2987,1.254616907,0.03131782946,0.007559697753,-0.0008377705398,-0.006721927213,0.02990654206,0.03271604938,0.7227722772,6.733333333
2988,-1.345145453,-0.03069767442,-0.01595571665,0.01869772141,-0.002742004758,-0.0546728972,-0.006944444444,,-6.6
2989,0.9022767996,0.02108527132,0.005511314608,0.01300079041,-0.01851210502,0.04158878505,0.0007716049383,0.5294117647,4.533333333
2990,0.6482800308,0.01705426357,0.01741490893,0.003822187519,-0.02123709645,0.003271028037,0.03070987654,0.3863636364,3.666666667
2991,0.5407836417,0.01310077519,0.0005495080023,0.01225162068,-0.01280112868,0.001713395639,0.02438271605,0.7810650888,2.816666667
2992,0.8736452115,0.02124031008,0.02693946772,-0.01231729735,-0.01462217037,0.06417445483,-0.0212962963,0.6934306569,4.566666667
2993,0.6840999738,0.01751937984,0.01556405437,-0.01062969275,-0.004934361621,0.03302180685,0.002160493827,1.513274336,3.766666667
2994,0.3367668134,0.008759689922,-0.02681197516,0.0231935133,0.00361846186,-0.02476635514,0.04197530864,2.168141593,1.883333333
2995,-0.9517258693,-0.02093023256,-0.006716442187,-0.01053564475,0.01725208694,-0.02710280374,-0.01481481481,,-4.5
2996,0.9752554662,0.02317829457,0.02640374667,-0.02758870619,0.001184959526,0.03800623053,0.008487654321,1.100334448,4.983333333
2997,1.214560629,0.02643410853,-0.01606185082,0.01023851287,0.005823337959,0.02180685358,0.03101851852,0.4545454545,5.683333333
2998,-1.534535983,-0.03620155039,-0.01113824958,-0.01269535791,0.02383360749,-0.01199376947,-0.06018518519,,-7.783333333
2999,3.091636576,0.0803875969,0.0426997838,-0.01253516696,-0.03016461684,0.0523364486,0.1081790123,0.4821600771,17.28333333
3000,1.100373931,0.02937984496,0.01267492736,-0.0008578926809,-0.01181703468,0.04112149533,0.01774691358,0.4538258575,6.316666667
3001,-0.04017741695,-0.001007751938,0.007786186913,-0.02217707699,0.01439089008,0.01417445483,-0.01604938272,,-0.2166666667
3002,1.676069537,0.04317829457,0.02025632298,-0.001837058451,-0.01841926452,0.01261682243,0.07345679012,0.8581687612,9.283333333
3003,-0.4557684702,-0.01046511628,-0.0007584391891,0.01192963647,-0.01117119728,0.009345794393,-0.03009259259,,-2.25
3004,1.158309474,0.02821705426,0.0001048279173,-0.0007294015344,0.0006245736171,0.04205607477,0.01450617284,0.6840659341,6.066666667
3005,-0.5313277024,-0.01224806202,0.0001784024714,0.01057639759,-0.01075480006,-0.005919003115,-0.01851851852,,-2.633333333
3006,1.286466561,0.02899224806,0.01789423111,-0.0001718104415,-0.01772242067,-0.001557632399,0.05925925926,0.8422459893,6.233333333
3007,1.354640659,0.03286821705,0.02491440739,-0.01176100509,-0.01315340231,0.05420560748,0.01172839506,0.8160377358,7.066666667
3008,0.006291113158,0.0001550387597,0.005077589159,-0.003687673989,-0.00138991517,0.01448598131,-0.01404320988,62.5,0.03333333333
3009,-0.2062013186,-0.00488372093,0.01287293019,-0.02137578479,0.008502854593,0.007320872274,-0.01697530864,,-1.05
3010,0.8538401839,0.01984496124,0.01015555984,-0.01014148858,-1.407125944e-05,0.0207165109,0.01898148148,0.54296875,4.266666667
3011,0.3443387215,0.007209302326,-0.003264744673,0.02034026466,-0.01707551998,0.001401869159,0.01296296296,1.150537634,1.55
3012,-0.5163535158,-0.01317829457,-0.01975754501,0.02286051305,-0.003102968045,-0.02398753894,-0.002469135802,,-2.833333333
3013,-0.8097434026,-0.01736434109,-0.01800999221,-0.006725571516,0.02473556372,-0.02102803738,-0.0137345679,,-3.733333333
3014,1.135336857,0.02852713178,0.01964137018,0.003152175158,-0.02279354534,-0.006386292835,0.06311728395,0.6766304348,6.133333333
3015,0.5455112149,0.01341085271,0.0222505175,-0.01447763739,-0.007772880107,0.002492211838,0.02422839506,0.6878612717,2.883333333
3016,-0.9902103911,-0.02286821705,-0.009076452709,-0.004962041712,0.01403849442,-0.01775700935,-0.02793209877,,-4.916666667
3017,-0.06933483406,-0.001782945736,0.01037217879,-0.01896258053,0.008590401735,-0.01651090343,0.01280864198,,-0.3833333333
3018,0.1350127836,0.003255813953,0.0009818264612,-0.01258888496,0.0116070585,-0.0300623053,0.0362654321,4.30952381,0.7
3019,-1.188778424,-0.02759689922,0.003532793767,-0.01563903449,0.01210624073,-0.04049844237,-0.01481481481,,-5.933333333
3020,-1.282115005,-0.03186046512,-0.01067907101,-0.01055102909,0.0212301001,-0.06853582555,0.004475308642,,-6.85
3021,0.8279720116,0.01976744186,0.01465187576,-0.01148625577,-0.003165619987,-0.009501557632,0.0487654321,0.8549019608,4.25
3022,1.232534424,0.02984496124,0.01033766632,0.008487259097,-0.01882492541,0.03831775701,0.02145061728,0.4103896104,6.416666667
3023,1.13041964,0.0280620155,0.009189731726,0.0003675867839,-0.009557318509,0.03785046729,0.01836419753,0.6546961326,6.033333333
3024,-1.088553833,-0.02775193798,-0.02554993082,0.01191613687,0.01363379396,-0.07866043614,0.02268518519,,-5.966666667
3025,0.1979333735,0.004728682171,0.01373774037,-0.0063423161,-0.007395424275,0.009034267913,0.000462962963,3.163934426,1.016666667
3026,-0.7976841114,-0.01744186047,-0.008977663361,-0.007774992404,0.01675265576,-0.02554517134,-0.009413580247,,-3.75
3027,0.5889215698,0.01534883721,-0.01644935764,0.02086152652,-0.004412168877,0.01619937695,0.01450617284,0.797979798,3.3
3028,-0.02082431797,-0.0004651162791,-0.01374309879,0.03623755573,-0.02249445694,-0.02445482866,0.02330246914,,-0.1
3029,1.689566959,0.03937984496,0.02371117763,-0.008967014205,-0.01474416342,0.09859813084,-0.01929012346,0.6318897638,8.466666667
3030,-0.222209772,-0.005271317829,-0.005441404232,-0.004424214615,0.009865618847,0.01074766355,-0.02114197531,,-1.133333333
3031,-0.1170102488,-0.002790697674,0.003523260391,-0.01150120867,0.007977948283,0.001557632399,-0.007098765432,,-0.6
3032,1.890088503,0.04519379845,0.0181225908,-0.01364287339,-0.004479717414,0.04174454829,0.04861111111,0.3859348199,9.716666667
3033,-1.274965736,-0.0276744186,-0.002106523902,-0.02291431155,0.02502083545,-0.05996884735,0.004320987654,,-5.95
3034,0.175602154,0.004186046512,0.01005851492,-0.01232314855,0.002264633622,-0.01230529595,0.02052469136,1.555555556,0.9
3035,-0.9924806717,-0.02131782946,-0.008767995722,0.01387084296,-0.005102847241,-0.006542056075,-0.03595679012,,-4.583333333
3036,0.2989772414,0.007364341085,0.007945917021,0.01433577554,-0.02228169257,-0.005295950156,0.01990740741,1.147368421,1.583333333
3037,-1.109752839,-0.02496124031,-0.02510729308,0.02739975014,-0.002292457054,-0.05529595016,0.005092592593,,-5.366666667
3038,0.5478816126,0.01395348837,0.002247346755,0.02267692718,-0.02492427393,-0.04267912773,0.0700617284,2.222222222,3.0
3039,-0.392619166,-0.00984496124,-0.01005552702,0.00730868771,0.002746839311,-0.06137071651,0.0412037037,,-2.116666667
3040,1.345826103,0.03465116279,0.01276685763,0.001463160856,-0.01423001848,-0.01573208723,0.08456790123,0.6845637584,7.45
3041,0.08237543547,0.002093023256,0.01540413685,-0.0018255571,-0.01357857975,-0.02897196262,0.03287037037,2.407407407,0.45
3042,-2.163986011,-0.04968992248,-0.03211145706,0.008392343225,0.02371911384,-0.0515576324,-0.04783950617,,-10.68333333
3043,-0.03210152371,-0.0007751937984,-0.003514889353,-0.0006477605933,0.004162649947,0.006853582555,-0.008333333333,,-0.1666666667
3044,-1.192234256,-0.02945736434,-0.01947361053,0.02390544178,-0.004431831248,-0.03831775701,-0.02067901235,,-6.333333333
3045,-0.8395397813,-0.02054263566,-0.025161281,0.01226499157,0.01289628944,0.01308411215,-0.05385802469,,-4.416666667
3046,0.8886087146,0.02131782946,0.007351435217,-0.006489628097,-0.0008618071207,-0.0001557632399,0.04259259259,0.68,4.583333333
3047,0.1549959241,0.003643410853,0.009995459072,-0.01899019378,0.008994734704,-0.005295950156,0.0125,1.191489362,0.7833333333
3048,-1.867143277,-0.04387596899,-0.007787464488,-0.006521841019,0.01430930551,0.01261682243,-0.09984567901,,-9.433333333
3049,1.041032755,0.02511627907,0.01988456119,-0.004555051401,-0.01532950979,0.03348909657,0.01682098765,0.7037037037,5.4
3050,0.1704625417,0.003875968992,0.01263675477,0.001426277231,-0.014063032,0.02570093458,-0.01774691358,3.26,0.8333333333
3051,0.8650652581,0.02279069767,-0.008447738661,0.0122632152,-0.003815476544,0.02819314642,0.0174382716,0.8911564626,4.9
3052,0.08993210214,0.002015503876,0.006727739291,-0.02682035988,0.02009262059,-0.0453271028,0.04891975309,3.384615385,0.4333333333
3053,-1.064585919,-0.02488372093,-0.04139943068,0.03134003981,0.01005939088,-0.01962616822,-0.03009259259,,-5.35
3054,-0.3665408764,-0.008449612403,-0.001759775922,0.004255596189,-0.002495820267,-0.01635514019,-0.0006172839506,,-1.816666667
3055,0.3122675802,0.007906976744,0.0129682566,-0.001208400839,-0.01175985576,-0.01884735202,0.03441358025,0.6666666667,1.7
3056,0.4198440066,0.01069767442,0.003599174512,-0.0001325838817,-0.00346659063,0.006386292835,0.0149691358,0.7753623188,2.3
3057,0.8699348162,0.01968992248,0.007757296707,-0.007166483721,-0.0005908129865,-0.001557632399,0.04074074074,0.6456692913,4.233333333
3058,-0.3280716238,-0.007906976744,0.001826862878,-0.006971477073,0.005144614194,-0.04470404984,0.02854938272,,-1.7
3059,0.555237507,0.01271317829,0.01622031648,-0.002454026277,-0.0137662902,-0.03255451713,0.0575617284,1.079268293,2.733333333
3060,0.6032623627,0.01449612403,0.009461133493,-0.007723383591,-0.001737749902,-0.002336448598,0.03117283951,1.144385027,3.116666667
3061,1.148755754,0.02565891473,0.02925686773,0.0002134478459,-0.02947031558,0.03473520249,0.01666666667,0.6102719033,5.516666667
3062,-0.6550318729,-0.01573643411,-0.003106458106,-0.001577123126,0.004683581232,-0.01214953271,-0.01929012346,,-3.383333333
3063,-1.024347298,-0.02720930233,-0.009711775742,0.01588768772,-0.006175911974,-0.01728971963,-0.03703703704,,-5.85
3064,-1.465633031,-0.03534883721,0.002778556664,-0.02805131257,0.02527275591,-0.01339563863,-0.05709876543,,-7.6
3065,0.009300952616,0.0002325581395,-0.01466316187,0.01659399234,-0.001930830475,-0.05560747664,0.05555555556,73.33333333,0.05
3066,-0.4646348797,-0.01085271318,-0.00378095891,-0.004258883029,0.008039841939,-0.02741433022,0.005555555556,,-2.333333333
3067,-0.3849656365,-0.009069767442,-0.01417655336,4.581751489e-05,0.01413073585,-0.01588785047,-0.002314814815,,-1.95
3068,0.9016767241,0.02418604651,0.01058869654,-0.002371570116,-0.008217126424,-0.003426791277,0.05154320988,0.7820512821,5.2
3069,0.3620528454,0.008449612403,-0.01358559851,0.003280957107,0.0103046414,-0.01604361371,0.03271604938,1.972477064,1.816666667
3070,-0.983225613,-0.02558139535,-0.002171060831,-0.01226733128,0.01443839212,0.002803738318,-0.0537037037,,-5.5
3071,-2.31244807,-0.04906976744,-0.02731593758,0.01875142619,0.008564511391,-0.05109034268,-0.04706790123,,-10.55
3072,0.7877255561,0.01813953488,-0.01138792726,0.02287756865,-0.01148964138,0.004205607477,0.03194444444,0.7136752137,3.9
3073,0.8959894106,0.02341085271,0.03051994951,-0.005735319292,-0.02478463021,-0.001869158879,0.04845679012,0.4701986755,5.033333333
3074,0.4566332916,0.01147286822,0.01896255269,-0.01186256583,-0.007099986853,-0.006697819315,0.02947530864,1.02027027,2.466666667
3075,-1.845558397,-0.04372093023,-0.02280386542,-0.0007695420255,0.02357340744,-0.06448598131,-0.02314814815,,-9.4
3076,2.339779015,0.0511627907,0.0234377633,-0.0236985793,0.0002608160008,0.03348909657,0.06867283951,0.4681818182,11.0
3077,-0.3936118601,-0.009302325581,-0.01724762037,0.00613937835,0.01110824202,-0.0300623053,0.0112654321,,-2.0
3078,0.3203826677,0.007441860465,0.004917004603,-0.002897666951,-0.002019337652,-0.01292834891,0.02762345679,1.697916667,1.6
3079,0.4567066274,0.0103875969,-0.002616450741,-0.00759048826,0.010206939,-0.03800623053,0.05833333333,1.820895522,2.233333333
3080,-1.194269501,-0.02829457364,-0.03066057013,0.01882711275,0.01183345737,-0.03489096573,-0.02175925926,,-6.083333333
3081,1.384646268,0.0296124031,0.007736325513,-0.001058476449,-0.006677849064,0.01806853583,0.04104938272,0.4267015707,6.366666667
3082,-1.765076996,-0.03976744186,-0.03738343712,0.01800547908,0.01937795804,-0.02881619938,-0.05061728395,,-8.55
3083,-0.7199977404,-0.01689922481,-0.03875523446,0.02551027204,0.01324496242,-0.02056074766,-0.01327160494,,-3.633333333
3084,-1.611891984,-0.03620155039,-0.03217158598,0.01990323356,0.01226835242,-0.03208722741,-0.04027777778,,-7.783333333
3085,-1.21029563,-0.02666666667,-0.007823040111,-0.0008151915334,0.008638231644,-0.03271028037,-0.02067901235,,-5.733333333
3086,-0.1233770011,-0.003023255814,0.004862619652,0.01148704155,-0.0163496612,0.03333333333,-0.03904320988,,-0.65
3087,-0.2304294395,-0.005348837209,0.002316718864,-0.02237313724,0.02005641837,-0.05124610592,0.04012345679,,-1.15
3088,2.485358112,0.0515503876,0.02232981868,0.01451837671,-0.03684819539,0.04158878505,0.06141975309,0.5954887218,11.08333333
3089,0.2502213531,0.005813953488,0.003797933145,-0.008886887125,0.00508895398,-0.01604361371,0.0274691358,2.613333333,1.25
3090,-1.481745464,-0.03658914729,-0.01052375681,-0.01408503797,0.02460879478,-0.04579439252,-0.0274691358,,-7.866666667
3091,0.2843375627,0.006899224806,0.0161756295,0.0009053884012,-0.0170810179,-0.01214953271,0.02577160494,1.06741573,1.483333333
3092,0.4366211582,0.0107751938,-0.001932618291,0.00696097522,-0.005028356929,0.0437694704,-0.02191358025,1.345323741,2.316666667
3093,-0.5271181658,-0.01224806202,-0.02942837434,0.010282839,0.01914553533,-0.03535825545,0.01064814815,,-2.633333333
3094,0.7659386303,0.01682170543,0.0008480599756,0.00659130017,-0.007439360146,-0.009034267913,0.0424382716,0.6359447005,3.616666667
3095,-1.655296727,-0.04217054264,-0.02012848028,-0.003178543757,0.02330702404,-0.07289719626,-0.01172839506,,-9.066666667
3096,-1.669644915,-0.03875968992,-0.007244151787,-0.01951663686,0.02676078865,-0.0707165109,-0.007098765432,,-8.333333333
3097,0.1601548095,0.003798449612,-0.006736426649,-0.006950995633,0.01368742228,-0.01728971963,0.02469135802,3.959183673,0.8166666667
3098,-0.2533451631,-0.006589147287,-0.02079611418,-0.002092047818,0.022888162,0.003115264798,-0.0162037037,,-1.416666667
3099,-2.507019116,-0.0588372093,-0.02288381029,0.01616094581,0.006722864481,-0.07523364486,-0.04259259259,,-12.65
3100,1.267413454,0.0284496124,0.01264284492,0.005909204928,-0.01855204985,-0.004517133956,0.06111111111,0.931880109,6.116666667
3101,0.5332232551,0.01178294574,0.02106390525,-0.01919362109,-0.001870284155,-0.01510903427,0.03842592593,1.223684211,2.533333333
3102,-1.199017854,-0.02868217054,-0.007466466959,-0.02711898826,0.03458545522,-0.05950155763,0.001851851852,,-6.166666667
3103,-0.9743936132,-0.02472868217,-0.02418582651,0.0279657,-0.003779873487,-0.03644859813,-0.01311728395,,-5.316666667
3104,1.267059352,0.02744186047,-0.006296247152,0.00191984373,0.004376403422,0.05669781931,-0.001543209877,1.189265537,5.9
3105,-1.196405021,-0.0280620155,-0.01015380098,-0.006369773566,0.01652357454,-0.05436137072,-0.00200617284,,-6.033333333
3106,-0.2161070312,-0.00511627907,0.007581378902,-0.01294433069,0.005362951786,-0.0230529595,0.01265432099,,-1.1
3107,0.495417301,0.01139534884,-0.01640900805,0.01385706884,0.002551939205,0.03551401869,-0.0125,0.6326530612,2.45
3108,0.4729653152,0.01085271318,-0.0001676521814,-0.007578327639,0.00774597982,0.01386292835,0.00787037037,1.785714286,2.333333333
3109,-0.5931902754,-0.01441860465,-0.002384147362,0.008933350277,-0.006549202915,-0.03457943925,0.005555555556,,-3.1
3110,1.596801633,0.04217054264,0.01420320166,-0.0145791759,0.0003759742388,0.05716510903,0.02731481481,0.4724264706,9.066666667
3111,-1.901046734,-0.04604651163,-0.001980259111,-0.02202939269,0.0240096518,-0.0222741433,-0.06959876543,,-9.9
3112,1.557664199,0.03658914729,-0.01090297879,0.02546550609,-0.0145625273,0.02647975078,0.04660493827,0.531779661,7.866666667
3113,1.349746307,0.03310077519,-0.01274553072,0.03191278127,-0.01916725055,0.009813084112,0.05617283951,0.6744730679,7.116666667
3114,-0.6743487612,-0.01612403101,-0.002210362989,-0.02500166799,0.02721203098,-0.01713395639,-0.01512345679,,-3.466666667
3115,0.2462410133,0.006201550388,0.003103858014,-0.009134521144,0.00603066313,-0.007788161994,0.0200617284,1.4,1.333333333
3116,1.69994395,0.04348837209,0.02925647296,0.006217823736,-0.0354742967,0.003271028037,0.08333333333,0.5169340463,9.35
3117,-0.5521836969,-0.01294573643,-0.02434945969,0.002465386649,0.02188407304,-0.03676012461,0.01064814815,,-2.783333333
3118,0.4153022737,0.009689922481,-0.007269055188,0.009190794002,-0.001921738814,-0.04190031153,0.06080246914,1.776,2.083333333
3119,-0.4219769697,-0.01007751938,-0.01118853002,-0.004360823186,0.01554935321,-0.05327102804,0.03271604938,,-2.166666667
3120,0.8489671978,0.02,-0.002081620724,0.006060650288,-0.003979029564,0.01604361371,0.02391975309,1.11627907,4.3
3121,-0.986479179,-0.02333333333,-0.0161011575,0.01318318093,0.002917976573,-0.02834890966,-0.01836419753,,-5.016666667
3122,-1.244286259,-0.03093023256,-0.007570848461,-0.009271399875,0.01684224834,-0.009501557632,-0.05216049383,,-6.65
3123,0.1462970986,0.003333333333,0.01311231321,-0.004319844902,-0.00879246831,-0.002647975078,0.009259259259,2.11627907,0.7166666667
3124,0.1147597206,0.002635658915,0.005901832135,-0.00628825137,0.0003864192349,0.003738317757,0.001543209877,1.382352941,0.5666666667
3125,-0.5213527199,-0.01279069767,0.00322063108,-0.02707723432,0.02385660324,-0.04158878505,0.01574074074,,-2.75
3126,0.2531817575,0.006124031008,-0.005599330792,0.0126686216,-0.007069290809,0.0300623053,-0.01759259259,1.708860759,1.316666667
3127,-0.1000891112,-0.002325581395,0.01697351597,0.002119525149,-0.01909304112,-0.03785046729,0.03287037037,,-0.5
3128,0.7520050446,0.01790697674,-0.0002527904942,0.001003679897,-0.0007508894028,-0.007632398754,0.04320987654,0.9264069264,3.85
3129,1.206715243,0.02984496124,-0.004180333486,0.01349264211,-0.009312308626,0.05342679128,0.006481481481,0.8883116883,6.416666667
3130,-1.002986676,-0.02511627907,-0.04558290647,0.02461448753,0.02096841894,-0.03535825545,-0.0149691358,,-5.4
3131,-2.585094737,-0.06007751938,-0.006930197925,-0.0206671021,0.02759730003,-0.04501557632,-0.075,,-12.91666667
3132,-1.299157798,-0.03015503876,-0.01084027303,-0.01086402422,0.02170429725,-0.06308411215,0.002469135802,,-6.483333333
3133,0.7010550018,0.01635658915,-0.006444027496,-0.008830971927,0.01527499942,0.03551401869,-0.00262345679,0.7298578199,3.516666667
3134,-0.01719813214,-0.0004651162791,0.008825787104,-0.009381064106,0.000555277002,-0.03738317757,0.03611111111,,-0.1
3135,0.156327688,0.003488372093,-0.008442240393,0.001788185986,0.006654054407,0.01448598131,-0.007407407407,2.8,0.75
3136,0.6222236757,0.01426356589,0.02004407762,-0.03610430115,0.01606022353,0.02336448598,0.00524691358,1.097826087,3.066666667
3137,1.894945391,0.04426356589,0.02086978038,-0.005087343578,-0.0157824368,0.03255451713,0.05586419753,0.530647986,9.516666667
3138,-0.8727627704,-0.0215503876,-0.003328978473,-0.009853664551,0.01318264302,-0.05872274143,0.01527777778,,-4.633333333
3139,-1.095886482,-0.02697674419,-0.02846232534,-0.003260856873,0.03172318221,-0.04875389408,-0.005401234568,,-5.8
3140,1.298599759,0.03263565891,0.004282459954,-0.002760668071,-0.001521791883,-0.0003115264798,0.06527777778,0.6413301663,7.016666667
3141,1.859437134,0.04162790698,0.02459667784,-0.01200185252,-0.01259482532,0.07554517134,0.008024691358,0.696461825,8.95
3142,0.5391872774,0.01263565891,-0.01414636037,0.01223828999,0.001908070375,0.05015576324,-0.02453703704,1.061349693,2.716666667
3143,0.3649900113,0.008682170543,0.0163024874,-0.02885261023,0.01255012283,-0.01728971963,0.03441358025,1.473214286,1.866666667
3144,-0.1245866794,-0.003100775194,-0.002123517295,-0.0145763998,0.01669991709,-0.04127725857,0.03472222222,,-0.6666666667
3145,0.5537057763,0.01364341085,-0.0007393244985,-0.003684739296,0.004424063795,0.01838006231,0.008950617284,1.681818182,2.933333333
3146,-0.6138852271,-0.01403100775,-0.02036095751,0.02464696934,-0.004286011828,-0.05747663551,0.02901234568,,-3.016666667
3147,-2.122322348,-0.05162790698,0.0005397043909,-0.02957486554,0.02903516115,-0.03224299065,-0.07083333333,,-11.1
3148,2.498492188,0.06713178295,0.0473215087,-0.007004614727,-0.04031689398,0.01386292835,0.1199074074,0.5011547344,14.43333333
3149,1.983150747,0.0476744186,0.02218936666,-0.02187253848,-0.0003168281847,0.08535825545,0.01033950617,0.5495934959,10.25
3150,0.1889574289,0.004418604651,0.005845825237,-0.01672174029,0.01087591505,0.01246105919,-0.003549382716,1.614035088,0.95
3151,1.693879155,0.03914728682,0.006716788815,0.00207737652,-0.008794165336,0.02118380062,0.05694444444,0.702970297,8.416666667
3152,-0.09218691976,-0.002170542636,0.004520687099,-0.02242421931,0.01790353221,-0.006697819315,0.002314814815,,-0.4666666667
3153,0.4414665192,0.009689922481,-0.008846625116,-9.805012166e-05,0.008944675238,-0.001557632399,0.02083333333,1.128,2.083333333
3154,2.145697775,0.05178294574,0.03006971877,0.001135403909,-0.03120512268,0.04875389408,0.05478395062,0.5538922156,11.13333333
3155,1.23017004,0.02906976744,0.007811180355,-0.003191211385,-0.004619968971,-0.01510903427,0.07283950617,1.050666667,6.25
3156,-0.6219515056,-0.01542635659,-0.003578712674,-0.01438363874,0.01796235141,0.003271028037,-0.03395061728,,-3.316666667
3157,0.2926536988,0.007054263566,0.0004246174447,-0.006727957674,0.006303340229,0.01012461059,0.004012345679,0.5494505495,1.516666667
3158,-0.9414429607,-0.02410852713,-0.02769145905,0.02655108281,0.001140376237,-0.02757009346,-0.02067901235,,-5.183333333
3159,0.06588788438,0.001550387597,0.002718955506,0.009465163714,-0.01218411922,-0.02024922118,0.02314814815,3.4,0.3333333333
3160,0.9914022236,0.02441860465,0.01250348451,-0.0114280462,-0.001075438308,0.004361370717,0.04429012346,0.6857142857,5.25
3161,0.222688821,0.00511627907,-0.006477273758,0.02355584937,-0.01707857561,0.0308411215,-0.02037037037,3.212121212,1.1
3162,0.7483498479,0.01860465116,0.0006084391936,-0.008071345178,0.007462905984,-0.01713395639,0.05401234568,0.5958333333,4.0
3163,0.61908893,0.01441860465,0.00543764564,0.01100366667,-0.01644131231,0.04174454829,-0.01265432099,0.623655914,3.1
3164,0.5430492197,0.01341085271,0.0214788357,-0.005741108191,-0.01573772751,0.03660436137,-0.009567901235,1.976878613,2.883333333
3165,-0.20876124,-0.00503875969,0.003305957023,-0.01007051576,0.006764558738,-0.01666666667,0.006481481481,,-1.083333333
3166,1.541512467,0.03651162791,0.01720270389,-0.005085400793,-0.01211730309,0.03644859813,0.03657407407,0.4989384289,7.85
3167,-1.495891565,-0.03379844961,-0.03478119856,0.02251719973,0.01226399882,-0.06947040498,0.001543209877,,-7.266666667
3168,0.3064620298,0.007441860465,0.008490933622,0.003324338183,-0.01181527181,-0.01339563863,0.02808641975,1.333333333,1.6
3169,-1.065141021,-0.02403100775,0.0003278094065,-0.01903432104,0.01870651163,-0.01246105919,-0.03549382716,,-5.166666667
3170,0.2827975054,0.006899224806,-0.02019993254,0.01863883018,0.001561102355,-0.0277258567,0.0412037037,3.202247191,1.483333333
3171,-0.5009961104,-0.01310077519,-0.03542305381,0.01963310356,0.01578995025,0.006542056075,-0.0325617284,,-2.816666667
3172,0.7686937268,0.02,0.01494490046,0.005672218774,-0.02061711923,0.01682242991,0.02314814815,0.7403100775,4.3
3173,-0.07296729049,-0.001627906977,0.003569168023,-0.005024830879,0.001455662856,0.0292834891,-0.03225308642,,-0.35
3174,1.120293912,0.02689922481,0.007756217219,-0.006841212111,-0.0009150051074,-0.01059190031,0.06404320988,0.7636887608,5.783333333
3175,-0.4336785926,-0.0107751938,0.008136888657,-0.0006020651137,-0.007534823544,-0.005607476636,-0.01589506173,,-2.316666667
3176,-0.5199705487,-0.0123255814,-0.01867520867,0.005441133848,0.01323407483,0.001557632399,-0.02608024691,,-2.65
3177,-0.4568842323,-0.01046511628,0.002450135786,-0.01061511368,0.008164977891,-0.001869158879,-0.01898148148,,-2.25
3178,-1.465903987,-0.03403100775,-0.007689596463,-0.01663782385,0.02432742032,-0.03317757009,-0.03487654321,,-7.316666667
3179,-0.7363504759,-0.01744186047,-0.01374268441,-0.0008746590816,0.01461734349,-0.003738317757,-0.03101851852,,-3.75
3180,1.406610179,0.03496124031,0.008045463846,0.00734811752,-0.01539358137,0.02040498442,0.04938271605,0.5232815965,7.516666667
3181,0.1446906666,0.003410852713,0.01174256856,-0.001362585636,-0.01037998293,0.01043613707,-0.003549382716,4.840909091,0.7333333333
3182,-3.022211234,-0.07542635659,-0.03589034607,0.008493915186,0.02739643089,-0.0707165109,-0.08009259259,,-16.21666667
3183,-0.3143392527,-0.007286821705,-0.01100833108,0.01187872012,-0.0008703890368,-0.02274143302,0.008024691358,,-1.566666667
3184,0.5882656765,0.01457364341,0.01485704149,-0.005454521945,-0.009402519547,-0.02133956386,0.05015432099,0.9734042553,3.133333333
3185,2.22066668,0.05620155039,0.03681770837,-0.02702076466,-0.009796943713,0.08489096573,0.02777777778,0.5806896552,12.08333333
3186,-0.2360569146,-0.005503875969,-0.003238692757,0.003864967949,-0.0006262751922,-0.02523364486,0.01404320988,,-1.183333333
3187,-0.6359142496,-0.01620155039,-0.03638558558,0.01544898086,0.02093660471,-0.05031152648,0.01759259259,,-3.483333333
3188,1.005465927,0.02488372093,0.008840708898,-0.0132032106,0.0043625017,0.01806853583,0.03163580247,0.5358255452,5.35
3189,-0.9165586874,-0.02255813953,-0.004513466743,-0.001976973067,0.00649043981,-0.02663551402,-0.01851851852,,-4.85
3190,-0.6755091245,-0.01542635659,-0.007977844715,-0.01171209702,0.01968994174,-0.03862928349,0.007561728395,,-3.316666667
3191,0.4223898097,0.00992248062,-0.01242870407,0.0118417248,0.0005869792727,-0.009657320872,0.02932098765,1.2421875,2.133333333
3192,0.3755622879,0.009224806202,0.01088350604,0.004929858816,-0.01581336485,0.01105919003,0.007407407407,0.7899159664,1.983333333
3193,0.2041702261,0.004728682171,0.004560248833,0.01978213908,-0.02434238791,-0.02196261682,0.03117283951,0.9672131148,1.016666667
3194,0.9978403734,0.02333333333,0.0170602106,-0.02294324475,0.005883034145,0.01323987539,0.03333333333,0.5182724252,5.016666667
3195,0.7232348476,0.01782945736,0.005972953778,-0.006185704847,0.0002127510689,0.002647975078,0.03287037037,0.5173913043,3.833333333
3196,1.229665462,0.03294573643,0.02500211695,-0.03593407614,0.01093195919,-0.005763239875,0.0712962963,0.6047058824,7.083333333
3197,0.8316014171,0.0196124031,0.01785901745,-0.02906437847,0.01120536102,0.01666666667,0.0225308642,0.7470355731,4.216666667
3198,-0.6981975074,-0.01829457364,0.005513271383,-0.01863871789,0.01312544651,0.002647975078,-0.03904320988,,-3.933333333
3199,0.4189468916,0.01,0.01625023527,0.002728253803,-0.01897848907,0.0300623053,-0.00987654321,0.5426356589,2.15
3200,-0.1888034771,-0.00488372093,0.01648102316,-0.02694691268,0.01046588953,-0.01401869159,0.004166666667,,-1.05
3201,-1.487768797,-0.03472868217,-0.0171483764,-0.007516321827,0.02466469822,-0.04485981308,-0.02469135802,,-7.466666667
3202,0.5362706016,0.01434108527,0.0291246341,-0.02654496987,-0.002579664234,0.02866043614,0.0001543209877,1.010810811,3.083333333
3203,-0.2998181621,-0.007286821705,0.01087813255,-0.02153051594,0.01065238339,-0.02492211838,0.01018518519,,-1.566666667
3204,-1.065866278,-0.02658914729,-0.02428284683,0.007790894794,0.01649195203,-0.02336448598,-0.02978395062,,-5.716666667
3205,0.1085485019,0.002713178295,-0.004065332081,-0.003929865478,0.007995197559,0.02024922118,-0.01466049383,2.8,0.5833333333
3206,-1.694144425,-0.04062015504,-0.01894189765,0.000794026857,0.01814787079,-0.04299065421,-0.03827160494,,-8.733333333
3207,-0.350802725,-0.007751937984,-0.0002320437922,0.02236442853,-0.02213238474,0.004205607477,-0.01959876543,,-1.666666667
3208,-0.8416032234,-0.0207751938,-0.008064789334,-0.01273839219,0.02080318152,-0.01869158879,-0.02283950617,,-4.466666667
3209,-0.0809616682,-0.001937984496,0.004808015733,0.005329348631,-0.01013736436,-0.02866043614,0.02453703704,,-0.4166666667
3210,-0.1350376418,-0.003100775194,0.008133818359,0.01292488573,-0.02105870409,-0.01012461059,0.003858024691,,-0.6666666667
3211,0.3882099085,0.009147286822,0.007956931156,-0.02060159967,0.01264466852,0.02679127726,-0.008333333333,1.194915254,1.966666667
3212,-1.012802257,-0.02465116279,-0.005407070538,-0.02222640141,0.02763347195,-0.07834890966,0.02854938272,,-5.3
3213,2.050164722,0.04852713178,0.03793252842,-0.02565971043,-0.01227281799,0.04875389408,0.04830246914,0.5271565495,10.43333333
3214,-0.213522093,-0.00511627907,-0.003314618541,0.004047031851,-0.0007324133101,-0.009034267913,-0.001234567901,,-1.1
3215,0.1229593306,0.002790697674,-0.01368064149,-0.004626147378,0.01830678887,0.01822429907,-0.0125,5.416666667,0.6
3216,0.7431448424,0.01868217054,0.02040278156,0.0006871465185,-0.02108992808,-0.03722741433,0.07407407407,1.261410788,4.016666667
3217,0.5037274678,0.01147286822,0.005292727533,0.01003867051,-0.01533139804,0.02398753894,-0.0009259259259,1.763513514,2.466666667
3218,-1.306843522,-0.03558139535,-0.03119609064,0.02635122636,0.004844864274,-0.06510903427,-0.006327160494,,-7.65
3219,-0.2453207044,-0.005968992248,0.00755661562,0.0009295013346,-0.008486116955,-0.002647975078,-0.009259259259,,-1.283333333
3220,1.63407427,0.04124031008,0.01619058943,0.001109804981,-0.01730039441,0.02289719626,0.05941358025,0.5206766917,8.866666667
3221,-0.8346173024,-0.01937984496,-0.001213491173,-0.01299409397,0.01420758514,7.263141283e-18,-0.03858024691,,-4.166666667
3222,1.049764686,0.02596899225,-0.004012030058,0.003515075086,0.0004969549718,0.03037383178,0.02160493827,0.7164179104,5.583333333
3223,2.477517956,0.05472868217,0.003018373601,0.00150485008,-0.00452322368,0.06028037383,0.04922839506,0.3994334278,11.76666667
3224,1.444626683,0.03395348837,0.02458264254,-0.01014272974,-0.0144399128,0.01059190031,0.05709876543,0.6803652968,7.3
3225,0.6967676499,0.01581395349,-0.002862886361,0.006484043635,-0.003621157275,0.007632398754,0.02391975309,1.151960784,3.4
3226,-0.4457626677,-0.01147286822,0.006687804116,-0.01542520357,0.008737399454,0.0261682243,-0.0487654321,,-2.466666667
3227,2.020469459,0.04635658915,0.0246512339,0.01602848768,-0.04067972158,-0.0004672897196,0.09274691358,0.6237458194,9.966666667
3228,-0.6668284472,-0.01612403101,-0.007099224,-0.009386457541,0.01648568154,-0.03302180685,0.0006172839506,,-3.466666667
3229,2.464992367,0.05945736434,0.006679267567,0.01409325902,-0.02077252658,0.03130841121,0.08734567901,0.4771838331,12.78333333
3230,-2.755370825,-0.06868217054,-0.04046131297,0.004128428172,0.03633288479,-0.06806853583,-0.06929012346,,-14.76666667
3231,-1.730987395,-0.03689922481,-0.01259161012,0.001172532809,0.01141907731,-0.01464174455,-0.05895061728,,-7.933333333
3232,-2.024104395,-0.05139534884,-0.01532132555,0.00848782911,0.006833496443,-0.02289719626,-0.07962962963,,-11.05
3233,0.05235113051,0.001240310078,-0.0001577129001,0.004298159713,-0.004140446813,-0.04345794393,0.04552469136,4.5,0.2666666667
3234,-0.4333737551,-0.00992248062,0.003941096861,-0.01215239028,0.008211293421,-0.01557632399,-0.004320987654,,-2.133333333
3235,0.5982026457,0.01519379845,0.01902478858,-0.007955622309,-0.01106916627,-0.0437694704,0.07361111111,1.316326531,3.266666667
3236,-0.0690678265,-0.001705426357,0.002054973843,-0.01286841944,0.01081344559,-0.03161993769,0.02793209877,,-0.3666666667
3237,-0.6819152372,-0.01651162791,-0.004880739693,-0.004204804449,0.009085544142,0.04579439252,-0.07824074074,,-3.55
3238,1.42253009,0.03395348837,0.02122664078,-0.01021231407,-0.01101432671,0.07663551402,-0.008333333333,0.8173515982,7.3
3239,-0.2438194147,-0.006046511628,-0.02118130107,0.007541949969,0.0136393511,0.04096573209,-0.05262345679,,-1.3
3240,0.204064455,0.005348837209,0.005808531835,-0.01960081576,0.01379228392,-0.03940809969,0.04969135802,4.028985507,1.15
3241,-0.4034089887,-0.01015503876,0.002455855982,-0.003791519809,0.001335663827,0.001246105919,-0.02145061728,,-2.183333333
3242,-1.690703625,-0.03945736434,-0.0419120169,0.02739904735,0.01451296955,-0.06791277259,-0.0112654321,,-8.483333333
3243,1.77925228,0.04007751938,0.01426406222,0.006882011936,-0.02114607415,0.03676012461,0.04336419753,0.5918762089,8.616666667
3244,0.187748127,0.004418604651,0.01204822127,-0.006188683018,-0.005859538248,0.005451713396,0.003395061728,3.228070175,0.95
3245,0.2737850426,0.006899224806,-0.007330745132,0.02775593622,-0.02042519109,0.06417445483,-0.04984567901,2.134831461,1.483333333
3246,1.01259638,0.02558139535,0.01515451548,0.01084330599,-0.02599782147,0.06713395639,-0.01558641975,0.8393939394,5.5
3247,-0.8294302212,-0.02,-0.01635393239,0.005168991741,0.01118494065,0.003426791277,-0.04320987654,,-4.3
3248,0.2239511449,0.00519379845,0.004106527996,0.01206291472,-0.01616944272,0.007476635514,0.002932098765,1.626865672,1.116666667
3249,-0.4582886275,-0.01069767442,-0.01079454043,0.01211213643,-0.001317595999,-0.006230529595,-0.01512345679,,-2.3
3250,0.8808262226,0.02,0.01616357247,-0.01974467956,0.003581107088,0.02492211838,0.01512345679,0.5658914729,4.3
3251,-1.424974632,-0.03348837209,-0.01846409009,-0.00261599901,0.0210800891,-0.03800623053,-0.02901234568,,-7.2
3252,0.8795248199,0.0219379845,5.071843736e-05,0.02062737054,-0.02067808898,0.03644859813,0.007561728395,1.081272085,4.716666667
3253,-0.7535169774,-0.0188372093,-0.0043012141,0.01560617638,-0.01130496228,-0.01121495327,-0.02638888889,,-4.05
3254,-0.4817547665,-0.0111627907,-0.01029624845,0.01520027829,-0.004904029839,-0.01292834891,-0.009413580247,,-2.4
3255,-2.771253842,-0.06697674419,-0.0281386964,-0.006334051801,0.0344727482,-0.09205607477,-0.04212962963,,-14.4
3256,0.1229739916,0.003023255814,-0.01885029703,0.02876159323,-0.009911296195,0.01448598131,-0.008333333333,1.948717949,0.65
3257,-0.9517092983,-0.02426356589,-0.02421893001,0.00621806908,0.01800086093,-0.06682242991,0.01790123457,,-5.216666667
3258,0.768955864,0.01930232558,0.01251609021,-0.02384506838,0.01132897817,0.008099688474,0.03040123457,1.044176707,4.15
3259,-0.07806154838,-0.001860465116,0.00170645666,-0.004869977125,0.003163520465,-0.02180685358,0.01790123457,,-0.4
3260,1.135725465,0.02565891473,0.01755566267,0.01126932798,-0.02882499065,0.03380062305,0.01759259259,0.5619335347,5.516666667
3261,1.473827885,0.0376744186,-0.000559801685,0.003214088439,-0.002654286754,0.001246105919,0.0737654321,0.8806584362,8.1
3262,1.482244502,0.03976744186,0.02673539918,-0.01189288566,-0.01484251352,0.003271028037,0.07592592593,0.4970760234,8.55
3263,1.515544365,0.03286821705,0.01816106717,-0.01475735362,-0.00340371355,0.07414330218,-0.008024691358,0.695754717,7.066666667
3264,1.61283371,0.04348837209,0.02009386814,0.008563356301,-0.02865722444,0.01495327103,0.07175925926,0.4545454545,9.35
3265,0.05767093017,0.001240310078,0.001762232807,0.01310470939,-0.0148669422,-0.01588785047,0.01820987654,9.1875,0.2666666667
3266,0.4319292771,0.01046511628,-0.007773968262,0.01134075397,-0.003566785708,0.05202492212,-0.03070987654,1.933333333,2.25
3267,1.633880487,0.03697674419,0.02063738961,-0.02149088852,0.000853498907,0.0699376947,0.004320987654,0.4821802935,7.95
3268,0.6354961671,0.01403100775,0.01869878721,0.01356798328,-0.03226677048,0.0476635514,-0.01929012346,0.9392265193,3.016666667
3269,-1.357445849,-0.03302325581,-0.007722170582,-0.01153235448,0.01925452506,-0.05825545171,-0.008024691358,,-7.1
3270,1.322544266,0.03325581395,0.01685732259,0.007557873922,-0.02441519651,0.03193146417,0.03456790123,0.4195804196,7.15
3271,0.9759577369,0.02558139535,0.02886089073,-0.02889084459,2.995386031e-05,0.02133956386,0.02978395062,0.6515151515,5.5
3272,2.352814782,0.0580620155,0.03244478672,-0.02103986804,-0.01140491868,0.02429906542,0.09151234568,0.5193591455,12.48333333
3273,0.003215533899,7.751937984e-05,-0.02720106271,0.01460785395,0.01259320875,-0.03224299065,0.03209876543,109.0,0.01666666667
3274,-0.05107066884,-0.001162790698,-0.01433676295,0.00211899058,0.01221777237,-0.006542056075,0.004166666667,,-0.25
3275,0.715917089,0.01635658915,0.001454339186,0.01099695045,-0.01245128964,0.004828660436,0.02777777778,0.5876777251,3.516666667
3276,-1.491224793,-0.03534883721,-0.04087868582,0.007346023114,0.03353266271,-0.04875389408,-0.02206790123,,-7.6
3277,-0.1144247737,-0.002790697674,-0.004669923702,0.009370135995,-0.004700212293,-0.03566978193,0.02978395062,,-0.6
3278,0.1623148082,0.003720930233,0.003412474011,-0.008996630856,0.005584156845,-0.005763239875,0.01311728395,1.395833333,0.8
3279,-0.1748632799,-0.004108527132,-0.01151532877,0.00391941787,0.007595910902,0.0269470405,-0.03487654321,,-0.8833333333
3280,1.435354369,0.0323255814,0.03537113709,-0.02888816602,-0.006482971073,0.07429906542,-0.009259259259,0.6426858513,6.95
3281,-0.8192696725,-0.01906976744,-0.005468180493,-0.004464969494,0.009933149987,-0.01495327103,-0.02314814815,,-4.1
3282,0.3232243223,0.007829457364,0.01102164385,0.008965117067,-0.01998676092,-0.06152647975,0.07654320988,2.821782178,1.683333333
3283,0.7152091029,0.01620155039,0.01046315789,-0.01050507156,4.191367661e-05,-0.0007788161994,0.03302469136,0.6889952153,3.483333333
3284,0.9948525924,0.02403100775,0.01299418137,-0.005935848414,-0.007058332952,-0.006074766355,0.05385802469,1.225806452,5.166666667
3285,-0.7080741472,-0.01744186047,-0.03095401373,0.03287951608,-0.001925502348,0.01417445483,-0.0487654321,,-3.75
3286,-0.2436570056,-0.005813953488,-0.001966443064,0.02884305545,-0.02687661239,0.03535825545,-0.04660493827,,-1.25
3287,1.469727084,0.03558139535,0.01464759696,0.01502762639,-0.02967522336,0.008099688474,0.06280864198,0.5076252723,7.65
3288,1.551871953,0.03813953488,0.03154388882,-0.02347331405,-0.008070574769,0.05872274143,0.01774691358,0.4959349593,8.2
3289,-2.04865777,-0.04651162791,-0.02185721691,0.004601646391,0.01725557052,-0.08644859813,-0.006944444444,,-10.0
3290,0.9029688209,0.02054263566,-0.004143741546,0.006331120319,-0.002187378774,-0.003426791277,0.04429012346,0.8566037736,4.416666667
3291,-0.9041413385,-0.02178294574,0.00443724412,-0.02016018822,0.0157229441,0.02585669782,-0.06898148148,,-4.683333333
3292,-0.7156556506,-0.01558139535,0.002612927292,-0.02372244545,0.02110951816,-0.03691588785,0.005555555556,,-3.35
3293,0.4662227101,0.0123255814,0.01965687725,-0.01539147371,-0.004265403537,0.02834890966,-0.003549382716,0.4905660377,2.65
3294,2.138164791,0.04968992248,0.01859497461,0.0001239046233,-0.01871887923,0.0246105919,0.07453703704,0.5054602184,10.68333333
3295,-0.6002376968,-0.01286821705,-0.009646528098,0.03321691882,-0.02357039072,-0.005919003115,-0.01975308642,,-2.766666667
3296,-0.8325278483,-0.02031007752,0.01551037456,-0.02318264152,0.007672266955,-0.03271028037,-0.008024691358,,-4.366666667
3297,-2.21148611,-0.05596899225,-0.01544202854,-0.01710920288,0.03255123142,-0.08738317757,-0.02484567901,,-12.03333333
3298,0.2843793442,0.006666666667,0.006953719215,-0.009289417925,0.00233569871,-0.04112149533,0.05401234568,2.162790698,1.433333333
3299,-1.216300203,-0.02984496124,-0.0131992715,0.01808529581,-0.004886024317,-0.04065420561,-0.01913580247,,-6.416666667
3300,-0.2881978303,-0.007364341085,-0.01091522467,0.01020042201,0.0007148026634,0.01838006231,-0.03287037037,,-1.583333333
3301,-0.2672884672,-0.006589147287,-0.0007828171686,-0.0125915853,0.01337440246,-0.06370716511,0.05,,-1.416666667
3302,0.5478784244,0.01279069767,-0.003646981246,0.0350052924,-0.03135831115,0.0006230529595,0.02484567901,0.7757575758,2.75
3303,1.524915571,0.03604651163,-0.007774591115,0.008648940632,-0.000874349517,0.01401869159,0.05787037037,0.4602150538,7.75
3304,0.7156844242,0.01744186047,0.01882925102,-0.005561480119,-0.0132677709,-0.05264797508,0.08688271605,1.702222222,3.75
3305,-1.409685991,-0.03364341085,-0.01267660287,-0.003402321045,0.01607892391,-0.01448598131,-0.05262345679,,-7.233333333
3306,-0.9394650881,-0.02279069767,-0.008910120555,0.01705491856,-0.008144798007,-0.0507788162,0.004938271605,,-4.9
3307,0.2626317995,0.006589147287,-0.01221715997,0.01449054402,-0.002273384051,-0.02414330218,0.03703703704,1.917647059,1.416666667
3308,-0.4523572903,-0.01100775194,-0.006579425672,0.02127236637,-0.01469294069,-0.04517133956,0.02283950617,,-2.366666667
3309,-0.2600221047,-0.006434108527,0.003998200293,-0.01605421168,0.01205601138,-0.008878504673,-0.004012345679,,-1.383333333
3310,0.5901841047,0.01387596899,-0.00220492727,-0.00340798964,0.00561291691,-0.01074766355,0.03827160494,1.011173184,2.983333333
3311,0.7457099584,0.01891472868,0.01693885734,-0.02083589492,0.003897037579,0.003894080997,0.0337962963,0.5040983607,4.066666667
3312,1.080434215,0.02565891473,0.02028488787,-0.01670620744,-0.003578680426,0.008411214953,0.04274691358,0.580060423,5.516666667
3313,-2.84684585,-0.06790697674,-0.03466860519,-0.006905101337,0.04157370652,-0.03738317757,-0.09814814815,,-14.6
3314,-0.6362732853,-0.01480620155,0.001327641142,-0.01916140339,0.01783376225,-0.03785046729,0.008024691358,,-3.183333333
3315,-0.3246867317,-0.008062015504,-0.0002415610298,-0.01644350454,0.01668506557,-0.02118380062,0.004938271605,,-1.733333333
3316,-0.8314431578,-0.01968992248,0.002836658365,-0.00727802346,0.004441365095,0.02258566978,-0.06157407407,,-4.233333333
3317,1.33397029,0.03426356589,0.002823385527,0.002102833296,-0.004926218823,0.01728971963,0.05108024691,0.3959276018,7.366666667
3318,-0.3645631382,-0.009302325581,-0.007822029806,0.0097012862,-0.001879256394,-0.01791277259,-0.0007716049383,,-2.0
3319,-0.9732860064,-0.02279069767,-0.03458448598,0.01854770255,0.01603678343,-0.007165109034,-0.03827160494,,-4.9
3320,1.600426652,0.03744186047,0.02971157495,0.001991453567,-0.03170302852,0.0300623053,0.04475308642,0.8302277433,8.05
3321,-2.125109963,-0.0519379845,-0.03772306457,0.02044917804,0.01727388653,-0.04890965732,-0.0549382716,,-11.16666667
3322,1.796718253,0.04255813953,-0.01013724608,0.02223875545,-0.01210150937,0.02757009346,0.05740740741,0.5610200364,9.15
3323,2.0363745,0.04992248062,0.00907905777,0.01682279421,-0.02590185198,0.04626168224,0.05354938272,0.4472049689,10.73333333
3324,0.7020828679,0.01612403101,0.002100457272,0.002765809697,-0.004866266969,0.003894080997,0.02824074074,0.6634615385,3.466666667
3325,-0.1859964817,-0.004496124031,-0.001440606675,-0.02225942571,0.02370003239,-0.05482866044,0.04537037037,,-0.9666666667
3326,0.3502022907,0.008449612403,0.01908122707,0.004193831765,-0.02327505883,0.05218068536,-0.03487654321,1.706422018,1.816666667
3327,1.454664374,0.03248062016,0.002705152388,-0.007894028902,0.005188876514,0.02118380062,0.04367283951,0.5346062053,6.983333333
3328,-1.299460054,-0.03054263566,-0.01610103335,-0.002190227153,0.0182912605,0.01121495327,-0.07191358025,,-6.566666667
3329,0.3461336212,0.007984496124,0.009479485332,-0.01902962672,0.009550141391,-0.01869158879,0.03441358025,1.310679612,1.716666667
3330,0.0484934206,0.001085271318,0.007941260384,-0.02701097165,0.01906971127,-0.03769470405,0.03950617284,16.42857143,0.2333333333
3331,1.744313967,0.04325581395,0.02907142251,0.0009741947569,-0.03004561726,0.0453271028,0.0412037037,0.5089605735,9.3
3332,0.1352721827,0.003100775194,0.0128817421,-0.01949293186,0.006611189756,-0.0009345794393,0.007098765432,2.15,0.6666666667
3333,0.2270526264,0.00511627907,-0.002916916738,-0.01030694493,0.01322386167,-0.008566978193,0.01867283951,2.878787879,1.1
3334,0.7097121813,0.01875968992,0.004979845797,0.01104310216,-0.01602294796,-0.02367601246,0.06080246914,0.9504132231,4.033333333
3335,-0.8182830918,-0.02124031008,-0.01779323694,0.01923488818,-0.001441651244,-0.04392523364,0.001234567901,,-4.566666667
3336,0.1616858751,0.003875968992,0.02173396115,-0.03403370947,0.01229974832,-0.01152647975,0.01913580247,3.48,0.8333333333
3337,1.351462893,0.03434108527,-0.01637502388,0.04022470796,-0.02384968407,0.01604361371,0.0524691358,0.6726862302,7.383333333
3338,-1.02419289,-0.02426356589,-0.02577663669,0.03305860067,-0.007281963973,-0.03395638629,-0.01466049383,,-5.216666667
3339,-0.2973508495,-0.006511627907,0.01556190369,-0.01944430292,0.003882399228,-0.04065420561,0.02731481481,,-1.4
3340,-1.121262856,-0.02720930233,-0.01228843058,-0.009562041097,0.02185047168,-0.07102803738,0.0162037037,,-5.85
3341,2.673948038,0.06372093023,0.03570370421,-0.01387958001,-0.0218241242,0.04143302181,0.08580246914,0.596107056,13.7
3342,-0.2607517835,-0.006356589147,0.001117930387,0.01205901394,-0.01317694432,0.003426791277,-0.01604938272,,-1.366666667
3343,-0.6097051106,-0.01449612403,-0.007095012718,0.01576481522,-0.008669802505,-0.02507788162,-0.004012345679,,-3.116666667
3344,-1.475205789,-0.03596899225,-0.01799098862,0.001227854906,0.01676313371,-0.02523364486,-0.04660493827,,-7.733333333
3345,-1.398006367,-0.03240310078,-0.008364824424,0.01126876125,-0.00290393683,-0.02663551402,-0.03811728395,,-6.966666667
3346,0.6912126219,0.01627906977,0.02280882244,-0.01844204487,-0.004366777574,0.0246105919,0.008024691358,1.3,3.5
3347,-0.8024191155,-0.01759689922,-0.0213915968,0.01316569524,0.008225901557,-0.007632398754,-0.0274691358,,-3.783333333
3348,1.146828466,0.02875968992,0.01704934884,-0.01264971922,-0.004399629614,0.02632398754,0.03117283951,0.4258760108,6.183333333
3349,2.17915211,0.04899224806,0.02504385124,0.001046427536,-0.02609027877,0.08161993769,0.01666666667,0.7420886076,10.53333333
3350,0.5635668356,0.01348837209,-0.03058332426,0.03801808325,-0.007434758994,0.01775700935,0.009259259259,0.8793103448,2.9
3351,0.1983540884,0.00488372093,0.004163245071,0.0004793532654,-0.004642598336,-0.01261682243,0.02222222222,3.095238095,1.05
3352,-0.3570725215,-0.008449612403,-0.009070370881,0.02581755283,-0.01674718195,0.009501557632,-0.0262345679,,-1.816666667
3353,-0.6179693253,-0.01503875969,-0.0001519733369,-0.001086096767,0.001238070104,-0.04314641745,0.01280864198,,-3.233333333
3354,-0.4029173442,-0.009457364341,0.01045614331,0.004776100132,-0.01523224344,0.01838006231,-0.03703703704,,-2.033333333
3355,0.5331719727,0.01364341085,-0.004993163525,-0.00410951415,0.009102677675,0.01012461059,0.01712962963,0.7784090909,2.933333333
3356,0.657549497,0.01527131783,0.02748609729,-0.02128729927,-0.006198798017,0.02258566978,0.008024691358,0.7512690355,3.283333333
3357,-0.9172540699,-0.0219379845,-0.01099498172,0.009265558656,0.001729423062,-0.0515576324,0.007407407407,,-4.716666667
3358,-0.1605222052,-0.003798449612,0.008614058899,-0.01827207817,0.009658019269,0.0199376947,-0.02731481481,,-0.8166666667
3359,-0.08949448654,-0.002093023256,-0.01244522603,0.009127203195,0.003318022835,-0.0007788161994,-0.003395061728,,-0.45
3360,1.305258995,0.02689922481,0.009532412837,-0.005775748591,-0.003756664246,0.0707165109,-0.01651234568,1.008645533,5.783333333
3361,-0.3406967893,-0.008062015504,0.001266898587,-0.001825818786,0.000558920199,-0.06557632399,0.04891975309,,-1.733333333
3362,0.572184697,0.01240310078,-0.006716745223,0.007323645681,-0.0006069004574,0.008566978193,0.0162037037,0.50625,2.666666667
3363,0.9579039042,0.02279069767,0.006996843374,-0.01047324171,0.003476398341,0.01292834891,0.0325617284,0.5918367347,4.9
3364,0.9799604556,0.02217054264,0.004933824829,-0.01572659401,0.01079276919,0.01791277259,0.02638888889,0.5839160839,4.766666667
3365,-1.015228412,-0.02410852713,-0.01248598112,-0.01087389068,0.0233598718,-0.01900311526,-0.02916666667,,-5.183333333
3366,-1.892436296,-0.04573643411,-0.02341962346,0.00558333818,0.01783628528,-0.07897196262,-0.01280864198,,-9.833333333
3367,-0.5747085308,-0.01403100775,0.01932403487,-0.02258903713,0.003265002263,-0.01105919003,-0.01697530864,,-3.016666667
3368,1.277636484,0.0315503876,-0.01059264545,0.001739393408,0.008853252046,0.06806853583,-0.00462962963,1.034398034,6.783333333
3369,-0.5711670379,-0.01348837209,-0.02484664496,0.01526684947,0.00957979549,-0.0507788162,0.02345679012,,-2.9
3370,0.4994391582,0.01170542636,-0.01407009214,0.004482586681,0.009587505464,-0.006386292835,0.02962962963,1.059602649,2.516666667
3371,1.694854334e-16,4.131062417e-18,0.008919875666,0.008204752457,-0.01712462812,0.04221183801,-0.04182098765,3565349705000000.0,8.881784197e-16
3372,0.9706064141,0.02356589147,-0.003477748141,-0.003597743029,0.00707549117,-0.0006230529595,0.0475308642,0.7697368421,5.066666667
3373,0.4803699076,0.01224806202,0.006969875675,0.01050816946,-0.01747804513,0.02274143302,0.001851851852,0.4493670886,2.633333333
3374,-0.6308637505,-0.01480620155,0.0001260595329,-0.01427373797,0.01414767843,-0.03068535826,0.0009259259259,,-3.183333333
3375,0.5819116251,0.01387596899,-0.003649246727,0.02960831185,-0.02595906512,0.02912772586,-0.001234567901,1.027932961,2.983333333
3376,0.1410812236,0.003255813953,0.0112579183,-0.02922717219,0.01796925389,-0.002024922118,0.008487654321,1.047619048,0.7
3377,-0.4477914588,-0.01170542636,-0.01648358572,0.02082525646,-0.004341670741,-0.01619937695,-0.00725308642,,-2.516666667
3378,1.093558568,0.02736434109,0.02481140569,-0.005780289344,-0.01903111635,0.01433021807,0.04027777778,0.6175637394,5.883333333
3379,-1.199234697,-0.02906976744,-0.01041420441,-0.00955150335,0.01996570776,-0.05,-0.008333333333,,-6.25
3380,0.1538523559,0.003643410853,-0.003968723931,0.001287314562,0.002681409369,-0.0292834891,0.0362654321,2.957446809,0.7833333333
3381,0.2213441581,0.005736434109,0.006314053349,0.008629286838,-0.01494334019,-0.006542056075,0.01790123457,2.108108108,1.233333333
3382,0.8859011237,0.02023255814,0.02359019171,-0.02153821252,-0.002051979186,0.02990654206,0.01064814815,0.5632183908,4.35
3383,0.6014747731,0.01449612403,0.01398430638,-0.02793774482,0.01395343844,-0.01962616822,0.04830246914,0.5401069519,3.116666667
3384,-0.3402776435,-0.007984496124,-0.02092829776,0.02338176949,-0.002453471721,-0.007476635514,-0.008487654321,,-1.716666667
3385,-1.767074744,-0.04372093023,-0.04518977454,0.035286756,0.00990301854,-0.08146417445,-0.006327160494,,-9.4
3386,-1.555458999,-0.03775193798,-0.01288157946,-0.01023777133,0.02311935079,-0.05062305296,-0.025,,-8.116666667
3387,-0.5191031561,-0.01279069767,-0.002216805531,-0.002036789001,0.004253594532,-0.01931464174,-0.006327160494,,-2.75
3388,-0.179214019,-0.004263565891,0.00824549223,0.003490348685,-0.01173584092,-0.006697819315,-0.001851851852,,-0.9166666667
3389,-0.9251776225,-0.0203875969,-0.02009674302,0.02457682861,-0.004480085592,-0.01199376947,-0.0287037037,,-4.383333333
3390,0.7137358304,0.01798449612,0.0003915924754,0.02352754078,-0.02391913326,-0.01713395639,0.05277777778,0.8965517241,3.866666667
3391,0.3403529631,0.008217054264,-0.002711912654,0.01727419361,-0.01456228096,-0.02352024922,0.03966049383,1.660377358,1.766666667
3392,-1.071564812,-0.02449612403,-0.006031610241,-0.01611408811,0.02214569835,-0.02912772586,-0.01990740741,,-5.266666667
3393,2.290685781,0.05573643411,0.009716330381,0.03005658171,-0.03977291209,0.04470404984,0.06666666667,0.4436717663,11.98333333
3394,-0.7977637144,-0.01775193798,-0.008357327767,-0.01176693404,0.02012426181,-0.02632398754,-0.009259259259,,-3.816666667
3395,-1.373009276,-0.03209302326,-0.01934640491,0.01083647182,0.008509933087,-0.04158878505,-0.02268518519,,-6.9
3396,-0.7658130488,-0.01790697674,-0.0005427498282,-0.008946110408,0.009488860236,-0.046105919,0.0100308642,,-3.85
3397,0.2585594554,0.005658914729,0.02458088724,-0.03140270202,0.006821814784,0.03862928349,-0.02700617284,2.452054795,1.216666667
3398,1.375088567,0.03294573643,0.01615160826,0.00748575147,-0.02363735973,-0.02258566978,0.08796296296,0.8776470588,7.083333333
3399,0.7943967864,0.01860465116,0.005797172928,0.01162816691,-0.01742533984,-0.009501557632,0.04645061728,1.133333333,4.0
3400,-1.674245607,-0.0384496124,-0.02251569006,0.007657630138,0.01485805992,-0.01043613707,-0.0662037037,,-8.266666667
3401,-0.05648367349,-0.001162790698,0.004742639152,-0.004113486512,-0.0006291526404,0.002647975078,-0.004938271605,,-0.25
3402,1.354531932,0.03255813953,0.0154131931,-0.01344328686,-0.001969906234,0.0792834891,-0.0137345679,0.6166666667,7.0
3403,0.5226865542,0.01325581395,0.003947084486,-0.01345411257,0.009507028085,-0.005295950156,0.03163580247,1.040935673,2.85
3404,2.550686628,0.05565891473,0.02180434145,-0.01497425159,-0.006830089858,0.04735202492,0.06388888889,0.5459610028,11.96666667
3405,-1.957305617,-0.04573643411,-0.01039346402,-0.02028460671,0.03067807074,-0.09174454829,-0.0001543209877,,-9.833333333
3406,0.2993616875,0.007286821705,0.01207562411,-0.005566690289,-0.006508933823,-0.04953271028,0.06358024691,1.85106383,1.566666667
3407,-0.2796317788,-0.006511627907,-0.01028938664,0.008836693975,0.001452692662,-0.0003115264798,-0.01265432099,,-1.4
3408,1.036995046,0.02534883721,0.007827734887,0.0290811789,-0.03690891379,0.004828660436,0.04567901235,0.6758409786,5.45
3409,0.3364352752,0.008139534884,0.02213815632,-0.01155705404,-0.01058110229,-0.005607476636,0.02175925926,1.152380952,1.75
3410,-0.4401433449,-0.01,0.002608185062,-0.01829792322,0.01568973816,-0.01246105919,-0.007561728395,,-2.15
3411,1.944169427,0.04984496124,0.004810485624,0.00907002216,-0.01388050778,0.05607476636,0.04367283951,0.3981337481,10.71666667
3412,1.719282055,0.04170542636,0.02078692099,0.0008228776632,-0.02160979865,0.03722741433,0.04614197531,0.8327137546,8.966666667
3413,-0.3804092012,-0.009069767442,-0.02728803778,0.01214506811,0.01514296967,-0.04439252336,0.02592592593,,-1.95
3414,-0.4459821542,-0.0103875969,-0.01441464057,0.004760146217,0.009654494351,-0.0468847352,0.02577160494,,-2.233333333
3415,-0.8390190382,-0.01798449612,-0.01548911833,-0.007105144533,0.02259426287,0.005140186916,-0.04089506173,,-3.866666667
3416,-1.668694245,-0.04131782946,-0.03444865959,0.009082359538,0.02536630006,-0.04003115265,-0.04259259259,,-8.883333333
3417,2.41914036,0.06069767442,0.03137246068,0.01629778688,-0.04767024756,0.01308411215,0.1078703704,0.601532567,13.05
3418,0.2779925165,0.006589147287,0.002080846284,0.002094544137,-0.004175390421,-0.01417445483,0.02716049383,1.588235294,1.416666667
3419,2.632341638,0.0619379845,0.03452004053,-0.02987252208,-0.00464751845,0.06853582555,0.05540123457,0.3466833542,13.31666667
3420,0.9048878006,0.02,0.0162271956,-0.01792186752,0.00169467192,0.08535825545,-0.04475308642,1.050387597,4.3
3421,2.479778428,0.06124031008,0.02712057683,-0.006888526569,-0.02023205026,0.004984423676,0.1169753086,0.6620253165,13.16666667
3422,0.2184069023,0.00511627907,0.006150911818,0.007891547014,-0.01404245883,-0.008099688474,0.01820987654,3.333333333,1.1
3423,-0.1569572438,-0.003720930233,0.001857047188,-0.009384840101,0.007527792913,-0.02102803738,0.01342592593,,-0.8
3424,-0.8260167383,-0.01868217054,-0.007743386603,0.003496578303,0.0042468083,0.006853582555,-0.04398148148,,-4.016666667
3425,1.995628112,0.04666666667,0.02521797112,-0.01023122796,-0.01498674316,0.02975077882,0.06342592593,0.4684385382,10.03333333
3426,-1.099139131,-0.02550387597,-0.02057190859,0.01038379202,0.01018811657,0.002180685358,-0.05293209877,,-5.483333333
3427,-0.5773815384,-0.01224806202,-0.02275733193,0.02477043025,-0.002013098326,-0.05747663551,0.0325617284,,-2.633333333
3428,-0.1628978149,-0.003953488372,-0.005613309874,0.002724723463,0.002888586411,-0.02445482866,0.01635802469,,-0.85
3429,1.334361155,0.03403100775,-0.00410284093,0.01727582149,-0.01317298056,0.06697819315,0.001388888889,0.6560364465,7.316666667
3430,1.863280691,0.04341085271,0.03235250647,0.0006511135951,-0.03300362007,0.02834890966,0.05833333333,0.3732142857,9.333333333
3431,1.409047511,0.03751937984,0.03064799374,-0.02077328345,-0.009874710285,0.07196261682,0.003395061728,0.7892561983,8.066666667
3432,1.171131842,0.03170542636,0.03754535992,-0.02512766836,-0.01241769156,0.03271028037,0.03070987654,0.6405867971,6.816666667
3433,-0.9868733395,-0.02410852713,-0.01246619792,-0.00169195597,0.01415815389,-0.006853582555,-0.0412037037,,-5.183333333
3434,-0.8339579579,-0.01968992248,-0.02855774088,0.01708042794,0.01147731294,-0.03161993769,-0.00787037037,,-4.233333333
3435,0.2634150558,0.006589147287,-0.01319481742,0.00559700283,0.007597814595,-0.009190031153,0.02222222222,0.4352941176,1.416666667
3436,1.581736316,0.03759689922,0.01730948697,-0.0006370531791,-0.01667243379,0.02570093458,0.04938271605,0.4824742268,8.083333333
3437,-0.4532441664,-0.01046511628,-0.01306439967,-0.002764906452,0.01582930612,-0.04828660436,0.02700617284,,-2.25
3438,-0.3102799172,-0.007596899225,-0.006631063236,0.01480562364,-0.008174560407,0.01978193146,-0.03472222222,,-1.633333333
3439,-0.6203939753,-0.01434108527,0.000393806585,-0.003189540565,0.00279573398,-0.0199376947,-0.008796296296,,-3.083333333
3440,2.955160734,0.06503875969,0.0210369908,-0.002970164143,-0.01806682666,0.06137071651,0.06867283951,0.4016686532,13.98333333
3441,-0.1031826676,-0.002635658915,-0.01761001036,0.006994683717,0.01061532664,-0.02242990654,0.01697530864,,-0.5666666667
3442,-0.621286402,-0.01472868217,-0.02098990871,0.004833805823,0.01615610288,-0.002336448598,-0.02700617284,,-3.166666667
3443,2.123373866,0.05100775194,0.01307629813,0.01192813913,-0.02500443726,0.05887850467,0.04320987654,0.396656535,10.96666667
3444,1.937824845,0.04751937984,0.01469538816,0.009220008201,-0.02391539636,0.01838006231,0.07638888889,0.5024469821,10.21666667
3445,-1.76082492,-0.04240310078,-0.0255683227,-0.005570223201,0.0311385459,-0.03535825545,-0.04938271605,,-9.116666667
3446,-0.1952790697,-0.00496124031,0.01024411439,-0.005844619019,-0.004399495367,0.01604361371,-0.02577160494,,-1.066666667
3447,-0.2922349035,-0.007131782946,-0.002188627288,-0.004534048087,0.006722675375,-0.01230529595,-0.00200617284,,-1.533333333
3448,2.218787144,0.05689922481,0.03554551981,-0.03132738758,-0.004218132223,0.05950155763,0.05432098765,0.4032697548,12.23333333
3449,0.3227484676,0.008062015504,-0.0151454924,0.03364292669,-0.01849743429,0.002180685358,0.01388888889,1.134615385,1.733333333
3450,0.3279461501,0.008139534884,0.005183065439,0.02551677437,-0.03069983981,-0.04423676012,0.0600308642,2.266666667,1.75
3451,0.08543721608,0.001860465116,0.0003069062687,0.0005689360065,-0.0008758422752,-0.04299065421,0.0462962963,9.458333333,0.4
3452,-1.547729108,-0.03728682171,-0.001538840362,-0.01400005673,0.01553889709,-0.05,-0.02469135802,,-8.016666667
3453,0.7882612368,0.0176744186,0.02229960144,-0.00275548387,-0.01954411757,0.01651090343,0.01882716049,1.289473684,3.8
3454,-0.2184095534,-0.00503875969,-0.01392728452,0.003102527439,0.01082475708,-0.02258566978,0.01234567901,,-1.083333333
3455,0.1902391241,0.004418604651,0.01820640073,-0.0249842627,0.006777861971,0.01214953271,-0.003240740741,2.315789474,0.95
3456,0.5953780762,0.01325581395,0.00890417535,-0.01160977978,0.002705604426,-0.01557632399,0.04182098765,1.046783626,2.85
3457,2.169811944,0.05286821705,0.01191978631,0.004583030527,-0.01650281684,0.04065420561,0.0649691358,0.5557184751,11.36666667
3458,0.9447769522,0.02217054264,0.006637404131,-0.01699460047,0.01035719634,0.005451713396,0.0387345679,0.9230769231,4.766666667
3459,1.37534623,0.03325581395,0.006733092819,-0.008562999912,0.001829907094,0.01510903427,0.0512345679,0.5664335664,7.15
3460,1.261632449,0.03387596899,0.0232089609,-0.0143296649,-0.008879295998,0.04330218069,0.02453703704,0.5629290618,7.283333333
3461,0.08361604643,0.002015503876,-0.008708367266,0.002729564854,0.005978802412,-0.009657320872,0.01358024691,3.961538462,0.4333333333
3462,1.39738603,0.03333333333,0.006109060826,0.006628303266,-0.01273736409,0.02476635514,0.04182098765,0.5209302326,7.166666667
3463,1.316879557,0.03317829457,0.03585864127,-0.02881192953,-0.007046711745,0.06526479751,0.001388888889,0.8341121495,7.133333333
3464,0.8720377543,0.02,0.02628952983,-0.01177602958,-0.01451350024,0.04423676012,-0.004012345679,0.9031007752,4.3
3465,1.822266475,0.04410852713,0.01091022992,-0.008933018123,-0.001977211799,0.01604361371,0.07191358025,0.5799648506,9.483333333
3466,-0.9705759548,-0.02333333333,-0.0003488559212,-0.01420453039,0.01455338632,-0.005919003115,-0.04058641975,,-5.016666667
3467,-1.078201891,-0.02674418605,-0.01448159502,-0.01236275461,0.02684434964,-0.03551401869,-0.01805555556,,-5.75
3468,0.5375494135,0.01379844961,-0.0004487045794,-0.0006567636258,0.001105468205,0.01806853583,0.009567901235,1.02247191,2.966666667
3469,0.006555933127,0.0001550387597,-0.01801515817,0.02325837582,-0.005243217646,-0.004049844237,0.004320987654,23.0,0.03333333333
3470,2.019943822,0.05007751938,0.01136677677,0.02156360854,-0.03293038531,0.02959501558,0.07037037037,0.5185758514,10.76666667
3471,-0.01601487825,-0.0003875968992,-0.006485197008,0.01050652869,-0.004021331683,-0.004672897196,0.003858024691,,-0.08333333333
3472,-0.07012747756,-0.001550387597,0.01896266236,-0.004175071973,-0.01478759038,0.002959501558,-0.006018518519,,-0.3333333333
3473,-0.9264621154,-0.02209302326,-0.02695472052,0.02196507176,0.004989648758,-0.01043613707,-0.03364197531,,-4.75
3474,0.1193545964,0.002790697674,8.475192258e-05,0.0006644667307,-0.0007492186533,-0.02133956386,0.02669753086,5.777777778,0.6
3475,0.09360436757,0.002248062016,0.004811587652,0.0153178644,-0.02012945205,0.06760124611,-0.0625,6.0,0.4833333333
3476,-1.000803243,-0.0219379845,-0.005409736005,-0.0249499105,0.03035964651,-0.06386292835,0.01959876543,,-4.716666667
3477,-0.8372567871,-0.02046511628,-0.003755908226,0.006537619985,-0.002781711759,-0.04143302181,0.0003086419753,,-4.4
3478,-0.9550042232,-0.02333333333,-0.00153074724,-0.006767799125,0.008298546365,0.002959501558,-0.04938271605,,-5.016666667
3479,0.2066894654,0.00496124031,0.003937605663,-0.003887559629,-5.004603397e-05,-0.009501557632,0.01929012346,1.203125,1.066666667
3480,-0.8489697958,-0.01976744186,-0.01578893233,-0.002833066763,0.0186219991,-0.07087227414,0.03086419753,,-4.25
3481,1.882969149,0.04720930233,0.02369713582,-0.008682383058,-0.01501475276,0.01822429907,0.07592592593,0.4679802956,10.15
3482,0.05352276184,0.001317829457,-0.002366774052,-0.00559606588,0.007962839932,-0.0003115264798,0.002932098765,13.70588235,0.2833333333
3483,-1.239468074,-0.03294573643,-0.008303727615,-0.0195156001,0.02781932771,-0.05498442368,-0.01111111111,,-7.083333333
3484,0.5240554516,0.01240310078,0.01358550042,-0.02230028941,0.008714788998,0.03691588785,-0.01188271605,1.33125,2.666666667
3485,-0.529897329,-0.01310077519,-0.02210622678,0.01766348132,0.004442745452,-0.01697819315,-0.009259259259,,-2.816666667
3486,1.207655742,0.02744186047,0.01359916116,-0.001756154776,-0.01184300638,0.04003115265,0.0149691358,0.5480225989,5.9
3487,2.667798729,0.06666666667,0.05464229974,-0.02570261984,-0.0289396799,0.05404984424,0.07916666667,0.4325581395,14.33333333
3488,0.921398809,0.02100775194,-0.01597162717,0.001268643939,0.01470298323,0.02040498442,0.02160493827,0.6273062731,4.516666667
3489,-1.177396281,-0.02658914729,-0.02371798814,0.009402442206,0.01431554593,-0.03598130841,-0.01728395062,,-5.716666667
3490,-0.7813782765,-0.0203875969,-0.01030659163,0.01274347778,-0.002436886149,-0.03193146417,-0.008950617284,,-4.383333333
3491,0.2091452566,0.004651162791,0.0003792838346,-0.009770086958,0.009390803123,-0.03489096573,0.04382716049,4.866666667,1.0
3492,0.3931079348,0.009147286822,0.00705908688,0.003610491274,-0.01066957815,-0.04080996885,0.05864197531,2.330508475,1.966666667
3493,-0.3056645856,-0.006744186047,-0.01561022678,0.003496663434,0.01211356334,-0.007943925234,-0.005555555556,,-1.45
3494,1.510170983,0.03519379845,-0.001027500006,0.009560804386,-0.00853330438,0.0292834891,0.04104938272,0.3766519824,7.566666667
3495,0.8169509033,0.02054263566,0.009229801265,-0.005006993437,-0.004222807828,0.0484423676,-0.007098765432,0.8188679245,4.416666667
3496,0.00316150326,7.751937984e-05,-0.01842439608,-0.003817118149,0.02224151423,-0.06028037383,0.05987654321,214.0,0.01666666667
3497,-2.127219766,-0.04682170543,-0.01878800224,-0.004672108892,0.02346011113,-0.04361370717,-0.05,,-10.06666667
3498,2.539979374,0.05782945736,0.03175613089,-0.02452303813,-0.007233092758,0.08613707165,0.02978395062,0.5603217158,12.43333333
3499,-0.6459037969,-0.01635658915,-0.008612146145,0.004160417587,0.004451728557,-0.02133956386,-0.01141975309,,-3.516666667
3500,-0.5852487967,-0.01503875969,-0.01249326849,0.004353564046,0.00813970444,-0.01012461059,-0.01990740741,,-3.233333333
3501,-0.3803082059,-0.008914728682,0.007273720086,-0.01588690824,0.008613188151,-0.01510903427,-0.002777777778,,-1.916666667
3502,0.5226615496,0.01201550388,0.005160758948,0.01821654747,-0.02337730641,-0.02133956386,0.0450617284,1.412903226,2.583333333
3503,-0.1392404898,-0.003565891473,0.01154423975,-0.007006016787,-0.004538222968,0.02834890966,-0.03518518519,,-0.7666666667
3504,0.2525378435,0.006201550388,0.0002621834367,0.004503478682,-0.004765662118,0.02040498442,-0.00787037037,1.6875,1.333333333
3505,1.739674034,0.04317829457,0.01730222045,-0.01917879318,0.001876572726,0.03146417445,0.05478395062,0.6211849192,9.283333333
3506,0.0523352841,0.001317829457,0.01181559978,-0.01735213802,0.005536538242,-0.004517133956,0.007098765432,4.470588235,0.2833333333
3507,0.1144433341,0.002635658915,0.008804554762,0.01114758974,-0.0199521445,-0.02445482866,0.02947530864,2.441176471,0.5666666667
3508,-1.040954972,-0.02682170543,-0.008837152805,-0.02298984653,0.03182699933,-0.08021806854,0.02608024691,,-5.766666667
3509,0.6592071824,0.01496124031,0.001672454317,0.004416021059,-0.006088475376,-0.01386292835,0.04351851852,1.191709845,3.216666667
3510,0.07486730092,0.001860465116,-0.0168362468,0.009109892559,0.007726354237,-0.02165109034,0.02515432099,8.166666667,0.4
3511,-0.7043554574,-0.01620155039,-0.01166882385,-0.01370680841,0.02537563226,-0.06277258567,0.0299382716,,-3.483333333
3512,1.063804564,0.02418604651,-0.01186341117,0.007549146939,0.004314264235,0.02570093458,0.02268518519,0.5096153846,5.2
3513,0.172268886,0.003953488372,0.01508047997,0.004559359622,-0.01963983959,0.009813084112,-0.001851851852,1.62745098,0.85
3514,-0.05977246982,-0.001395348837,-0.007528466293,-0.008995958508,0.0165244248,-0.05,0.04675925926,,-0.3
3515,-0.1110928722,-0.002480620155,-0.0005297793677,-0.00167310848,0.002202887848,0.01121495327,-0.01604938272,,-0.5333333333
3516,-0.09601594694,-0.002325581395,0.01196021084,-0.01965964041,0.007699429567,0.03021806854,-0.03456790123,,-0.5
3517,1.208278222,0.02798449612,0.003102652908,-0.001681115698,-0.00142153721,0.01588785047,0.0399691358,0.5927977839,6.016666667
3518,1.083147981,0.02527131783,0.03809225627,-0.0102504476,-0.02784180867,-0.003115264798,0.05339506173,0.4141104294,5.433333333
3519,0.2455495311,0.005581395349,0.001955290691,-0.01862470904,0.01666941835,-0.008722741433,0.01975308642,1.75,1.2
3520,-0.3718647427,-0.008294573643,0.002822634107,-0.008667657207,0.0058450231,-0.02881619938,0.01203703704,,-1.783333333
3521,0.3902197153,0.008914728682,0.01143523465,-0.004472596662,-0.006962637986,0.008566978193,0.009259259259,1.156521739,1.916666667
3522,-0.9033284693,-0.02201550388,-0.01487732564,0.0001126819492,0.01476464369,-0.008411214953,-0.03549382716,,-4.733333333
3523,0.3397737843,0.008759689922,-0.0005992443893,0.0005612637466,3.798064267e-05,-0.01838006231,0.03564814815,1.380530973,1.883333333
3524,1.931160349,0.04782945736,-0.007053061104,0.01748236929,-0.01042930818,0.05031152648,0.04537037037,0.5332252836,10.28333333
3525,-0.4548678336,-0.0107751938,-0.000459823721,0.001797508044,-0.001337684323,-0.0230529595,0.001388888889,,-2.316666667
3526,-0.1947599843,-0.004573643411,-0.005756257188,-0.01173468044,0.01749093763,0.008878504673,-0.01790123457,,-0.9833333333
3527,0.3813527564,0.007906976744,-0.009264602581,0.005446045213,0.003818557368,-0.01370716511,0.02932098765,2.078431373,1.7
3528,-0.465745997,-0.01100775194,-0.0003250514619,-0.001002564983,0.001327616444,-0.03426791277,0.01203703704,,-2.366666667
3529,-1.8808963,-0.04914728682,-0.01229953829,-0.003857803273,0.01615734156,-0.02336448598,-0.07469135802,,-10.56666667
3530,0.1215909826,0.003178294574,0.005801351017,0.006313737511,-0.01211508853,0.04127725857,-0.03456790123,5.634146341,0.6833333333
3531,-0.3115808349,-0.007054263566,-0.01592887793,0.004238066633,0.0116908113,-0.01448598131,0.0003086419753,,-1.516666667
3532,-0.1562276519,-0.003565891473,-0.01217630059,-0.002835049144,0.01501134974,-0.03940809969,0.03194444444,,-0.7666666667
3533,0.7048251415,0.0176744186,0.009826822639,-0.005964430428,-0.00386239221,-0.009034267913,0.04413580247,0.850877193,3.8
3534,-0.602703405,-0.01465116279,-0.002316354898,0.003192588611,-0.000876233713,0.01121495327,-0.04027777778,,-3.15
3535,0.3153750591,0.007751937984,-0.0005907147531,0.006582201634,-0.005991486881,-0.04174454829,0.05679012346,2.02,1.666666667
3536,-1.493804106,-0.03488372093,-0.01578091415,0.008613874644,0.007167039504,-0.04781931464,-0.02206790123,,-7.5
3537,-0.883119,-0.0211627907,-0.002982074265,-0.006436634851,0.009418709116,-0.001557632399,-0.04058641975,,-4.55
3538,1.377769458,0.03713178295,0.003500668497,0.01851008726,-0.02201075576,0.01604361371,0.05802469136,0.490605428,7.983333333
3539,2.841292174,0.06310077519,0.02519183728,0.02522803705,-0.05041987433,0.06355140187,0.06265432099,0.4324324324,13.56666667
3540,0.5763153534,0.01441860465,-0.001276394457,-0.003785243439,0.005061637896,-0.009190031153,0.03780864198,0.9569892473,3.1
3541,0.5106750709,0.01209302326,0.007897954503,0.007994258728,-0.01589221323,-0.03037383178,0.05416666667,1.307692308,2.6
3542,-0.1761493528,-0.004031007752,0.00497720192,0.006556377377,-0.0115335793,0.02554517134,-0.03333333333,,-0.8666666667
3543,0.7572923856,0.01782945736,0.004095615727,-0.01004554243,0.005949926705,0.0269470405,0.008796296296,0.9826086957,3.833333333
3544,-0.2686996839,-0.006511627907,-0.01565952195,0.007896634594,0.007762887359,-0.004672897196,-0.008333333333,,-1.4
3545,-8.199462799e-17,-2.065531209e-18,-0.003845023818,-0.0006974291097,0.004542452928,-0.004517133956,0.004475308642,,-4.440892099e-16
3546,-0.02064480175,-0.0004651162791,-0.001622928656,0.007839238242,-0.006216309586,0.0001557632399,-0.001080246914,,-0.1
3547,-1.197653637,-0.02736434109,-0.0179475013,0.009001554586,0.00894594671,-0.009034267913,-0.04552469136,,-5.883333333
3548,0.07285391409,0.001627906977,0.005083183382,-0.00364279138,-0.001440392001,0.03800623053,-0.03441358025,6.761904762,0.35
3549,1.939984711,0.04976744186,0.001422353649,0.01646615551,-0.01788850916,0.02258566978,0.07669753086,0.531152648,10.7
3550,-1.972142697,-0.04372093023,-0.02517535859,0.01843509668,0.006740261913,-0.06978193146,-0.01790123457,,-9.4
3551,-1.35895708,-0.03209302326,-0.001781750551,-0.02610757789,0.02788932844,-0.05,-0.01435185185,,-6.9
3552,-0.02972213805,-0.0006976744186,-0.0007890966055,-0.01763933604,0.01842843264,-0.05,0.04814814815,,-0.15
3553,1.157057752,0.02674418605,-0.001600073555,-0.001596083077,0.003196156632,0.03878504673,0.01481481481,0.6028985507,5.75
3554,-0.3900860988,-0.008682170543,-0.003760656206,0.0044508245,-0.0006901682949,-0.0269470405,0.009413580247,,-1.866666667
3555,-0.7711298169,-0.02023255814,-0.005611861228,-0.007436881754,0.01304874298,-0.02289719626,-0.01759259259,,-4.35
3556,1.124948168,0.02589147287,0.01418752207,-0.007740643972,-0.006446878103,0.02180685358,0.0299382716,0.5359281437,5.566666667
3557,1.435979513,0.03868217054,0.0180967425,-0.0008138922104,-0.01728285029,0.01074766355,0.06635802469,0.6112224449,8.316666667
3558,0.2734180292,0.006201550388,0.01539601953,-0.00647694881,-0.008919070725,-0.0001557632399,0.0125,1.875,1.333333333
3559,1.058925351,0.02682170543,0.01614540929,0.005011425863,-0.02115683515,0.009813084112,0.04367283951,0.7456647399,5.766666667
3560,-1.352286203,-0.03031007752,-0.002886076696,-0.0213387799,0.02422485659,-0.05841121495,-0.002469135802,,-6.516666667
3561,1.028423852,0.02356589147,0.02158145598,0.0192509869,-0.04083244288,0.005763239875,0.0412037037,0.5855263158,5.066666667
3562,0.6634001809,0.01651162791,-0.002297223304,0.001503133942,0.0007940893621,-0.006230529595,0.03904320988,0.8262910798,3.55
3563,-0.1904300966,-0.004263565891,0.001085760766,-0.01493807483,0.01385231406,-0.01261682243,0.004012345679,,-0.9166666667
3564,0.2576693099,0.005348837209,0.01236971423,-0.003624190377,-0.008745523857,0.01728971963,-0.006481481481,1.086956522,1.15
3565,0.8881189286,0.0207751938,0.01408803661,-0.01093459993,-0.003153436685,0.002336448598,0.03904320988,0.7201492537,4.466666667
3566,1.123400122,0.02503875969,0.009165741631,0.015290805,-0.02445654663,0.03193146417,0.01820987654,0.7089783282,5.383333333
3567,1.026251046,0.0276744186,0.02017369479,-0.02071763096,0.0005439361658,-0.01323987539,0.06820987654,0.9355742297,5.95
3568,-0.9718870705,-0.02550387597,-0.01552213637,0.007441330758,0.008080805609,-0.02242990654,-0.02854938272,,-5.483333333
3569,0.4689559411,0.01178294574,-0.007252553801,0.006946756554,0.0003057972475,-0.01604361371,0.03935185185,1.144736842,2.533333333
3570,-1.238998868,-0.02899224806,0.002372479497,-0.0255803767,0.0232078972,-0.04906542056,-0.009104938272,,-6.233333333
3571,0.7293951121,0.01798449612,0.006463211996,-0.006796573413,0.0003333614168,0.02897196262,0.007098765432,0.7198275862,3.866666667
3572,-0.8780262304,-0.02069767442,0.0005631644116,6.637536486e-05,-0.0006295397765,0.02009345794,-0.06111111111,,-4.45
3573,1.212322386,0.0288372093,0.002195791366,0.02165986399,-0.02385565536,0.03193146417,0.02577160494,0.9166666667,6.2
3574,-0.5160582473,-0.01147286822,0.003951824925,-0.01647709124,0.01252526632,-0.008878504673,-0.01404320988,,-2.466666667
3575,-0.07290936315,-0.001705426357,-0.000124698244,-0.01036729868,0.01049199692,-0.01152647975,0.008024691358,,-0.3666666667
3576,1.391610787,0.03372093023,0.0115927516,0.02045556704,-0.03204831864,0.0269470405,0.04043209877,0.6114942529,7.25
3577,-0.7760118653,-0.01744186047,-0.007569415826,-0.005009958377,0.0125793742,-0.005607476636,-0.02916666667,,-3.75
3578,0.9065208247,0.02062015504,-0.0005581703632,0.008573402712,-0.008015232349,-0.004672897196,0.04567901235,0.6578947368,4.433333333
3579,0.850424217,0.02162790698,0.01197750698,-0.003731726267,-0.008245780708,-0.0007788161994,0.04382716049,1.05734767,4.65
3580,-1.490120921,-0.03503875969,-0.026528839,0.02148804365,0.00504079535,-0.02040498442,-0.04953703704,,-7.533333333
3581,-2.078672465,-0.05062015504,-0.01333319355,-0.0146001897,0.02793338325,-0.04392523364,-0.05725308642,,-10.88333333
3582,-1.272941623,-0.03302325581,-0.02615306359,0.01339449592,0.01275856767,-0.0515576324,-0.01466049383,,-7.1
3583,1.014722209,0.02736434109,0.01804754294,0.009799787444,-0.02784733038,-0.007009345794,0.06141975309,0.6232294618,5.883333333
3584,0.2009566418,0.00488372093,0.005066885906,-0.0182131882,0.0131463023,-0.02024922118,0.02978395062,2.666666667,1.05
3585,-0.277802961,-0.006511627907,0.002434231045,-0.02589245316,0.02345822212,-0.0277258567,0.01450617284,,-1.4
3586,0.1374094554,0.003410852713,-0.009911605069,0.003521588643,0.006390016427,-0.02990654206,0.03641975309,4.727272727,0.7333333333
3587,0.2450446097,0.005813953488,0.002129441785,0.0048656914,-0.006995133185,-0.01588785047,0.02731481481,1.533333333,1.25
3588,-0.6189255628,-0.01511627907,0.01156689528,-0.02944448881,0.01787759353,0.0007788161994,-0.03086419753,,-3.25
3589,1.448793482,0.03596899225,0.004914590366,0.002246125054,-0.00716071542,0.01884735202,0.05293209877,0.4978448276,7.733333333
3590,-1.330402678,-0.03085271318,-0.02055011611,0.02517043158,-0.004620315467,-0.04408099688,-0.01774691358,,-6.633333333
3591,-1.048236945,-0.02666666667,0.001015749495,-0.02002892799,0.0190131785,-0.04330218069,-0.01018518519,,-5.733333333
3592,-0.373308712,-0.008604651163,-0.02532469154,0.01859360367,0.006731087869,-0.009345794393,-0.00787037037,,-1.85
3593,-2.154785423,-0.05069767442,-0.0350224412,0.0134310837,0.0215913575,-0.04735202492,-0.05401234568,,-10.9
3594,1.136087538,0.02488372093,0.009983629162,0.01428113052,-0.02426475969,0.06323987539,-0.01311728395,0.7009345794,5.35
3595,-0.6998908321,-0.01682170543,0.00557395672,-0.02305783364,0.01748387692,-0.05373831776,0.01975308642,,-3.616666667
3596,-1.479415842,-0.03441860465,-0.01816447001,-0.003778941457,0.02194341147,-0.06059190031,-0.008487654321,,-7.4
3597,-1.59490117,-0.03720930233,-0.02950601842,0.01207954386,0.01742647456,-0.02570093458,-0.04861111111,,-8.0
3598,-0.4893797619,-0.01131782946,0.000687661855,-0.01616489758,0.01547723572,-0.04485981308,0.02191358025,,-2.433333333
3599,-1.267933528,-0.03100775194,-0.01334101253,0.009556513961,0.003784498568,-0.05732087227,-0.004938271605,,-6.666666667
3600,0.32256511,0.007596899225,-0.006985452167,0.02230880754,-0.01532335538,0.001246105919,0.01388888889,1.183673469,1.633333333
3601,0.6280652867,0.01511627907,0.009316860578,-0.005715637316,-0.003601223262,-0.004361370717,0.03441358025,0.6153846154,3.25
3602,-0.9067701008,-0.02271317829,-0.007617679884,-0.01056667693,0.01818435682,0.007165109034,-0.05231481481,,-4.883333333
3603,0.4942393589,0.01201550388,-0.005550364484,0.03511358909,-0.02956322461,0.002336448598,0.02160493827,0.5483870968,2.583333333
3604,-0.2462113854,-0.005658914729,-0.003180131601,0.01175401838,-0.008573886778,-0.009190031153,-0.002160493827,,-1.216666667
3605,1.055588553,0.02403100775,0.01004406553,0.003255222127,-0.01329928766,0.04470404984,0.003549382716,0.635483871,5.166666667
3606,-0.2037114913,-0.004573643411,0.0007501862641,0.0004908838497,-0.001241070114,0.01728971963,-0.0262345679,,-0.9833333333
3607,1.213155369,0.02953488372,0.0135312171,-0.006599035357,-0.006932181741,0.004672897196,0.05416666667,0.4514435696,6.35
3608,0.816426953,0.02046511628,0.009990751317,0.0030851163,-0.01307586762,0.006074766355,0.03472222222,0.5833333333,4.4
3609,1.503031041,0.03821705426,0.02511696092,-0.01098790977,-0.01412905115,0.01355140187,0.06265432099,0.6328600406,8.216666667
3610,2.746755884,0.06031007752,0.01656236306,0.01861020128,-0.03517256434,0.05560747664,0.0649691358,0.501285347,12.96666667
3611,-0.8491311681,-0.02015503876,-0.01466460699,0.02369018651,-0.009025579524,0.01012461059,-0.05015432099,,-4.333333333
3612,1.091796919,0.02620155039,0.005937776023,0.02389161254,-0.02982938856,0.05280373832,-0.0001543209877,0.5443786982,5.633333333
3613,-1.739044392,-0.04085271318,-0.01647596364,-0.003014070634,0.01949003427,-0.06246105919,-0.01944444444,,-8.783333333
3614,-0.7986270432,-0.01899224806,-0.001326838404,-0.01781895827,0.01914579668,-0.02912772586,-0.008950617284,,-4.083333333
3615,-0.3394128728,-0.008527131783,0.008537695273,-0.02425473546,0.01571704019,-0.01339563863,-0.003703703704,,-1.833333333
3616,-2.000205786,-0.05147286822,-0.038977403,0.01035403811,0.02862336489,-0.1009345794,-0.002469135802,,-11.06666667
3617,0.1953762251,0.004573643411,-0.007250684292,0.0060303986,0.001220285692,-0.02398753894,0.03287037037,3.559322034,0.9833333333
3618,-1.103005501,-0.02782945736,-0.01405935024,-0.008337496888,0.02239684712,-0.06323987539,0.00725308642,,-5.983333333
3619,2.204788149,0.04914728682,0.01846167546,-0.02203482087,0.003573145414,0.03021806854,0.06790123457,0.5567823344,10.56666667
3620,-0.9092992894,-0.02209302326,-0.02687417707,0.01611768832,0.01075648874,-0.03239875389,-0.01188271605,,-4.75
3621,-0.4111789469,-0.009224806202,-0.004127341917,0.01308832437,-0.008960982453,-0.02009345794,0.001543209877,,-1.983333333
3622,-1.454527141,-0.03302325581,-0.02829426336,0.006567199231,0.02172706413,-0.06978193146,0.003395061728,,-7.1
3623,-1.13936456,-0.02705426357,0.002413318056,-0.03067145609,0.02825813803,-0.009345794393,-0.04459876543,,-5.816666667
3624,-1.33173504,-0.03054263566,-0.00368131253,-0.004178137172,0.007859449702,-0.04641744548,-0.01481481481,,-6.566666667
3625,0.6892386196,0.01697674419,0.02680541792,-0.006485214243,-0.02032020368,-0.01542056075,0.04907407407,0.9269406393,3.65
3626,-2.255215846,-0.05426356589,-0.03234378702,0.008246522634,0.02409726438,-0.07445482866,-0.03425925926,,-11.66666667
3627,1.643631512,0.03728682171,0.01897096552,-0.01570626549,-0.00326470003,0.02819314642,0.0462962963,0.5841995842,8.016666667
3628,1.09142836,0.02658914729,0.005961384879,-0.005568950209,-0.0003924346702,0.02009345794,0.03302469136,0.5772594752,5.716666667
3629,0.6111665543,0.01519379845,-0.002147639932,-0.00761004792,0.009757687852,-0.01105919003,0.0412037037,1.612244898,3.266666667
3630,-1.495319421,-0.03852713178,-0.02336013377,0.01805186518,0.005308268592,-0.04859813084,-0.02854938272,,-8.283333333
3631,0.8879177273,0.0219379845,-0.00917098714,0.009945697311,-0.0007747101703,0.0253894081,0.01851851852,0.6607773852,4.716666667
3632,-1.302938597,-0.03201550388,-0.01140148049,-0.01489697715,0.02629845764,-0.05436137072,-0.00987654321,,-6.883333333
3633,-1.441278358,-0.03565891473,-0.01485589217,0.007310699411,0.007545192755,-0.06464174455,-0.006944444444,,-7.666666667
3634,0.6438425409,0.01581395349,0.00868850854,0.02310051368,-0.03178902222,-0.03317757009,0.06435185185,1.093137255,3.4
3635,2.473488341,0.06325581395,0.03313821746,0.002242639284,-0.03538085674,0.03753894081,0.0887345679,0.4387254902,13.6
3636,1.497033081,0.03364341085,0.008078136158,-0.005860083507,-0.002218052651,0.0507788162,0.01666666667,0.5184331797,7.233333333
3637,0.656802064,0.01596899225,0.02684962278,-0.01754804344,-0.00930157934,0.01728971963,0.01466049383,1.223300971,3.433333333
3638,1.720896093,0.04248062016,0.01409860556,-0.01206988998,-0.002028715582,0.01448598131,0.07021604938,0.4653284672,9.133333333
3639,0.5951300255,0.01449612403,0.007982790726,0.01168703892,-0.01966982965,-0.006386292835,0.03518518519,0.9037433155,3.116666667
3640,1.679232206,0.03992248062,0.0191111787,-0.00993603151,-0.009175147193,0.02102803738,0.05864197531,0.6757281553,8.583333333
3641,0.4670466395,0.0123255814,-0.001940951184,0.01169351393,-0.009752562749,-0.04626168224,0.07037037037,1.710691824,2.65
3642,0.7238579058,0.01720930233,-0.001159657819,0.005754617301,-0.004594959481,-0.02570093458,0.05972222222,1.265765766,3.7
3643,0.04614271787,0.001162790698,0.006762546957,0.00841699665,-0.01517954361,0.04080996885,-0.03811728395,4.866666667,0.25
3644,-0.3390834204,-0.007751937984,0.01228528302,0.0003374231675,-0.01262270619,0.02741433022,-0.04259259259,,-1.666666667
3645,-1.519692895,-0.03480620155,-0.02178932721,0.00739321317,0.01439611404,0.01526479751,-0.08441358025,,-7.483333333
3646,-1.144331558,-0.02728682171,-0.004514353964,-0.01117066563,0.01568501959,-0.04750778816,-0.00725308642,,-5.866666667
3647,1.47040022,0.03410852713,0.01936755807,-0.01831365089,-0.001053907188,0.03130841121,0.03688271605,0.5159090909,7.333333333
3648,-0.3039749598,-0.007286821705,-0.02615636182,0.02972241061,-0.003566048784,-0.001401869159,-0.01311728395,,-1.566666667
3649,0.6569007199,0.01488372093,-0.01721475408,0.01451833173,0.002696422349,0.02445482866,0.005401234568,1.0625,3.2
3650,0.3950397388,0.009612403101,0.01187374458,-0.009950992102,-0.001922752475,-0.04735202492,0.06604938272,1.701612903,2.066666667
3651,0.5328512316,0.01240310078,0.01184768519,-0.01201962097,0.000171935787,-0.02757009346,0.05200617284,1.43125,2.666666667
3652,-1.406591722,-0.03472868217,-0.02798258316,-0.003965022725,0.03194760589,0.004517133956,-0.07361111111,,-7.466666667
3653,0.04661306957,0.001085271318,-0.001868957634,0.02106917908,-0.01920022144,0.01619937695,-0.01388888889,3.071428571,0.2333333333
3654,0.4546317512,0.01170542636,0.01816805524,-0.0009765629629,-0.01719149228,0.0003115264798,0.02299382716,0.8874172185,2.516666667
3655,1.394481967,0.03085271318,-0.009706875116,0.02320149757,-0.01349462246,0.04080996885,0.02098765432,0.6105527638,6.633333333
3656,-1.201432819,-0.02813953488,-0.01359119435,0.0004108643716,0.01318032998,-0.009034267913,-0.04706790123,,-6.05
3657,-0.4577481947,-0.01007751938,-0.0129591023,0.01427610663,-0.001317004327,-0.0269470405,0.006635802469,,-2.166666667
3658,2.288562579,0.06007751938,0.03898028709,-0.007731625412,-0.03124866168,0.05778816199,0.06234567901,0.4606451613,12.91666667
3659,-1.964602735,-0.04550387597,-0.02165664102,0.0003911433894,0.02126549763,-0.03629283489,-0.05462962963,,-9.783333333
3660,-1.881859828,-0.04348837209,-0.02544582035,-0.001563473864,0.02700929421,-0.04049844237,-0.04645061728,,-9.35
3661,1.083435917,0.02550387597,0.004861081582,-0.007008364377,0.002147282794,0.01510903427,0.03580246914,0.5927051672,5.483333333
3662,-0.5426642929,-0.01317829457,0.006424980544,-0.01755976491,0.01113478436,-0.05140186916,0.02469135802,,-2.833333333
3663,0.1726395993,0.003953488372,0.009293841544,-0.001132041749,-0.008161799795,-0.002647975078,0.01049382716,0.6862745098,0.85
3664,-0.4841094799,-0.01178294574,-0.003134669888,-0.01762237904,0.02075704892,0.001246105919,-0.02469135802,,-2.533333333
3665,0.3027647605,0.007286821705,0.01819515682,-0.03611227387,0.01791711704,0.01386292835,0.0007716049383,1.095744681,1.566666667
3666,1.368912412,0.03248062016,0.009919015982,0.01705804535,-0.02697706133,0.04267912773,0.02237654321,0.491646778,6.983333333
3667,-1.369145139,-0.0307751938,0.00537076989,-0.02409619161,0.01872542172,-0.03177570093,-0.02978395062,,-6.616666667
3668,0.8695833744,0.02062015504,0.00729139465,-0.01011563056,0.002824235914,0.02570093458,0.01558641975,1.037593985,4.433333333
3669,1.478800478,0.03527131783,0.02302066139,-0.02209184511,-0.000928816279,0.03411214953,0.03641975309,0.3824175824,7.583333333
3670,-0.5514707609,-0.01434108527,-0.01716204206,-0.002919447763,0.02008148983,-0.0785046729,0.04922839506,,-3.083333333
3671,-0.131262563,-0.003178294574,-0.003009097394,-0.001751318036,0.00476041543,-0.02710280374,0.02052469136,,-0.6833333333
3672,0.2821378383,0.006201550388,0.003092922826,-0.02258001839,0.01948709557,0.002647975078,0.009722222222,1.8,1.333333333
3673,0.2118960775,0.00488372093,0.009495542744,-0.01028574112,0.0007901983726,-0.04096573209,0.05030864198,3.825396825,1.05
3674,1.405421303,0.03496124031,0.004093610893,-0.006070835041,0.001977224149,-0.01433021807,0.0837962963,0.889135255,7.516666667
3675,-0.9164438776,-0.0223255814,-0.02792557672,0.01792411606,0.01000146066,-0.06012461059,0.01512345679,,-4.8
3676,1.972418991,0.04217054264,0.02338345942,0.01669648445,-0.04007994387,0.08940809969,-0.00462962963,0.6268382353,9.066666667
3677,0.1912407003,0.004651162791,0.004557859688,-0.02073208791,0.01617422822,-0.03068535826,0.03966049383,3.016666667,1.0
3678,0.1184246116,0.003023255814,0.0007305807957,-0.011616649,0.01088606821,-0.02585669782,0.03163580247,3.897435897,0.65
3679,1.094282054,0.02527131783,0.01269974403,-0.01764723308,0.004947489057,0.01433021807,0.03611111111,0.5981595092,5.433333333
3680,-0.6498158619,-0.01674418605,-0.007176177115,-0.004043816168,0.01121999328,-0.02398753894,-0.009567901235,,-3.6
3681,0.6533041966,0.01620155039,-0.0238753492,0.03360052752,-0.009725178329,0.009345794393,0.02299382716,0.6650717703,3.483333333
3682,-0.8260562677,-0.02,-0.005265298364,0.003893299064,0.0013719993,-0.01791277259,-0.02206790123,,-4.3
3683,1.460763772,0.03224806202,0.01242101773,-0.01218705347,-0.0002339642597,0.02601246106,0.03842592593,0.5288461538,6.933333333
3684,-0.07575326919,-0.001705426357,-0.0155378862,0.004928795481,0.01060909072,-0.008878504673,0.005401234568,,-0.3666666667
3685,-1.617159276,-0.04100775194,-0.005061304938,-0.02257471078,0.02763601571,-0.0531152648,-0.02901234568,,-8.816666667
3686,1.217563329,0.02821705426,0.02246243555,-0.01964811109,-0.002814324461,0.01401869159,0.04228395062,0.467032967,6.066666667
3687,-0.1994418063,-0.004573643411,0.00230451465,-0.02238234194,0.02007782729,-0.01370716511,0.004475308642,,-0.9833333333
3688,0.6198371713,0.01410852713,-0.005573170376,0.001410052248,0.004163118128,0.04719626168,-0.01867283951,1.708791209,3.033333333
3689,1.636137489,0.04100775194,0.02587333035,-0.005346823871,-0.02052650647,0.04735202492,0.03472222222,0.3894139887,8.816666667
3690,-0.7887927361,-0.01953488372,-0.01751080065,-0.01044446692,0.02795526757,-0.02819314642,-0.01095679012,,-4.2
3691,-0.2110572589,-0.00519379845,0.006103493151,0.005579107985,-0.01168260114,0.005451713396,-0.01574074074,,-1.116666667
3692,1.457329103,0.03596899225,0.02405490937,-0.003693153719,-0.02036175565,0.03535825545,0.03657407407,0.588362069,7.733333333
3693,0.4504460167,0.01100775194,-0.005361266225,0.02187020397,-0.01650893774,0.004672897196,0.01728395062,1.042253521,2.366666667
3694,-0.4103833354,-0.00992248062,-0.0007852452724,-0.01076139527,0.01154664055,-0.02632398754,0.006327160494,,-2.133333333
3695,1.157043559,0.03062015504,0.004946198985,-0.0001064744432,-0.004839724542,0.03333333333,0.02793209877,0.582278481,6.583333333
3696,-0.1623099708,-0.003875968992,0.004747364719,0.004433614446,-0.009180979165,-0.006853582555,-0.0009259259259,,-0.8333333333
3697,-1.3949411,-0.03162790698,-0.0153309947,0.007283335493,0.008047659203,-0.02897196262,-0.03425925926,,-6.8
3698,1.062404077,0.02279069767,0.02474425048,6.936844078e-05,-0.02481361892,0.03971962617,0.006018518519,0.7074829932,4.9
3699,0.1220639616,0.002945736434,0.00268612045,0.01332196518,-0.01600808563,-0.03224299065,0.03780864198,2.657894737,0.6333333333
3700,0.5283541005,0.01317829457,-0.007541322369,-0.005161056801,0.01270237917,0.03457943925,-0.008024691358,0.3529411765,2.833333333
3701,-0.09395574783,-0.002558139535,0.003860484972,-0.02115471293,0.01729422796,0.01043613707,-0.01543209877,,-0.55
3702,0.4819489974,0.0111627907,0.006885758351,0.005393640312,-0.01227939866,0.03504672897,-0.0125,2.4375,2.4
3703,1.401213541,0.03379844961,0.01240624777,-0.01368508066,0.001278832884,-0.002336448598,0.06959876543,0.7683486239,7.266666667
3704,-2.202056687,-0.05457364341,-0.02360695269,0.009602192562,0.01400476013,-0.06806853583,-0.0412037037,,-11.73333333
3705,-0.9764323463,-0.02426356589,-0.01162810563,-0.008183794635,0.01981190027,-0.0769470405,0.02793209877,,-5.216666667
3706,-0.1720109573,-0.003875968992,-0.01765357918,-0.01371018057,0.03136375975,-0.05872274143,0.05046296296,,-0.8333333333
3707,0.2136638169,0.005426356589,0.01496973378,0.00704084545,-0.02201057923,0.001869158879,0.008950617284,1.314285714,1.166666667
3708,0.7596624383,0.01821705426,0.002850398198,0.01349908617,-0.01634948437,-0.02601246106,0.06203703704,1.178723404,3.916666667
3709,0.4743257018,0.01054263566,-0.01524882327,0.01427059251,0.000978230758,0.007632398754,0.01342592593,0.7720588235,2.266666667
3710,0.5228512617,0.01387596899,0.02267028594,-0.0134701234,-0.00920016254,-0.0292834891,0.05663580247,1.553072626,2.983333333
3711,1.003564289,0.02263565891,-0.009262034029,0.002431523462,0.006830510568,0.01152647975,0.03364197531,0.7157534247,4.866666667
3712,0.3087354501,0.007209302326,-0.004447604696,0.005794659046,-0.001347054351,0.01635514019,-0.001851851852,1.010752688,1.55
3713,-1.302831108,-0.03186046512,-0.0079115145,-0.001329915225,0.009241429724,-0.0292834891,-0.03441358025,,-6.85
3714,0.4374312826,0.01178294574,0.01362177298,-0.0167418464,0.00312007342,-0.01152647975,0.03487654321,0.6315789474,2.533333333
3715,-0.7966560418,-0.02015503876,-0.006669204798,-0.00328317502,0.009952379817,-0.02788161994,-0.0125,,-4.333333333
3716,-0.03186498923,-0.0007751937984,-0.005200241993,-0.0121466955,0.01734693749,-0.0437694704,0.04182098765,,-0.1666666667
3717,-1.176320355,-0.02666666667,0.0153300049,-0.02798583652,0.01265583162,-0.02429906542,-0.02901234568,,-5.733333333
3718,-0.3610426596,-0.008527131783,-0.01453080242,-0.003410138198,0.01794094061,-0.003738317757,-0.01327160494,,-1.833333333
3719,-1.570049773,-0.03643410853,-0.01531317434,0.007101402475,0.008211771869,-0.05919003115,-0.01388888889,,-7.833333333
3720,-1.975352627,-0.04379844961,-0.02134216346,-0.005857324058,0.02719948752,-0.03582554517,-0.05169753086,,-9.416666667
3721,-0.8595389936,-0.02046511628,-0.009421340516,0.001175474681,0.008245865834,0.01526479751,-0.05586419753,,-4.4
3722,-0.3416827107,-0.007984496124,-0.01457728516,0.01130919895,0.003268086209,0.01090342679,-0.02669753086,,-1.716666667
3723,0.9369550239,0.02069767442,0.002278832158,-0.01887140378,0.01659257163,0.004049844237,0.03719135802,0.8764044944,4.45
3724,1.859521804,0.04627906977,0.02083418755,-0.007199749444,-0.01363443811,0.01355140187,0.0787037037,0.5226130653,9.95
3725,-0.4728527732,-0.01170542636,-0.001680813835,-0.008076428959,0.009757242794,0.0006230529595,-0.02391975309,,-2.516666667
3726,-0.03188182716,-0.0007751937984,0.0027098473,-0.01730643518,0.01459658788,-0.01978193146,0.01805555556,,-0.1666666667
3727,0.9854709639,0.02472868217,0.01990710716,-0.008080865321,-0.01182624184,-0.05202492212,0.1007716049,1.12539185,5.316666667
3728,1.001833132,0.02279069767,-0.01908864845,0.009504297422,0.009584351032,-0.01401869159,0.05925925926,0.9591836735,4.9
3729,1.418531894,0.03410852713,0.01080135403,-0.001605642995,-0.009195711033,0.0191588785,0.04891975309,0.6840909091,7.333333333
3730,1.212834907,0.02976744186,-0.008241787591,0.0006124948626,0.007629292729,0.04330218069,0.01635802469,0.46875,6.4
3731,0.5461797005,0.01294573643,0.01858803936,0.002175229107,-0.02076326846,0.0230529595,0.002932098765,1.023952096,2.783333333
3732,0.2158924959,0.00496124031,0.01223481977,-0.01100643911,-0.00122838066,0.004828660436,0.005092592593,1.359375,1.066666667
3733,-1.46336293,-0.03325581395,-0.02553230025,0.0102539907,0.01527830954,-0.05451713396,-0.01219135802,,-7.15
3734,-1.372014908,-0.03054263566,-0.02237528366,0.014984685,0.00739059866,-0.01355140187,-0.04737654321,,-6.566666667
3735,-0.2486492178,-0.005736434109,-0.02567824284,0.0301122519,-0.004434009057,0.01433021807,-0.02561728395,,-1.233333333
3736,0.1326607925,0.003023255814,0.008156476472,-0.0197587833,0.01160230682,-0.03146417445,0.03719135802,4.769230769,0.65
3737,-0.8437214498,-0.02093023256,-0.01063088046,0.008293472416,0.002337408043,-0.07289719626,0.03055555556,,-4.5
3738,0.5593017562,0.01310077519,-0.005978469394,0.002665458879,0.003313010515,-0.02632398754,0.05216049383,1.627218935,2.816666667
3739,-0.8867363391,-0.01984496124,0.006851842244,-0.02688345211,0.02003160987,-0.003271028037,-0.0362654321,,-4.266666667
3740,-0.9856787406,-0.02418604651,-0.01177184114,0.003010104091,0.008761737046,-0.03535825545,-0.01311728395,,-5.2
3741,0.4688099055,0.01108527132,0.01314809031,0.006940645027,-0.02008873533,0.02788161994,-0.005555555556,1.048951049,2.383333333
3742,1.083770236,0.02534883721,0.02892281838,-0.01352661477,-0.01539620361,0.03676012461,0.01404320988,0.7247706422,5.45
3743,-0.2976604456,-0.006976744186,0.003681231747,-0.02228306802,0.01860183627,-0.0230529595,0.008950617284,,-1.5
3744,-1.87662361,-0.04527131783,-0.03520333239,0.01443572763,0.02076760476,-0.06433021807,-0.02638888889,,-9.733333333
3745,0.7335172095,0.01705426357,0.009267054737,0.009310517993,-0.01857757273,0.008878504673,0.02515432099,1.009090909,3.666666667
3746,2.539854568,0.06,0.0342659042,-0.007931872869,-0.02633403133,0.06884735202,0.0512345679,0.4741602067,12.9
3747,1.607110776,0.03891472868,0.01044594763,-0.01230361054,0.00185766291,0.02585669782,0.05185185185,0.5816733068,8.366666667
3748,-0.4113126196,-0.009612403101,-0.01529203589,0.00851553944,0.006776496446,-0.02959501558,0.01018518519,,-2.066666667
3749,-1.043447237,-0.02356589147,-0.01589354809,0.003762484705,0.01213106339,-0.0285046729,-0.01867283951,,-5.066666667
3750,0.7182449086,0.01689922481,0.01060858046,-0.01023171536,-0.0003768650953,0.053894081,-0.01975308642,0.5963302752,3.633333333
3751,2.245769106,0.05488372093,0.0160126152,-0.006885872994,-0.009126742207,0.03707165109,0.0725308642,0.604519774,11.8
3752,0.4855950916,0.01217054264,0.01244452892,-0.005329355942,-0.007115172973,-0.03208722741,0.05601851852,1.114649682,2.616666667
3753,0.1006303667,0.002558139535,0.007393865351,-0.005932912318,-0.001460953033,0.004517133956,0.0006172839506,4.96969697,0.55
3754,-0.6533300648,-0.01682170543,-0.0224597842,0.00448908596,0.01797069824,-0.04034267913,0.006481481481,,-3.616666667
3755,-0.04246049131,-0.001007751938,0.01081947129,-0.0140177471,0.003198275809,-0.01121495327,0.009104938272,,-0.2166666667
3756,-1.540027061,-0.03976744186,-0.02216976953,0.01947813082,0.002691638709,-0.03021806854,-0.04922839506,,-8.55
3757,-0.08206205808,-0.001937984496,0.01252126593,-0.006990083352,-0.005531182574,0.001246105919,-0.005092592593,,-0.4166666667
3758,-1.213248294,-0.03062015504,-0.01882178641,0.004848977181,0.01397280922,-0.05981308411,-0.001697530864,,-6.583333333
3759,-0.1794561206,-0.004031007752,-0.006868239256,-0.007562696191,0.01443093545,-0.03676012461,0.02839506173,,-0.8666666667
3760,1.381573546,0.03503875969,0.01043079897,-0.005720672467,-0.004710126505,0.04408099688,0.02608024691,0.4181415929,7.533333333
3761,0.1390684294,0.003255813953,-0.003195625708,-0.0176881915,0.02088381721,-0.03473520249,0.04089506173,6.404761905,0.7
3762,0.8354903545,0.01984496124,-0.0105528509,0.005510291971,0.005042558926,-0.01962616822,0.05895061728,0.86328125,4.266666667
3763,-0.002852153098,-7.751937984e-05,0.003520972724,-0.009392687469,0.005871714745,-0.01230529595,0.01203703704,,-0.01666666667
3764,2.343000183,0.0515503876,0.008603666751,-0.008360507666,-0.0002431590841,0.06510903427,0.03811728395,0.5157894737,11.08333333
3765,-0.3454834109,-0.007286821705,-0.006992399617,0.02977183003,-0.02277943042,-0.01884735202,0.004166666667,,-1.566666667
3766,0.3447117708,0.008062015504,0.02027706628,-0.02060250785,0.0003254415643,0.05171339564,-0.03518518519,1.932692308,1.733333333
3767,2.280884928,0.06062015504,0.05233988926,-0.03114507022,-0.02119481903,0.0230529595,0.09783950617,0.5549872123,13.03333333
3768,1.863395595,0.04387596899,0.02117514869,-0.006118234103,-0.01505691459,0.06822429907,0.01975308642,0.5848056537,9.433333333
3769,1.604500028,0.04054263566,0.01836837764,-0.01187470833,-0.006493669312,0.05607476636,0.02515432099,0.5889101338,8.716666667
3770,0.4559529961,0.0111627907,0.02194716484,-0.01973546052,-0.002211704321,0.0222741433,0.0001543209877,1.333333333,2.4
3771,0.5205172881,0.01286821705,0.008894956201,-0.008011578575,-0.0008833776256,0.009968847352,0.01574074074,0.7951807229,2.766666667
3772,0.7003791477,0.01682170543,-0.00300568727,0.002038293473,0.0009673937971,-0.01028037383,0.04367283951,0.7649769585,3.616666667
3773,0.8896605593,0.02217054264,0.0009072389345,0.0006496560458,-0.00155689498,-0.0292834891,0.07314814815,1.332167832,4.766666667
3774,-0.868001936,-0.02085271318,-0.005354524368,-0.005832278527,0.0111868029,0.01619937695,-0.0575617284,,-4.483333333
3775,0.2331299313,0.006201550388,0.009042435189,-0.01143839432,0.002395959134,-0.04127725857,0.05324074074,1.575,1.333333333
3776,0.06977054197,0.001627906977,-0.00181311797,0.01645650074,-0.01464338277,-0.01464174455,0.01774691358,2.19047619,0.35
3777,-1.196245148,-0.03046511628,-0.01851469686,-0.004024766516,0.02253946338,-0.06760124611,0.006327160494,,-6.55
3778,-1.34338044,-0.03356589147,0.006960355852,-0.02148713317,0.01452677732,-0.03925233645,-0.02793209877,,-7.216666667
3779,-1.216921285,-0.02914728682,-0.004029053656,0.00324188122,0.0007871724366,-0.03426791277,-0.02407407407,,-6.266666667
3780,0.3159600167,0.007364341085,0.01151954148,-0.02833141081,0.01681186933,0.004672897196,0.0100308642,2.368421053,1.583333333
3781,-1.017059095,-0.02589147287,-0.002383974102,-0.004164564363,0.006548538465,-0.03691588785,-0.0149691358,,-5.566666667
3782,0.3778997725,0.008759689922,0.006492135392,-0.01889174661,0.01239961122,0.001401869159,0.01604938272,0.7522123894,1.883333333
3783,-1.78634296,-0.04224806202,-0.01759325696,-0.00777049527,0.02536375223,-0.04626168224,-0.03827160494,,-9.083333333
3784,-1.11613746,-0.02472868217,-0.002712940775,-0.01546054955,0.01817349032,-0.03099688474,-0.01851851852,,-5.316666667
3785,2.756816321,0.0696124031,0.04091775587,-0.00704873959,-0.03386901628,0.06526479751,0.07391975309,0.6080178174,14.96666667
3786,0.2514643704,0.005736434109,-0.0001918930499,0.0001662860414,2.560700846e-05,-0.02133956386,0.0325617284,0.972972973,1.233333333
3787,-0.2469767511,-0.005658914729,-0.002214725094,0.01859263107,-0.01637790597,-0.02570093458,0.01419753086,,-1.216666667
3788,-0.1665679197,-0.004108527132,-0.02469710599,0.01669580176,0.008001304231,-0.02897196262,0.02052469136,,-0.8833333333
3789,0.6289655879,0.01627906977,0.008747420527,0.000776141436,-0.009523561963,0.04065420561,-0.00787037037,0.8619047619,3.5
3790,0.4014749412,0.009224806202,-0.01552612242,0.01616570448,-0.0006395820508,0.01183800623,0.006635802469,0.5210084034,1.983333333
3791,-2.676665814,-0.06480620155,-0.03955226516,0.006191375719,0.03336088944,-0.08302180685,-0.04675925926,,-13.93333333
3792,0.08335737474,0.001937984496,0.009179656574,-0.001494293635,-0.007685362939,-0.0531152648,0.05648148148,5.64,0.4166666667
3793,-2.787523803,-0.0611627907,-0.0127924404,-0.009413771833,0.02220621223,-0.07476635514,-0.04768518519,,-13.15
3794,-0.7396415863,-0.01891472868,-0.005608564658,-0.007610684361,0.01321924902,-0.0246105919,-0.01327160494,,-4.066666667
3795,0.6971329079,0.01604651163,-0.009940064756,0.005751847623,0.004188217133,0.05934579439,-0.02685185185,1.429951691,3.45
3796,0.1633153401,0.003798449612,-0.0008869772321,0.007431914268,-0.006544937036,-0.01090342679,0.01836419753,4.163265306,0.8166666667
3797,2.04128852,0.0476744186,0.007637223925,-0.01059733971,0.002960115787,0.03161993769,0.06358024691,0.6276422764,10.25
3798,0.7213856001,0.01728682171,-0.005544917545,0.005979715621,-0.0004347980761,-0.006386292835,0.04074074074,1.165919283,3.716666667
3799,-0.1761837254,-0.004031007752,0.004922748053,-0.003531023045,-0.001391725008,0.008566978193,-0.01651234568,,-0.8666666667
3800,1.43976781,0.03434108527,0.01219864396,-0.001483753309,-0.01071489065,-0.005295950156,0.07361111111,0.7133182844,7.383333333
3801,-1.706115531,-0.04302325581,-0.02543243879,0.01514156229,0.01029087649,-0.05420560748,-0.03194444444,,-9.25
3802,2.423162027,0.05635658915,0.0002167521177,0.0174467317,-0.01766348382,0.07196261682,0.04089506173,0.3823933975,12.11666667
3803,-2.731327812,-0.06751937984,-0.03360265758,0.01078623222,0.02281642536,-0.04127725857,-0.09351851852,,-14.51666667
3804,0.4176079775,0.009534883721,-0.01030292121,0.03580111034,-0.02549818913,0.01074766355,0.008333333333,0.8943089431,2.05
3805,0.6914322382,0.01620155039,0.00164812718,-0.008912500601,0.007264373421,-0.01246105919,0.04459876543,0.8947368421,3.483333333
3806,-1.360458183,-0.03248062016,-0.03741561455,0.03066168973,0.006753924818,-0.02289719626,-0.04197530864,,-6.983333333
3807,0.8136093459,0.0192248062,-0.008497131685,0.0203014412,-0.01180430952,0.008411214953,0.0299382716,0.8991935484,4.133333333
3808,0.6221546776,0.01379844961,0.03741591926,-0.01853997802,-0.01887594123,0.053894081,-0.02592592593,1.426966292,2.966666667
3809,-1.161653813,-0.02651162791,-0.01111472921,-0.01846973523,0.02958446444,-0.01697819315,-0.03595679012,,-5.7
3810,-0.2713273858,-0.006434108527,0.01274734137,-0.01192295603,-0.0008243853474,0.02990654206,-0.0424382716,,-1.383333333
3811,1.516744819,0.03930232558,0.0288208119,-0.01895047221,-0.009870339689,-0.003582554517,0.08179012346,0.6686390533,8.45
3812,-0.1400490985,-0.003178294574,-0.008980152826,0.003628313656,0.005351839169,-0.01074766355,0.004320987654,,-0.6833333333
3813,-1.328592812,-0.03395348837,0.002537017087,-0.02228557733,0.01974856025,-0.01900311526,-0.0487654321,,-7.3
3814,0.6230610313,0.01472868217,-0.013326649,0.01457874878,-0.001252099786,0.01495327103,0.01450617284,1.121052632,3.166666667
3815,0.04697746195,0.001085271318,-0.001030713051,0.01574917628,-0.01471846323,-0.05903426791,0.06064814815,16.57142857,0.2333333333
3816,1.779589779,0.04294573643,0.01859441538,-0.007315887682,-0.0112785277,0.03769470405,0.04814814815,0.6155234657,9.233333333
3817,0.9505009056,0.02240310078,0.007439190261,-0.01036351709,0.002924326829,0.02336448598,0.02145061728,0.9723183391,4.816666667
3818,-1.052731943,-0.02441860465,0.001399149499,-0.01412363846,0.01272448896,-0.01495327103,-0.0337962963,,-5.25
3819,1.02475485,0.02240310078,0.00348832892,-0.001941446589,-0.001546882331,0.01074766355,0.03395061728,0.6816608997,4.816666667
3820,-1.276254449,-0.02852713178,-0.003443293574,-0.009059410989,0.01250270456,-0.06277258567,0.005401234568,,-6.133333333
3821,0.6615126559,0.01612403101,0.003883742786,0.00515976019,-0.009043502976,-0.01386292835,0.04583333333,1.288461538,3.466666667
3822,-1.101873765,-0.02651162791,-0.03089695788,0.01473695327,0.01616000461,-0.02601246106,-0.02700617284,,-5.7
3823,0.7585262338,0.01837209302,0.01703936005,0.01294205832,-0.02998141837,-0.003271028037,0.03981481481,0.8438818565,3.95
3824,-1.645661597,-0.03782945736,-0.01217143643,-0.001420394937,0.01359183137,-0.03239875389,-0.04320987654,,-8.133333333
3825,1.570253494,0.03527131783,0.01859406871,0.002369111677,-0.02096318039,0.07943925234,-0.008487654321,0.6505494505,7.583333333
3826,1.069558853,0.02302325581,-0.004205556796,0.01513056494,-0.01092500815,0.04267912773,0.003549382716,0.5824915825,4.95
3827,-0.710004949,-0.01728682171,-0.01258643101,-0.01852227854,0.03110870955,-0.0261682243,-0.008487654321,,-3.716666667
3828,-1.430818844,-0.03736434109,-0.03864452963,0.01728311,0.02136141963,-0.02024922118,-0.05432098765,,-8.033333333
3829,-0.6354663361,-0.01364341085,0.007019853665,-0.03226973929,0.02524988563,-0.01760124611,-0.009722222222,,-2.933333333
3830,-0.2810082395,-0.006821705426,0.01008567274,-0.02103037903,0.01094470629,0.002336448598,-0.01589506173,,-1.466666667
3831,-1.119862004,-0.02635658915,-0.009719005029,-0.0187296691,0.02844867413,-0.03722741433,-0.01558641975,,-5.666666667
3832,0.01401225495,0.0003100775194,0.01424173874,-0.00863049708,-0.005611241665,0.007476635514,-0.006790123457,28.0,0.06666666667
3833,-0.1181725022,-0.002945736434,0.006516342949,-0.02732293838,0.02080659543,-0.0009345794393,-0.004938271605,,-0.6333333333
3834,-1.704556344,-0.03930232558,-0.00342266609,-0.01437159478,0.01779426087,-0.04704049844,-0.03163580247,,-8.45
3835,0.2307060754,0.005813953488,-0.003190304355,-0.003516644708,0.006706949062,0.005607476636,0.006018518519,0.6,1.25
3836,-1.536549915,-0.03651162791,-0.02413064194,0.005329831743,0.0188008102,-0.04704049844,-0.02608024691,,-7.85
3837,0.2364511129,0.005581395349,0.008786584372,-0.01013058853,0.001344004153,-0.009813084112,0.02083333333,1.194444444,1.2
3838,2.615209509,0.06511627907,0.0007640953332,0.01464186037,-0.0154059557,0.0753894081,0.0549382716,0.3428571429,14.0
3839,0.7522656862,0.01689922481,-0.005256285483,0.00195700326,0.003299282223,-0.01339563863,0.04691358025,0.8119266055,3.633333333
3840,0.07990004501,0.001860465116,0.01477240664,-0.01972983889,0.004957432252,0.004984423676,-0.001234567901,7.625,0.4
3841,0.3334293963,0.008217054264,-0.01014734152,-0.001001479355,0.01114882088,-0.05062305296,0.06651234568,2.622641509,1.766666667
3842,1.516996482,0.03620155039,0.01905322544,0.0006232345758,-0.01967646001,0.0269470405,0.04537037037,0.6531049251,7.783333333
3843,-1.089312756,-0.02658914729,-0.01703640442,-0.00279469521,0.01983109963,-0.01635514019,-0.03672839506,,-5.716666667
3844,0.7670728157,0.01899224806,0.01780809764,-0.02421731909,0.006409221449,0.05062305296,-0.01234567901,1.530612245,4.083333333
3845,0.6161050359,0.01527131783,0.003501202839,0.004639964762,-0.008141167601,0.01604361371,0.01450617284,0.7664974619,3.283333333
3846,-0.6863121528,-0.01565891473,-0.001837277262,-0.004538925398,0.00637620266,-0.009657320872,-0.02160493827,,-3.366666667
3847,-0.4521836088,-0.00984496124,0.002973347535,-0.00857107338,0.005597725845,-0.01760124611,-0.002160493827,,-2.116666667
3848,1.463157395,0.03596899225,0.02373607157,-0.009264202857,-0.01447186871,0.0207165109,0.05108024691,0.5452586207,7.733333333
3849,-0.9934547459,-0.02565891473,0.00295949857,-0.0110368931,0.008077394531,-0.04049844237,-0.01095679012,,-5.516666667
3850,0.5850401653,0.01418604651,0.01147884517,0.01745717072,-0.02893601589,0.02834890966,0.0001543209877,1.333333333,3.05
3851,1.220064963,0.02953488372,0.01782169283,-0.0123037282,-0.005517964629,0.01635514019,0.04259259259,0.6089238845,6.35
3852,0.2624074422,0.006434108527,0.0039155769,-0.0106243668,0.006708789904,-0.02881619938,0.04135802469,2.036144578,1.383333333
3853,-2.692774682,-0.06201550388,-0.01990849909,-0.01415655277,0.03406505186,-0.05529595016,-0.06867283951,,-13.33333333
3854,-1.607543689,-0.03953488372,-0.002020651523,-0.02092644456,0.02294709609,-0.04657320872,-0.0325617284,,-8.5
3855,-0.390461403,-0.00976744186,-0.005293166108,-0.002645760837,0.007938926945,-0.03598130841,0.0162037037,,-2.1
3856,0.645043809,0.01620155039,-0.006051136824,-0.002339981645,0.008391118469,0.003738317757,0.02854938272,0.8229665072,3.483333333
3857,0.04514271837,0.001085271318,0.00253103814,-0.02247307874,0.0199420406,0.006853582555,-0.00462962963,4.142857143,0.2333333333
3858,-1.272279493,-0.0307751938,-0.01052763524,-0.002226355648,0.01275399089,-0.0523364486,-0.009413580247,,-6.616666667
3859,1.148215319,0.02775193798,0.03840931276,-0.0214840206,-0.01692529216,0.01448598131,0.04089506173,0.8854748603,5.966666667
3860,1.796658487,0.04325581395,0.0297771822,0.0009835499014,-0.0307607321,0.03146417445,0.0549382716,0.3476702509,9.3
3861,1.185132936,0.02914728682,0.02093959096,-0.008412244711,-0.01252734624,-0.02367601246,0.08148148148,0.9973404255,6.266666667
3862,-0.00671632791,-0.0001550387597,-0.009029835206,0.005177707886,0.00385212732,-0.01604361371,0.01558641975,,-0.03333333333
3863,-0.5834701444,-0.01426356589,-0.02907116184,0.03847813386,-0.009406972019,-0.01557632399,-0.01296296296,,-3.066666667
3864,0.7291272532,0.01651162791,0.0110147658,0.02011549703,-0.03113026283,0.04096573209,-0.007716049383,1.244131455,3.55
3865,-3.319174057,-0.08023255814,-0.04089637783,0.006551254549,0.03434512328,-0.0777258567,-0.08271604938,,-17.25
3866,0.7147152325,0.0176744186,0.01300664644,-0.01010118448,-0.002905461967,-0.0246105919,0.05956790123,0.9210526316,3.8
3867,0.5623504174,0.01480620155,0.02307202945,-0.01464741001,-0.008424619445,-0.03785046729,0.06697530864,1.015706806,3.183333333
3868,-0.4265216855,-0.01139534884,-0.001152992108,0.002721892502,-0.001568900394,0.02196261682,-0.04444444444,,-2.45
3869,-0.275892722,-0.006279069767,0.009154100771,-0.004485267693,-0.004668833079,-0.001401869159,-0.01111111111,,-1.35
3870,-1.12473687,-0.02782945736,-0.01039831938,-0.006503255295,0.01690157468,-0.04968847352,-0.006172839506,,-5.983333333
3871,0.266466877,0.006899224806,0.001964763645,0.02654889993,-0.02851366358,0.03504672897,-0.02098765432,1.719101124,1.483333333
3872,-0.129240275,-0.002945736434,0.00181491581,-0.01943182158,0.01761690577,-0.0207165109,0.01466049383,,-0.6333333333
3873,-0.14143981,-0.003488372093,0.02782693307,-0.04249553372,0.01466860065,-0.005295950156,-0.001697530864,,-0.75
3874,1.26592121,0.03046511628,0.01536472204,-0.01561285819,0.0002481361506,0.004205607477,0.05648148148,0.844783715,6.55
3875,0.1871074047,0.004186046512,0.008130146292,-0.01079455568,0.002664409392,0.04890965732,-0.04012345679,5.296296296,0.9
3876,0.948622048,0.01984496124,0.006910448298,-0.00271546338,-0.004194984917,0.01884735202,0.02083333333,0.72265625,4.266666667
3877,0.3649153707,0.008372093023,-0.007707967075,-0.006713117409,0.01442108448,-0.01962616822,0.03611111111,1.296296296,1.8
3878,-1.23523626,-0.02937984496,-0.009209230965,0.003214063324,0.005995167641,-0.01433021807,-0.04429012346,,-6.316666667
3879,-0.8425740628,-0.01992248062,-0.02376598338,0.007911801097,0.01585418228,-0.01510903427,-0.02469135802,,-4.283333333
3880,-1.444580986,-0.03744186047,-0.01206109057,-0.004986763309,0.01704785388,-0.05264797508,-0.02237654321,,-8.05
3881,-1.050171694,-0.02635658915,0.005580645235,-0.01323739391,0.007656748679,-0.05887850467,0.005864197531,,-5.666666667
3882,-0.2312487147,-0.005891472868,-0.005770633729,-0.01486312159,0.02063375532,0.0007788161994,-0.0125,,-1.266666667
3883,-0.3554528621,-0.008062015504,-0.0149591987,-0.008978298851,0.02393749755,-0.04299065421,0.02654320988,,-1.733333333
3884,-1.209888362,-0.0292248062,-0.009164995707,-0.001736592285,0.01090158799,-0.07990654206,0.02098765432,,-6.283333333
3885,-0.504146336,-0.01186046512,0.001288710179,-0.01275347626,0.01146476608,-0.03099688474,0.007098765432,,-2.55
3886,-0.5083812294,-0.01209302326,-0.01404476459,0.01413606704,-9.130244966e-05,0.009657320872,-0.03364197531,,-2.6
3887,2.054669141,0.04875968992,0.02209496684,0.02842568913,-0.05052065598,0.03722741433,0.06018518519,0.4165341812,10.48333333
3888,1.507464231,0.03589147287,0.02456387636,0.004122721967,-0.02868659833,0.04080996885,0.03101851852,0.5464362851,7.716666667
3889,-0.08948365651,-0.002170542636,-0.0115396183,0.01461656287,-0.00307694457,-0.02040498442,0.01589506173,,-0.4666666667
3890,-0.217035414,-0.005968992248,-0.01607311625,0.01390155413,0.002171562124,-0.04626168224,0.03395061728,,-1.283333333
3891,-1.015875309,-0.02356589147,-0.006846607597,0.003550970159,0.003295637438,-0.05934579439,0.01188271605,,-5.066666667
3892,0.6921668726,0.01666666667,-0.01181201646,0.01396154196,-0.002149525503,-0.01355140187,0.04660493827,1.041860465,3.583333333
3893,1.10170579,0.02674418605,0.002596601464,0.005030726104,-0.007627327569,-0.03115264798,0.08410493827,1.289855072,5.75
3894,0.7084880641,0.01410852713,-0.01971465298,0.005010343292,0.01470430969,0.01339563863,0.01481481481,1.258241758,3.033333333
3895,2.121458031,0.05,0.02302947552,0.00129021213,-0.02431968765,0.03052959502,0.06929012346,0.4542635659,10.75
3896,-0.7002605054,-0.01720930233,-0.004695469022,0.01096711765,-0.006271648624,-0.03676012461,0.002160493827,,-3.7
3897,3.260115104,0.07790697674,0.03391705867,-0.003410385605,-0.03050667307,0.08629283489,0.06959876543,0.4308457711,16.75
3898,-0.5506477327,-0.01333333333,-0.01306478905,-0.01239839261,0.02546318166,-0.03535825545,0.008487654321,,-2.866666667
3899,2.54671959,0.05782945736,0.02156272089,-0.01025442026,-0.01130830062,0.05560747664,0.0600308642,0.4705093834,12.43333333
3900,-0.4292863279,-0.01015503876,-0.01209226193,0.01858345769,-0.006491195759,-0.009034267913,-0.0112654321,,-2.183333333
3901,-0.8733006086,-0.0196124031,-0.01386752467,-5.489716765e-06,0.01387301439,-0.01853582555,-0.02067901235,,-4.216666667
3902,-0.07025905189,-0.001782945736,0.01171804786,-0.009708654279,-0.002009393583,-0.03286604361,0.02901234568,,-0.3833333333
3903,-0.5383339376,-0.01255813953,-0.005240812021,0.003954227175,0.001286584846,-0.04953271028,0.02407407407,,-2.7
3904,-0.8433172858,-0.02031007752,-0.01383696039,0.01074767793,0.00308928246,-0.02429906542,-0.01635802469,,-4.366666667
3905,0.2364850224,0.005813953488,-0.002405312643,-0.005299050122,0.007704362765,-0.003115264798,0.01466049383,2.2,1.25
3906,1.147607707,0.02790697674,0.02219819435,-0.001829705343,-0.02036848901,0.04345794393,0.0125,0.5055555556,6.0
3907,-0.2976817259,-0.007286821705,-0.01190878018,-0.002838381275,0.01474716145,-0.02507788162,0.01033950617,,-1.566666667
3908,0.899192157,0.02263565891,0.02365326677,-0.009862810638,-0.01379045613,0.02834890966,0.01697530864,0.8082191781,4.866666667
3909,0.7910073496,0.01937984496,-0.004127231784,0.01330167796,-0.009174446174,0.0515576324,-0.0125,1.056,4.166666667
3910,-0.4157218346,-0.01015503876,-0.004262601829,-0.02654517904,0.03080778087,-0.01401869159,-0.006327160494,,-2.183333333
3911,-0.9296485668,-0.02395348837,-0.0275319156,0.02298700829,0.004544907309,-0.0445482866,-0.003549382716,,-5.15
3912,-0.08307280912,-0.001782945736,-0.001637530524,0.01756579213,-0.0159282616,0.01510903427,-0.01851851852,,-0.3833333333
3913,-0.5856165745,-0.01395348837,-0.01345956665,0.02541091139,-0.01195134474,-0.006853582555,-0.02098765432,,-3.0
3914,-1.343651658,-0.03062015504,-0.007359210579,-0.01351169063,0.02087090121,-0.0222741433,-0.03888888889,,-6.583333333
3915,2.642391024,0.06201550388,0.007638966448,0.02509858109,-0.03273754754,0.07757009346,0.04660493827,0.37125,13.33333333
3916,0.5537936596,0.01426356589,0.0008287076058,0.01666617159,-0.01749487919,0.007943925234,0.02052469136,1.27173913,3.066666667
3917,0.0786757037,0.001860465116,0.004955436319,-0.009435015416,0.004479579097,0.005763239875,-0.00200617284,4.875,0.4
3918,1.845851707,0.04651162791,0.02601350816,-0.006109749447,-0.01990375871,0.05669781931,0.03641975309,0.6316666667,10.0
3919,0.1194960969,0.002945736434,-0.006789750807,0.0316957628,-0.02490601199,0.003894080997,0.00200617284,3.078947368,0.6333333333
3920,0.3126925847,0.007131782946,-0.0005423041541,0.004974661357,-0.004432357202,0.007165109034,0.007098765432,1.793478261,1.533333333
3921,1.1853384,0.0303875969,0.007277734977,-0.005457196532,-0.001820538445,-0.002803738318,0.06327160494,0.5943877551,6.533333333
3922,1.34049405,0.03426356589,0.01456866503,-0.01591774047,0.001349075443,0.03411214953,0.03441358025,0.649321267,7.366666667
3923,1.681579578,0.0411627907,0.05097216218,-0.02583262918,-0.025139533,0.03925233645,0.04305555556,0.736346516,8.85
3924,1.910262894,0.04449612403,0.02282378547,-0.00881072255,-0.01401306292,0.03239875389,0.05648148148,0.5331010453,9.566666667
3925,1.967653926,0.05093023256,0.03901043877,-0.01267599764,-0.02633444113,0.02180685358,0.07978395062,0.5296803653,10.95
3926,0.08075980878,0.002015503876,-0.001097334702,0.0143238703,-0.0132265356,-0.01308411215,0.01697530864,3.384615385,0.4333333333
3927,0.6417808827,0.01658914729,-0.0009552540436,-0.003658619382,0.004613873426,0.02710280374,0.006172839506,0.5700934579,3.566666667
3928,0.6410095116,0.01534883721,0.02602522291,-0.03012749737,0.004102274463,0.06479750779,-0.03364197531,1.217171717,3.3
3929,-0.3276145252,-0.007674418605,-0.003981618116,-0.01993905685,0.02392067496,-0.03333333333,0.01774691358,,-1.65
3930,0.2373800605,0.005348837209,-0.001020822354,0.02018839414,-0.01916757179,0.004672897196,0.006018518519,0.9130434783,1.15
3931,-0.8059563483,-0.01992248062,-0.03903138951,0.02493432217,0.01409706734,-0.04563862928,0.005555555556,,-4.283333333
3932,2.770981253,0.06945736434,0.04386626359,-0.01838463442,-0.02548162917,0.06230529595,0.07654320988,0.6026785714,14.93333333
3933,0.9654187656,0.02348837209,-0.004389825432,0.0099316042,-0.005541778768,-0.01105919003,0.05771604938,0.7062706271,5.05
3934,-0.3276217165,-0.008062015504,0.005885177186,-0.001365460539,-0.004519716647,0.0009345794393,-0.01697530864,,-1.733333333
3935,-0.03578632827,-0.0008527131783,-0.01871200317,0.004266923932,0.01444507923,0.01277258567,-0.01435185185,,-0.1833333333
3936,1.935598485,0.05007751938,0.01066379197,0.01375298232,-0.02441677429,0.006074766355,0.09367283951,0.5495356037,10.76666667
3937,-1.555426725,-0.04054263566,-0.04581772891,0.02713233733,0.01868539158,-0.03457943925,-0.04645061728,,-8.716666667
3938,-0.03574020865,-0.0008527131783,0.001398287901,-0.005990822377,0.004592534476,-0.02912772586,0.02716049383,,-0.1833333333
3939,2.780230761,0.06565891473,0.01935024719,-0.002895810193,-0.016454437,0.04735202492,0.0837962963,0.4580873672,14.11666667
3940,1.628093198,0.03782945736,0.02736468391,0.006493606904,-0.03385829081,0.05841121495,0.0174382716,0.5840163934,8.133333333
3941,1.807683016,0.04449612403,0.03178511192,0.009617438507,-0.04140255042,0.01401869159,0.07469135802,0.5540069686,9.566666667
3942,1.631968979,0.0388372093,0.02478075219,-0.005182216934,-0.01959853526,0.06635514019,0.01157407407,0.4091816367,8.35
3943,-0.2530338532,-0.006046511628,-0.03359798907,0.02693460807,0.006663380993,-0.0253894081,0.01311728395,,-1.3
3944,-1.741496494,-0.04139534884,-0.01876962563,0.003374844549,0.01539478108,-0.03489096573,-0.04783950617,,-8.9
3945,0.6393019245,0.01457364341,0.004169941732,-0.005569584298,0.001399642566,0.02492211838,0.004320987654,0.5691489362,3.133333333
3946,-0.6338596936,-0.01589147287,-0.00412232668,-0.01225697946,0.01637930614,-0.04096573209,0.008950617284,,-3.416666667
3947,0.2934316638,0.006511627907,0.005549100319,-0.002042262477,-0.003506837841,-0.002803738318,0.01574074074,1.011904762,1.4
3948,-0.1034398687,-0.002170542636,0.000839228444,0.01084255698,-0.01168178542,-0.01214953271,0.007716049383,,-0.4666666667
3949,1.61866366,0.03666666667,0.02626564619,0.01321846928,-0.03948411547,0.02523364486,0.04799382716,0.4503171247,7.883333333
3950,-0.7978401014,-0.01984496124,-0.01466096837,0.01043439298,0.004226575393,-0.007009345794,-0.0325617284,,-4.266666667
3951,0.5638921925,0.01387596899,-0.001193398103,-0.002979257847,0.00417265595,0.053894081,-0.02577160494,1.027932961,2.983333333
3952,1.149288055,0.02658914729,0.02789520953,-0.007718002481,-0.02017720705,0.006074766355,0.04691358025,0.5014577259,5.716666667
3953,-0.4865571003,-0.01069767442,-0.0164815833,-0.006653284895,0.02313486819,-0.02943925234,0.00787037037,,-2.3
3954,-0.8348605468,-0.0203875969,-0.008991849578,0.009148740802,-0.0001568912246,-0.02040498442,-0.02037037037,,-4.383333333
3955,-1.743038895,-0.04248062016,-0.02338344879,0.0140454151,0.009338033692,-0.06355140187,-0.02160493827,,-9.133333333
3956,-1.118406573,-0.02751937984,-0.00691688334,-0.006018349161,0.0129352325,-0.02897196262,-0.02608024691,,-5.916666667
3957,-0.09717248983,-0.002325581395,0.004265686838,-0.01192995234,0.007664265498,-0.03302180685,0.02808641975,,-0.5
3958,-0.4439274911,-0.01139534884,0.02573377645,-0.04255437964,0.01682060319,-0.01059190031,-0.01219135802,,-2.45
3959,-0.7681573228,-0.01744186047,0.01020300723,-0.02046866785,0.01026566062,-0.006697819315,-0.02808641975,,-3.75
3960,-0.4518003656,-0.01162790698,-0.0156118791,0.01038670574,0.005225173367,-0.07632398754,0.0524691358,,-2.5
3961,-1.035862077,-0.02449612403,-0.006916166703,-0.02172374333,0.02863991003,-0.008255451713,-0.04058641975,,-5.266666667
3962,-0.8968730604,-0.02201550388,-0.002973312631,-0.005512309234,0.008485621865,-0.02087227414,-0.02314814815,,-4.733333333
3963,-0.1448929357,-0.003643410853,-0.00244351623,-0.003321831701,0.005765347932,0.03535825545,-0.04228395062,,-0.7833333333
3964,-0.4150793998,-0.009457364341,-0.01361408916,-0.002219078889,0.01583316805,-0.01853582555,-0.000462962963,,-2.033333333
3965,0.5307239654,0.01279069767,0.02093821255,-0.01639919926,-0.004539013293,0.0269470405,-0.001234567901,0.8363636364,2.75
3966,-0.8493370297,-0.01976744186,-0.01489458998,0.001149701762,0.01374488822,-0.0191588785,-0.02037037037,,-4.25
3967,-0.08092472002,-0.002015503876,0.008335010066,-0.002613090672,-0.005721919394,-0.03348909657,0.02916666667,,-0.4333333333
3968,0.08936450854,0.002248062016,0.01275530676,-0.006419404345,-0.006335902419,-0.03193146417,0.03611111111,3.75862069,0.4833333333
3969,-1.995357307,-0.04953488372,-0.03132332419,-0.002957681673,0.03428100587,-0.03847352025,-0.06049382716,,-10.65
3970,0.01488907307,0.0003875968992,0.009992106524,-0.008946749989,-0.001045356535,-0.03956386293,0.0399691358,20.0,0.08333333333
3971,-0.8513977629,-0.0215503876,-0.003983532284,-0.0172617296,0.02124526189,-0.04034267913,-0.002932098765,,-4.633333333
3972,0.7742882437,0.02,0.004908308007,0.01837642578,-0.02328473378,-0.02429906542,0.06388888889,0.7829457364,4.3
3973,0.6138022229,0.01643410853,0.01221241577,-0.01334485027,0.001132434495,-0.001246105919,0.03395061728,0.75,3.533333333
3974,-0.8733312912,-0.0211627907,-0.01923018216,0.01973362723,-0.0005034450651,-0.01619937695,-0.02608024691,,-4.55
3975,-2.110654018,-0.05062015504,-0.04744421806,0.02292968417,0.02451453389,-0.06604361371,-0.03533950617,,-10.88333333
3976,0.899192157,0.02263565891,0.02365326677,-0.009862810638,-0.01379045613,0.02834890966,0.01697530864,0.8082191781,4.866666667
3977,-0.84074884,-0.02201550388,0.01012611676,-0.02785621288,0.01773009612,0.04392523364,-0.08734567901,,-4.733333333
3978,0.2049633021,0.00480620155,0.0009078414023,-0.002505197063,0.001597355661,-0.03317757009,0.0424382716,2.677419355,1.033333333
3979,0.2997088965,0.007209302326,-0.01166865939,0.01446994083,-0.002801281439,-0.03473520249,0.0487654321,2.709677419,1.55
3980,0.6098368288,0.01480620155,-0.01749321706,0.03184680698,-0.01435358992,-0.02741433022,0.05663580247,1.42408377,3.183333333
3981,1.090689514,0.02728682171,0.01131109144,-0.01397582692,0.00266473548,0.03317757009,0.02145061728,0.5965909091,5.866666667
3982,1.443941804,0.03527131783,0.02369563679,-0.01554995667,-0.008145680119,0.04252336449,0.02808641975,0.6769230769,7.583333333
3983,0.1277418934,0.002945736434,0.003715560937,-0.01818121345,0.01446565251,0.009813084112,-0.003858024691,3.078947368,0.6333333333
3984,2.588772513,0.05860465116,0.02999407934,-0.01947947517,-0.01051460417,0.07990654206,0.0375,0.503968254,12.6
3985,-1.699382573,-0.0403875969,-0.02025922346,0.009824677758,0.0104345457,0.02492211838,-0.1050925926,,-8.683333333
3986,-0.1292761687,-0.002945736434,0.0114984936,-0.001441403306,-0.0100570903,0.0003115264798,-0.006172839506,,-0.6333333333
3987,-1.916854683,-0.04209302326,-0.01511268886,-0.003147373966,0.01826006283,-0.05420560748,-0.03009259259,,-9.05
3988,0.5790063084,0.01348837209,0.01961537957,-0.02691127003,0.007295890464,0.002180685358,0.02469135802,0.9022988506,2.9
3989,-1.13369214,-0.02496124031,-0.02225895035,0.0240178849,-0.001758934558,-0.02803738318,-0.02191358025,,-5.366666667
3990,2.67380866,0.05651162791,0.006349877179,0.03567293223,-0.04202280941,0.03925233645,0.07361111111,0.4993141289,12.15
3991,-0.2915165615,-0.006356589147,0.006893978957,0.002244362256,-0.009138341213,-0.01838006231,0.005555555556,,-1.366666667
3992,0.7098592701,0.01519379845,0.0009281207468,-0.005641966702,0.004713845955,0.01947040498,0.01095679012,0.8163265306,3.266666667
3993,0.8449306887,0.0188372093,0.02082974765,-0.005343244125,-0.01548650352,0.02196261682,0.01574074074,0.7037037037,4.05
3994,-0.191036158,-0.004728682171,0.0003203461034,0.007715360693,-0.008035706796,0.001246105919,-0.01064814815,,-1.016666667
3995,-0.4590656632,-0.0107751938,0.006406584436,0.01066260739,-0.01706919182,-0.03566978193,0.01388888889,,-2.316666667
3996,0.3914643575,0.01007751938,0.008415025628,-0.005485019392,-0.002930006236,0.02445482866,-0.004166666667,1.392307692,2.166666667
3997,-0.08098624429,-0.001860465116,0.001169172828,-0.006729386853,0.005560214025,0.008411214953,-0.01203703704,,-0.4
3998,0.9113664781,0.02186046512,0.02912465458,-0.003265479082,-0.0258591755,-0.01168224299,0.05509259259,0.6631205674,4.7
3999,2.398119089,0.0592248062,0.02933584851,-0.01629983498,-0.01303601353,0.04112149533,0.07716049383,0.5314136126,12.73333333
4000,-0.3842073329,-0.008682170543,-0.02542942214,0.009353961009,0.01607546113,0.004984423676,-0.02222222222,,-1.866666667
4001,0.4890379005,0.01054263566,0.014636428,-0.008278480717,-0.006357947284,-0.0238317757,0.04459876543,1.764705882,2.266666667
4002,-0.03510532827,-0.0007751937984,0.02030869763,-0.008895342061,-0.01141335557,-0.01433021807,0.01265432099,,-0.1666666667
4003,2.095447082,0.05031007752,0.01009088796,0.005206919811,-0.01529780777,0.05529595016,0.04537037037,0.6918335901,10.81666667
4004,0.3016052841,0.007751937984,0.006225873841,-0.005631121625,-0.000594752216,-0.03333333333,0.04845679012,1.45,1.666666667
4005,2.196446741,0.05410852713,0.03265110933,-0.00807834365,-0.02457276568,0.03380062305,0.07422839506,0.4512893983,11.63333333
4006,0.6419803572,0.01519379845,0.004969193697,-0.01339908662,0.008429892924,0.04704049844,-0.01635802469,1.551020408,3.266666667
4007,1.043207248,0.02565891473,0.02058494797,-0.006390318901,-0.01419462907,0.04595015576,0.005555555556,0.8187311178,5.516666667
4008,0.5235241251,0.01255813953,0.02038940192,-0.03163462248,0.01124522057,-0.01277258567,0.03765432099,0.8950617284,2.7
4009,0.868593987,0.02054263566,0.002416242652,0.0144471283,-0.01686337095,0.02819314642,0.01296296296,0.8867924528,4.416666667
4010,0.2226966819,0.00496124031,0.01509247772,-0.01959971902,0.004507241302,0.01370716511,-0.003703703704,3.296875,1.066666667
4011,0.2354926838,0.005891472868,-0.02227836092,0.03010026235,-0.007821901429,-0.04003115265,0.05138888889,3.986842105,1.266666667
4012,-0.4425014123,-0.01031007752,-0.02224884562,0.01729172063,0.004957124985,0.008566978193,-0.02901234568,,-2.216666667
4013,-0.7618453334,-0.01906976744,-0.0261521105,0.01585024988,0.01030186062,-0.01697819315,-0.02114197531,,-4.1
4014,8.532204684e-17,2.065531209e-18,0.007328791857,-0.00359638993,-0.003732401927,-0.03224299065,0.03194444444,6417629469000000.0,4.440892099e-16
4015,1.392868694,0.03410852713,0.01083917661,0.02732635696,-0.03816553357,0.02990654206,0.03827160494,0.4181818182,7.333333333
4016,0.6434147702,0.01643410853,0.001021838571,-0.007866155722,0.006844317151,-0.02647975078,0.05895061728,0.9528301887,3.533333333
4017,0.08983962504,0.002093023256,0.003414026978,0.008760827764,-0.01217485474,0.002647975078,0.001543209877,2.555555556,0.45
4018,0.4108056961,0.0107751938,0.0205921491,-0.02025928118,-0.0003328679262,0.01838006231,0.003240740741,0.9424460432,2.316666667
4019,-0.8343310571,-0.0203875969,0.00077200441,-0.002339600723,0.001567596313,-0.007009345794,-0.03364197531,,-4.383333333
4020,2.264461789,0.05217054264,0.03309633449,-0.02762842906,-0.005467905431,0.08177570093,0.02283950617,0.4739970282,11.21666667
4021,-0.08204885056,-0.001860465116,0.01148518235,-0.01344654099,0.001961358646,0.02196261682,-0.02546296296,,-0.4
4022,-0.8114774999,-0.01860465116,0.004152727797,-0.01740312659,0.01325039879,-0.04158878505,0.004166666667,,-4.0
4023,1.687218148,0.04124031008,0.04167868413,-0.02214126779,-0.01953741633,0.01822429907,0.06404320988,0.4981203008,8.866666667
4024,-1.002380971,-0.02263565891,0.01786170489,-0.006131399415,-0.01173030547,0.01199376947,-0.05694444444,,-4.866666667
4025,0.2427542503,0.005813953488,0.01282605731,0.006889784823,-0.01971584213,0.02476635514,-0.01296296296,1.64,1.25
4026,1.450872621,0.03317829457,0.01678707669,-0.001991181642,-0.01479589505,0.02320872274,0.04305555556,0.6962616822,7.133333333
4027,-1.377652531,-0.03379844961,-0.03603166248,0.01980681656,0.01622484592,-0.08271028037,0.01466049383,,-7.266666667
4028,-0.1981160938,-0.00503875969,-0.02299467564,0.01945345969,0.003541215953,-0.01012461059,-2.055968564e-18,,-1.083333333
4029,1.461855234,0.03581395349,0.01703016878,-0.01975227779,0.002722109009,-0.01619937695,0.08734567901,0.9025974026,7.7
4030,1.575556214,0.03503875969,0.008455520151,-0.00346862185,-0.0049868983,0.02757009346,0.0424382716,0.4690265487,7.533333333
4031,0.2057857145,0.004728682171,-0.00155829561,0.01553372871,-0.0139754331,-0.02367601246,0.03287037037,2.213114754,1.016666667
4032,-1.030587951,-0.02480620155,-0.02213084099,0.02039428327,0.001736557719,-0.05996884735,0.0100308642,,-5.333333333
4033,-1.06258322,-0.02720930233,-0.04165484122,0.03230071878,0.009354122435,-0.05482866044,0.0001543209877,,-5.85
4034,-0.5764165633,-0.01527131783,-0.0108520367,-0.00135174038,0.01220377708,-0.06838006231,0.03734567901,,-3.283333333
4035,0.4457055986,0.01069767442,-0.0202418119,0.02133501459,-0.001093202688,0.01105919003,0.01033950617,0.6811594203,2.3
4036,-1.508787783,-0.03620155039,0.006312842355,-0.02853177659,0.02221893424,-0.01978193146,-0.0524691358,,-7.783333333
4037,2.963133998,0.07705426357,0.04190866694,-0.01693954172,-0.02496912523,0.06479750779,0.08919753086,0.370221328,16.56666667
4038,0.6577279217,0.01496124031,-0.0121589513,0.01704428669,-0.004885335393,0.05109034268,-0.02083333333,1.409326425,3.216666667
4039,0.1627091556,0.003798449612,0.01873603759,-0.02349978891,0.004763751319,-0.004984423676,0.0125,4.244897959,0.8166666667
4040,-0.4078862835,-0.008682170543,-0.005469623133,-0.001791882976,0.007261506109,-0.002180685358,-0.01512345679,,-1.866666667
4041,2.006620674,0.05093023256,0.003531598579,0.01911731587,-0.02264891445,0.02554517134,0.07608024691,0.4216133942,10.95
4042,-0.3834947353,-0.009534883721,-0.02198182203,0.003934262575,0.01804755946,0.0007788161994,-0.01975308642,,-2.05
4043,2.049282674,0.05186046512,0.02005979956,-0.008004954548,-0.01205484501,0.02274143302,0.08070987654,0.3662182362,11.15
4044,-0.6955629155,-0.01674418605,-0.000234323201,-0.01771075823,0.01794508143,0.01277258567,-0.04598765432,,-3.6
4045,0.8538586078,0.0207751938,-0.01597579546,0.007745515244,0.00823028022,0.01697819315,0.02453703704,0.5671641791,4.466666667
4046,-0.1611470551,-0.004186046512,0.006351452989,-0.007441442355,0.001089989366,-0.03566978193,0.02700617284,,-0.9
4047,0.5410543478,0.01379844961,0.009720728013,-0.01935878489,0.00963805688,0.001869158879,0.02561728395,1.112359551,2.966666667
4048,-1.257032132,-0.02782945736,-0.02131966946,0.006267305796,0.01505236367,-0.02196261682,-0.03364197531,,-5.983333333
4049,0.09493961084,0.002170542636,0.005329846901,0.007900475022,-0.01323032192,-0.0007788161994,0.005092592593,5.535714286,0.4666666667
4050,-2.519949556,-0.05674418605,-0.02508671457,-0.001888016191,0.02697473076,-0.05669781931,-0.05679012346,,-12.2
4051,-1.869769947,-0.04387596899,-0.02067138829,-0.003850398933,0.02452178722,-0.05,-0.03780864198,,-9.433333333
4052,1.665933814,0.04100775194,0.0351313555,-0.01738110984,-0.01775024567,0.004828660436,0.07685185185,0.5179584121,8.816666667
4053,-0.1802447399,-0.003798449612,-0.0009899830724,0.001980027468,-0.0009900443959,-0.02788161994,0.0200617284,,-0.8166666667
4054,-0.8814891487,-0.02139534884,-0.006990982326,0.001453789628,0.005537192698,-0.02647975078,-0.01635802469,,-4.6
4055,1.166226494,0.02503875969,0.008465852094,0.01957332331,-0.0280391754,0.01713395639,0.03287037037,0.6780185759,5.383333333
4056,0.1633005294,0.004108527132,0.004705385671,-0.0005488361418,-0.004156549529,-0.04859813084,0.05632716049,3.754716981,0.8833333333
4057,-0.9919249746,-0.02403100775,-0.01139671409,-0.01621895175,0.02761566584,-0.08177570093,0.03317901235,,-5.166666667
4058,0.7559570402,0.01790697674,0.0002162630207,0.01388876516,-0.01410502818,0.007632398754,0.02808641975,0.7445887446,3.85
4059,0.09257603001,0.002015503876,-0.002609738542,0.00412438788,-0.001514649337,-0.01713395639,0.02098765432,5.846153846,0.4333333333
4060,1.858167654,0.04162790698,0.02132806735,-0.01768179937,-0.003646267986,0.01090342679,0.07206790123,0.7728119181,8.95
4061,0.492231144,0.01162790698,0.008171788748,-0.01273667486,0.004564886108,0.01775700935,0.005555555556,0.88,2.5
4062,0.3837778266,0.00992248062,0.0001554331021,-0.004922422215,0.004766989113,-0.002647975078,0.02237654321,1.0078125,2.133333333
4063,0.1590821626,0.003875968992,0.005300458777,-0.01222665052,0.006926191743,0.008255451713,-0.000462962963,4.9,0.8333333333
4064,-0.4392087917,-0.01015503876,-0.001441129362,0.00281126368,-0.001370134318,0.04937694704,-0.06913580247,,-2.183333333
4065,-0.2417401633,-0.005968992248,-0.007132375639,-0.01084771283,0.01798008847,-0.05218068536,0.03981481481,,-1.283333333
4066,1.747253552,0.04596899225,0.02999125234,-0.01761913481,-0.01237211753,0.005763239875,0.08580246914,0.4991568297,9.883333333
4067,-0.695666548,-0.0180620155,0.004000407798,0.01037565421,-0.01437606201,-0.0006230529595,-0.03533950617,,-3.883333333
4068,-0.9580387481,-0.02410852713,0.002307302224,-0.02421637401,0.02190907179,-0.02258566978,-0.02561728395,,-5.183333333
4069,-0.1153886931,-0.003023255814,0.0118350343,-0.005397859892,-0.00643717441,-0.006853582555,0.0007716049383,,-0.65
4070,-1.696954994,-0.04511627907,-0.01651791106,0.002019771091,0.01449813997,-0.04423676012,-0.04598765432,,-9.7
4071,-0.422592143,-0.00984496124,0.005789971507,-0.005644089712,-0.0001458817948,-0.004984423676,-0.01466049383,,-2.116666667
4072,1.010601341,0.02317829457,0.01103794901,-0.00447001243,-0.006567936583,0.06355140187,-0.01682098765,0.6989966555,4.983333333
4073,-0.4858379239,-0.0123255814,0.01358675968,-0.02441113012,0.01082437044,0.0,-0.02453703704,,-2.65
4074,-0.03372081332,-0.0007751937984,-0.001701780318,-0.004593265534,0.006295045851,-0.03816199377,0.0362654321,,-0.1666666667
4075,1.153725906,0.02643410853,0.002289903784,0.0224487793,-0.02473868309,0.03052959502,0.02237654321,0.4252199413,5.683333333
4076,0.2548308198,0.005968992248,0.02525075827,-0.02126457085,-0.003986187421,-0.01869158879,0.03040123457,0.6753246753,1.283333333
4077,-1.095800992,-0.02604651163,-0.03573815197,0.03044789132,0.005290260648,-0.01059190031,-0.04135802469,,-5.6
4078,-0.4977520364,-0.01139534884,-0.004497892887,0.00792427742,-0.003426384533,-0.0230529595,0.0001543209877,,-2.45
4079,1.301418133,0.03379844961,0.007207342143,-0.01165637474,0.004449032597,0.0230529595,0.04444444444,0.5871559633,7.266666667
4080,-0.6878540447,-0.01658914729,-0.004963569211,0.01368828362,-0.008724714412,0.001713395639,-0.03472222222,,-3.566666667
4081,0.4769919451,0.01240310078,0.0206656004,-0.02070482032,3.921992022e-05,-0.02990654206,0.05432098765,0.90625,2.666666667
4082,-0.2737390299,-0.006589147287,0.007317336395,-0.01178081423,0.004463477838,0.001713395639,-0.01481481481,,-1.416666667
4083,-0.0392489548,-0.0009302325581,-8.551659691e-05,0.01496675975,-0.01488124315,-0.009034267913,0.007098765432,,-0.2
4084,-0.9995034001,-0.02410852713,-0.009212915519,-0.008687853767,0.01790076929,0.008099688474,-0.05601851852,,-5.183333333
4085,0.9256626785,0.02093023256,0.01842541024,-0.009200166955,-0.009225243286,0.03271028037,0.009259259259,0.8666666667,4.5
4086,0.4074914745,0.00976744186,0.0008607263947,0.00335048992,-0.004211216315,-0.02943925234,0.04861111111,1.777777778,2.1
4087,0.6232368198,0.01496124031,0.02883931421,-0.01665773197,-0.01218158224,-0.01043613707,0.04012345679,0.5129533679,3.216666667
4088,-0.1253161882,-0.002790697674,0.01292778494,-0.01762446602,0.004696681083,0.02180685358,-0.02716049383,,-0.6
4089,-0.3846516389,-0.008992248062,0.002648532359,-0.02088236509,0.01823383273,-0.02133956386,0.003240740741,,-1.933333333
4090,-0.8300307314,-0.01713178295,-0.02195073576,0.01081961719,0.01113111857,-0.03489096573,0.000462962963,,-3.683333333
4091,0.5005112072,0.01240310078,0.02103016672,-0.0186185952,-0.002411571523,-0.006853582555,0.03148148148,0.79375,2.666666667
4092,-0.8236190969,-0.01798449612,-0.008175646583,0.01203692388,-0.003861277294,-0.05295950156,0.01666666667,,-3.866666667
4093,-0.4448501188,-0.01015503876,-0.01792758317,0.02907333408,-0.01114575091,0.01853582555,-0.03858024691,,-2.183333333
4094,-0.3745993062,-0.009612403101,0.009508065627,-0.02292287458,0.01341480896,-0.04797507788,0.02839506173,,-2.066666667
4095,-0.4813753821,-0.01108527132,-0.0118080316,-0.004717087113,0.01652511871,-0.05763239875,0.0350308642,,-2.383333333
4096,0.4461859279,0.00992248062,0.0003156697228,0.004593738523,-0.004909408246,0.0191588785,0.0007716049383,1.4453125,2.133333333
4097,-0.1656852492,-0.004341085271,0.0131634823,-0.01688443459,0.00372095229,-0.01931464174,0.01049382716,,-0.9333333333
4098,-0.6219515056,-0.01542635659,-0.009513606402,0.00879854716,0.0007150592419,-0.02196261682,-0.008950617284,,-3.316666667
4099,2.438415838,0.05612403101,0.0254036346,-0.01377044092,-0.01163319367,0.02414330218,0.08780864198,0.4337016575,12.06666667
4100,-0.3371073654,-0.008139534884,0.0003086465283,-0.008805265086,0.008496618558,-0.01168224299,-0.00462962963,,-1.75
4101,-0.59945818,-0.01418604651,-0.01597055363,-0.005320422262,0.02129097589,-0.008255451713,-0.0200617284,,-3.05
4102,-0.9850443612,-0.02348837209,-0.005443002071,-0.009572940037,0.01501594211,-0.02803738318,-0.01898148148,,-5.05
4103,0.2362759103,0.00519379845,0.003592972118,-0.01575347028,0.01216049816,0.002336448598,0.008024691358,1.52238806,1.116666667
4104,-1.26315875,-0.02837209302,-0.02261459932,0.01581094978,0.006803649544,-0.005919003115,-0.05061728395,,-6.1
4105,-0.05624986459,-0.001395348837,0.01443673893,-0.02941368705,0.01497694812,-0.02601246106,0.02299382716,,-0.3
4106,0.928289877,0.02217054264,-0.02565107756,0.03465916718,-0.009008089622,0.008099688474,0.03611111111,0.8776223776,4.766666667
4107,-0.271842137,-0.006976744186,0.003392376528,-0.01168935812,0.00829698159,-0.0004672897196,-0.01342592593,,-1.5
4108,0.7588450266,0.01697674419,0.005869747482,0.004162432574,-0.01003218006,0.008411214953,0.02546296296,1.141552511,3.65
4109,-1.485846141,-0.03410852713,-0.02050120072,0.006416716805,0.01408448391,-0.06199376947,-0.006481481481,,-7.333333333
4110,0.3661056255,0.008914728682,0.003385513131,0.03713104657,-0.0405165597,-0.005451713396,0.02314814815,0.8173913043,1.916666667
4111,0.6731781938,0.01674418605,0.02065553196,-0.02190520568,0.001249673719,-0.01230529595,0.04552469136,0.6805555556,3.6
4112,0.1987999635,0.00488372093,0.01151298675,-0.02882275929,0.01730977254,0.02912772586,-0.01913580247,2.222222222,1.05
4113,-0.2513291072,-0.005891472868,-0.002584734423,6.45519725e-05,0.002520182451,-0.02476635514,0.01280864198,,-1.266666667
4114,-0.2125325591,-0.00503875969,-0.01138696522,0.02286464945,-0.01147768423,-0.02352024922,0.01327160494,,-1.083333333
4115,-0.3415387228,-0.007751937984,0.01590650036,-0.005255311038,-0.01065118933,0.01168224299,-0.02700617284,,-1.666666667
4116,0.6085079013,0.01457364341,0.007156766067,-0.02130540764,0.01414864157,0.01464174455,0.01450617284,0.8723404255,3.133333333
4117,-0.3349351948,-0.008294573643,-0.004521977361,0.02407035756,-0.0195483802,-0.02803738318,0.0112654321,,-1.783333333
4118,-2.070273307,-0.05170542636,-0.01581770644,-0.001699248043,0.01751695448,-0.02601246106,-0.07716049383,,-11.11666667
4119,0.1207272299,0.002403100775,-0.016057755,0.003655523023,0.01240223198,4.150366447e-18,0.004783950617,3.806451613,0.5166666667
4120,0.7256422124,0.01720930233,0.005641657913,0.01016862888,-0.01581028679,0.03317757009,0.001388888889,0.8513513514,3.7
4121,0.6712048951,0.01697674419,0.01386201668,0.01209875512,-0.02596077179,0.03473520249,-0.0006172839506,0.6803652968,3.65
4122,-1.155705061,-0.02984496124,-0.007215515494,-0.01534068141,0.0225561969,-0.0199376947,-0.03966049383,,-6.416666667
4123,-1.002704715,-0.02457364341,-0.03176732084,0.0340508229,-0.002283502062,-0.007476635514,-0.04151234568,,-5.283333333
4124,1.392830586,0.03356589147,0.00614370263,0.0001865457664,-0.006330248396,0.01853582555,0.04845679012,1.023094688,7.216666667
4125,-0.3813433122,-0.009379844961,0.004430396291,-0.002232697414,-0.002197698877,-0.03255451713,0.01358024691,,-2.016666667
4126,-0.3571705428,-0.009147286822,-0.004891831673,-0.01104767167,0.01593950334,-0.053894081,0.03518518519,,-1.966666667
4127,0.6510704732,0.01534883721,0.004832401327,-0.006774098067,0.00194169674,-0.01666666667,0.04706790123,1.267676768,3.3
4128,-1.105796123,-0.02782945736,-0.0001091115666,-0.007630890481,0.007740002047,-0.02585669782,-0.02978395062,,-5.983333333
4129,1.823133811,0.0419379845,0.02610505973,0.002746434547,-0.02885149428,0.08037383178,0.003858024691,0.6950092421,9.016666667
4130,-0.06131589296,-0.001395348837,0.006595393277,-0.01328276513,0.006687371851,-0.01323987539,0.01033950617,,-0.3
4131,-0.6130540567,-0.01534883721,-0.009341977157,0.006216123423,0.003125853734,-0.003894080997,-0.02669753086,,-3.3
4132,1.152385825,0.02751937984,0.01865031793,0.01863277743,-0.03728309536,-0.003582554517,0.05833333333,0.8957746479,5.916666667
4133,0.1252138298,0.003100775194,0.01967707443,-0.02185984433,0.002182769899,-0.03146417445,0.03734567901,3.05,0.6666666667
4134,1.267637508,0.0288372093,0.004812286717,0.01433464303,-0.01914692975,0.02414330218,0.03348765432,0.7096774194,6.2
4135,0.7127017441,0.01589147287,0.001744097294,0.009139339097,-0.01088343639,-0.01775700935,0.04922839506,1.058536585,3.416666667
4136,-2.195198779,-0.04914728682,-0.02334009135,0.006697918452,0.0166421729,-0.02009345794,-0.07793209877,,-10.56666667
4137,0.04359025247,0.001007751938,0.00672500694,-0.001721669942,-0.005003336998,0.001713395639,0.0003086419753,0.6923076923,0.2166666667
4138,-1.322802375,-0.03364341085,0.004737153506,-0.02495778085,0.02022062735,-0.01651090343,-0.05061728395,,-7.233333333
4139,1.201468881,0.03031007752,0.04404724054,-0.02648159744,-0.0175656431,0.0546728972,0.006172839506,0.8056265985,6.516666667
4140,-0.5233114903,-0.01341085271,-0.004985568059,-0.003009343822,0.007994911881,-0.05747663551,0.03024691358,,-2.883333333
4141,0.3569293381,0.007829457364,-0.01710076936,0.002783475782,0.01431729358,-0.01464174455,0.03009259259,1.415841584,1.683333333
4142,1.003444887,0.02449612403,0.009823765512,0.01232458931,-0.02214835482,0.01261682243,0.0362654321,0.8607594937,5.266666667
4143,0.7811835009,0.0188372093,0.02238458662,0.004317137349,-0.02670172397,0.01043613707,0.02716049383,1.181069959,4.05
4144,-0.3753607001,-0.008604651163,0.00177555789,-0.005701429097,0.003925871207,-0.03816199377,0.02067901235,,-1.85
4145,0.4027729635,0.009302325581,0.001157026348,-0.007877861987,0.006720835639,0.009657320872,0.008950617284,1.5,2.0
4146,1.408258341,0.03488372093,-0.003067834309,0.01704179965,-0.01397396534,0.006853582555,0.06265432099,0.6333333333,7.5
4147,1.961585575,0.04891472868,0.01896106823,0.01352447922,-0.03248554745,-0.009190031153,0.1064814815,0.7400950872,10.51666667
4148,-0.4467059442,-0.01046511628,0.009854679497,-0.006266222689,-0.003588456807,-0.007009345794,-0.01388888889,,-2.25
4149,-1.639808806,-0.03612403101,-0.03432803387,0.01863493164,0.01569310222,-0.04049844237,-0.03179012346,,-7.766666667
4150,-0.5882209781,-0.01356589147,-0.0005645800692,-0.01725971475,0.01782429482,-0.05093457944,0.02345679012,,-2.916666667
4151,1.189257081,0.0292248062,0.01969313674,0.002036893848,-0.02173003059,0.007165109034,0.05108024691,0.5570291777,6.283333333
4152,0.5424428973,0.0119379845,0.01478218581,-0.01938407995,0.004601894133,0.04392523364,-0.01975308642,1.084415584,2.566666667
4153,0.4720723452,0.01062015504,0.01469217988,0.01380144614,-0.02849362603,0.0308411215,-0.009413580247,2.189781022,2.283333333
4154,-0.9889743082,-0.02286821705,-0.01769161922,0.003286323494,0.01440529572,-0.06370716511,0.01759259259,,-4.916666667
4155,-0.7491826135,-0.0180620155,-0.0119758546,-0.007632991651,0.01960884625,-0.02788161994,-0.008333333333,,-3.883333333
4156,2.417608692,0.05635658915,0.03738734799,-0.007411416708,-0.02997593128,0.08598130841,0.02700617284,0.5006877579,12.11666667
4157,0.1032501381,0.002558139535,0.005094666893,0.0004074653451,-0.005502132238,0.01308411215,-0.00787037037,6.848484848,0.55
4158,-0.9959282665,-0.02224806202,-0.00782296115,-0.02302117511,0.03084413626,-0.03489096573,-0.009722222222,,-4.783333333
4159,-0.6424453698,-0.01565891473,0.0007265876107,-0.004624796758,0.003898209147,0.01355140187,-0.04459876543,,-3.366666667
4160,-0.1675577443,-0.004186046512,0.002245447949,-0.008303364374,0.006057916425,-0.005451713396,-0.002932098765,,-0.9
4161,0.4668246428,0.01093023256,-0.006020263451,0.007396485438,-0.001376221987,-0.02056074766,0.04212962963,1.418439716,2.35
4162,0.1196561436,0.002868217054,0.002981281017,-0.01180034193,0.008819060909,0.05124610592,-0.0450617284,11.21621622,0.6166666667
4163,-0.1398922245,-0.003488372093,-0.003222967491,0.02139828187,-0.01817531438,-0.01713395639,0.0100308642,,-0.75
4164,0.8540155972,0.02310077519,0.004395687737,-0.0007173476645,-0.003678340073,-0.007943925234,0.05385802469,1.016778523,4.966666667
4165,1.124080001,0.0280620155,0.005631018522,-0.007586417056,0.001955398534,0.05295950156,0.003395061728,0.6574585635,6.033333333
4166,1.370425225,0.03201550388,-0.01577862989,0.02717275306,-0.01139412317,0.004828660436,0.05895061728,0.8886198547,6.883333333
4167,0.2059603918,0.00496124031,0.01607277548,0.01545972947,-0.03153250495,-0.02881619938,0.03842592593,2.203125,1.066666667
4168,1.427437446,0.03201550388,0.007991099367,-0.003420215794,-0.004570883573,0.009813084112,0.05401234568,0.7312348668,6.883333333
4169,-1.254817963,-0.03031007752,-0.02555918927,0.0003003663057,0.02525882296,-0.06682242991,0.005864197531,,-6.516666667
4170,-1.157918412,-0.0276744186,-0.01051885912,-0.00632108995,0.01683994907,-0.0492211838,-0.006327160494,,-5.95
4171,-1.513764675,-0.03829457364,-0.02025177174,0.008852806188,0.01139896556,-0.04501557632,-0.03163580247,,-8.233333333
4172,-1.183660877,-0.02713178295,0.001607099822,-0.0165083143,0.01490121448,-0.04174454829,-0.01265432099,,-5.833333333
4173,1.364640822,0.03062015504,-0.009781677864,0.001734266801,0.008047411064,0.004984423676,0.05601851852,0.7594936709,6.583333333
4174,1.258915441,0.02852713178,0.01431733087,-0.01357299616,-0.0007443347076,0.02289719626,0.03410493827,0.7961956522,6.133333333
4175,0.09815963743,0.002248062016,0.0003350714745,0.01949209576,-0.01982716723,-0.01806853583,0.02237654321,4.931034483,0.4833333333
4176,1.016492508,0.02348837209,0.01390751848,-0.006037002684,-0.007870515792,0.01947040498,0.0274691358,0.6765676568,5.05
4177,0.1285300913,0.002945736434,0.01102319009,-0.005065223542,-0.005957966547,-0.008722741433,0.01450617284,5.815789474,0.6333333333
4178,-0.2701458299,-0.006589147287,0.001822333855,-0.01070809815,0.008885764295,-0.01526479751,0.00200617284,,-1.416666667
4179,0.09415738839,0.002325581395,0.003993467709,-0.001417980508,-0.002575487202,0.01635514019,-0.01157407407,0.9666666667,0.5
4180,2.106832781,0.05031007752,0.02712159451,-0.002117835753,-0.02500375875,0.0484423676,0.05216049383,0.5285053929,10.81666667
4181,1.576002988,0.03790697674,-0.01155691452,0.01399161499,-0.002434700473,0.01433021807,0.0612654321,0.6339468303,8.15
4182,0.4740490887,0.0107751938,-0.004228679399,0.01598852663,-0.01175984723,0.001557632399,0.01990740741,0.8633093525,2.316666667
4183,0.1136142504,0.002868217054,-0.02086578125,0.02228973962,-0.001423958364,-0.0001557632399,0.005864197531,3.135135135,0.6166666667
4184,-0.02521466399,-0.0005426356589,0.001215612649,-0.008301551248,0.007085938598,-0.01822429907,0.01697530864,,-0.1166666667
4185,-0.9673535653,-0.02418604651,0.0009883304754,-0.003217470085,0.002229139609,-0.01510903427,-0.03317901235,,-5.2
4186,-1.072164455,-0.02341085271,-0.03010951634,0.005972264443,0.0241372519,-0.01947040498,-0.02731481481,,-5.033333333
4187,1.031664951,0.02465116279,0.02803970275,0.001187286261,-0.02922698901,-0.004517133956,0.05354938272,0.3836477987,5.3
4188,-0.5825455202,-0.01348837209,-0.005847966029,-0.007677561506,0.01352552753,-0.007943925234,-0.01898148148,,-2.9
4189,2.160751612,0.05674418605,0.04202729654,-0.0247824323,-0.01724486424,0.01573208723,0.09737654321,0.5423497268,12.2
4190,-0.9732701562,-0.02325581395,-0.01829487126,0.001770843225,0.01652402803,-0.01822429907,-0.02824074074,,-5.0
4191,0.9016108314,0.02,-0.005645807709,-0.0009249244193,0.006570732129,0.04003115265,0.0001543209877,0.7054263566,4.3
4192,-0.2776106702,-0.006434108527,-0.002802482906,-0.01596692519,0.01876940809,-0.04828660436,0.0350308642,,-1.383333333
4193,-0.6025769725,-0.01333333333,0.001096995193,0.01387847482,-0.01497547001,-0.002180685358,-0.02438271605,,-2.866666667
4194,-0.5671029604,-0.01333333333,-0.0001176362766,0.003817405414,-0.003699769138,-0.01557632399,-0.01111111111,,-2.866666667
4195,-0.2754616343,-0.006279069767,-0.01473678653,-0.001383911299,0.01612069783,0.001869158879,-0.01435185185,,-1.35
4196,1.150387392,0.02674418605,0.01144257922,0.009530913029,-0.02097349225,-0.006542056075,0.05972222222,0.8347826087,5.75
4197,-0.7201378312,-0.01627906977,0.007682953231,-0.0144984776,0.006815524368,0.01464174455,-0.04691358025,,-3.5
4198,-0.4574074615,-0.01031007752,-0.000711966423,-0.006773309501,0.007485275924,0.002492211838,-0.02299382716,,-2.216666667
4199,0.4879509691,0.01209302326,-0.0150712201,0.01034879645,0.004722423649,-0.01246105919,0.03641975309,1.198717949,2.6
4200,2.23163878,0.04899224806,0.02371544992,-0.02722179664,0.00350634672,0.07647975078,0.02175925926,0.4462025316,10.53333333
4201,0.1808000617,0.004108527132,-0.03421381063,0.01959587278,0.01461793785,-0.04283489097,0.05061728395,4.264150943,0.8833333333
4202,-0.2934004614,-0.006976744186,-0.008640878849,-0.006381732101,0.01502261095,0.007009345794,-0.02083333333,,-1.5
4203,1.259928155,0.03015503876,-0.000850855306,-0.00107835407,0.001929209376,0.01386292835,0.0462962963,0.64781491,6.483333333
4204,-1.137175597,-0.02984496124,-0.01638305772,0.002245667242,0.01413739048,-0.08504672897,0.02484567901,,-6.416666667
4205,1.575798421,0.03782945736,0.01464125956,0.002015823111,-0.01665708268,0.03271028037,0.04290123457,0.6475409836,8.133333333
4206,-0.7654579255,-0.01775193798,-0.008230427158,-0.01794287144,0.0261732986,-0.06822429907,0.03225308642,,-3.816666667
4207,1.377442334,0.03465116279,0.01689323303,0.01427623254,-0.03116946557,0.03707165109,0.03225308642,0.4317673378,7.45
4208,-1.842716189,-0.04573643411,-0.02755439774,0.007683187627,0.01987121011,-0.03052959502,-0.06080246914,,-9.833333333
4209,1.032091268,0.02426356589,0.008136141735,-0.01414315321,0.006007011471,0.001869158879,0.04645061728,0.4856230032,5.216666667
4210,-0.8394691077,-0.01968992248,-0.01545077932,0.00315173617,0.01229904315,0.007632398754,-0.04675925926,,-4.233333333
4211,2.849925101,0.06186046512,0.009794408331,-0.0007636478383,-0.009030760493,0.0562305296,0.0674382716,0.6315789474,13.3
4212,0.7668258559,0.01713178295,0.01369310073,-0.00861497234,-0.005078128388,0.001557632399,0.0325617284,0.6018099548,3.683333333
4213,0.511166161,0.01178294574,0.004519559213,0.003986502267,-0.00850606148,0.03722741433,-0.01342592593,0.7697368421,2.533333333
4214,-0.1316126848,-0.003023255814,0.01765408713,-0.0238140726,0.006159985472,-0.01728971963,0.01111111111,,-0.65
4215,-0.7343036294,-0.01759689922,-0.02460159198,0.003561181634,0.02104041035,-0.01962616822,-0.01558641975,,-3.783333333
4216,-1.081974465,-0.02542635659,-0.02269816171,0.008191708861,0.01450645285,-0.007320872274,-0.04336419753,,-5.466666667
4217,-1.007003536,-0.02341085271,-0.00491462307,0.003534192139,0.001380430931,-0.008099688474,-0.03858024691,,-5.033333333
4218,-0.3477808718,-0.008294573643,0.008473984336,-0.01070933827,0.002235353932,-0.02523364486,0.008487654321,,-1.783333333
4219,1.479836217,0.03651162791,0.01563348207,0.01015865439,-0.02579213646,0.03598130841,0.03703703704,0.5753715499,7.85
4220,0.2604043828,0.006124031008,-0.006762900456,0.02910751385,-0.0223446134,0.01292834891,-0.0006172839506,1.405063291,1.316666667
4221,0.2658768241,0.006821705426,0.01917077023,-0.02242524506,0.003254474827,-0.02352024922,0.03688271605,0.9545454545,1.466666667
4222,-0.08591633474,-0.002015503876,-0.002824391861,-0.004151649384,0.006976041245,-0.05669781931,0.05216049383,,-0.4333333333
4223,-1.229957865,-0.02945736434,-0.006696196391,-0.01520010117,0.02189629757,-0.06635514019,0.007098765432,,-6.333333333
4224,0.1708388625,0.004031007752,0.00247107656,-0.007072716406,0.004601639846,-0.0230529595,0.03086419753,1.192307692,0.8666666667
4225,-0.4225269691,-0.01046511628,-0.01512469828,-0.007349126693,0.02247382498,-0.05358255452,0.03225308642,,-2.25
4226,1.414464564,0.03503875969,0.01307766325,0.001319345427,-0.01439700868,0.04517133956,0.025,0.6504424779,7.533333333
4227,-0.3860424715,-0.008682170543,-0.001829955631,-0.003750012846,0.005579968476,0.01339563863,-0.03055555556,,-1.866666667
4228,1.605478878,0.0376744186,0.01116840348,0.01456788812,-0.0257362916,0.02118380062,0.05401234568,0.6255144033,8.1
4229,-0.4965715599,-0.01209302326,-0.02815675419,0.01699634136,0.01116041283,-0.01978193146,-0.004475308642,,-2.6
4230,0.2576891093,0.005891472868,-0.00311501055,0.004074359516,-0.0009593489651,-0.02476635514,0.0362654321,2.736842105,1.266666667
4231,0.112506539,0.002480620155,0.01385121323,0.009832440271,-0.02368365351,0.0003115264798,0.00462962963,3.15625,0.5333333333
4232,-0.2332440985,-0.00519379845,-0.004585114884,0.02733779944,-0.02275268456,-0.009190031153,-0.001234567901,,-1.116666667
4233,-1.829849236,-0.04046511628,-0.01421623199,-0.01256524996,0.02678148196,-0.01869158879,-0.06203703704,,-8.7
4234,-1.761127721,-0.04457364341,-0.01775432065,-0.008143572008,0.02589789266,-0.05046728972,-0.0387345679,,-9.583333333
4235,-1.425205003,-0.03713178295,-0.005491531212,-0.02560092966,0.03109246087,-0.07056074766,-0.004012345679,,-7.983333333
4236,-0.3638249987,-0.008682170543,-0.01231338625,0.01910613288,-0.006792746625,-0.007476635514,-0.00987654321,,-1.866666667
4237,0.795874941,0.01968992248,0.009387030243,-0.0143557962,0.004968765953,0.0554517134,-0.01574074074,0.5354330709,4.233333333
4238,0.4197152542,0.00976744186,0.009175727943,-0.006856961968,-0.002318765975,0.03177570093,-0.01203703704,1.103174603,2.1
4239,-1.783971814,-0.04240310078,-0.01969325602,-0.01233110614,0.03202436216,-0.0507788162,-0.03410493827,,-9.116666667
4240,-2.131039324,-0.05317829457,-0.01627713087,-0.01654551644,0.03282264732,-0.06339563863,-0.04305555556,,-11.43333333
4241,-2.204793387,-0.0488372093,-0.02852643796,-0.007338914744,0.03586535271,-0.08691588785,-0.01111111111,,-10.5
4242,1.511676364,0.03596899225,0.02844039505,-0.005402134113,-0.02303826094,0.01121495327,0.06049382716,0.4418103448,7.733333333
4243,1.195948833,0.0303875969,0.01400148446,0.000184485834,-0.01418597029,0.0253894081,0.03533950617,0.762755102,6.533333333
4244,0.8833121737,0.02131782946,0.01769347582,0.01932015145,-0.03701362727,0.0006230529595,0.04182098765,0.4109090909,4.583333333
4245,-1.067217268,-0.02550387597,-0.01141935094,-0.01593979027,0.02735914121,-0.05763239875,0.006327160494,,-5.483333333
4246,-0.3782027248,-0.009147286822,-0.008163947934,0.0001140011854,0.008049946749,0.05202492212,-0.06975308642,,-1.966666667
4247,1.57704644,0.04217054264,0.01622136176,-0.009717712632,-0.006503649129,0.008878504673,0.07515432099,0.6764705882,9.066666667
4248,3.416604473,0.08937984496,0.04781246143,-0.006996828492,-0.04081563293,0.1021806854,0.07669753086,0.4388551605,19.21666667
4249,-1.179704876,-0.02666666667,-0.02463956663,0.01390989244,0.01072967419,-0.006386292835,-0.04675925926,,-5.733333333
4250,0.1866295689,0.004263565891,0.008614347701,0.01415509982,-0.02276944752,0.02274143302,-0.01404320988,2.127272727,0.9166666667
4251,-0.217145517,-0.00511627907,-0.01538462643,0.01898402525,-0.003599398817,-0.01697819315,0.006635802469,,-1.1
4252,-0.07264785749,-0.001627906977,-0.01158558202,0.0204598651,-0.008874283081,-0.01697819315,0.01358024691,,-0.35
4253,1.394481967,0.03085271318,-0.009706875116,0.02320149757,-0.01349462246,0.04080996885,0.02098765432,0.6105527638,6.633333333
4254,2.033627125,0.05131782946,0.03088241124,-0.008496202879,-0.02238620836,0.04797507788,0.05462962963,0.413897281,11.03333333
4255,2.486841485,0.05852713178,0.009667045409,0.001451404004,-0.01111844941,0.05358255452,0.06342592593,0.4728476821,12.58333333
4256,3.09327002,0.07015503876,0.02930746511,-0.007086544471,-0.02222092064,0.02196261682,0.1179012346,0.5370165746,15.08333333
4257,-1.184362948,-0.0288372093,-0.004473069728,-0.01284461693,0.01731768666,-0.01277258567,-0.04475308642,,-6.2
4258,1.857403237,0.04333333333,0.02505565353,-0.03032718758,0.005271534047,0.07211838006,0.01481481481,0.3953488372,9.316666667
4259,-0.7029174776,-0.01573643411,-0.008227203183,0.01735191847,-0.009124715288,-0.03940809969,0.007716049383,,-3.383333333
4260,-1.171876657,-0.02868217054,-0.02094174994,0.01266971226,0.008272037679,-0.05560747664,-0.00200617284,,-6.166666667
4261,-1.282583285,-0.03310077519,-0.01289123045,-0.01792161342,0.03081284387,-0.0562305296,-0.01018518519,,-7.116666667
4262,-2.073978305,-0.04868217054,-0.02890053395,0.00423728997,0.02466324398,-0.06292834891,-0.03456790123,,-10.46666667
4263,0.1125182632,0.002635658915,0.0101584607,-0.02297571405,0.01281725335,0.005295950156,-2.055968564e-18,2.205882353,0.5666666667
4264,-1.23523626,-0.02937984496,-0.009209230965,0.003214063324,0.005995167641,-0.01433021807,-0.04429012346,,-6.316666667
4265,1.440593655,0.03457364341,0.01467140641,-0.01197603842,-0.002695367988,0.01619937695,0.05277777778,0.7286995516,7.433333333
4266,-0.4160928364,-0.00976744186,-0.01003001874,0.03248617487,-0.02245615613,0.0199376947,-0.03919753086,,-2.1
4267,-0.9389339201,-0.02062015504,-0.002070041246,-0.006504548945,0.008574590191,-0.03333333333,-0.008024691358,,-4.433333333
4268,-1.066776186,-0.02589147287,-0.03778849277,0.02507012672,0.01271836605,0.005451713396,-0.05694444444,,-5.566666667
4269,-1.536782637,-0.03581395349,-0.02786268982,0.01339411544,0.01446857438,-0.04221183801,-0.02947530864,,-7.7
4270,3.124413674,0.07356589147,0.03416370236,-0.01040355204,-0.02376015033,0.09299065421,0.05432098765,0.4805057956,15.81666667
4271,-1.937884781,-0.04558139535,-0.02672016952,0.002307703125,0.02441246639,-0.06433021807,-0.02700617284,,-9.8
4272,0.2277542684,0.005271317829,0.01075577768,-0.01676809191,0.006012314235,-0.02943925234,0.03966049383,1.485294118,1.133333333
4273,-0.7182059825,-0.01604651163,-0.01409911824,-0.0181449647,0.03224408294,-0.05576323988,0.02330246914,,-3.45
4274,-1.963541885,-0.04790697674,-0.03533048607,0.01269124991,0.02263923616,-0.03956386293,-0.05617283951,,-10.3
4275,2.079303043,0.0492248062,0.02709141725,0.01220549781,-0.03929691506,0.005919003115,0.09212962963,0.5338582677,10.58333333
4276,-1.734591207,-0.03953488372,-0.01095335279,-0.005382966135,0.01633631893,-0.04096573209,-0.03811728395,,-8.5
4277,0.7343090445,0.01728682171,0.02446601408,-0.03214147286,0.007675458775,0.06183800623,-0.02685185185,1.251121076,3.716666667
4278,-1.083568954,-0.02612403101,2.941259127e-05,-0.01741958616,0.01739017357,-0.04408099688,-0.008333333333,,-5.616666667
4279,0.45078444,0.01069767442,0.01997855417,-0.03413341617,0.014154862,-0.0007788161994,0.02206790123,1.144927536,2.3
4280,1.418169195,0.03240310078,0.01412853298,0.002479109237,-0.01660764221,0.01012461059,0.05447530864,0.7488038278,6.966666667
4281,2.352242485,0.0619379845,0.04719841746,-0.01520032263,-0.03199809483,0.04267912773,0.08101851852,0.4105131414,13.31666667
4282,0.03049042159,0.0007751937984,0.00281045166,-0.01037582517,0.007565373513,0.02056074766,-0.01882716049,18.9,0.1666666667
4283,-1.208040019,-0.02682170543,-6.195729416e-05,-0.006690895138,0.006752852432,-0.02476635514,-0.02885802469,,-5.766666667
4284,1.273874742,0.02945736434,0.009506166646,-0.005646790123,-0.003859376522,0.02118380062,0.03765432099,0.7394736842,6.333333333
4285,0.01221398669,0.0003100775194,-0.00965660796,0.008815804472,0.0008408034884,-0.04299065421,0.04320987654,54.75,0.06666666667
4286,0.4870421027,0.01139534884,-0.002468881452,0.03927962493,-0.03681074348,0.04626168224,-0.02314814815,0.5986394558,2.45
4287,0.5397331272,0.01333333333,0.01301253732,-0.0208984844,0.007885947079,0.0006230529595,0.02592592593,1.325581395,2.866666667
4288,2.520188845,0.05178294574,0.01579958151,0.01132982427,-0.02712940578,0.006230529595,0.09691358025,0.5778443114,11.13333333
4289,1.535917126,0.03403100775,0.000916733449,-0.005352119107,0.004435385658,0.04096573209,0.02716049383,0.3963553531,7.316666667
4290,1.136429278,0.02449612403,0.02813117782,-0.007412307275,-0.02071887055,0.02118380062,0.02777777778,0.6329113924,5.266666667
4291,0.0374281859,0.0009302325581,-0.0111533129,0.005351576607,0.005801736294,0.009813084112,-0.00787037037,11.91666667,0.2
4292,-0.9546234987,-0.02310077519,-0.006946023902,0.009787796631,-0.002841772728,-0.05482866044,0.008333333333,,-4.966666667
4293,0.3783773949,0.008837209302,0.01166765343,-0.0188650578,0.007197404372,0.03644859813,-0.01851851852,2.175438596,1.9
4294,0.525427077,0.01356589147,0.01320109457,-0.01829357545,0.005092480879,0.001557632399,0.02546296296,1.274285714,2.916666667
4295,-0.8523821495,-0.0203875969,-0.008989510482,0.0008621707902,0.008127339692,0.006230529595,-0.04675925926,,-4.383333333
4296,-1.1414271,-0.02697674419,-0.01116288924,-0.002469477602,0.01363236685,-0.01417445483,-0.03966049383,,-5.8
4297,2.448707007,0.05736434109,0.03910957574,-0.02856344904,-0.0105461267,0.03862928349,0.07592592593,0.4608108108,12.33333333
4298,-0.6085158413,-0.01441860465,-0.04057785519,0.02373882462,0.01683903057,-0.02476635514,-0.004166666667,,-3.1
4299,0.1171274267,0.002713178295,0.01317370619,-0.001670592492,-0.0115031137,0.03317757009,-0.0274691358,4.771428571,0.5833333333
4300,0.3372003963,0.007674418605,0.01218794631,-0.01390056089,0.001712614579,-0.0007788161994,0.01604938272,1.262626263,1.65
4301,1.046370227,0.02441860465,0.0121117419,0.01568587403,-0.02779761593,0.01838006231,0.03040123457,0.7047619048,5.25
4302,1.063036566,0.02480620155,0.01718985992,-0.01894818013,0.001758320212,0.03551401869,0.01419753086,0.790625,5.333333333
4303,-1.040210486,-0.02472868217,-0.008268475485,-0.004056106681,0.01232458217,-0.02523364486,-0.02422839506,,-5.316666667
4304,-0.6058276241,-0.01333333333,-0.005576634092,-0.01426600635,0.01984264044,-0.02803738318,0.001234567901,,-2.866666667
4305,-1.324597983,-0.0319379845,0.006017797908,-0.04075323318,0.03473543527,-0.06012461059,-0.004012345679,,-6.866666667
4306,0.4749152752,0.01178294574,0.01035505828,0.002055206117,-0.0124102644,-0.009345794393,0.03271604938,0.6052631579,2.533333333
4307,-0.415242859,-0.009457364341,-0.00505337017,-0.01698174365,0.02203511382,-0.03598130841,0.01682098765,,-2.033333333
4308,0.5751151695,0.01480620155,0.01135396431,0.004527669304,-0.01588163361,-0.01105919003,0.04043209877,0.942408377,3.183333333
4309,0.006256847743,0.0001550387597,0.0177903003,-0.003401298985,-0.01438900131,-0.04968847352,0.04953703704,82.5,0.03333333333
4310,1.248420996,0.0311627907,0.02342173496,-0.001238438492,-0.02218329647,0.05841121495,0.004166666667,0.8532338308,6.7
4311,0.7924885712,0.01945736434,0.01767559778,-0.01390309039,-0.00377250739,0.01838006231,0.02052469136,0.8725099602,4.183333333
4312,0.009548768633,0.0002325581395,-0.01297556607,0.02180823703,-0.008832670963,-0.02040498442,0.02067901235,22.66666667,0.05
4313,0.4314042944,0.0107751938,0.0006474062835,-0.007748651973,0.007101245689,0.0207165109,0.0009259259259,0.7985611511,2.316666667
4314,0.7340105507,0.01627906977,0.01355580908,-0.01593925015,0.002383441064,0.05591900312,-0.02299382716,0.9952380952,3.5
4315,0.5886174449,0.01372093023,0.0153005146,-0.01338730079,-0.001913213812,0.0714953271,-0.04351851852,1.429378531,2.95
4316,0.6435112113,0.01488372093,-0.00888539696,0.01667184476,-0.0077864478,0.003426791277,0.0262345679,0.640625,3.2
4317,0.3378072103,0.008294573643,-0.009333486625,0.01115517783,-0.00182169121,-0.01526479751,0.03163580247,1.420560748,1.783333333
4318,0.6730781857,0.01596899225,0.002474704956,0.02215271474,-0.0246274197,-0.009501557632,0.0412037037,1.09223301,3.433333333
4319,0.974416342,0.02217054264,0.003149361674,-0.00465955437,0.001510192696,-0.02975077882,0.07361111111,1.087412587,4.766666667
4320,1.568158883,0.03550387597,0.02596053695,-0.004799269317,-0.02116126763,0.001090342679,0.06959876543,0.6244541485,7.633333333
4321,-1.644594687,-0.03852713178,0.004328569401,-0.0182603481,0.0139317787,-0.05654205607,-0.02067901235,,-8.283333333
4322,-0.6704552245,-0.01496124031,-0.01537898214,0.02831424998,-0.01293526784,-0.0003115264798,-0.02947530864,,-3.216666667
4323,0.1813644592,0.004108527132,-0.00729839818,-0.006798900543,0.01409729872,-0.02601246106,0.03395061728,3.094339623,0.8833333333
4324,-1.691437456,-0.04410852713,-0.01406502506,-0.01757505002,0.03164007508,-0.07492211838,-0.01358024691,,-9.483333333
4325,0.3709741255,0.009612403101,-0.0007289748829,-0.0009783604772,0.00170733536,-0.007788161994,0.02685185185,1.588709677,2.066666667
4326,0.6241655016,0.01418604651,0.01379177737,-0.01563355494,0.00184177757,0.07102803738,-0.04212962963,1.704918033,3.05
4327,1.27003042,0.0292248062,0.006663727838,-0.006104150842,-0.0005595769957,-0.006542056075,0.06466049383,0.7294429708,6.283333333
4328,0.09083431361,0.002403100775,0.01330732843,-0.01909497631,0.005787647877,0.009501557632,-0.00462962963,3.419354839,0.5166666667
4329,-0.1002218114,-0.002480620155,-0.01753719277,0.01821938316,-0.0006821903919,-0.01884735202,0.0137345679,,-0.5333333333
4330,0.9486753819,0.02356589147,0.006805170538,0.01291329904,-0.01971846957,0.01479750779,0.03225308642,0.6348684211,5.066666667
4331,-1.563672798,-0.03286821705,-0.02488653246,-0.006484314311,0.03137084678,-0.03271028037,-0.03302469136,,-7.066666667
4332,-0.5351108119,-0.01209302326,0.00254457728,-0.01047567308,0.007931095805,-0.009501557632,-0.01466049383,,-2.6
4333,0.02343211629,0.0005426356589,0.000231736585,0.008611238423,-0.008842975008,-0.008722741433,0.009722222222,7.428571429,0.1166666667
4334,1.335343394,0.03147286822,0.004719299789,-0.00635129639,0.001631996601,0.03457943925,0.02839506173,0.4088669951,6.766666667
4335,-0.1380848528,-0.003255813953,0.01160919163,-0.02829978174,0.01669059011,-0.03177570093,0.025,,-0.7
4336,-0.6717175846,-0.01666666667,0.01021177956,-0.01248694062,0.002275161058,0.0001557632399,-0.03333333333,,-3.583333333
4337,-0.8348520917,-0.02147286822,-0.005433429511,-0.004827640551,0.01026107006,-0.03457943925,-0.008487654321,,-4.616666667
4338,0.4030670083,0.00984496124,0.007781460288,-0.003263818633,-0.004517641654,-0.01074766355,0.03024691358,1.755905512,2.116666667
4339,-0.3016947614,-0.006744186047,-0.01082289998,0.0003302994101,0.01049260057,0.008566978193,-0.02191358025,,-1.45
4340,1.546623537,0.03550387597,0.008733313885,-0.01170426266,0.002970948772,0.03644859813,0.03456790123,0.5152838428,7.633333333
4341,-0.2663144287,-0.006201550388,-0.009806698723,0.008388139927,0.001418558797,0.01931464174,-0.03148148148,,-1.333333333
4342,-0.02548058841,-0.0006201550388,-0.003978782004,0.001795875771,0.002182906234,-0.008411214953,0.007098765432,,-0.1333333333
4343,-0.9711398938,-0.02286821705,-0.02351968416,-0.0002636725525,0.02378335672,-0.03442367601,-0.01141975309,,-4.916666667
4344,-0.9674970105,-0.02364341085,-0.004254648711,0.01770474217,-0.01345009346,-0.02211838006,-0.02515432099,,-5.083333333
4345,-3.068898686,-0.06937984496,-0.03117875557,0.001983061863,0.02919569371,-0.09968847352,-0.03935185185,,-14.91666667
4346,0.6642275265,0.01558139535,0.01126291433,0.01051347662,-0.02177639096,0.008566978193,0.0225308642,0.5820895522,3.35
4347,1.092847982,0.02426356589,-0.01860847566,0.01271249823,0.005895977429,0.006853582555,0.04151234568,0.9520766773,5.216666667
4348,0.1743236753,0.003953488372,-0.001553916291,-0.01272406844,0.01427798473,-0.01697819315,0.02469135802,3.862745098,0.85
4349,-1.062042329,-0.02751937984,-0.008090812196,-0.02098842717,0.02907923937,-0.06448598131,0.009104938272,,-5.916666667
4350,1.508312097,0.03728682171,0.008989533968,0.006528291767,-0.01551782574,0.01308411215,0.0612654321,0.4864864865,8.016666667
4351,0.1758460761,0.004108527132,0.006276147943,-0.007764233106,0.001488085164,0.01043613707,-0.002160493827,2.622641509,0.8833333333
4352,0.555835867,0.01317829457,0.01491802346,-0.0231816108,0.008263587347,0.02834890966,-0.001851851852,0.9647058824,2.833333333
4353,-1.807377204,-0.04418604651,-0.0293725798,0.02194541336,0.007427166446,-0.05576323988,-0.03271604938,,-9.5
4354,-0.9049916436,-0.02007751938,-0.02623310726,0.02444688861,0.001786218655,-0.02352024922,-0.01666666667,,-4.316666667
4355,-0.4771074225,-0.01093023256,-0.006237432767,0.006753848916,-0.0005164161492,-0.01744548287,-0.004475308642,,-2.35
4356,0.02259725565,0.0005426356589,0.005253540783,-0.01254970376,0.007296162978,-0.009968847352,0.01095679012,17.14285714,0.1166666667
4357,0.1381080714,0.003178294574,0.004912573459,0.01065228172,-0.01556485518,-0.01884735202,0.025,1.12195122,0.6833333333
4358,0.1184246116,0.003023255814,0.0007305807957,-0.011616649,0.01088606821,-0.02585669782,0.03163580247,3.897435897,0.65
4359,-0.02727411283,-0.0006201550388,0.007262163627,-0.01860620821,0.01134404458,-0.007165109034,0.005864197531,,-0.1333333333
4360,0.5513942176,0.01333333333,0.009651843012,-0.01430099911,0.004649156098,-0.0003115264798,0.02685185185,0.5930232558,2.866666667
4361,1.0120519,0.02410852713,0.004331764199,-0.01629214354,0.01196037934,0.02710280374,0.02114197531,0.4083601286,5.183333333
4362,-0.4097290461,-0.009147286822,-0.02614162906,0.00439050763,0.02175112143,-0.03411214953,0.01558641975,,-1.966666667
4363,-0.5633155762,-0.01162790698,0.009237810932,-0.009809335165,0.0005715242332,-0.03146417445,0.008024691358,,-2.5
4364,0.4820010241,0.01100775194,-0.01045230705,0.04960225911,-0.03914995206,0.01775700935,0.004320987654,1.084507042,2.366666667
4365,0.6367106722,0.01511627907,-0.0004942051385,0.03332745205,-0.03283324691,0.01292834891,0.01728395062,0.7743589744,3.25
4366,-0.3380124747,-0.007751937984,-0.000600328513,-0.01908783154,0.01968816006,-0.05716510903,0.0412037037,,-1.666666667
4367,0.07164317385,0.001627906977,0.01747290211,-0.000566779569,-0.01690612254,-0.02320872274,0.0262345679,5.285714286,0.35
4368,2.142860556,0.05031007752,0.03098643889,-0.022150198,-0.008836240895,0.05996884735,0.04074074074,0.4206471495,10.81666667
4369,-0.28672823,-0.006589147287,0.006467425206,-0.01718087195,0.01071344674,0.03489096573,-0.04768518519,,-1.416666667
4370,-0.8823108684,-0.02093023256,-0.02203993263,0.01042947106,0.01161046157,-0.02056074766,-0.0212962963,,-4.5
4371,0.02079078557,0.0004651162791,0.01227527591,-0.01683330205,0.004558026137,-0.01448598131,0.01527777778,14.83333333,0.1
4372,-1.089312756,-0.02658914729,-0.01703640442,-0.00279469521,0.01983109963,-0.01635514019,-0.03672839506,,-5.716666667
4373,-0.648681029,-0.01550387597,-0.006771428889,-0.01057774811,0.017349177,-0.0009345794393,-0.0299382716,,-3.333333333
4374,-0.380761831,-0.009534883721,0.02126186743,-0.04117144975,0.01990958232,0.01947040498,-0.03827160494,,-2.05
4375,0.736274776,0.01713178295,0.008790024169,-0.02617991234,0.01738988817,0.01604361371,0.01820987654,0.3800904977,3.683333333
4376,-0.1405808231,-0.003410852713,-0.001621962569,0.007842133242,-0.006220170674,-0.02367601246,0.01666666667,,-0.7333333333
4377,0.6361980453,0.01651162791,0.005240339548,-0.005946961871,0.0007066223224,0.05015576324,-0.01682098765,1.084507042,3.55
4378,0.5475778186,0.01364341085,0.0003185714491,-0.006137897511,0.005819326062,-0.02679127726,0.0537037037,0.5909090909,2.933333333
4379,0.1792778882,0.004341085271,0.006956598656,-0.009828549506,0.00287195085,0.0006230529595,0.008024691358,1.964285714,0.9333333333
4380,1.456395653,0.03666666667,0.0174754865,-0.001175245696,-0.0163002408,0.01323987539,0.05987654321,0.5729386892,7.883333333
4381,-0.1912642275,-0.004263565891,-0.004272749118,-0.01154338046,0.01581612958,-0.01744548287,0.008796296296,,-0.9166666667
4382,-1.351146293,-0.03,0.003832086808,-0.01135101528,0.00751892847,-0.03862928349,-0.02145061728,,-6.45
4383,0.3588161418,0.008992248062,-0.004057554613,0.02623598316,-0.02217842855,-0.0191588785,0.03688271605,1.655172414,1.933333333
4384,-2.457444206,-0.05953488372,-0.04127407915,0.02394179464,0.01733228451,-0.04719626168,-0.07175925926,,-12.8
4385,1.104088885,0.02612403101,0.01531649751,0.01637445738,-0.03169095489,-0.007476635514,0.05941358025,0.706231454,5.616666667
4386,-0.5158587205,-0.01271317829,-0.009311059307,0.01500115779,-0.005690098486,-0.04735202492,0.02160493827,,-2.733333333
4387,-1.235578251,-0.02868217054,-0.007121093085,-0.01145103448,0.01857212756,-0.03613707165,-0.0212962963,,-6.166666667
4388,0.8458266906,0.02015503876,0.01467800744,-0.005557878364,-0.00912012908,-0.02274143302,0.06265432099,1.015384615,4.333333333
4389,-1.740773833,-0.04395348837,-0.02816540753,0.01121907874,0.01694632879,-0.06277258567,-0.02530864198,,-9.45
4390,-0.1195698893,-0.002868217054,-0.003923112104,-0.009812523611,0.01373563571,0.02554517134,-0.03101851852,,-0.6166666667
4391,0.2763418407,0.006201550388,0.01326153077,-0.01436924191,0.001107711146,-0.008411214953,0.02067901235,1.6625,1.333333333
4392,0.4594720443,0.0111627907,0.01028133219,-0.01347146255,0.003190130353,-0.05093457944,0.07268518519,2.291666667,2.4
4393,-0.1405920611,-0.003100775194,-0.002389793488,-0.005066619141,0.007456412628,-0.002803738318,-0.003395061728,,-0.6666666667
4394,-0.593132896,-0.01449612403,-0.001137639608,-0.01154710183,0.01268474144,0.002180685358,-0.03101851852,,-3.116666667
4395,1.045819518,0.02364341085,0.006912076842,0.01921985168,-0.02613192852,0.0468847352,0.0006172839506,0.6295081967,5.083333333
4396,0.3297526982,0.007596899225,0.007150153921,-0.01696213551,0.009811981593,0.004205607477,0.01095679012,2.051020408,1.633333333
4397,2.086627379,0.05333333333,0.001449508286,0.01284246717,-0.01429197545,0.02757009346,0.07885802469,0.488372093,11.46666667
4398,-1.343760898,-0.02984496124,-0.01027374443,0.01908385729,-0.008810112857,-0.06604361371,0.006018518519,,-6.416666667
4399,0.9904101522,0.02279069767,0.01803659868,0.008735788605,-0.02677238729,0.04049844237,0.00524691358,0.5170068027,4.9
4400,-0.4017513841,-0.009302325581,-0.004892425465,-0.01055099077,0.01544341624,-0.001246105919,-0.01728395062,,-2.0
4401,1.00248503,0.02449612403,0.0132130632,0.03185306237,-0.04506612557,0.01448598131,0.03441358025,0.5063291139,5.266666667
4402,0.1602939818,0.003875968992,-0.01448085973,0.00481143487,0.009669424856,-0.0214953271,0.02901234568,2.02,0.8333333333
4403,1.164343734,0.02643410853,0.01736590705,-0.01769377315,0.0003278660974,0.01183800623,0.04089506173,0.8709677419,5.683333333
4404,-1.475327103,-0.03395348837,-0.007941602375,-0.01178762967,0.01972923204,-0.02523364486,-0.04259259259,,-7.3
4405,1.740223715,0.03976744186,0.01010058653,0.007290667152,-0.01739125368,0.04563862928,0.03395061728,0.485380117,8.55
4406,0.5746843483,0.01434108527,0.013828768,-0.01076963048,-0.003059137526,0.0269470405,0.001851851852,0.7837837838,3.083333333
4407,-0.2195796847,-0.005968992248,-0.01050490164,-0.0004126691796,0.01091757082,-0.005607476636,-0.006327160494,,-1.283333333
4408,0.9323060093,0.02108527132,-0.01179431368,0.0051038083,0.006690505384,0.01028037383,0.03179012346,0.875,4.533333333
4409,-0.6419528095,-0.01519379845,-0.01170411859,-0.001200403898,0.01290452249,0.004828660436,-0.0350308642,,-3.266666667
4410,0.5748031209,0.01465116279,0.003635353659,-0.008643474308,0.005008120649,0.02165109034,0.007716049383,0.746031746,3.15
4411,-1.817174965,-0.04015503876,-0.04698189742,0.02268705364,0.02429484378,-0.02741433022,-0.05277777778,,-8.633333333
4412,1.981663102,0.04984496124,0.02602716025,-0.005881672637,-0.02014548761,-0.004049844237,0.1032407407,0.6625194401,10.71666667
4413,-0.3834163884,-0.008604651163,-0.01206580141,0.04650083655,-0.03443503514,-0.02866043614,0.0112654321,,-1.85
4414,8.981228038e-17,2.065531209e-18,-0.008138866619,-0.008441112088,0.01657997871,0.008099688474,-0.008024691358,5179139571000000.0,4.440892099e-16
4415,0.8155779867,0.0192248062,0.01604759549,-0.004112389669,-0.01193520582,-0.01043613707,0.04861111111,1.387096774,4.133333333
4416,0.4067446084,0.01,0.005319178997,-0.004845819882,-0.0004733591145,0.04890965732,-0.02854938272,2.310077519,2.15
4417,0.8657190822,0.01984496124,-8.059613932e-06,0.008344984679,-0.008336925065,-0.0253894081,0.06466049383,1.02734375,4.266666667
4418,-1.844291647,-0.03744186047,-0.03057612951,0.03122110799,-0.0006449784857,-0.0546728972,-0.02037037037,,-8.05
4419,-1.475136737,-0.03372093023,-0.009389657422,-0.007542229,0.01693188642,-0.09003115265,0.02206790123,,-7.25
4420,0.2384948211,0.005348837209,-0.004214061625,0.00113774994,0.003076311684,0.004672897196,0.006018518519,2.144927536,1.15
4421,-0.7761667794,-0.01697674419,-0.005733582608,-0.006903451238,0.01263703385,-0.05093457944,0.01666666667,,-3.65
4422,-0.3691974718,-0.008604651163,0.009378683057,-0.0222640216,0.01288533854,0.0009345794393,-0.01805555556,,-1.85
4423,-1.887642689,-0.04217054264,-0.00941208055,-0.007335959529,0.01674804008,-0.04813084112,-0.0362654321,,-9.066666667
4424,-0.0801706239,-0.001860465116,0.004815508307,-0.01045152606,0.005636017754,-0.0261682243,0.02222222222,,-0.4
4425,-1.319167481,-0.03279069767,-0.03350027408,0.01599240131,0.01750787277,-0.04828660436,-0.0174382716,,-7.05
4426,0.7101009713,0.01666666667,4.5330319e-05,0.005403135719,-0.005448466038,0.03161993769,0.001851851852,0.9581395349,3.583333333
4427,0.2829497133,0.006279069767,-0.0006209950882,-0.0009727603416,0.00159375543,0.01510903427,-0.002469135802,0.7283950617,1.35
4428,-0.2550045087,-0.006356589147,-0.01668453019,0.01936162896,-0.00267709877,-0.01869158879,0.005864197531,,-1.366666667
4429,0.5560770435,0.01310077519,0.00277160587,0.02167110687,-0.02444271274,0.02710280374,-0.0007716049383,1.857988166,2.816666667
4430,1.416158219,0.03170542636,-0.01749799245,0.01681167964,0.0006863128117,0.01884735202,0.04444444444,0.5574572127,6.816666667
4431,-1.032055534,-0.02480620155,-0.02212065075,-0.002310694042,0.02443134479,-0.04361370717,-0.006172839506,,-5.333333333
4432,-1.20094731,-0.02782945736,-0.008528199727,-0.01429247597,0.0228206757,0.01697819315,-0.07222222222,,-5.983333333
4433,1.803958208,0.04108527132,0.02356196338,-0.01877418806,-0.004787775327,0.02975077882,0.05231481481,0.7075471698,8.833333333
4434,-2.223775019,-0.05015503876,-0.02187186098,-0.004574761224,0.0264466222,-0.06760124611,-0.03287037037,,-10.78333333
4435,0.124958575,0.002945736434,-0.01495643668,0.0154419577,-0.0004855210248,0.01651090343,-0.01049382716,4.894736842,0.6333333333
4436,0.2774913609,0.006589147287,-0.006112622411,0.001866188867,0.004246433544,0.02757009346,-0.01419753086,1.305882353,1.416666667
4437,-2.102205821,-0.05007751938,-0.02146374241,-0.002337006378,0.02380074879,-0.02180685358,-0.07808641975,,-10.76666667
4438,0.2296502449,0.005813953488,-0.0112337834,0.01877308618,-0.007539302774,0.001869158879,0.009722222222,2.133333333,1.25
4439,0.9451960955,0.02139534884,0.007191437049,-0.01625314415,0.009061707102,0.04018691589,0.002777777778,0.9057971014,4.6
4440,-0.8151647686,-0.02031007752,-0.004879317836,-0.01149073627,0.0163700541,-0.02087227414,-0.01975308642,,-4.366666667
4441,0.09693494621,0.002170542636,-0.02678220797,0.03592127708,-0.009139069115,0.007476635514,-0.003086419753,1.857142857,0.4666666667
4442,-0.7001261546,-0.01759689922,-0.03072526762,0.02052221759,0.01020305004,-0.0230529595,-0.01219135802,,-3.783333333
4443,-0.3434912775,-0.008062015504,0.002078329776,0.007506352691,-0.009584682467,0.001557632399,-0.01759259259,,-1.733333333
4444,0.236757672,0.005891472868,0.01150271252,0.01003761212,-0.02154032464,0.004205607477,0.007561728395,1.934210526,1.266666667
4445,-0.5327819731,-0.01108527132,-0.01778183774,0.01084577477,0.006936062973,-0.02196261682,-0.0003086419753,,-2.383333333
4446,-0.9384230689,-0.02023255814,-0.009755951106,-0.01348609459,0.02324204569,-0.04890965732,0.008179012346,,-4.35
4447,-0.6229433954,-0.01589147287,-0.008532524903,-0.01093960577,0.01947213067,-0.03520249221,0.003240740741,,-3.416666667
4448,-1.086411358,-0.02558139535,-0.005790202768,-0.008763264179,0.01455346695,-0.02585669782,-0.02530864198,,-5.5
4449,1.040190516,0.02441860465,0.03683319166,-0.006210222322,-0.03062296934,-0.009190031153,0.05771604938,0.4380952381,5.25
4450,-0.3741016223,-0.009147286822,0.02092081879,-0.02085939295,-6.142584041e-05,0.003271028037,-0.02145061728,,-1.966666667
4451,-0.3772664389,-0.008527131783,-0.02071271674,0.02162726197,-0.0009145452302,-0.02024922118,0.003086419753,,-1.833333333
4452,-1.104665815,-0.02620155039,-0.02928981032,0.01369472918,0.01559508115,0.005919003115,-0.05802469136,,-5.633333333
4453,-1.533282419,-0.04178294574,-0.03242846021,0.03404225189,-0.001613791688,-0.03489096573,-0.04861111111,,-8.983333333
4454,1.024365796,0.02372093023,0.01300248697,-0.02294038088,0.009937893916,0.0437694704,0.003858024691,0.7745098039,5.1
4455,-3.239346665,-0.07387596899,-0.04271956345,0.004826135854,0.0378934276,-0.07445482866,-0.07330246914,,-15.88333333
4456,-0.4771987361,-0.01178294574,0.01173516894,-0.008028008186,-0.003707160757,0.03099688474,-0.05416666667,,-2.533333333
4457,-0.03949230053,-0.001007751938,0.01581078403,-0.02249532323,0.006684539193,-0.01884735202,0.01666666667,,-0.2166666667
4458,-2.201516844,-0.05201550388,-0.03966091038,0.02460950666,0.01505140372,-0.09299065421,-0.01141975309,,-11.18333333
4459,-0.9607168281,-0.0219379845,-0.02214695835,0.0001237626931,0.02202319566,-0.01775700935,-0.02608024691,,-4.716666667
4460,-0.02961381642,-0.0006976744186,0.01497966941,-0.02352000108,0.008540331667,-0.0207165109,0.01913580247,,-0.15
4461,0.6028509234,0.01418604651,0.01446378597,-0.01645579205,0.001992006082,-0.001246105919,0.02947530864,0.8142076503,3.05
4462,0.3968788874,0.008837209302,0.008508157219,-0.004487325449,-0.00402083177,0.002024922118,0.01558641975,0.8070175439,1.9
4463,-1.06879335,-0.02744186047,0.003653503102,-0.02284241809,0.01918891498,-0.03676012461,-0.01820987654,,-5.9
4464,-0.9858260972,-0.02348837209,-0.01422205545,-0.005697975371,0.01992003082,-0.04875389408,0.001543209877,,-5.05
4465,0.1948658682,0.00496124031,0.005928592393,-0.003481766811,-0.002446825582,-0.02912772586,0.0387345679,2.09375,1.066666667
4466,0.9535388492,0.02209302326,0.0209646726,0.002207492533,-0.02317216513,0.06121495327,-0.01666666667,1.670175439,4.75
4467,-0.03668930019,-0.0009302325581,0.002231655003,0.01428732397,-0.01651897898,-0.01604361371,0.01404320988,,-0.2
4468,-0.2603697041,-0.006589147287,-0.017254227,-0.0007916805805,0.01804590758,0.02554517134,-0.03842592593,,-1.416666667
4469,1.115953358,0.02674418605,0.02277092814,-0.0104819988,-0.01228892934,0.008566978193,0.04475308642,0.6376811594,5.75
4470,0.6081624276,0.01472868217,0.006927525575,0.00171792649,-0.008645452065,0.03271028037,-0.003086419753,0.8789473684,3.166666667
4471,0.1304721989,0.002868217054,0.002722319984,0.01585193727,-0.01857425725,0.01323987539,-0.007407407407,2.081081081,0.6166666667
4472,0.2062777761,0.00519379845,-0.007919387917,0.02355411945,-0.01563473153,-0.02118380062,0.03132716049,1.835820896,1.116666667
4473,1.531880319,0.03674418605,0.01422037757,-0.009816773216,-0.004403604351,0.007476635514,0.06574074074,0.4831223629,7.9
4474,1.305708136,0.03046511628,0.01648300659,-0.01201924835,-0.004463758234,0.01838006231,0.0424382716,0.7888040712,6.55
4475,-1.037235268,-0.02488372093,-0.008664119663,0.004726750463,0.0039373692,0.004672897196,-0.05416666667,,-5.35
4476,-0.6074541895,-0.01426356589,-0.0149921504,0.002743810087,0.01224834032,-0.01261682243,-0.01589506173,,-3.066666667
4477,0.1889254554,0.00496124031,0.02402902904,-0.03242128347,0.008392254437,-0.007476635514,0.01728395062,2.453125,1.066666667
4478,0.894647221,0.02069767442,0.003279194207,0.006811594177,-0.01009078838,-0.004049844237,0.04521604938,0.8014981273,4.45
4479,-1.101387044,-0.02736434109,0.006775209928,-0.00602860958,-0.0007466003476,-0.03457943925,-0.02021604938,,-5.883333333
4480,1.031228266,0.02426356589,-0.002723196669,0.00889947135,-0.006176274682,0.0003115264798,0.04799382716,0.8690095847,5.216666667
4481,-0.2686945594,-0.006046511628,-0.001500190094,0.01172472518,-0.01022453508,-0.0285046729,0.0162037037,,-1.3
4482,-0.7236556009,-0.01821705426,0.009376288758,-0.02350885982,0.01413257106,0.006386292835,-0.04259259259,,-3.916666667
4483,1.873589608,0.04550387597,0.01738455298,-0.004170706669,-0.01321384631,-0.01246105919,0.1029320988,0.7802385009,9.783333333
4484,0.7018869627,0.01682170543,0.00730426754,0.02328761816,-0.0305918857,-0.02102803738,0.05432098765,1.294930876,3.616666667
4485,0.6389917887,0.01503875969,0.01363218186,-0.01121397701,-0.002418204853,-0.009034267913,0.03888888889,1.041237113,3.233333333
4486,-0.7346958165,-0.01759689922,0.00523911084,0.003264011387,-0.008503122226,-0.004672897196,-0.03040123457,,-3.783333333
4487,-0.1382114588,-0.003488372093,0.008575310315,-0.02247774863,0.01390243831,0.005140186916,-0.01203703704,,-0.75
4488,2.552575725,0.06418604651,0.02404425619,-0.005077113799,-0.01896714239,0.06931464174,0.05910493827,0.5253623188,13.8
4489,1.761877538,0.04713178295,0.01548513751,-0.004142939621,-0.01134219789,0.009813084112,0.08410493827,0.6036184211,10.13333333
4490,0.2901321386,0.006589147287,0.002043955914,-0.01504263944,0.01299868352,-0.006542056075,0.01959876543,0.9764705882,1.416666667
4491,1.973397968,0.04550387597,0.0003524834912,0.03556692344,-0.03591940693,0.04657320872,0.04444444444,0.4667802385,9.783333333
4492,0.4176192814,0.00992248062,0.01420289247,-0.001193740935,-0.01300915154,0.004828660436,0.0149691358,0.6953125,2.133333333
4493,-1.242197565,-0.03124031008,-0.007141239662,-0.004651651401,0.01179289106,0.006697819315,-0.06882716049,,-6.716666667
4494,-1.0996673,-0.02643410853,-0.01475343679,0.007229868566,0.00752356822,-0.0515576324,-0.001543209877,,-5.683333333
4495,-1.450624934,-0.03519379845,-0.03674791042,0.03555639969,0.001191510729,-0.05140186916,-0.01913580247,,-7.566666667
4496,0.04438764444,0.001162790698,-0.01659273438,0.006319062469,0.01027367191,-0.05109034268,0.05293209877,14.93333333,0.25
4497,1.346807168,0.0315503876,0.01796420459,-0.01365394442,-0.00431026017,0.03738317757,0.02577160494,0.3857493857,6.783333333
4498,-0.4577212017,-0.01100775194,-0.01141333932,-0.004476696653,0.01589003598,0.02180685358,-0.04351851852,,-2.366666667
4499,-1.146294879,-0.02775193798,-0.01916194776,0.003353437477,0.01580851028,-0.05887850467,0.003086419753,,-5.966666667
4500,1.458628006,0.03534883721,0.008341457643,0.001000423821,-0.009341881464,-0.001090342679,0.07145061728,0.9035087719,7.6
4501,-1.638983525,-0.03968992248,-0.0204988651,0.02609846872,-0.005599603622,-0.04408099688,-0.03533950617,,-8.533333333
4502,-1.410483288,-0.03581395349,-0.03773063541,0.03467064801,0.003059987402,-0.02554517134,-0.04598765432,,-7.7
4503,-0.4177153335,-0.01100775194,-0.02827848143,0.01852740708,0.009751074351,-0.01183800623,-0.01018518519,,-2.366666667
4504,-0.2938741221,-0.007674418605,-0.03068080843,0.02655444115,0.004126367277,-0.007165109034,-0.008179012346,,-1.65
4505,1.265472068,0.03031007752,0.01444302862,-0.01972943599,0.00528640737,0.05062305296,0.01018518519,0.6700767263,6.516666667
4506,-0.5991124002,-0.01403100775,-0.02042423217,0.01945899788,0.000965234289,-0.006542056075,-0.02145061728,,-3.016666667
4507,-0.5711894985,-0.01279069767,-0.009178911126,-0.01329385002,0.02247276115,-0.04080996885,0.0149691358,,-2.75
4508,-1.136337733,-0.02744186047,-0.02202366879,0.02150432391,0.000519344873,-0.06043613707,0.00524691358,,-5.9
4509,-0.2139449397,-0.00519379845,-0.02331396008,0.01361151532,0.00970244476,-0.009813084112,-0.0006172839506,,-1.116666667
4510,0.5904322881,0.01465116279,0.008354299638,-0.01215514239,0.003800842751,0.02601246106,0.003395061728,1.148148148,3.15
4511,0.06368230022,0.001627906977,0.02296752473,-0.02432681993,0.001359295201,-0.002492211838,0.005709876543,6.761904762,0.35
4512,2.220746943,0.05410852713,0.0125583971,0.001169955079,-0.01372835218,0.05031152648,0.05787037037,0.4914040115,11.63333333
4513,2.658089662,0.06682170543,0.02110962074,-0.0009678095536,-0.02014181118,0.04797507788,0.08549382716,0.4930394432,14.36666667
4514,1.169828233,0.02852713178,0.006141267544,-0.01827711818,0.01213585064,-0.01277258567,0.06944444444,0.7798913043,6.133333333
4515,-0.3477808718,-0.008294573643,0.008473984336,-0.01070933827,0.002235353932,-0.02523364486,0.008487654321,,-1.783333333
4516,-1.276474322,-0.02992248062,-0.01523549531,0.01827427769,-0.003038782385,-0.003738317757,-0.05586419753,,-6.433333333
4517,-1.079768516,-0.02627906977,-0.03257843707,0.02316236025,0.009416076826,0.0476635514,-0.09953703704,,-5.65
4518,1.559865246,0.03643410853,0.00849100959,-0.007129466921,-0.001361542669,-0.0009345794393,0.07345679012,0.6680851064,7.833333333
4519,-1.37766956,-0.03534883721,-0.01004190814,0.01014992148,-0.0001080133372,-0.01947040498,-0.05108024691,,-7.6
4520,-1.130236064,-0.02751937984,-0.02637626325,0.007608366843,0.01876789641,-0.01479750779,-0.04012345679,,-5.916666667
4521,-1.323897426,-0.03364341085,-0.00465043915,-0.009534437666,0.01418487682,-0.01246105919,-0.05462962963,,-7.233333333
4522,-0.6411105649,-0.01604651163,-0.01760477697,0.01161709126,0.005987685711,-0.06666666667,0.03410493827,,-3.45
4523,-0.7818589579,-0.01852713178,-0.01566252308,0.01106839872,0.004594124365,-0.007476635514,-0.02947530864,,-3.983333333
4524,0.5676146669,0.01519379845,0.006350926312,-0.0120502296,0.005699303285,0.01090342679,0.01944444444,0.693877551,3.266666667
4525,-1.819772452,-0.04434108527,-0.0235233584,-0.004195566578,0.02771892498,-0.0437694704,-0.04490740741,,-9.533333333
4526,-1.609471374,-0.03891472868,-0.01501536561,-0.005450382438,0.02046574805,-0.03302180685,-0.04475308642,,-8.366666667
4527,-0.6671042056,-0.01627906977,-0.00511733469,-0.01110427794,0.01622161263,-0.04517133956,0.01234567901,,-3.5
4528,-0.5148683444,-0.01286821705,-0.01695805691,-0.001552847491,0.0185109044,0.01292834891,-0.03842592593,,-2.766666667
4529,2.248485599,0.0607751938,0.02124940579,-0.01188011627,-0.009369289524,0.009657320872,0.1114197531,0.7232142857,13.06666667
4530,-0.2208943372,-0.005348837209,0.002115271014,-0.02284162798,0.02072635697,-0.009657320872,-0.001080246914,,-1.15
4531,0.3772626402,0.009689922481,-0.005646604322,0.004189535393,0.001457068929,-0.04890965732,0.06774691358,2.328,2.083333333
4532,-1.06879335,-0.02744186047,0.003653503102,-0.02284241809,0.01918891498,-0.03676012461,-0.01820987654,,-5.9
4533,0.584934097,0.01410852713,0.00424314293,-0.0004905095217,-0.003752633408,-0.0001557632399,0.02824074074,1.093406593,3.033333333
4534,-1.96534816,-0.04790697674,-0.01391980267,-0.009947498352,0.02386730102,-0.06526479751,-0.03070987654,,-10.3
4535,-0.2340967666,-0.00519379845,0.005238857826,-0.015584763,0.01034590517,0.02585669782,-0.03595679012,,-1.116666667
4536,-0.6769380676,-0.01542635659,0.003219197213,-0.04237910215,0.03915990494,-0.05342679128,0.02222222222,,-3.316666667
4537,-1.11691619,-0.02728682171,-0.01030418785,-0.014859211,0.02516339885,-0.06168224299,0.006790123457,,-5.866666667
4538,-0.5231355384,-0.0123255814,-0.005382584366,0.005724706116,-0.0003421217499,0.01292834891,-0.03734567901,,-2.65
4539,-1.651352996,-0.04131782946,-0.01696384846,0.001998230424,0.01496561803,-0.06183800623,-0.02098765432,,-8.883333333
4540,-0.6377039429,-0.01426356589,0.006198035502,0.004674970815,-0.01087300632,-0.01838006231,-0.01018518519,,-3.066666667
4541,-0.8078624843,-0.01891472868,-0.02851439364,0.01270155432,0.01581283932,-0.01884735202,-0.01898148148,,-4.066666667
4542,-0.5174884172,-0.01186046512,-0.01165445656,0.01343740529,-0.001782948735,-0.06495327103,0.04074074074,,-2.55
4543,-0.28147664,-0.006279069767,0.01994683691,-0.04053075068,0.02058391377,0.03115264798,-0.04336419753,,-1.35
4544,-0.7756676174,-0.0196124031,-0.02965351329,0.02462619779,0.005027315499,-0.008722741433,-0.03040123457,,-4.216666667
4545,-0.7000346715,-0.01728682171,-0.004348622203,-0.01771929488,0.02206791708,-0.03255451713,-0.002160493827,,-3.716666667
4546,-0.9849434789,-0.02317829457,-0.01725307801,-0.009074316959,0.02632739496,-0.04563862928,-0.0009259259259,,-4.983333333
4547,0.8543915898,0.01930232558,0.01283620451,-0.01801429185,0.005178087346,0.05732087227,-0.01836419753,1.200803213,4.15
4548,-0.77746124,-0.01899224806,-0.01247155642,0.0137209228,-0.001249366381,0.0007788161994,-0.03858024691,,-4.083333333
4549,-1.439790555,-0.03449612403,-0.01591669253,-0.004010705316,0.01992739785,-0.01355140187,-0.05524691358,,-7.416666667
4550,-0.4853731843,-0.01201550388,0.001174005032,-0.008155745159,0.006981740127,-0.003582554517,-0.02037037037,,-2.583333333
4551,-0.3488250267,-0.008062015504,0.007013681346,-0.01894546227,0.01193178093,0.0300623053,-0.04583333333,,-1.733333333
4552,1.165790475,0.02635658915,0.01121887755,-0.01882307982,0.007604202272,0.04190031153,0.01095679012,0.4676470588,5.666666667
4553,-0.0960031636,-0.002325581395,-0.01038139183,0.006830969986,0.003550421849,-0.05576323988,0.05061728395,,-0.5
4554,0.05062486786,0.001162790698,0.001655710227,-4.646813195e-05,-0.001609242095,-0.007788161994,0.0100308642,7.6,0.25
4555,0.08504385864,0.002093023256,-0.01509743437,0.01272805336,0.002369381006,0.01884735202,-0.01450617284,2.962962963,0.45
4556,-0.09909675328,-0.002713178295,0.02402870145,-0.03074019801,0.006711496561,-0.04143302181,0.03564814815,,-0.5833333333
4557,0.2144723799,0.00480620155,0.001799912603,-0.001465657864,-0.0003342547397,-0.01651090343,0.02592592593,2.661290323,1.033333333
4558,1.415712856,0.03503875969,0.02222657072,-0.01827760601,-0.003948964712,0.01417445483,0.05570987654,0.564159292,7.533333333
4559,-0.5654136315,-0.01240310078,-0.03126629638,0.01899701027,0.0122692861,0.01386292835,-0.03842592593,,-2.666666667
4560,2.020469459,0.04635658915,0.0246512339,0.01602848768,-0.04067972158,-0.0004672897196,0.09274691358,0.6237458194,9.966666667
4561,-1.143392404,-0.03023255814,-0.04955462813,0.03205280463,0.0175018235,-0.008878504673,-0.05138888889,,-6.5
4562,-1.895493655,-0.04558139535,-0.03215592996,0.01029146535,0.02186446461,-0.03208722741,-0.05895061728,,-9.8
4563,-1.002745303,-0.02395348837,-0.009611642149,0.003902536005,0.005709106144,-0.053894081,0.005709876543,,-5.15
4564,0.8260801898,0.01953488372,-0.002168234139,-0.002328463131,0.004496697271,0.009190031153,0.02978395062,0.7579365079,4.2
4565,-0.6266974099,-0.01503875969,-0.00693606979,-0.005092194993,0.01202826478,-0.05062305296,0.02021604938,,-3.233333333
4566,-0.7818195612,-0.01736434109,-0.0009937186474,-0.01598570306,0.0169794217,0.002336448598,-0.03688271605,,-3.733333333
4567,1.352656745,0.0319379845,-0.01806192196,0.01644045801,0.001621463954,0.03193146417,0.03194444444,0.5072815534,6.866666667
4568,-1.260195431,-0.03054263566,-0.006192414222,-0.0009934973082,0.00718591153,-0.006542056075,-0.05432098765,,-6.566666667
4569,0.1880073536,0.004418604651,-0.008955880794,0.02672133965,-0.01776545886,0.008099688474,0.0007716049383,1.263157895,0.95
4570,0.5417256084,0.01224806202,-0.008631552132,0.03369126477,-0.02505971264,0.04906542056,-0.02422839506,1.417721519,2.633333333
4571,-0.7286231665,-0.01775193798,-0.009575713645,0.02284171553,-0.01326600189,-0.009190031153,-0.0262345679,,-3.816666667
4572,0.02409859559,0.0005426356589,-0.004594241521,-0.01192876499,0.01652300652,-0.01791277259,0.01882716049,7.857142857,0.1166666667
4573,0.9745335858,0.02348837209,-0.001105831017,-0.001463181808,0.002569012825,0.05685358255,-0.009567901235,0.6435643564,5.05
4574,0.5813627561,0.01465116279,0.01347447143,0.01256165498,-0.02603612641,-0.01386292835,0.04290123457,0.7671957672,3.15
4575,1.279506593,0.03240310078,0.02815181167,-0.01994638828,-0.008205423383,0.07414330218,-0.008950617284,0.7320574163,6.966666667
4576,-0.3065995393,-0.007441860465,0.005708022945,-0.01371272092,0.008004697975,-0.01168224299,-0.003240740741,,-1.6
4577,2.23217772,0.05294573643,0.009050212634,0.007242398578,-0.01629261121,0.02445482866,0.08117283951,0.5724743777,11.38333333
4578,-1.674646364,-0.04395348837,-0.01578743365,0.01733682901,-0.001549395363,-0.04579439252,-0.04212962963,,-9.45
4579,1.035660504,0.02441860465,0.01287173634,0.01910304101,-0.03197477735,0.0007788161994,0.04783950617,0.7333333333,5.25
4580,1.209702692,0.02728682171,0.01086265553,-0.005111640281,-0.005751015247,0.007943925234,0.04645061728,0.7528409091,5.866666667
4581,-1.281014301,-0.02930232558,-0.02172172416,0.0009469776826,0.02077474648,0.01323987539,-0.07145061728,,-6.3
4582,0.369352781,0.008139534884,-0.01344361216,-0.004092842975,0.01753645514,0.01775700935,-0.001388888889,2.085714286,1.75
4583,2.119516686,0.04449612403,0.01710401621,-0.01819467722,0.001090661009,0.03613707165,0.05277777778,0.5818815331,9.566666667
4584,-0.4400612262,-0.01023255814,-0.004192464507,0.01792111257,-0.01372864807,-0.03380062305,0.01311728395,,-2.2
4585,0.2184739905,0.00519379845,0.01432435924,0.008794192001,-0.02311855124,-0.01760124611,0.02777777778,1.567164179,1.116666667
4586,-1.093966897,-0.02612403101,-0.04026348521,0.02071165565,0.01955182956,0.0003115264798,-0.05231481481,,-5.616666667
4587,-0.6878540447,-0.01658914729,-0.004963569211,0.01368828362,-0.008724714412,0.001713395639,-0.03472222222,,-3.566666667
4588,1.129433154,0.02759689922,0.02296829692,-0.004610176436,-0.01835812048,-0.005451713396,0.06033950617,0.3848314607,5.933333333
4589,-0.9902457093,-0.02240310078,0.007921290084,-0.02321901288,0.01529772279,-0.005295950156,-0.03935185185,,-4.816666667
4590,0.4410634048,0.01,0.000594197072,-0.003252369897,0.002658172825,0.02040498442,-0.0003086419753,1.085271318,2.15
4591,0.1696332808,0.004108527132,0.002999627085,-0.01718039995,0.01418077286,-0.03676012461,0.04459876543,1.226415094,0.8833333333
4592,-1.707017209,-0.03759689922,-0.02718726353,0.01214854863,0.01503871491,-0.02975077882,-0.04537037037,,-8.083333333
4593,-0.5816061054,-0.01341085271,-0.0003690825554,-0.0289485076,0.02931759015,-0.02165109034,-0.00524691358,,-2.883333333
4594,0.2546089728,0.006201550388,-0.02186978509,0.01769221099,0.004177574096,0.03862928349,-0.02592592593,2.75,1.333333333
4595,-0.9700618375,-0.02147286822,-0.009625839041,0.001174121635,0.008451717406,-0.02710280374,-0.01589506173,,-4.616666667
4596,-0.5694972003,-0.01317829457,-0.02316517836,0.01791965676,0.005245521599,-0.04065420561,0.01404320988,,-2.833333333
4597,-0.1427318289,-0.003023255814,-0.0030939899,0.004799497803,-0.001705507902,0.004517133956,-0.01049382716,,-0.65
4598,0.1014859115,0.002325581395,-0.00450590921,0.005734800388,-0.001228891178,-0.0009345794393,0.005555555556,3.7,0.5
4599,0.7655732762,0.0196124031,0.004736972045,-0.01222204152,0.00748506948,-0.007788161994,0.04675925926,1.102766798,4.216666667
4600,-0.4046921441,-0.009612403101,-0.01043413725,0.02535715296,-0.01492301571,-0.01775700935,-0.001543209877,,-2.066666667
4601,1.048674406,0.02418604651,0.01713631979,0.01684321878,-0.03397953857,0.01510903427,0.03317901235,0.6506410256,5.2
4602,-0.7888920815,-0.01821705426,-0.01639816239,-0.003110759732,0.01950892212,0.0003115264798,-0.03657407407,,-3.916666667
4603,-0.2038573594,-0.004573643411,0.008060753397,-0.006788406409,-0.001272346988,0.02009345794,-0.02901234568,,-0.9833333333
4604,-1.000077932,-0.02403100775,-0.002417082416,-0.0207096883,0.02312677072,-0.02959501558,-0.01851851852,,-5.166666667
4605,1.272217359,0.02945736434,0.0004431397281,-0.01047607796,0.01003293824,0.05825545171,0.0009259259259,0.6842105263,6.333333333
4606,-2.032946328,-0.04852713178,-0.03815337165,0.003927240753,0.0342261309,-0.09704049844,-0.000462962963,,-10.43333333
4607,1.305496554,0.03302325581,0.03297719873,-0.03154663006,-0.001430568667,0.04034267913,0.02577160494,0.4507042254,7.1
4608,1.017113737,0.02720930233,0.005021373725,-0.01048837579,0.005467002068,-0.04190031153,0.09567901235,1.088319088,5.85
4609,0.6592979229,0.01697674419,0.006935232878,-0.005824838633,-0.001110394245,0.0191588785,0.01481481481,0.8584474886,3.65
4610,-0.3632710146,-0.009457364341,0.004167465001,-0.005688197282,0.001520732281,-0.01806853583,-0.0009259259259,,-2.033333333
4611,0.6118377153,0.01348837209,0.0006131139572,0.02687216925,-0.02748528321,0.02990654206,-0.002777777778,1.103448276,2.9
4612,-1.088362853,-0.02527131783,-0.0001121335708,-0.03540375527,0.03551588884,-0.04579439252,-0.004938271605,,-5.433333333
4613,0.4375495079,0.01015503876,0.01716711615,-0.0234120821,0.006244965955,0.01028037383,0.0100308642,1.923664122,2.183333333
4614,-1.168221151,-0.02759689922,-0.0321695087,0.01178142453,0.02038808417,-0.06651090343,0.01095679012,,-5.933333333
4615,-1.091785528,-0.02620155039,0.005716906869,-0.007137476423,0.001420569553,-0.02492211838,-0.0274691358,,-5.633333333
4616,-0.2224170919,-0.005891472868,-0.0199888653,0.01484359691,0.005145268387,-0.01401869159,0.002160493827,,-1.266666667
4617,2.673948038,0.06372093023,0.03570370421,-0.01387958001,-0.0218241242,0.04143302181,0.08580246914,0.596107056,13.7
4618,-0.488083567,-0.0111627907,0.001781304442,-0.01921302312,0.01743171868,-0.03052959502,0.008024691358,,-2.4
4619,-0.6171026875,-0.01441860465,-0.0140629511,0.0008848767795,0.01317807432,0.01339563863,-0.04197530864,,-3.1
4620,0.9816238116,0.02426356589,0.01009140579,0.02101076151,-0.0311021673,0.05654205607,-0.007716049383,0.785942492,5.216666667
4621,-0.04623684111,-0.001085271318,0.00269232278,-0.005323171568,0.002630848788,-0.03224299065,0.02978395062,,-0.2333333333
4622,-1.641387167,-0.04201550388,-0.02622026177,0.003471409836,0.02274885193,-0.03348909657,-0.05046296296,,-9.033333333
4623,1.260548495,0.03093023256,0.0240180221,-0.02752452507,0.003506502967,0.04595015576,0.01604938272,0.8295739348,6.65
4624,-0.1549083667,-0.003798449612,-0.01704927028,0.004961345118,0.01208792516,0.002024922118,-0.009567901235,,-0.8166666667
4625,1.055940434,0.02418604651,0.0109158223,-0.02724909393,0.01633327163,-0.02320872274,0.07114197531,0.7820512821,5.2
4626,-0.5342681885,-0.01286821705,0.0003099403208,0.001484537585,-0.001794477906,0.03535825545,-0.06064814815,,-2.766666667
4627,-0.349126395,-0.008449612403,-0.009584468085,0.01949177208,-0.009907303992,-0.04392523364,0.02669753086,,-1.816666667
4628,-0.6291396265,-0.01573643411,0.003621119304,-0.0213187588,0.0176976395,-0.001090342679,-0.03024691358,,-3.383333333
4629,0.7024660693,0.01511627907,0.01747503354,-0.01483220583,-0.002642827714,0.03940809969,-0.008950617284,0.4769230769,3.25
4630,-1.493680021,-0.03720930233,-0.02610328806,0.008409121743,0.01769416632,-0.09299065421,0.01805555556,,-8.0
4631,0.2445473401,0.005891472868,-0.003306480318,-0.004534572038,0.007841052355,-0.02570093458,0.03719135802,2.065789474,1.266666667
4632,1.139805449,0.02759689922,0.008722047195,-0.00656543982,-0.002156607375,0.01962616822,0.03549382716,0.4578651685,5.933333333
4633,-1.820809105,-0.0407751938,-0.00587251727,-0.0183047395,0.02417725677,-0.01682242991,-0.06450617284,,-8.766666667
4634,1.928104819,0.05147286822,0.02521847284,-0.009859438666,-0.01535903418,0.03473520249,0.06805555556,0.4759036145,11.06666667
4635,-0.4540889403,-0.01085271318,0.005104562848,-0.02560676878,0.02050220593,-0.01744548287,-0.004320987654,,-2.333333333
4636,-1.238759454,-0.02860465116,-0.01642584407,0.01154551122,0.00488033285,-0.04018691589,-0.01712962963,,-6.15
4637,-0.2028691892,-0.004573643411,-0.007197767453,-0.005356293343,0.0125540608,-0.02009345794,0.01080246914,,-0.9833333333
4638,-1.607967362,-0.03705426357,-0.04005452319,0.02037172737,0.01968279582,-0.03644859813,-0.03765432099,,-7.966666667
4639,-1.642528037,-0.03511627907,-0.002717363342,-0.009947150837,0.01266451418,-0.05015576324,-0.02021604938,,-7.55
4640,1.261914958,0.0307751938,0.02297631763,-0.009894229799,-0.01308208783,0.04984423676,0.01188271605,0.7229219144,6.616666667
4641,0.5506461974,0.01348837209,-0.01814301198,0.01310454771,0.005038464271,0.0285046729,-0.001388888889,1.120689655,2.9
4642,0.5620288093,0.01403100775,0.005639922825,0.001561756816,-0.007201679641,0.009190031153,0.01882716049,1.044198895,3.016666667
4643,0.04388928482,0.001085271318,0.002644834676,-0.02118398684,0.01853915217,0.002024922118,0.0001543209877,2.142857143,0.2333333333
4644,0.1886006444,0.004573643411,-0.005671154282,-0.001470343365,0.007141497647,-0.04813084112,0.05679012346,3.152542373,0.9833333333
4645,-1.660705939,-0.03837209302,-0.009955429338,-0.01111047372,0.02106590305,-0.02570093458,-0.05092592593,,-8.25
4646,1.375409847,0.03108527132,-0.002246144371,0.01316147962,-0.01091533525,0.01308411215,0.04891975309,0.812967581,6.683333333
4647,1.685214872,0.0392248062,0.02441778345,-0.03094420549,0.006526422049,0.07289719626,0.005864197531,0.6185770751,8.433333333
4648,0.9608755842,0.01937984496,-0.005844905274,-0.003531516831,0.009376422105,0.03161993769,0.00725308642,0.924,4.166666667
4649,0.3777926871,0.009457364341,0.01385596192,-0.007829139959,-0.006026821956,-0.005607476636,0.02438271605,0.8606557377,2.033333333
4650,-0.8751416867,-0.02372093023,-0.003210776411,-0.02910728663,0.03231806304,-0.0253894081,-0.02206790123,,-5.1
4651,-0.4781428799,-0.01031007752,-0.004611256666,0.01317461811,-0.008563361442,-0.009190031153,-0.01141975309,,-2.216666667
4652,1.34487453,0.03286821705,-0.0001264330727,0.02012533521,-0.01999890214,0.03566978193,0.03009259259,0.5966981132,7.066666667
4653,-0.589549422,-0.01488372093,-0.008811986536,-0.005628292986,0.01444027952,-0.01479750779,-0.0149691358,,-3.2
4654,1.366093091,0.03217054264,-0.008730844007,0.003290485617,0.00544035839,0.02803738318,0.0362654321,0.3590361446,6.916666667
4655,1.825199673,0.04217054264,0.02255059837,0.004242656631,-0.02679325501,0.02741433022,0.05679012346,0.5477941176,9.066666667
4656,-1.123573501,-0.02674418605,-0.007175659788,0.003890296833,0.003285362955,-0.04143302181,-0.01219135802,,-5.75
4657,0.8299264595,0.01813953488,0.008770623869,0.006607055066,-0.01537767894,0.02040498442,0.01589506173,0.8888888889,3.9
4658,0.2449010479,0.005503875969,0.007310357027,-0.0194373803,0.01212702328,-0.0230529595,0.0337962963,2.098591549,1.183333333
4659,1.035070393,0.02558139535,0.01326952428,0.03313890326,-0.04640842755,0.005919003115,0.0450617284,0.7787878788,5.5
4660,-1.135916544,-0.0276744186,-0.00526786903,-0.02418662918,0.02945449821,-0.08644859813,0.03055555556,,-5.95
4661,-0.2834968287,-0.007286821705,0.0006846269018,-0.008668946827,0.007984319925,0.02803738318,-0.04228395062,,-1.566666667
4662,0.1410605337,0.003255813953,0.01528326466,-0.03559318937,0.02030992471,0.001869158879,0.00462962963,2.428571429,0.7
4663,-0.8493124648,-0.01937984496,-0.01720029833,0.002501554006,0.01469874432,-0.05062305296,0.01157407407,,-4.166666667
4664,0.6366289706,0.01589147287,0.002678183482,0.004696859438,-0.00737504292,0.002336448598,0.02932098765,0.843902439,3.416666667
4665,0.5313258281,0.01248062016,0.003364937045,-0.01832277075,0.0149578337,0.01028037383,0.01466049383,0.4844720497,2.683333333
4666,-0.8391481056,-0.01782945736,-0.005099832127,0.01987463725,-0.01477480513,0.01090342679,-0.0462962963,,-3.833333333
4667,-0.973204843,-0.02472868217,-0.03212150846,0.0178222635,0.01429924496,-0.0261682243,-0.02330246914,,-5.316666667
4668,-0.5605816219,-0.01410852713,0.002560672248,0.005079582162,-0.00764025441,-0.007320872274,-0.02083333333,,-3.033333333
4669,2.577943204,0.05860465116,0.02278675338,0.01426851714,-0.03705527052,0.04735202492,0.06975308642,0.4246031746,12.6
4670,-0.2280871397,-0.005271317829,-0.001461506973,0.004746734422,-0.00328522745,0.0003115264798,-0.01080246914,,-1.133333333
4671,-2.26848853,-0.05279069767,-0.01697938288,-0.01941447799,0.03639386087,-0.06619937695,-0.03950617284,,-11.35
4672,-2.210312297,-0.05372093023,-0.01570131544,-0.0224291295,0.03813044495,-0.05560747664,-0.05185185185,,-11.55
4673,1.117421841,0.02612403101,0.0202970578,-0.01371335616,-0.006583701638,0.02180685358,0.03040123457,0.943620178,5.616666667
4674,-1.428347319,-0.03488372093,-0.009342110157,-0.003689544358,0.01303165451,-0.05794392523,-0.01203703704,,-7.5
4675,1.709281689,0.03829457364,0.03076665244,-0.009709640627,-0.02105701181,0.05046728972,0.0262345679,0.3765182186,8.233333333
4676,-1.290608467,-0.03379844961,-0.01185642367,-0.01173157718,0.02358800085,-0.07040498442,0.002469135802,,-7.266666667
4677,0.8205069533,0.01945736434,0.01072230409,-0.009577120947,-0.001145183147,0.0191588785,0.01975308642,0.5298804781,4.183333333
4678,-0.7349958455,-0.01829457364,-0.01078864826,-0.004500183726,0.01528883199,0.01744548287,-0.0537037037,,-3.933333333
4679,-2.128515815,-0.05,-0.03962936189,0.01024149419,0.0293878677,-0.09330218069,-0.007098765432,,-10.75
4680,-0.3410576764,-0.007751937984,-0.035185947,0.01217100314,0.02301494386,0.01822429907,-0.03348765432,,-1.666666667
4681,-0.7711711102,-0.01852713178,-0.004657103436,-0.01507453193,0.01973163537,-0.004984423676,-0.03194444444,,-3.983333333
4682,0.09866189309,0.002325581395,-0.02789081661,0.01469481846,0.01319599815,-0.003271028037,0.00787037037,2.8,0.5
4683,0.7328429418,0.01813953488,0.01615096848,-0.02518128025,0.00903031177,0.009657320872,0.02654320988,1.132478632,3.9
4684,-0.8033768976,-0.01992248062,0.006206663163,-0.0271089153,0.02090225213,0.002803738318,-0.0424382716,,-4.283333333
4685,-0.3197747186,-0.007829457364,0.00215958993,-0.00864958139,0.00648999146,-0.04875389408,0.03271604938,,-1.683333333
4686,-0.2628755233,-0.006279069767,-0.003857933694,0.004319023633,-0.0004610899387,0.0004672897196,-0.01296296296,,-1.35
4687,0.4137403365,0.01023255814,0.0006003922919,-0.01145945555,0.01085906326,-0.05404984424,0.07391975309,2.204545455,2.2
4688,-0.475563097,-0.0119379845,-0.004953615801,-0.005788392556,0.01074200836,-0.01199376947,-0.01188271605,,-2.566666667
4689,-0.3128147467,-0.007984496124,-0.002500907269,0.003524073475,-0.001023166206,-0.03177570093,0.01558641975,,-1.716666667
4690,0.8215540698,0.01937984496,0.009727640104,-0.01741291226,0.007685272155,-0.009657320872,0.04814814815,0.652,4.166666667
4691,-1.327554076,-0.03310077519,-0.01605629462,-0.01590878815,0.03196508278,-0.05218068536,-0.01419753086,,-7.116666667
4692,1.851015874,0.04751937984,0.03145142092,-0.02391273885,-0.007538682067,0.01448598131,0.08024691358,0.4665579119,10.21666667
4693,0.2274739531,0.00503875969,0.00142851421,0.001924015566,-0.003352529776,0.03722741433,-0.02685185185,2.584615385,1.083333333
4694,0.9325890739,0.0215503876,0.02314502543,-0.001753172274,-0.02139185316,0.01526479751,0.02777777778,0.6978417266,4.633333333
4695,1.960794244,0.04713178295,0.009550384043,0.000175961167,-0.00972634521,0.03255451713,0.06157407407,0.4424342105,10.13333333
4696,0.04902066708,0.001162790698,0.005400595085,-0.01042248824,0.005021893152,0.003738317757,-0.001388888889,3.133333333,0.25
4697,-0.6135698868,-0.01480620155,-0.01608532587,0.002654839075,0.0134304868,-0.06510903427,0.0350308642,,-3.183333333
4698,1.104851067,0.02550387597,-0.003092806452,0.01346548045,-0.010372674,0.02710280374,0.02391975309,0.7386018237,5.483333333
4699,-1.49374792,-0.03379844961,-0.0008672891787,-0.03069119899,0.03155848817,-0.02429906542,-0.04320987654,,-7.266666667
4700,0.2723565298,0.006356589147,0.00821257862,0.02263187558,-0.0308444542,0.0453271028,-0.03225308642,2.317073171,1.366666667
4701,-0.4517849833,-0.01046511628,-0.004503130637,-0.01042146813,0.01492459877,-0.04890965732,0.02762345679,,-2.25
4702,1.946237747,0.04379844961,-0.000580432722,0.01419271899,-0.01361228627,0.03473520249,0.05277777778,0.4955752212,9.416666667
4703,-0.6447129526,-0.01589147287,-0.005642999212,0.009784301872,-0.004141302659,-0.005451713396,-0.0262345679,,-3.416666667
4704,-0.6800699329,-0.01612403101,-0.005851375287,-0.01252231096,0.01837368625,-0.007476635514,-0.02469135802,,-3.466666667
4705,0.530468319,0.01286821705,-0.01052613348,0.01264752115,-0.002121387675,0.007943925234,0.01774691358,0.813253012,2.766666667
4706,2.904184675,0.07255813953,0.02973081634,-0.001056195528,-0.02867462082,0.07429906542,0.07083333333,0.360042735,15.6
4707,0.2925158052,0.006976744186,0.01119567003,-0.01219090505,0.0009952350226,-0.02834890966,0.04197530864,3.244444444,1.5
4708,-0.4312534543,-0.01062015504,-0.005227566574,-0.004900056623,0.0101276232,-0.01760124611,-0.003703703704,,-2.283333333
4709,0.5971680599,0.01426356589,-0.01329393517,0.005752850132,0.007541085034,0.009345794393,0.01913580247,0.4673913043,3.066666667
4710,1.595427551,0.03790697674,0.02000666597,0.009653940303,-0.02966060627,0.02429906542,0.05138888889,0.6155419223,8.15
4711,0.07820314913,0.001860465116,0.0002662918648,0.02038042267,-0.02064671454,-0.02352024922,0.02700617284,4.166666667,0.4
4712,0.0177234904,0.0003875968992,-0.01860262695,0.009324304643,0.00927832231,-0.0003115264798,0.001080246914,23.6,0.08333333333
4713,0.8029720059,0.0192248062,-0.004656231387,0.001124265079,0.003531966307,0.01604361371,0.02237654321,0.6612903226,4.133333333
4714,0.4363110591,0.01085271318,0.02034471996,-0.01414906289,-0.006195657061,-0.007320872274,0.02885802469,0.9142857143,2.333333333
4715,2.580222184,0.06139534884,0.03546919538,-0.01878718951,-0.01668200587,0.03161993769,0.09089506173,0.6502525253,13.2
4716,0.3661584602,0.008682170543,0.00685457828,0.01761531195,-0.02446989022,-0.01323987539,0.03040123457,1.598214286,1.866666667
4717,-0.9593643654,-0.02178294574,-0.01236339226,0.001296084008,0.01106730825,-0.01370716511,-0.02978395062,,-4.683333333
4718,0.2265150869,0.005271317829,0.005731261803,0.003791394793,-0.009522656596,0.01183800623,-0.001234567901,1.764705882,1.133333333
4719,0.6999740078,0.01689922481,0.002971121462,0.003796940697,-0.00676806216,0.01246105919,0.0212962963,0.9036697248,3.633333333
4720,-0.06134290439,-0.001472868217,-0.01844590686,0.01496074598,0.003485160872,-0.0004672897196,-0.002469135802,,-0.3166666667
4721,1.093854454,0.02596899225,0.01043363004,0.01114465136,-0.0215782814,0.03613707165,0.01589506173,0.5313432836,5.583333333
4722,-0.2861336827,-0.006666666667,0.01189513889,-0.02198593574,0.01009079684,-0.01838006231,0.004938271605,,-1.433333333
4723,-0.4634333489,-0.01124031008,0.01762765962,-0.007219807811,-0.01040785181,-0.01277258567,-0.009722222222,,-2.416666667
4724,0.164778529,0.003875968992,-0.001167279782,0.0132926754,-0.01212539561,-0.008411214953,0.01604938272,1.38,0.8333333333
4725,1.626040448,0.03689922481,0.02445425917,0.0003847344957,-0.02483899367,0.02523364486,0.04845679012,0.4642857143,7.933333333
4726,0.7148400753,0.01658914729,0.01271404987,-0.01919888371,0.006484833841,0.01557632399,0.01759259259,0.9252336449,3.566666667
4727,2.861561847,0.06682170543,0.02866601944,0.005689966927,-0.03435598636,0.07912772586,0.05462962963,0.3955916473,14.36666667
4728,-1.143011415,-0.02891472868,-0.009592933668,0.01436952015,-0.00477658648,-0.01105919003,-0.04660493827,,-6.216666667
4729,-0.5097250004,-0.01263565891,-0.003563735535,-0.003048881497,0.006612617032,-0.06884735202,0.04305555556,,-2.716666667
4730,-1.198055736,-0.02775193798,-0.01059463225,-0.01422649258,0.02482112483,-0.06510903427,0.009259259259,,-5.966666667
4731,0.6395412951,0.01713178295,0.01810712483,-0.02435204444,0.006244919604,0.008878504673,0.02530864198,0.9819004525,3.683333333
4732,1.505996161,0.03689922481,0.01073917076,0.01021876843,-0.02095793919,0.05451713396,0.01944444444,0.5021008403,7.933333333
4733,-1.741525687,-0.0403875969,-0.01441498216,-0.001937120014,0.01635210217,-0.03971962617,-0.04104938272,,-8.683333333
4734,-0.7932522574,-0.01914728682,0.01373762507,-0.03991335833,0.02617573326,-0.003115264798,-0.0350308642,,-4.116666667
4735,-0.49339588,-0.01178294574,-0.01895744198,0.01227890206,0.006678539918,-0.005295950156,-0.01820987654,,-2.533333333
4736,-0.5694384217,-0.01279069767,-0.01997192002,0.006899634325,0.0130722857,-0.03364485981,0.00787037037,,-2.75
4737,-0.04117880406,-0.001007751938,0.01184421226,-0.001873430309,-0.009970781949,0.01308411215,-0.0149691358,,-0.2166666667
4738,-0.1562140479,-0.003720930233,-0.005501401228,-0.01248032128,0.01798172251,-0.04750778816,0.03966049383,,-0.8
4739,-0.937042965,-0.02093023256,0.003277057467,-0.00947231198,0.006195254513,-0.001090342679,-0.04058641975,,-4.5
4740,0.4448402623,0.01093023256,0.01823851956,-0.01005814317,-0.008180376394,-0.005451713396,0.02716049383,1.205673759,2.35
4741,0.7948630348,0.01992248062,-0.01011069438,0.002308351357,0.007802343024,0.03551401869,0.004475308642,0.3852140078,4.283333333
4742,-0.9925346676,-0.0211627907,-0.005570726744,-0.00610353609,0.01167426283,-0.007165109034,-0.0350308642,,-4.55
4743,-2.233641366,-0.05534883721,-0.04680973453,0.02639295212,0.02041678241,-0.08395638629,-0.02700617284,,-11.9
4744,-1.131153698,-0.02751937984,0.0004203201785,-0.009047031361,0.008626711182,-0.0269470405,-0.02808641975,,-5.916666667
4745,-0.4772029809,-0.01124031008,-0.006259697361,0.02219702685,-0.01593732949,-0.04096573209,0.01820987654,,-2.416666667
4746,0.8165570351,0.0196124031,0.01754526834,-0.02074687987,0.003201611534,0.0515576324,-0.01203703704,1.090909091,4.216666667
4747,-1.432208332,-0.03713178295,-0.01334989411,-0.005462411417,0.01881230553,-0.0769470405,0.002314814815,,-7.983333333
4748,-2.484866809,-0.05899224806,-0.0329724063,0.0003979300415,0.03257447626,-0.07741433022,-0.04074074074,,-12.68333333
4749,0.01851765131,0.0004651162791,-0.01345922191,0.01575775047,-0.002298528564,0.006853582555,-0.005864197531,10.0,0.1
4750,1.410037215,0.03596899225,0.009191696827,-0.000165889765,-0.009025807062,0.003582554517,0.06805555556,0.4913793103,7.733333333
4751,-0.7245580782,-0.01837209302,0.005889891633,0.01977663284,-0.02566652447,-0.01588785047,-0.02083333333,,-3.95
4752,0.2295656953,0.005348837209,-0.01001121276,0.005650195361,0.004361017396,0.01557632399,-0.004783950617,1.289855072,1.15
4753,0.2361428163,0.005426356589,0.00197304563,0.006093140021,-0.008066185651,-0.006542056075,0.01728395062,2.171428571,1.166666667
4754,1.254404128,0.02953488372,-0.002272782993,-0.01264638627,0.01491916926,0.01635514019,0.04259259259,0.5039370079,6.35
4755,-2.586514246,-0.05550387597,-0.01358641615,-0.01341182773,0.02699824389,-0.03971962617,-0.07114197531,,-11.93333333
4756,1.830401966,0.04573643411,0.02041402654,-0.01548257798,-0.004931448557,0.002647975078,0.08842592593,0.6593220339,9.833333333
4757,0.6963761129,0.01751937984,0.008992312902,-0.0050437292,-0.003948583702,-0.004517133956,0.03935185185,0.6194690265,3.766666667
4758,0.8746803601,0.0223255814,-0.001071619857,-0.01095606322,0.01202768308,0.02056074766,0.02407407407,0.5138888889,4.8
4759,0.2901185717,0.007364341085,0.006841913723,-0.01076807374,0.003926160016,0.002336448598,0.01234567901,0.7263157895,1.583333333
4760,-0.269035744,-0.006511627907,-0.002827221556,-0.01170588684,0.0145331084,0.01339563863,-0.0262345679,,-1.4
4761,-0.5086250353,-0.0115503876,-0.004366404982,0.00727890577,-0.002912500788,-0.05716510903,0.03364197531,,-2.483333333
4762,-0.0433623423,-0.001085271318,0.01160186865,-0.008857416187,-0.002744452467,0.02274143302,-0.02469135802,,-0.2333333333
4763,1.586675502,0.03906976744,0.02062863626,-0.01827664087,-0.002351995395,0.01479750779,0.06311728395,0.5753968254,8.4
4764,1.617438899,0.03589147287,0.01171161561,0.00463004187,-0.01634165748,0.03348909657,0.03827160494,0.5939524838,7.716666667
4765,-1.612120997,-0.03906976744,-0.03491869121,0.01493817163,0.01998051958,-0.08099688474,0.002469135802,,-8.4
4766,-6.598511485e-17,-1.549148406e-18,0.01617414928,-0.01098308518,-0.005191064106,0.003426791277,-0.003395061728,,-3.330669074e-16
4767,-1.326709235,-0.0303875969,0.000256000514,-0.01159509589,0.01133909538,-0.04361370717,-0.01728395062,,-6.533333333
4768,-0.3730972001,-0.008139534884,0.002576344062,-0.02078543554,0.01820909148,-0.04813084112,0.03148148148,,-1.75
4769,1.809657388,0.04527131783,0.0148826538,0.01846688029,-0.03334953408,0.04096573209,0.04953703704,0.4811643836,9.733333333
4770,-0.106936803,-0.002558139535,-0.008424227901,-0.01812020279,0.02654443069,-0.01728971963,0.01203703704,,-0.55
4771,-2.770588516,-0.0688372093,-0.03593637177,0.01214397322,0.02379239855,-0.08239875389,-0.05540123457,,-14.8
4772,-2.098431917,-0.04775193798,-0.01177648065,-0.01323659649,0.02501307714,-0.06728971963,-0.02839506173,,-10.26666667
4773,1.084736541,0.02511627907,0.008835786581,-0.006417499861,-0.00241828672,0.01168224299,0.03842592593,0.4691358025,5.4
4774,1.406595619,0.03519379845,0.02519262475,0.006862281203,-0.03205490595,0.04859813084,0.02191358025,0.9162995595,7.566666667
4775,1.216215847,0.02620155039,0.003074158357,0.02015476417,-0.02322892253,0.04781931464,0.004783950617,0.5325443787,5.633333333
4776,-0.2601918067,-0.005736434109,-0.01152938579,0.003037778035,0.008491607759,-0.01744548287,0.005864197531,,-1.233333333
4777,1.325617875,0.03178294574,0.004857052674,-0.004944258777,8.720610347e-05,-0.003426791277,0.06666666667,0.9756097561,6.833333333
4778,-0.239912247,-0.006124031008,0.005215944104,0.003108959458,-0.008324903562,-0.08208722741,0.06913580247,,-1.316666667
4779,0.663804086,0.01589147287,0.007387535785,0.03653067609,-0.04391821188,0.03442367601,-0.002469135802,0.6048780488,3.416666667
4780,0.71586733,0.01550387597,0.01973780396,-0.03638496331,0.01664715935,0.02320872274,0.00787037037,0.925,3.333333333
4781,-0.8135942819,-0.02054263566,-0.03270198701,0.02254381558,0.01015817142,-0.04485981308,0.003549382716,,-4.416666667
4782,0.3393178526,0.008372093023,0.01209250936,-0.02036753813,0.008275028768,0.01230529595,0.004475308642,1.527777778,1.8
4783,-1.858459881,-0.04348837209,-0.01197100765,-0.009177537327,0.02114854498,-0.06355140187,-0.02361111111,,-9.35
4784,-0.4780177296,-0.01062015504,0.002184912215,-0.01984072751,0.0176558153,0.02725856698,-0.04814814815,,-2.283333333
4785,0.02487885235,0.0006201550388,-0.008784074572,0.005627850609,0.003156223962,-0.04626168224,0.04706790123,21.375,0.1333333333
4786,-0.951790449,-0.02279069767,-0.0379441161,0.01905926979,0.0188848463,-0.05249221184,0.006635802469,,-4.9
4787,0.1794895637,0.004341085271,-0.009945638342,0.007316193068,0.002629445274,-0.01838006231,0.02685185185,2.25,0.9333333333
4788,-0.3379794303,-0.008139534884,0.004551740665,0.003544875113,-0.008096615778,-0.05856697819,0.04182098765,,-1.75
4789,-1.577434538,-0.03666666667,-0.02536002638,0.006163885692,0.01919614069,-0.06168224299,-0.01188271605,,-7.883333333
4790,1.003735017,0.02201550388,0.015479022,0.005217898996,-0.020696921,0.01588785047,0.02808641975,1.066901408,4.733333333
4791,-0.7631923496,-0.01798449612,-0.006336483531,0.01395753458,-0.007621051048,-0.009190031153,-0.02669753086,,-3.866666667
4792,-1.012317892,-0.02426356589,-0.006076915699,-0.002125998751,0.00820291445,0.01433021807,-0.0625,,-5.216666667
4793,1.44420426,0.03341085271,0.02541105827,0.01788610831,-0.04329716658,0.03302180685,0.0337962963,0.5800464037,7.183333333
4794,-0.8274562004,-0.01984496124,-0.0100909951,0.005450353181,0.004640641915,-0.0531152648,0.01311728395,,-4.266666667
4795,-0.7887163594,-0.01899224806,0.002142580583,-0.02523041596,0.02308783538,-0.06775700935,0.02932098765,,-4.083333333
4796,-3.185931147,-0.07325581395,-0.03995662084,0.002710774904,0.03724584594,-0.08130841121,-0.06527777778,,-15.75
4797,0.003341978044,7.751937984e-05,-0.03078346777,0.03214762086,-0.001364153095,-0.02133956386,0.0212962963,57.0,0.01666666667
4798,0.1675125052,0.004031007752,0.001429326241,0.01365571806,-0.0150850443,-0.03177570093,0.03950617284,1.615384615,0.8666666667
4799,-0.1233562026,-0.002868217054,0.01979781227,-0.01729815241,-0.002499659858,0.03099688474,-0.03641975309,,-0.6166666667
4800,-1.995554795,-0.04658914729,-0.02532638022,-0.003667868811,0.02899424903,-0.03956386293,-0.05354938272,,-10.01666667
4801,-0.6959280007,-0.01643410853,0.004577492206,-0.01351705545,0.008939563245,-0.02523364486,-0.007716049383,,-3.533333333
4802,-1.13596179,-0.02813953488,-0.008531624724,-0.00617214247,0.01470376719,-0.01386292835,-0.04228395062,,-6.05
4803,-0.6460244302,-0.01496124031,-0.02675161038,0.01671399232,0.01003761806,0.003115264798,-0.03287037037,,-3.216666667
4804,0.03671986264,0.0009302325581,0.008780335454,-0.01304420802,0.004263872566,-0.07165109034,0.07283950617,17.25,0.2
4805,-0.03662996611,-0.0008527131783,-0.01424553607,-0.006716636153,0.02096217222,-0.02056074766,0.01867283951,,-0.1833333333
4806,0.6723326717,0.01581395349,-0.0004296178872,0.01972217757,-0.01929255968,-0.0007788161994,0.03225308642,1.289215686,3.4
4807,1.478990968,0.03558139535,-0.0003109667769,0.01276416037,-0.01245319359,0.03722741433,0.03395061728,0.4074074074,7.65
4808,2.834221263,0.06410852713,0.01001265564,0.005482642163,-0.0154952978,0.02320872274,0.1046296296,0.6045949214,13.78333333
4809,-0.4718356524,-0.0111627907,-0.004089680325,-0.01053216408,0.01462184441,0.0191588785,-0.0412037037,,-2.4
4810,0.7261196706,0.01782945736,0.005205532657,-0.009465238555,0.004259705898,0.01775700935,0.01790123457,0.7913043478,3.833333333
4811,0.2133687305,0.00488372093,0.003542067637,-0.004649773638,0.001107706001,-0.03115264798,0.04058641975,4.285714286,1.05
4812,0.1596298437,0.004031007752,-0.01207605798,-0.01262932526,0.02470538324,-0.05124610592,0.0587962963,4.019230769,0.8666666667
4813,-0.7375587376,-0.01720930233,-0.0003787804476,-0.000280124809,0.0006589052567,-0.02819314642,-0.006327160494,,-3.7
4814,1.845516372,0.04279069767,0.02506723668,0.001379583957,-0.02644682064,0.04828660436,0.03734567901,0.6231884058,9.2
4815,-0.0309967966,-0.0006976744186,-0.01224843633,0.006173097174,0.006075339159,0.02414330218,-0.02530864198,,-0.15
4816,1.357497962,0.03201550388,0.01171639094,0.006404667786,-0.01812105873,0.02352024922,0.04043209877,0.4527845036,6.883333333
4817,0.08274519352,0.002093023256,0.006638689523,0.03127652729,-0.03791521681,0.01074766355,-0.006481481481,3.333333333,0.45
4818,2.110211858,0.04953488372,-0.001949297668,0.01951594789,-0.01756665022,0.03473520249,0.06419753086,0.4851330203,10.65
4819,-1.075824673,-0.02565891473,-0.009072511419,-0.004640155511,0.01371266693,-0.06074766355,0.009104938272,,-5.516666667
4820,-1.620420714,-0.04224806202,-0.008642998993,-0.01670274689,0.02534574588,-0.06697819315,-0.01774691358,,-9.083333333
4821,0.3215595317,0.007441860465,-0.02658271788,0.0178705724,0.008712145477,0.005295950156,0.009567901235,1.6875,1.6
4822,0.704578232,0.01829457364,0.01782005617,-0.00285186748,-0.01496818869,0.002959501558,0.03348765432,0.8771186441,3.933333333
4823,0.08003415931,0.002015503876,-0.008375010504,0.01320572943,-0.004830718925,-0.009657320872,0.01358024691,4.307692308,0.4333333333
4824,0.6339611489,0.01542635659,0.01817811063,-0.01212597945,-0.006052131184,-0.03940809969,0.06975308642,1.0,3.316666667
4825,0.2042665847,0.00496124031,0.003250844203,-0.01045134995,0.007200505746,0.004984423676,0.004938271605,2.1875,1.066666667
4826,-0.598623421,-0.01325581395,-0.01742974262,0.001326056091,0.01610368653,0.01137071651,-0.03765432099,,-2.85
4827,0.2268666022,0.005581395349,0.007943620328,-0.01306506999,0.005121449667,-0.01947040498,0.03040123457,1.430555556,1.2
4828,-0.6480881621,-0.01550387597,0.02175831454,-0.03822486577,0.01646655123,0.01199376947,-0.04274691358,,-3.333333333
4829,0.3937903744,0.009379844961,0.01524005298,-0.01378690506,-0.001453147926,-0.002803738318,0.02145061728,0.9752066116,2.016666667
4830,0.01638148259,0.0003875968992,0.0001125817154,0.005345028205,-0.00545760992,0.005451713396,-0.00462962963,25.6,0.08333333333
4831,0.721454054,0.01627906977,0.00152360737,-0.006673953284,0.005150345914,0.006074766355,0.02638888889,0.9571428571,3.5
4832,-0.4248016804,-0.01007751938,-0.01956952726,0.01539943612,0.00417009114,-0.02912772586,0.008796296296,,-2.166666667
4833,-0.1983787641,-0.004728682171,-0.002380138577,-0.01613509226,0.01851523084,-0.006074766355,-0.003395061728,,-1.016666667
4834,-0.04261076505,-0.001007751938,0.006450557657,-0.02475541713,0.01830485947,-0.0006230529595,-0.001388888889,,-0.2166666667
4835,1.032515168,0.02612403101,0.01136411443,-0.0250451175,0.01368100307,-0.02056074766,0.07237654321,0.7833827893,5.616666667
4836,-0.7957842723,-0.01914728682,-0.00392283069,0.00417354205,-0.0002507113601,-0.02990654206,-0.008487654321,,-4.116666667
4837,0.3375205959,0.008062015504,-0.002499292464,-0.003406206669,0.005905499133,0.02367601246,-0.007407407407,0.6730769231,1.733333333
4838,-1.023194688,-0.02573643411,-0.007955717008,-0.01125011536,0.01920583237,-0.03785046729,-0.0137345679,,-5.533333333
4839,-0.372416772,-0.008604651163,-0.02094563512,0.006673469547,0.01427216557,0.02336448598,-0.04027777778,,-1.85
4840,-2.550782281,-0.06186046512,-0.02538775281,0.001949329832,0.02343842297,-0.06542056075,-0.05833333333,,-13.3
4841,-0.9802850206,-0.02457364341,-0.03093871128,0.01021513003,0.02072358125,-0.0531152648,0.003703703704,,-5.283333333
4842,-1.629868175,-0.04186046512,-0.0111325329,0.02091868301,-0.00978615011,-0.06105919003,-0.02283950617,,-9.0
4843,-0.4920552416,-0.01170542636,-0.01473524351,0.0006282644987,0.01410697901,-0.03613707165,0.0125,,-2.516666667
4844,1.114178748,0.02782945736,0.01683860769,-0.01577200051,-0.001066607185,0.01884735202,0.03672839506,0.5348189415,5.983333333
4845,1.298240126,0.02837209302,0.008982814392,0.006542232179,-0.01552504657,-0.005919003115,0.06234567901,0.9617486339,6.1
4846,-1.544021594,-0.03596899225,-0.03942135123,0.02260921491,0.01681213631,-0.03925233645,-0.03271604938,,-7.733333333
4847,-2.055291037,-0.05147286822,-0.05337888681,0.02597611058,0.02740277624,-0.03660436137,-0.0662037037,,-11.06666667
4848,-0.5272355433,-0.01224806202,-0.01326775138,0.01795291851,-0.004685167126,0.02429906542,-0.04845679012,,-2.633333333
4849,0.8773741088,0.0207751938,0.009681223475,0.002836616876,-0.01251784035,0.04595015576,-0.004166666667,0.7649253731,4.466666667
4850,0.0162186526,0.0003875968992,2.133670959e-05,0.002880599928,-0.002901936638,-0.0009345794393,0.001697530864,32.2,0.08333333333
4851,-0.884953211,-0.02139534884,-0.01255423974,-0.001341585346,0.01389582509,-0.02679127726,-0.01604938272,,-4.6
4852,1.397471123,0.03542635659,0.01092907418,-0.003532514041,-0.007396560136,0.01838006231,0.05231481481,0.4113785558,7.616666667
4853,0.5507833339,0.01310077519,0.008931744275,-0.03194905886,0.02301731458,0.005919003115,0.02021604938,0.4378698225,2.816666667
4854,-1.538953016,-0.03534883721,-0.007121561055,-0.03389375966,0.04101532071,-0.05327102804,-0.01759259259,,-7.6
4855,-0.2909524574,-0.006434108527,0.01503979373,-0.03409553429,0.01905574056,-0.0285046729,0.01543209877,,-1.383333333
4856,0.3377638817,0.007906976744,0.01148455548,-0.008825750408,-0.002658805069,-0.01152647975,0.02716049383,1.754901961,1.7
4857,-0.5093994135,-0.01286821705,-0.03474260309,0.01756878716,0.01717381594,-0.003271028037,-0.02237654321,,-2.766666667
4858,1.811000193,0.04666666667,0.0160072356,0.005733664324,-0.02174089992,0.02102803738,0.07206790123,0.549833887,10.03333333
4859,-0.6717635968,-0.01635658915,-0.01157067775,0.01752253153,-0.005951853771,-0.04112149533,0.008179012346,,-3.516666667
4860,-0.5320199467,-0.01333333333,0.0125829417,-0.03595197951,0.02336903781,-0.04548286604,0.01851851852,,-2.866666667
4861,-0.9900503847,-0.02248062016,-0.006888168555,0.02054528562,-0.01365711707,-0.0222741433,-0.02268518519,,-4.833333333
4862,0.8417692627,0.0207751938,-0.01081173641,0.005407251848,0.005404484566,0.006542056075,0.03487654321,0.6343283582,4.466666667
4863,-0.5637045599,-0.01457364341,-0.03678399639,0.01535945763,0.02142453876,-0.01121495327,-0.01790123457,,-3.133333333
4864,-0.3486438095,-0.008294573643,0.004859009276,-0.02004977867,0.0151907694,-0.04252336449,0.02561728395,,-1.783333333
4865,-0.5803679209,-0.01426356589,-0.02634025464,0.0195078241,0.006832430547,0.02242990654,-0.05061728395,,-3.066666667
4866,0.1962414248,0.004496124031,-0.007567450994,-0.0001349211412,0.007702372136,-0.01121495327,0.0200617284,1.931034483,0.9666666667
4867,-0.9411865083,-0.02325581395,-0.01052060643,-0.01368867188,0.02420927831,-0.0285046729,-0.01805555556,,-5.0
4868,1.622588156,0.03914728682,0.01137603741,0.01712564493,-0.02850168234,0.01666666667,0.06141975309,0.5504950495,8.416666667
4869,1.329033075,0.03139534884,0.0233613733,-0.004196986694,-0.01916438661,0.01853582555,0.04413580247,0.4790123457,6.75
4870,1.048477355,0.02434108527,0.01923756278,-0.01259917012,-0.006638392663,0.03177570093,0.01697530864,0.8025477707,5.233333333
4871,-0.2600007225,-0.006124031008,-0.002155214646,-0.007420426944,0.00957564159,-0.007788161994,-0.004475308642,,-1.316666667
4872,0.4634784088,0.01147286822,-0.01754083977,0.02031848158,-0.002777641805,-0.0277258567,0.05030864198,1.871621622,2.466666667
4873,1.252775835,0.03108527132,0.02374883612,-0.007932034507,-0.01581680162,-0.009968847352,0.07175925926,0.7880299252,6.683333333
4874,0.5096874707,0.01286821705,-0.03907790026,0.0472155725,-0.00813767224,0.01884735202,0.006944444444,0.4638554217,2.766666667
4875,1.18288058,0.02937984496,0.01678155082,-0.004368130831,-0.01241341999,-0.02943925234,0.08765432099,0.7915567282,6.316666667
4876,-0.9703139532,-0.02046511628,-0.01279374479,0.02486613922,-0.01207239443,-0.01448598131,-0.02638888889,,-4.4
4877,-2.187781168,-0.04744186047,-0.006539622899,-0.02875921475,0.03529883765,-0.07897196262,-0.0162037037,,-10.2
4878,-0.9043135332,-0.02317829457,-0.01695917014,0.0273605096,-0.01040133946,-0.06900311526,0.02222222222,,-4.983333333
4879,0.6722321243,0.01573643411,-0.006424252943,0.004314133396,0.002110119547,0.02056074766,0.01095679012,1.103448276,3.383333333
4880,0.3189902395,0.007751937984,0.01734761576,-0.02099378373,0.003646167962,0.007476635514,0.008024691358,1.18,1.666666667
4881,-0.09191333751,-0.002170542636,0.002873678722,0.001774656501,-0.004648335223,0.0003115264798,-0.00462962963,,-0.4666666667
4882,-0.6015702321,-0.01372093023,0.01269291564,-0.01990543972,0.007212524085,0.01666666667,-0.04382716049,,-2.95
4883,-2.749624375,-0.06813953488,-0.03268246295,-8.513126404e-05,0.03276759422,-0.09548286604,-0.04104938272,,-14.65
4884,0.3219607464,0.007441860465,0.01602826864,-0.01951432346,0.003486054817,0.04361370717,-0.02839506173,3.135416667,1.6
4885,1.299576452,0.03325581395,0.01136540065,-0.01461553482,0.003250134165,0.05295950156,0.0137345679,0.4988344988,7.15
4886,0.4372168916,0.0107751938,0.01931277153,0.00567369115,-0.02498646268,0.03457943925,-0.01280864198,1.09352518,2.316666667
4887,0.1675572113,0.004108527132,0.01135533159,-0.01508015954,0.003724827941,0.009501557632,-0.001234567901,4.849056604,0.8833333333
4888,0.05862648141,0.001395348837,0.007810286898,0.007291232804,-0.0151015197,0.004205607477,-0.001388888889,7.166666667,0.3
4889,1.021943742,0.02558139535,0.02997384951,-0.03482335578,0.00484950627,-0.01619937695,0.06697530864,0.8666666667,5.5
4890,-0.5060938236,-0.0123255814,-0.01172208095,0.006224539581,0.005497541369,-0.01728971963,-0.007407407407,,-2.65
4891,-0.5750326167,-0.01449612403,-0.007448402023,-0.00466919343,0.01211759545,-0.02289719626,-0.006172839506,,-3.116666667
4892,-0.1268616897,-0.003023255814,0.00969714329,-0.02311336651,0.01341622322,-0.01651090343,0.01033950617,,-0.65
4893,1.181224508,0.0276744186,0.01532941576,-0.008374300411,-0.006955115347,-0.01168224299,0.06666666667,0.7030812325,5.95
4894,0.2573882133,0.006434108527,0.006651758106,0.01171208159,-0.0183638397,-0.004984423676,0.01774691358,0.7590361446,1.383333333
4895,0.4093446573,0.01015503876,0.01444932217,-0.03860294958,0.02415362741,-0.0207165109,0.04074074074,1.183206107,2.183333333
4896,-1.639807689,-0.04217054264,-0.02739600085,0.007272630667,0.02012337018,-0.002024922118,-0.08194444444,,-9.066666667
4897,-1.334135435,-0.03100775194,-0.055695188,0.05296541824,0.002729769752,-0.03333333333,-0.0287037037,,-6.666666667
4898,0.3456242747,0.008062015504,0.01837344924,0.00154297454,-0.01991642378,0.02429906542,-0.008024691358,0.8557692308,1.733333333
4899,1.607233325,0.04131782946,0.03308101001,-0.01613180023,-0.01694920978,0.0230529595,0.05941358025,0.7767354597,8.883333333
4900,-1.895655733,-0.04627906977,-0.02085726383,-0.005075484722,0.02593274855,-0.06573208723,-0.02700617284,,-9.95
4901,1.18454834,0.02775193798,0.01545287197,-0.006317022856,-0.009135849114,0.02414330218,0.03132716049,0.3715083799,5.966666667
4902,-0.2758517584,-0.006511627907,-0.001241185305,0.01322116643,-0.01197998113,-0.0003115264798,-0.01265432099,,-1.4
4903,-1.45812077,-0.03403100775,-0.02373321131,0.03358999491,-0.009856783604,-0.03738317757,-0.03070987654,,-7.316666667
4904,-0.6209163337,-0.01418604651,0.001323230273,-7.920855928e-05,-0.001244021713,-0.0007788161994,-0.0274691358,,-3.05
4905,-1.001074711,-0.02348837209,-0.0261981688,0.01667676617,0.009521402633,-0.02414330218,-0.02283950617,,-5.05
4906,-0.2106063265,-0.00519379845,0.005238974245,-0.005509454468,0.0002704802228,-0.04283489097,0.03209876543,,-1.116666667
4907,1.526271578,0.03635658915,0.03156092178,-0.01054987844,-0.02101104334,0.01012461059,0.06234567901,0.4968017058,7.816666667
4908,1.579455772,0.03775193798,-0.01967928714,0.01655050497,0.003128782165,0.01806853583,0.05725308642,0.5954825462,8.116666667
4909,-0.8204381932,-0.02007751938,-0.0261747889,0.004747204332,0.02142758456,0.003894080997,-0.04382716049,,-4.316666667
4910,-0.5091599774,-0.01217054264,0.0004342358351,-0.02210339064,0.0216691548,0.01448598131,-0.03858024691,,-2.616666667
4911,0.2527594697,0.005891472868,-0.009185333306,0.0001499318609,0.009035401445,0.06105919003,-0.0487654321,4.315789474,1.266666667
4912,0.1454530207,0.003178294574,0.001337245548,0.02050437867,-0.02184162422,0.01479750779,-0.008333333333,2.195121951,0.6833333333
4913,-0.5293492577,-0.01395348837,-0.005318696914,-0.009544132027,0.01486282894,-0.01495327103,-0.01296296296,,-3.0
4914,0.5866107273,0.01426356589,-0.009054314604,0.009444918806,-0.0003906042023,-0.01386292835,0.04212962963,1.255434783,3.066666667
4915,-0.5585756223,-0.01457364341,-0.007692421731,0.001398177891,0.00629424384,-0.0222741433,-0.006944444444,,-3.133333333
4916,-1.225582141,-0.02992248062,-0.01883312546,0.0002091194899,0.01862400597,-0.05794392523,-0.002160493827,,-6.433333333
4917,0.9738726846,0.02395348837,0.002078847326,-0.0006373837114,-0.001441463615,-0.01947040498,0.06697530864,0.932038835,5.15
4918,2.251339816,0.05480620155,0.01907656072,-0.01038777638,-0.008688784346,0.08193146417,0.02793209877,0.459688826,11.78333333
4919,-1.471415735,-0.03387596899,-0.04288156388,0.03313385494,0.00974770894,-0.07196261682,0.003858024691,,-7.283333333
4920,-0.8830970539,-0.02147286822,-0.00792613451,0.001673313965,0.006252820545,-0.009813084112,-0.03302469136,,-4.616666667
4921,-0.759296363,-0.01689922481,-0.01757533281,0.003304967301,0.01427036551,-0.03317757009,-0.0007716049383,,-3.633333333
4922,0.8561129506,0.02147286822,0.01181618232,-0.01921820741,0.00740202509,0.01183800623,0.03101851852,0.6173285199,4.616666667
4923,-0.380761831,-0.009534883721,0.02126186743,-0.04117144975,0.01990958232,0.01947040498,-0.03827160494,,-2.05
4924,0.392813869,0.009379844961,0.002859638301,0.0007230368068,-0.003582675108,0.01495327103,0.003858024691,2.024793388,2.016666667
4925,1.022115982,0.02325581395,0.02410662199,-0.01783161497,-0.006275007027,0.03271028037,0.01388888889,0.6833333333,5.0
4926,1.205661413,0.0292248062,0.00996533831,-0.01097560825,0.001010269939,0.04330218069,0.01527777778,0.5066312997,6.283333333
4927,-1.458866859,-0.03534883721,-0.0357942557,0.008868779404,0.0269254763,-0.04704049844,-0.0237654321,,-7.6
4928,-0.4109756018,-0.01054263566,0.006768764939,-0.01339932916,0.006630564217,0.01028037383,-0.03117283951,,-2.266666667
4929,0.8794880859,0.0207751938,0.01123968292,-0.007911048132,-0.003328634788,0.0300623053,0.01157407407,0.3656716418,4.466666667
4930,1.820879877,0.04697674419,0.01336585024,-0.004035962469,-0.009329887775,0.04968847352,0.04429012346,0.5082508251,10.1
4931,-1.084511181,-0.02612403101,-0.01104870442,-0.02299962582,0.03404833025,-0.07320872274,0.02052469136,,-5.616666667
4932,-0.2916962341,-0.006589147287,-0.001835095403,0.01628862724,-0.01445353184,-0.007788161994,-0.005401234568,,-1.416666667
4933,2.010975528,0.04790697674,0.02705891247,0.002795489862,-0.02985440234,0.03130841121,0.06435185185,0.4789644013,10.3
4934,-0.2222833671,-0.005271317829,-0.008039941892,0.01620674241,-0.008166800523,-0.01713395639,0.006481481481,,-1.133333333
4935,0.6109125527,0.01364341085,0.008033128142,-0.002556603745,-0.005476524397,0.02507788162,0.002314814815,1.011363636,2.933333333
4936,1.637549527,0.03829457364,0.0134585012,-0.002814456055,-0.01064404514,0.04657320872,0.03009259259,0.4271255061,8.233333333
4937,-1.155673108,-0.02992248062,-0.01546089294,0.008982357403,0.00647853554,0.009034267913,-0.06851851852,,-6.433333333
4938,1.269939325,0.03162790698,0.005912447414,0.0001071212452,-0.006019568659,0.01370716511,0.04938271605,0.4509803922,6.8
4939,1.510006692,0.03542635659,0.03443082774,-0.0259551772,-0.008475650541,0.06230529595,0.008796296296,0.6630196937,7.616666667
4940,-1.676016184,-0.03953488372,-0.01216107336,-0.02280325045,0.03496432381,-0.05342679128,-0.02577160494,,-8.5
4941,0.2373857773,0.005503875969,-0.001381269202,-0.01477219609,0.01615346529,-0.001246105919,0.01219135802,1.281690141,1.183333333
4942,-0.1967246903,-0.00488372093,0.009166404596,-0.02091725,0.0117508454,-0.04330218069,0.03317901235,,-1.05
4943,1.081097887,0.02589147287,0.01258803559,0.008750323679,-0.02133835927,0.0238317757,0.02793209877,0.7604790419,5.566666667
4944,2.042489819,0.05263565891,0.02203412018,-0.008481799301,-0.01355232088,0.04127725857,0.06388888889,0.5478645066,11.31666667
4945,-0.05048579563,-0.001240310078,0.01051986282,-0.01014418789,-0.0003756749304,-0.02554517134,0.02283950617,,-0.2666666667
4946,0.2837781157,0.006744186047,0.01222172528,-0.02940273319,0.0171810079,-0.005919003115,0.01929012346,1.022988506,1.45
4947,1.013839335,0.02573643411,0.001028906825,0.01263919613,-0.01366810295,0.009657320872,0.04166666667,0.8795180723,5.533333333
4948,1.532543684,0.03325581395,-0.0008340209185,0.02522422799,-0.02439020708,0.02741433022,0.03904320988,0.675990676,7.15
4949,0.5900876101,0.01426356589,-7.187843317e-05,0.0005252140065,-0.0004533355734,-0.003738317757,0.03209876543,0.9891304348,3.066666667
4950,0.261224991,0.006744186047,0.008513418644,-0.007133273331,-0.001380145313,-0.02819314642,0.04135802469,1.482758621,1.45
4951,-1.227513257,-0.02782945736,0.003201577017,-0.01442557553,0.01122399851,-0.02429906542,-0.03132716049,,-5.983333333
4952,0.2576891093,0.005891472868,-0.00311501055,0.004074359516,-0.0009593489651,-0.02476635514,0.0362654321,2.736842105,1.266666667
4953,0.8630908043,0.0192248062,0.009968739631,-0.007594169213,-0.002374570417,0.006697819315,0.03163580247,0.5282258065,4.133333333
4954,-1.611891984,-0.03620155039,-0.03217158598,0.01990323356,0.01226835242,-0.03208722741,-0.04027777778,,-7.783333333
4955,0.5900445584,0.01317829457,-0.002569160195,0.009307040621,-0.006737880426,-0.008255451713,0.03441358025,0.9235294118,2.833333333
4956,-0.4454665923,-0.01170542636,-0.01131960203,-0.003040823902,0.01436042593,0.01230529595,-0.03549382716,,-2.516666667
4957,2.221108294,0.04860465116,0.02013550817,-0.01593169318,-0.004203814986,0.04595015576,0.0512345679,0.3907496013,10.45
4958,1.255220451,0.02860465116,0.02805312556,-0.003497926602,-0.02455519895,0.0004672897196,0.05648148148,0.7723577236,6.15
4959,-1.470414411,-0.03488372093,-0.02380560991,0.027379209,-0.003573599092,-0.02445482866,-0.04521604938,,-7.5
4960,1.34527858,0.03015503876,0.01696773028,-0.02365221399,0.006684483705,0.03426791277,0.02608024691,0.5192802057,6.483333333
4961,-1.738422432,-0.04217054264,-0.006677385589,0.01472377328,-0.008046387688,-0.04049844237,-0.04382716049,,-9.066666667
4962,-0.706630712,-0.01627906977,-0.019031672,-0.0005517590998,0.0195834311,-0.05202492212,0.01913580247,,-3.5
4963,-0.06893692208,-0.001782945736,0.01092536176,-0.03548151145,0.02455614969,-0.0207165109,0.01697530864,,-0.3833333333
4964,0.9570238774,0.02255813953,0.01063271826,-0.005945766034,-0.004686952225,-0.02570093458,0.07037037037,1.268041237,4.85
4965,-1.451003506,-0.03410852713,-0.007124518171,-0.01220137725,0.01932589542,-0.03971962617,-0.02854938272,,-7.333333333
4966,-0.2847431355,-0.006744186047,-0.003935304626,-0.01223154334,0.01616684796,-0.03566978193,0.02191358025,,-1.45
4967,1.85840888,0.04333333333,0.01663972728,0.01380239445,-0.03044212173,0.03847352025,0.04814814815,0.5044722719,9.316666667
4968,0.4617740554,0.01100775194,-0.0003887620794,0.007005959511,-0.006617197431,-0.002492211838,0.02438271605,0.7535211268,2.366666667
4969,-1.584259528,-0.03511627907,-0.02772923223,0.0172885444,0.01044068783,-0.01121495327,-0.0587962963,,-7.55
4970,-0.5316594868,-0.01255813953,-0.001887440508,0.01263710873,-0.01074966822,-0.02367601246,-0.001543209877,,-2.7
4971,1.326873052,0.03147286822,0.01169809126,9.338937746e-06,-0.0117074302,0.002492211838,0.06018518519,0.6354679803,6.766666667
4972,-0.1757145936,-0.004108527132,-0.01570897294,0.01171822254,0.0039907504,-0.03598130841,0.0274691358,,-0.8833333333
4973,-0.2600578661,-0.006666666667,-0.01128500794,0.02307357791,-0.01178856997,-0.05031152648,0.03657407407,,-1.433333333
4974,1.720019597,0.0415503876,0.0178371073,-0.009988372635,-0.007848734665,0.007632398754,0.07515432099,0.6940298507,8.933333333
4975,0.1870019135,0.004186046512,-0.0009936928806,-0.003253774938,0.004247467819,0.02258566978,-0.01404320988,1.814814815,0.9
4976,-1.048474407,-0.02348837209,0.006491916366,-0.03358771829,0.02709580192,-0.04657320872,-0.0006172839506,,-5.05
4977,0.9269302308,0.0211627907,0.02790694293,-0.03217622768,0.004269284752,0.0531152648,-0.01049382716,0.8754578755,4.55
4978,0.9404995497,0.02372093023,0.004937821644,0.004981265786,-0.009919087429,0.02133956386,0.02608024691,0.7254901961,5.1
4979,-1.329956357,-0.02937984496,-0.0138643928,-0.01115007866,0.02501447145,-0.03878504673,-0.0200617284,,-6.316666667
4980,-0.09216702263,-0.002093023256,0.01214433243,-0.01526017267,0.003115840246,-0.007320872274,0.003086419753,,-0.45
4981,-0.2094341845,-0.00503875969,-0.02280380974,0.0032096974,0.01959411234,0.005451713396,-0.01543209877,,-1.083333333
4982,0.9368353891,0.02201550388,0.002255133248,0.004426634234,-0.006681767482,-0.03722741433,0.08070987654,1.154929577,4.733333333
4983,-0.7619723149,-0.0203875969,-0.002829093983,-0.00950184595,0.01233093993,-0.06588785047,0.02469135802,,-4.383333333
4984,1.725936086,0.0392248062,0.02776478264,-0.01033886008,-0.01742592256,0.03302180685,0.04537037037,0.3596837945,8.433333333
4985,-0.9810257564,-0.02426356589,-0.02173341141,0.02123973969,0.0004936717169,-0.01900311526,-0.02947530864,,-5.216666667
4986,0.5087035954,0.01310077519,0.001171488784,-0.002945881874,0.00177439309,0.01121495327,0.0149691358,0.8402366864,2.816666667
4987,-1.268566409,-0.02899224806,-0.01376697871,0.01102805347,0.002738925235,-0.04299065421,-0.01512345679,,-6.233333333
4988,-0.9475370276,-0.02503875969,-0.01942668429,0.02601699287,-0.006590308579,0.0222741433,-0.07191358025,,-5.383333333
4989,-0.8392408378,-0.02124031008,0.0001726382552,-0.03234339378,0.03217075553,-0.03862928349,-0.004012345679,,-4.566666667
4990,0.3958099745,0.009147286822,0.002844662539,0.0140692457,-0.01691390823,0.006074766355,0.01219135802,1.110169492,1.966666667
4991,-1.434831541,-0.03643410853,-0.02353963634,0.002585709686,0.02095392665,-0.04049844237,-0.03240740741,,-7.833333333
4992,-0.4106736145,-0.01046511628,-0.006705446481,-0.02035546391,0.02706091039,-0.06433021807,0.04290123457,,-2.25
4993,0.2109456419,0.00496124031,-0.01511686618,0.01132112199,0.003795744191,0.01261682243,-0.00262345679,1.6875,1.066666667
4994,-0.7574026811,-0.01736434109,0.009653423055,-0.01997773703,0.01032431397,-0.02647975078,-0.008333333333,,-3.733333333
4995,-1.431681217,-0.03364341085,-0.01760724866,-0.003429850649,0.02103709931,-0.03878504673,-0.02854938272,,-7.233333333
4996,-0.4363462942,-0.01007751938,-0.004181275758,-0.009593500301,0.01377477606,-0.01183800623,-0.008333333333,,-2.166666667
4997,0.06812472733,0.001472868217,0.009666781728,0.004818449005,-0.01448523073,-0.01728971963,0.0200617284,4.210526316,0.3166666667
4998,1.056459963,0.02488372093,0.0135341623,-0.01217792044,-0.001356241857,0.01339563863,0.0362654321,0.5669781931,5.35
4999,-0.1409537598,-0.003333333333,0.004667468739,-0.01913246394,0.0144649952,-0.03878504673,0.03179012346,,-0.7166666667
5000,-0.9640407256,-0.02263565891,-0.003078659385,-0.02596605295,0.02904471234,-0.03831775701,-0.007098765432,,-4.866666667
