run,world,T,best_ps,n_eligible,n_survivors,n_clusters,wf_passed,wf_picks,wf_total_ex_spy,wf_total_ex_ew,rank1_centre,apparent_best_s,apparent_best_s_eligible,apparent_best_total_logex,apparent_best_total_logex_eligible,apparent_median_total_logex,apparent_n_beat_spy,apparent_n_configs
E018-01,null1,-0.013945018835736733,0.014095669474924622,80,80,4,False,4,-0.264660390681979,-0.21441858920982496,C7c7ecc18ee,0.06431729747908291,0.06431729747908291,0.4521579919516078,0.4521579919516078,-0.22199923646111164,238,1533
E018-01,null2,0.023857410536905897,0.023857410536905897,161,161,19,True,4,0.0723940746740391,0.12263587614619315,C477752f10b,0.07591939647419303,0.07591939647419303,0.5031118693042491,0.5031118693042491,-0.17251730192509349,293,1533
E018-01,null3,-0.004385029994373503,0.03053893096396125,72,72,7,False,4,-0.23908097615101837,-0.18883917467886432,C876e44e6a6,0.06063503166565489,0.06063503166565489,0.48255222058956565,0.48255222058956565,-0.23657672136028718,152,1533
E018-01,null4,0.005298001987487244,0.016172077840040055,67,67,2,False,4,-0.21528387318381786,-0.16504207171166382,C7650270c75,0.07121836146914018,0.07121836146914018,0.6195003110367883,0.6195003110367883,-0.22338156507009066,168,1533
E018-01,null5,0.005100783707458029,0.012913734463632979,147,147,13,False,3,-0.20072736923580095,-0.18612624698287641,C8a93ba52bd,0.06467501362429143,0.06467501362429143,0.4822031302374228,0.4822031302374228,-0.18491296998822576,255,1533
E018-01,null6,0.00656378106636123,0.011583536904380472,109,109,9,False,3,-0.41176710964941476,-0.32665619677477575,Ce6e7ed0401,0.0700818419185971,0.0700818419185971,0.4195407026735429,0.4195407026735429,-0.20971501367236195,243,1533
E018-01,null7,0.014999637647376685,0.032963419408410286,229,229,23,False,4,-0.14760063668646356,-0.09735883521430955,C09fd7ae048,0.0764502529270562,0.0764502529270562,0.41715214460377925,0.41715214460377925,-0.13061892501013372,387,1533
E018-01,null8,0.011283530193027571,0.019750571295913275,91,91,9,False,4,-0.3888669926782766,-0.33862519120612256,C377b9c8429,0.05905928562333286,0.05905928562333286,0.4421802800408458,0.4421802800408458,-0.22800793088786842,175,1533
E018-01,null9,0.012093864776447482,0.031904416150006,94,94,5,False,3,-0.48653482500493017,-0.40142391213029116,Cb01a5a0c9d,0.09359193132613061,0.09359193132613061,0.5838194530108406,0.5838194530108406,-0.2274820424470516,188,1533
E018-01,null10,-0.0028185337083960066,0.004555810906345294,62,62,4,False,4,-0.006953070699758174,0.04328873077239587,C5605c14b4e,0.0480237732564468,0.046893373953901286,0.35680500867072196,0.35680500867072196,-0.24460956659934288,172,1533
E018-01,null11,0.010933957948145844,0.01939448645693194,102,102,8,False,4,-0.2536730213528069,-0.20343121988065282,C374bf48128,0.07816608526483826,0.07816608526483826,0.5587158868320713,0.5587158868320713,-0.2184813496391038,231,1533
E018-01,null12,0.02621873977648141,0.032451970139275636,203,203,16,False,4,-0.004628010734859397,0.045613790737294636,C8722b60052,0.07310681714271305,0.07310681714271305,0.5617523941253135,0.5617523941253135,-0.19937043749779892,265,1533
E018-01,null13,0.003872465971650854,0.014122381181007516,103,103,4,False,4,-0.241020925698325,-0.19077912422617094,C6b8e5b6c26,0.07124497116172479,0.05705112401737691,0.5508467074986049,0.42465801175364765,-0.22613673753235733,200,1533
E018-01,null14,0.04592719116712732,0.05781876459553166,119,119,9,False,4,-0.2354904177700603,-0.1852486162979063,Cfa2a543a26,0.07485905723278607,0.07485905723278607,0.4791709913570178,0.4791709913570178,-0.2047479766483342,233,1533
E018-01,null15,-0.02420020846569739,-0.013216567331355625,57,57,1,False,3,-0.2044315106209438,-0.1193205977463048,C5444f4f3ad,0.09811511238444981,0.09811511238444981,0.7145162638389428,0.7145162638389428,-0.26319446502349086,146,1533
E018-01,null16,-0.0049157677915469475,0.011670014338506833,72,72,4,True,4,0.02201663762159564,0.07225843909374968,Ce34452b51e,0.06182798429284918,0.06182798429284918,0.49081904865678017,0.49081904865678017,-0.2262321378825609,183,1533
E018-01,null17,-0.011205892581165068,-0.001607303169942455,47,47,1,True,3,0.05314402094395247,0.06774514319687702,C8adbe70f4b,0.053050235092316156,0.03899365415613805,0.3227704501479945,0.3227704501479945,-0.29582431416267835,107,1533
E018-01,null18,0.00896438458432268,0.012100403636518245,138,138,8,False,4,-0.4802974274239295,-0.43005562595177543,Cad6baf2323,0.08182389431425911,0.08182389431425911,0.6055269936484012,0.6055269936484012,-0.1703477536239917,253,1533
E018-01,null19,0.017848755309435187,0.02233963055104848,170,170,20,False,4,-0.17315157488710858,-0.12290977341495457,C9977857b5e,0.08050846361361177,0.08050846361361177,0.5304953309319155,0.5304953309319155,-0.16836011245137134,344,1533
E018-01,null20,0.013923399639418202,0.03142141790576305,97,97,7,False,3,-0.25497804114165423,-0.24037691888872967,Ccea6cfbc06,0.08231280270850488,0.08231280270850488,0.5176045186479129,0.5176045186479129,-0.24901799952976733,167,1533
E018-01,null21,-0.0016045795711656236,0.014227339990177262,88,88,9,False,4,-0.38539317208417273,-0.33515137061201866,C7ce3adde08,0.07207092345004168,0.05834704555913099,0.3883784453594489,0.3883784453594489,-0.19673391938075083,195,1533
E018-01,null22,0.008584970930580294,0.01931367896814521,135,135,13,False,4,-0.12304578893033381,-0.07280398745817979,C30aef5c887,0.06403094630161804,0.06403094630161804,0.4356850524047496,0.4356850524047496,-0.17489253247186143,246,1533
E018-01,null23,0.0232814684168618,0.027213790876777742,135,135,13,False,4,-0.07264545716062022,-0.022403655688466168,C78cc37fa05,0.0526121221339971,0.051041748695204704,0.375971550007333,0.375971550007333,-0.24243837222983156,243,1533
E018-01,null24,-0.03719942454583683,-0.029678030866499935,56,56,3,False,4,-0.1401597904421235,-0.08991798896996948,C459080e103,0.06130522788622598,0.06130522788622598,0.4533625243441622,0.4533625243441622,-0.31622758753960023,121,1533
E018-01,null25,0.0005978042701564748,0.01304045555412936,95,95,9,False,4,-0.23969609524871338,-0.18945429377655937,C0d367e2949,0.05874415100820621,0.05874415100820621,0.3963427017640019,0.3963427017640019,-0.18785641207579404,213,1533
E018-01,null26,-0.040062330947621204,-0.032779525877601384,49,49,2,False,4,-0.22852899121537845,-0.1782871897432244,C156add5157,0.056570344878599146,0.056570344878599146,0.3952649467274494,0.3952649467274494,-0.2724038436668045,118,1533
E018-01,null27,0.018597789360362056,0.03049630039904828,178,178,19,False,4,-0.07313379592522919,-0.022891994453075156,C25400bd157,0.07606110638466877,0.07606110638466877,0.4576143279400837,0.4576143279400837,-0.1723714900661758,300,1533
E018-01,null28,-0.0005538604606832136,0.012530542459498348,99,99,9,False,2,-0.06862221215726183,-0.019151978501852338,C743c2cb6be,0.049764125989724274,0.049764125989724274,0.4146840083854414,0.4146840083854414,-0.25502943195770034,189,1533
E018-01,null29,-inf,-inf,48,48,0,False,2,-0.017502715917683778,0.03196751773772571,,0.0716224595062672,0.0716224595062672,0.5732218945561329,0.5732218945561329,-0.2453363650335429,130,1533
E018-01,null30,0.007676381244931096,0.018558009474822623,125,125,10,True,4,0.17455947500695362,0.22480127647910766,Ca21b6cba10,0.0776722352305137,0.0776722352305137,0.578102172488381,0.578102172488381,-0.17337043791884982,269,1533
E018-01,null31,0.012048559323426366,0.027882597883063392,164,164,20,False,4,-0.2950861007718224,-0.24484429929966836,C233fb3bcec,0.07014053510522886,0.07014053510522886,0.5988991746298541,0.5988991746298541,-0.18796824053143266,294,1533
E018-01,null32,0.008993779446666385,0.02096723097189204,156,156,15,False,4,-0.09133840612041297,-0.041096604648258955,Ca21b6cba10,0.052480440514361924,0.04956846675884319,0.35551148707849983,0.2710946161321878,-0.19339582383603343,216,1533
E018-01,null33,0.01364640255540406,0.02379719564546063,199,199,23,False,4,-0.13253472165629143,-0.0822929201841374,C96f8d47935,0.11483733861034183,0.11483733861034183,0.6856401941948232,0.6856401941948232,-0.19848316433459376,329,1533
E018-01,null34,0.015789370550711175,0.02208855533860155,121,121,9,False,4,-0.16564581336326661,-0.1154040118911126,C2b77e9547d,0.056722007437865686,0.056722007437865686,0.34665496630181186,0.34665496630181186,-0.1949771638982296,249,1533
E018-01,null35,0.0033180250571469743,0.020962951284158912,150,150,15,False,4,-0.14153875202516505,-0.091296950553011,C59c88d1a36,0.06661941918663568,0.06661941918663568,0.4167951806190153,0.4167951806190153,-0.22351821316965637,273,1533
E018-01,null36,-0.0026932390683874607,0.022396052251578532,87,87,4,False,2,-0.17034601742646016,-0.12087578377105068,Cd2e5a78a17,0.06073077606694927,0.06073077606694927,0.309292456983852,0.309292456983852,-0.22043193041924236,167,1533
E018-01,null37,0.02199476624980161,0.027208261113208235,122,122,8,True,4,0.043182575703386336,0.09342437717554038,C8adbe70f4b,0.05752867438861654,0.05752867438861654,0.361219067640658,0.361219067640658,-0.15209966614135445,274,1533
E018-01,null38,0.02130088074459127,0.03160432748515884,206,206,17,False,4,-0.16325426640963847,-0.11301246493748443,C9d41b832ab,0.08080303929923109,0.08080303929923109,0.5143098429183665,0.5143098429183665,-0.13555205484322294,363,1533
E018-01,null39,0.003350390312539882,0.011026848622338945,110,110,12,True,4,0.12112039712121586,0.1713621985933699,C7ce3adde08,0.0826280151071205,0.0826280151071205,0.38883004293346496,0.38883004293346496,-0.2326053401713154,242,1533
E018-01,null40,-0.004703271879100815,0.01605278806027831,95,95,5,False,3,-0.02472829740346382,0.06038261547117516,C3a62203a37,0.08186972866135026,0.0577097717659661,0.42766522736793317,0.3354959262460465,-0.23607169905457293,201,1533
E018-01,null41,0.0007194113200919398,0.027450807170420925,90,90,6,False,4,-0.09623772485602901,-0.04599592338387498,Cbad9454b26,0.10612752582719745,0.10612752582719745,0.7597061706748601,0.7597061706748601,-0.22630743140270695,195,1533
E018-01,null42,9.16952452388771e-05,0.02959371703813548,109,109,8,False,3,-0.213347020319956,-0.12823610744531702,C7e60b1bc3c,0.05662180227959658,0.05662180227959658,0.4599407816496083,0.4599407816496083,-0.19876300799103552,195,1533
E018-01,null43,-0.00850640162574951,0.024993760968939835,47,47,3,False,3,-0.08505540026536343,-0.07045427801243888,C983af83b97,0.06271224213049437,0.06271224213049437,0.3703834761489219,0.3703834761489219,-0.2419313270938338,135,1533
E018-01,null44,0.007272455782466295,0.011416553013931045,81,81,6,False,4,-0.04778306729683293,0.0024587341753210916,Cc5324111cd,0.09080735458393127,0.09080735458393127,0.4381812216597148,0.4381812216597148,-0.28995788554801566,164,1533
E018-01,null45,-0.0062699550297578635,0.010815803522964008,79,79,3,False,4,-0.004364527437221023,0.045877274034933004,C09c4ef0a91,0.08909902053721863,0.08909902053721863,0.4331379886080783,0.4331379886080783,-0.23885014982950303,190,1533
E018-01,null46,0.0031600763897590978,0.005141315299270248,82,82,9,False,4,-0.3862121719211603,-0.33597037044900635,C2947bd8713,0.062056629091758686,0.062056629091758686,0.4366566831505149,0.4366566831505149,-0.28391321093202976,154,1533
E018-01,null47,0.0034537544980537335,0.01450140405188037,79,79,9,False,3,-0.14142171753061888,-0.12682059527769435,Ca17d4480d5,0.05475198325417299,0.05475198325417299,0.36431876353333814,0.36431876353333814,-0.21581210743652182,155,1533
E018-01,null48,-0.004673641140946004,0.006200134914470081,76,76,5,False,4,-0.32263562802112183,-0.2723938265489678,Ce8105684d6,0.06779398615751009,0.06779398615751009,0.36195947273185936,0.36195947273185936,-0.234510475432477,190,1533
E018-01,null49,-0.0003713842172927244,0.021586287714330757,100,100,8,False,4,-0.04039428925526684,0.009847512216887191,Ca17d4480d5,0.07124997040485644,0.07124997040485644,0.3845033549771636,0.3845033549771636,-0.20337368288500537,216,1533
E018-01,null50,0.010275659108435677,0.018268975538335362,95,95,8,True,4,0.09720868682523166,0.14745048829738572,Ca28e649aea,0.05941416947553642,0.05941416947553642,0.4331583222942048,0.4331583222942048,-0.1898198378456233,219,1533
E018-01,null51,-0.01420232859108877,0.0015519444086412836,60,60,2,False,3,-0.1918965324077327,-0.10678561953309368,C5c4c67dd39,0.05830013308817801,0.05830013308817801,0.37535505800896046,0.37535505800896046,-0.2588541591223381,135,1533
E018-01,null52,0.007822161034831824,0.03271504516239651,81,81,7,False,3,-0.1504246647481503,-0.0653137518735113,C424e2a0bf0,0.07261545942909027,0.07261545942909027,0.3584896835785301,0.3584896835785301,-0.25659126497662477,185,1533
E018-01,null53,0.01373506423957254,0.013007177122059814,102,102,9,False,3,-0.19383503594887294,-0.10872412307423393,Cd3b8e70f51,0.07332197850931163,0.07332197850931163,0.5768725118111809,0.5768725118111809,-0.2653192297028397,177,1533
E018-01,null54,0.013684111673166322,0.02361853778687148,101,101,8,False,4,-0.35181191170865767,-0.30157011023650365,C13363d0788,0.06241786789482391,0.061654694866055446,0.3125325513573389,0.3125325513573389,-0.17601568944131132,212,1533
E018-01,null55,-0.001444756432277211,0.013195634631827106,94,94,7,False,3,-0.2539689720182644,-0.1688580591436254,Ce8105684d6,0.06995360478060178,0.06995360478060178,0.46828876873155034,0.4367175379494159,-0.21814928029390931,202,1533
E018-01,null56,0.009429747578252922,0.021274755584957117,117,117,10,False,4,-0.17500217063454254,-0.12476036916238852,Cdfe63e79d7,0.06750340898483953,0.06750340898483953,0.523673425100138,0.523673425100138,-0.17907217710678605,257,1533
E018-01,null57,0.018115882955586533,0.02543929563038698,153,153,16,True,4,0.2060971258049628,0.2563389272771169,C125f0a6341,0.06538349746832242,0.06538349746832242,0.5068011115540221,0.5068011115540221,-0.13302253413609777,355,1533
E018-01,null58,0.008240734663758829,0.023339090140584835,95,95,9,False,4,-0.6069772847393196,-0.5567354832671655,C20c6935742,0.06822657061697938,0.06822657061697938,0.44931281336313694,0.44931281336313694,-0.26604763419079325,165,1533
E018-01,null59,0.014230710098556826,0.02380931758241918,120,120,11,False,3,-0.09768497229668449,-0.012574059422045508,C931baf9574,0.07258157582426246,0.07258157582426246,0.45330142032507736,0.45330142032507736,-0.19417364181959193,292,1533
E018-01,null60,0.010137446260513426,0.025203758211441846,124,124,12,False,4,-0.06897588190825546,-0.01873408043610142,C6f6d4f55b9,0.06263344844014199,0.06263344844014199,0.36320591991806517,0.36320591991806517,-0.17858401533622323,303,1533
E018-01,null61,0.01590303664681488,0.0199908094799978,150,150,11,False,4,-0.15792702149479043,-0.10768522002263639,C8adbe70f4b,0.051746953232055234,0.051746953232055234,0.3700976001965771,0.3700976001965771,-0.21367988407082567,221,1533
E018-01,null62,0.014257938775653307,0.022960808441535953,131,131,13,True,4,0.13059828747352942,0.18084008894568346,C37dc307d1a,0.06958591412510318,0.06958591412510318,0.5778697367975568,0.5778697367975568,-0.264087821187206,236,1533
E018-01,null63,-0.008565336783400032,0.0012762101553644972,40,40,2,False,2,-0.17578052120046983,-0.12631028754506032,C36d4a09835,0.054903419894123104,0.04666783839099668,0.3431523958269575,0.3431523958269575,-0.294012824226562,109,1533
E018-01,null64,0.02493304988806883,0.03959175003426145,187,187,21,False,4,-0.1351664385570145,-0.08492463708486045,Cefa4704529,0.10836784021255522,0.10836784021255522,0.5411450695570998,0.5411450695570998,-0.11483952679240718,463,1533
E018-01,null65,-0.02409317855003409,-0.02409317855003409,42,42,1,False,3,-0.4673347293490299,-0.3822238164743909,C7a03c3bbc7,0.05661623211426312,0.04938284990528686,0.36366297476612314,0.36204821741221044,-0.30197823287684034,100,1533
E018-01,null66,0.004194922341887656,0.020670243004531786,152,152,17,False,4,-0.4178031638611472,-0.3675613623889932,C13363d0788,0.06568075956515748,0.06568075956515748,0.39521524757561816,0.39521524757561816,-0.21163611480787448,263,1533
E018-01,null67,-0.004023239495410004,0.017173087158371902,135,135,15,False,4,-0.283276174838955,-0.233034373366801,C912ba87b22,0.08399392022766769,0.08399392022766769,0.512648105813686,0.512648105813686,-0.1969890684958228,255,1533
E018-01,null68,-0.00015637709627174673,0.00977357834557209,83,83,5,False,3,-0.29059142932704085,-0.2054805164524019,Cc5324111cd,0.07021148098147595,0.07021148098147595,0.5633406483946052,0.5633406483946052,-0.291881227826292,148,1533
E018-01,null69,0.010025179262800742,0.014106714248591726,162,162,13,True,4,0.09601053866603204,0.14625234013818605,Cefa4704529,0.05878326551577298,0.05878326551577298,0.46483708463695045,0.46483708463695045,-0.2091850534679676,252,1533
E018-01,null70,0.011163150425907108,0.03332285876775393,108,108,12,False,4,-0.21043448410374546,-0.16019268263159142,Cd79c2173a6,0.06208259006153061,0.06208259006153061,0.3899706356805517,0.3899706356805517,-0.18675159821497617,267,1533
E018-01,null71,0.023963951408242104,0.04526732806047343,231,231,35,False,4,-0.15627843875785963,-0.10603663728570561,C131946d1df,0.07401722586817626,0.07401722586817626,0.5357113186908451,0.5357113186908451,-0.1907851978148652,328,1533
E018-01,null72,0.04068915886461871,0.042982017839512464,151,151,15,False,2,-0.16406250744942308,-0.11459227379401357,Ca28e649aea,0.0687012995733807,0.0687012995733807,0.38986077365287064,0.38986077365287064,-0.18041504759763471,304,1533
E018-01,null73,-0.01481496194357157,0.01997798719017175,74,74,6,False,4,-0.16812065210930413,-0.11787885063715012,Cb530486256,0.06669783227842507,0.06669783227842507,0.406392643258464,0.406392643258464,-0.3141934511309749,107,1533
E018-01,null74,0.005532758352885242,0.03759303316381413,94,94,8,False,4,-0.1081778410169391,-0.05793603954478506,Cd16d612e97,0.0847335117148527,0.0847335117148527,0.4313091013555118,0.4313091013555118,-0.2375264886507943,209,1533
E018-01,null75,-0.006205630653690149,0.005039717849313166,90,90,10,False,3,-0.03033974148437898,-0.015738619231454448,C8adbe70f4b,0.06319801601663536,0.06102664283033737,0.4773887911336969,0.4773887911336969,-0.28151988388355986,193,1533
E018-01,null76,0.016630720871620073,0.03947186753318065,145,145,16,False,2,-0.15663029915532953,-0.10716006549992003,C3ee151aa3d,0.06717829681274398,0.06717829681274398,0.4706291546159648,0.4706291546159648,-0.19740230393620267,293,1533
E018-01,null77,0.0005934517295410786,0.018829074673720005,110,110,8,False,4,-0.02029697556892357,0.029944825903230464,C86d6debdf8,0.06036435099901018,0.06036435099901018,0.41676966414797545,0.41676966414797545,-0.21636075068774432,215,1533
E018-01,null78,0.0440024631685897,0.048143229314126505,204,204,22,True,4,0.014482692343176309,0.06472449381533035,Cd27cb293d5,0.08537604161132614,0.08537604161132614,0.6582011152718823,0.6582011152718823,-0.16316812669797537,416,1533
E018-01,null79,7.530944286134912e-06,0.006475022752287273,57,57,3,False,4,-0.007884891690477196,0.04235690978167684,C9eeecf4280,0.044844421618841585,0.044844421618841585,0.27225753107289463,0.27225753107289463,-0.266607575237474,157,1533
E018-01,null80,-0.0025283043545489426,0.015808833997612272,81,81,3,False,3,-0.14320804763853615,-0.1286069253856116,Cce7d064989,0.05055514747733784,0.05055514747733784,0.3372944524314033,0.30645743710692,-0.2617206627593693,151,1533
E018-01,null81,0.002294944992738043,0.015875574133912693,119,119,8,False,4,-0.19871154492759735,-0.14846974345544334,C9f82f475ff,0.08202833265098877,0.08202833265098877,0.5761799906387476,0.5761799906387476,-0.226113535076789,223,1533
E018-01,null82,-0.009995523973448541,0.04128317201532729,77,77,3,True,3,0.10156693838834085,0.18667785126297984,C3aa5c37fc1,0.050431788838313354,0.04934794935865908,0.4784547234136463,0.4784547234136463,-0.2863598608327241,135,1533
E018-01,null83,0.02045200786872461,0.04135880267153225,92,92,7,False,4,-0.10206053212417272,-0.05181873065201868,C88426931bd,0.08083337207676494,0.08083337207676494,0.5041914265812668,0.5041914265812668,-0.2562707488979554,150,1533
E018-01,null84,0.0070227140469852085,0.023376270939661634,135,135,12,False,4,-0.07512659551253557,-0.02488479404038154,Cd3956c05ef,0.06619368896608571,0.06619368896608571,0.5155788169672731,0.5155788169672731,-0.16732493535776632,271,1533
E018-01,null85,0.03461828448817646,0.04446289265242819,47,47,2,False,3,-0.19374916555055646,-0.10863825267591745,C88426931bd,0.07778356786897495,0.07778356786897495,0.49357818578565404,0.49357818578565404,-0.303863926215946,127,1533
E018-01,null86,-0.006023949724302152,0.015389043183695474,74,74,2,False,3,-0.199782809797341,-0.18518168754441647,C41e7db8922,0.055455441326739977,0.055455441326739977,0.4643568789634648,0.404186752823461,-0.24579891565705358,148,1533
E018-01,null87,-0.006216824301921973,-0.0023040789468211694,86,86,4,False,4,-0.151594594575575,-0.10135279310342098,C7ce3adde08,0.0635328860610815,0.045564498765676406,0.3333180851955239,0.3333180851955239,-0.23492839929979026,198,1533
E018-01,null88,-0.013412605661831677,-0.0048789844848863145,64,64,2,False,4,-0.19995884951054288,-0.14971704803838884,C7ce3adde08,0.056370890315255134,0.056370890315255134,0.5577498906048164,0.5577498906048164,-0.24283969928195986,191,1533
E018-01,null89,0.01755547345309699,0.017635772014093866,80,80,6,False,4,-0.15834436402599616,-0.10810256255384214,C7c7ecc18ee,0.05788633119525172,0.05788633119525172,0.40700243433710426,0.40700243433710426,-0.25985035272388296,140,1533
E018-01,null90,0.016203960792257444,0.01699457635294141,122,122,12,False,4,-0.05615032950120265,-0.005908528029048593,Cff078019ae,0.05671379168910089,0.04396772255406389,0.41509015527345094,0.34630055029599904,-0.18073729095675903,244,1533
E018-01,null91,0.0006650093559613622,0.017343382012744088,85,85,5,False,2,-0.23529360211867617,-0.18582336846326666,C7d7d834bca,0.0949178444100206,0.0949178444100206,0.5770588747768974,0.5770588747768974,-0.26515708901217466,209,1533
E018-01,null92,0.003988362335675469,0.026770594036377566,124,124,7,False,4,-0.10544590187250666,-0.05520410040035261,C2947bd8713,0.07262560983669371,0.07262560983669371,0.38681740546786564,0.38681740546786564,-0.2074150799815315,233,1533
E018-01,null93,-0.022047696575151453,0.031114640432889428,72,72,4,True,3,0.0272337444982539,0.1123446573728929,Ce23fe92a3d,0.05671821804194685,0.05671821804194685,0.49362389524673533,0.49362389524673533,-0.2199193280923347,171,1533
E018-01,null94,-0.0019419313018162474,0.01026925696261826,125,125,10,True,4,0.005241239736062098,0.05548304120821613,C3c17311db4,0.06199237775628563,0.06199237775628563,0.36083348197346066,0.36083348197346066,-0.20521277709028293,199,1533
E018-01,null95,0.014785039841088945,0.01752994831193623,147,147,15,False,2,-0.1686411445081185,-0.119170910852709,Cb0753bbbbc,0.07751378762200778,0.07751378762200778,0.43781325224699297,0.43492361369605886,-0.14351489989346772,332,1533
E018-01,null96,0.009568758537639575,0.03180409485149913,169,169,21,False,4,-0.13829882240714303,-0.088057020934989,C9977857b5e,0.07122046777472774,0.07122046777472774,0.5260769625989067,0.5260769625989067,-0.19454203329971037,289,1533
E018-01,null97,0.011640529667373348,0.016181520813942245,131,131,14,False,4,-0.10861968722956693,-0.058377885757412915,Cc7ad254684,0.07608982463881239,0.07608982463881239,0.6117716856225218,0.6117716856225218,-0.2047560343603823,271,1533
E018-01,null98,0.0018768724683470676,0.020847315735319276,110,110,12,False,4,-0.08479381128731081,-0.03455200981515678,Caef3836071,0.06501854041202987,0.06501854041202987,0.48518362409530913,0.48518362409530913,-0.20892831896302166,210,1533
E018-01,null99,0.02127735586632959,0.03315232974605243,130,130,10,False,4,-0.042132969144273336,0.008108832327880684,C7ce3adde08,0.07124730146653582,0.06908859951159267,0.5025483092953626,0.5025483092953626,-0.22425249702252373,224,1533
E018-01,null100,0.02037984966047097,0.036150732944429956,87,87,6,True,3,0.01641834432213795,0.10152925719677694,Cba79e66169,0.06766896341123756,0.06766896341123756,0.48687003884098123,0.48687003884098123,-0.19276343314781147,227,1533
E018-02,null101,0.014614803067267972,0.05296834385360774,82,82,7,True,4,0.08444183794342043,0.13468363941557446,C33aa4953cf,0.0796506600527642,0.0796506600527642,0.5480519888869949,0.5480519888869949,-0.21145801258179536,196,1533
E018-02,null102,0.019396049394399505,0.022669001885213105,119,119,17,False,4,-0.051773799471190186,-0.0015319979990361388,C6cd6e13e37,0.05823692568258719,0.05814362902757267,0.4903199791538811,0.4903199791538811,-0.1950770645521393,246,1533
E018-02,null103,-0.003542970311328451,0.0027019458220795467,85,85,4,False,4,-0.24679717018492894,-0.19655536871277487,C6ebe6b6c3f,0.08495419502370676,0.06535211043286235,0.6143423847940733,0.40958260471775787,-0.22254603811333815,194,1533
E018-02,null104,0.0161469676456052,0.024809381308077878,96,96,6,False,4,-0.2096105601052234,-0.15936875863306935,C9eeecf4280,0.06247435398109431,0.06247435398109431,0.3810791387728531,0.3810791387728531,-0.19834864039642994,194,1533
E018-02,null105,-0.005613595710160291,0.011322610345969148,72,72,3,False,3,-0.051872234747714005,0.03323867812692499,C681ef64313,0.09242969618193561,0.09242969618193561,0.6225687245704723,0.6225687245704723,-0.26619685590681597,166,1533
E018-02,null106,0.0025525522173266684,0.023632168615367977,99,99,9,False,4,-0.4944469547322836,-0.44420515326012966,Ca28e3c5bf4,0.06641394674151713,0.06641394674151713,0.4230899346921441,0.4230899346921441,-0.19201259991349923,225,1533
E018-02,null107,0.0008685711123058402,0.018688550373540166,112,112,7,False,4,-0.14267940669073784,-0.0924376052185838,C528b4e0a01,0.07726064139091177,0.07726064139091177,0.6700452338880514,0.6700452338880514,-0.21970293886866427,221,1533
E018-02,null108,-0.007852977474132774,0.0147339131574972,88,88,4,True,4,0.026198456151764637,0.07644025762391868,C99c82388f2,0.07582341826682704,0.07582341826682704,0.4717016400055216,0.4717016400055216,-0.21714115159918052,205,1533
E018-02,null109,0.023250669093128618,0.02777786025946105,240,240,12,True,4,0.062345012839375075,0.11258681431152914,C5ec3c50bdc,0.06454561873407622,0.06454561873407622,0.4865777471913102,0.4865777471913102,-0.1685551946232403,400,1533
E018-02,null110,-0.004626825130862423,0.004086262167146633,86,86,5,False,4,-0.04642694097356029,0.0038148604985937806,C78167cc113,0.055552899348175255,0.055552899348175255,0.35506699605848197,0.35506699605848197,-0.19818944510568998,223,1533
E018-02,null111,0.01080265839063858,0.015011573702060384,118,118,12,False,4,-0.24183556552797994,-0.1915937640558259,Ce8a7e05906,0.0675301408579636,0.0675301408579636,0.5086269256543343,0.5086269256543343,-0.1830581968061714,290,1533
E018-02,null112,-0.0114557180225871,0.008489462545232404,50,50,2,False,4,-0.30281169075997655,-0.25256988928782254,Cc5324111cd,0.07440824614360272,0.07440824614360272,0.5669553681333134,0.5669553681333134,-0.3236467607637893,108,1533
E018-02,null113,0.020452161483858734,0.0316229800997371,123,123,10,False,4,-0.03712726300098719,0.01311453847116685,C2f79a3d051,0.04789346816920674,0.04789346816920674,0.3775298239643817,0.3775298239643817,-0.18460055693215183,258,1533
E018-02,null114,-0.02166522493817815,0.006011532151921777,51,51,1,False,2,-0.1358474751486535,-0.086377241493244,Ca0dbf1acdd,0.058457052259727416,0.058457052259727416,0.4030613226637347,0.4030613226637347,-0.30910526000875044,104,1533
E018-02,null115,-0.002515230597609848,0.006176312350596569,108,108,5,False,3,-0.20553470602654686,-0.12042379315190788,C09b7b5939e,0.10459264436348369,0.10459264436348369,0.7269738573191206,0.7269738573191206,-0.2422515766067194,218,1533
E018-02,null116,0.0031528751317018598,0.014926239469876507,69,69,4,False,4,-0.2220971456428155,-0.17185534417066145,C32ff109bd2,0.05960463991179911,0.05960463991179911,0.44437850362054954,0.4318619761518348,-0.29220192398140243,110,1533
E018-02,null117,-inf,-inf,54,54,0,False,2,-0.04120464884932591,0.008265584806083588,,0.05975175893260344,0.05975175893260344,0.35418172468831777,0.35418172468831777,-0.2804206826966966,108,1533
E018-02,null118,-0.00031230748180209253,0.005130223975676108,113,113,11,False,3,-0.1872065349450578,-0.10209562207041878,C377b9c8429,0.05076008931156255,0.05076008931156255,0.36731712185869814,0.36731712185869814,-0.23236283355470655,205,1533
E018-02,null119,0.0006599834837905062,0.013057763814629178,67,67,3,False,2,-0.09669383527360009,-0.0472236016181906,C3ae11ab1ba,0.05469618810498471,0.05469618810498471,0.4109816578925902,0.4109816578925902,-0.29603942092604885,135,1533
E018-02,null120,0.006803802691358104,0.01593224518029053,103,103,7,True,4,0.04341801248464642,0.09365981395680047,C97971604db,0.07741859443614553,0.07741859443614553,0.39588938513411015,0.39588938513411015,-0.20694838296723156,273,1533
E018-02,null121,-0.0033741563279419424,0.021298712300235566,150,150,20,False,4,-0.16208696714220316,-0.11184516567004912,C10c8efc6a8,0.06686133042392547,0.06686133042392547,0.3842820971199189,0.3842820971199189,-0.20240331035570275,235,1533
E018-02,null122,0.026515466388502013,0.01781317079535601,142,142,12,False,4,-0.31523732789852105,-0.26499552642636703,C3c1314573d,0.07013896656984994,0.07013896656984994,0.5939317643853819,0.5939317643853819,-0.15690797902557063,360,1533
E018-02,null123,0.02105797140188654,0.032724888510791486,224,224,20,False,4,-0.06280389285844912,-0.012562091386295077,C4d3406d64f,0.07168733357693999,0.07168733357693999,0.5488777973293526,0.5488777973293526,-0.18042642873907294,351,1533
E018-02,null124,0.0004001010470674089,0.021286099917935807,127,127,8,False,4,-0.11043165826539947,-0.06018985679324543,Caa9134d226,0.06976015397543481,0.06976015397543481,0.485987665497918,0.485987665497918,-0.18338581558637274,237,1533
E018-02,null125,0.013189232723675195,0.014550392016519125,192,192,19,False,4,-0.11696177705017474,-0.0667199755780207,C05107d2cf8,0.07596456559168557,0.07596456559168557,0.5502823425226535,0.5502823425226535,-0.14891158183207842,340,1533
E018-02,null126,0.012686653244485601,0.017229628117452496,146,146,12,False,2,-0.21901525148599132,-0.16954501783058185,C2973f70b30,0.0795729056698735,0.0795729056698735,0.5392330522394517,0.5392330522394517,-0.1936265877556571,250,1533
E018-02,null127,0.03630271806828957,0.06045012673840835,141,141,18,False,4,-0.1793060536877794,-0.12906425221562537,Cdf115f1aab,0.06907716204794742,0.06907716204794742,0.46918789686216983,0.46918789686216983,-0.22825058658811914,260,1533
E018-02,null128,0.04257775716492197,0.05148830716058742,217,217,28,False,4,-0.06058109986932417,-0.01033929839717012,C051d584d1c,0.08658829137472708,0.08658829137472708,0.5377213221759382,0.5377213221759382,-0.15799467367811765,411,1533
E018-02,null129,0.027391926133834402,0.03692639106607909,122,122,11,True,4,0.02216511554721215,0.07240691701936619,Cefa4704529,0.05419535989760017,0.05419535989760017,0.39504507845343584,0.39504507845343584,-0.18971198073312356,222,1533
E018-02,null130,0.008775514996737177,0.014825178415419346,125,125,11,False,4,-0.09886179474592019,-0.04861999327376616,C2f7ce84a6a,0.08606840675297185,0.08606840675297185,0.43888867413276844,0.43888867413276844,-0.15994591151955445,301,1533
E018-02,null131,0.012031477705421952,0.017173121111528845,142,142,10,False,4,-0.284522726858511,-0.23428092538635695,Caf048a9645,0.05678470112720111,0.05678470112720111,0.47096360600382287,0.47096360600382287,-0.20697588467716824,292,1533
E018-02,null132,0.007460709675843384,0.03171285980419296,155,155,15,False,4,-0.3563679972652042,-0.3061261957930501,C876e44e6a6,0.063647232101056,0.063647232101056,0.367674026249718,0.367674026249718,-0.16059319285222884,307,1533
E018-02,null133,-0.002154989966735664,0.01695650625604838,96,96,14,False,4,-0.19678654998872722,-0.14654474851657318,Cd3b8e70f51,0.05875260601330697,0.05875260601330697,0.3552126304754443,0.3552126304754443,-0.2429878807092497,175,1533
E018-02,null134,0.014977250896165438,0.01838649333015306,81,81,6,False,2,0.006933805619950981,0.05640403927536047,C3fad6c5fec,0.05814412115196752,0.05814412115196752,0.46738013057980926,0.46738013057980926,-0.24480488610292583,139,1533
E018-02,null135,0.015359697399093545,0.020225195237678822,125,125,10,False,4,-0.1743530233274634,-0.12411122185530939,C395f95db28,0.06852428714213987,0.06852428714213987,0.4908909133518988,0.4908909133518988,-0.18611952709066293,295,1533
E018-02,null136,0.008811338233409034,0.021954053611619402,176,176,12,True,3,0.16536936642059746,0.17997048867352197,C25e83b6b10,0.0595241522931991,0.0595241522931991,0.4537238226982882,0.4537238226982882,-0.14429305034912715,339,1533
E018-02,null137,0.020746131415059127,0.03448304297256086,139,139,13,False,3,-0.14165144752632314,-0.05654053465168412,C83fd9bd724,0.07513224740406599,0.07513224740406599,0.6004347362383831,0.6004347362383831,-0.2082556465205163,229,1533
E018-02,null138,0.019115264442878824,0.020576294478900442,144,144,16,False,4,-0.07633813209045492,-0.026096330618300884,C4af2b2a45d,0.08543961303129584,0.08543961303129584,0.6065271683500235,0.6065271683500235,-0.18077125672279426,259,1533
E018-02,null139,0.018128194035733403,0.019465570480697206,116,116,8,False,3,-0.15951581786456656,-0.07440490498992755,C41e7db8922,0.10196745822516479,0.10196745822516479,0.710358035135797,0.710358035135797,-0.17631736273435109,248,1533
E018-02,null140,-0.0035688035756640977,0.01426727011121156,92,92,3,False,4,-0.44491121074224693,-0.3946694092700929,C438189b794,0.08446232682572993,0.08446232682572993,0.4283395542323416,0.4283395542323416,-0.21204945533552505,181,1533
E018-02,null141,0.0047590450928291575,0.02264172778736076,117,117,10,True,4,0.08971649165228866,0.1399582931244427,C4394208395,0.08034195740124525,0.06275412270100117,0.43348684286128647,0.40970431921386025,-0.19324162948123766,241,1533
E018-02,null142,-0.014649221899915629,0.008899958307078484,96,96,5,False,3,-0.16855799261316123,-0.08344707973852222,Cdb2db4970b,0.0776151033895206,0.0776151033895206,0.3955087080970339,0.3955087080970339,-0.20082289051934613,192,1533
E018-02,null143,-0.0004396883325170752,0.011227094242381112,82,82,6,False,4,-0.1152379809789156,-0.06499617950676156,C7d6b2e0444,0.06270560881502904,0.06270560881502904,0.3690393866662518,0.3690393866662518,-0.21914713898854907,188,1533
E018-02,null144,0.022090097691976344,0.02450483483082581,173,173,18,False,4,-0.14342758927717897,-0.09318578780502496,Cbaf20bdc83,0.07207127221755492,0.07207127221755492,0.49554226112890537,0.49554226112890537,-0.16663275776665654,346,1533
E018-02,null145,0.01015888548042643,0.01015888548042643,78,78,9,False,4,-0.27450818550397216,-0.22426638403181814,Cb6f1c277a3,0.062058228302963564,0.062058228302963564,0.5307260411065624,0.5307260411065624,-0.29813885291396525,127,1533
E018-02,null146,0.0008209545425554333,0.006585694613786228,104,104,7,False,4,-0.07648653777248128,-0.02624473630032724,Cce473d2918,0.08801747670069208,0.08801747670069208,0.5582381718272938,0.5582381718272938,-0.20625989854314355,240,1533
E018-02,null147,0.0036520989715921014,0.014906131469888294,106,106,8,False,4,-0.17205343363630005,-0.12181163216414602,C3e4e9cd4a6,0.05773690618994696,0.05773690618994696,0.5155263177739032,0.5155263177739032,-0.23341549890761565,224,1533
E018-02,null148,0.014035397993313908,0.01828811256859969,162,162,19,False,4,-0.20883602501214873,-0.1585942235399947,C30c8d10f19,0.06154280752858826,0.06154280752858826,0.4603292170197245,0.4603292170197245,-0.1660463894284094,272,1533
E018-02,null149,-0.01875661964214209,-0.013148194791593175,67,67,4,False,3,-0.2837996273251262,-0.26919850507220167,C1460585061,0.05287014780580459,0.05287014780580459,0.32807631875137,0.32807631875137,-0.27768736472074507,130,1533
E018-02,null150,0.00907142210818515,0.010689982123070988,70,70,7,False,3,-0.49212678922811043,-0.4070158763534714,C454172c421,0.0526336939171954,0.0526336939171954,0.3276217954707691,0.30998250767601937,-0.23503379151899756,162,1533
E018-02,null151,0.023427367209505348,0.030044389402972344,118,118,8,False,4,-0.14976544806689226,-0.09952364659473822,Cd3956c05ef,0.079976024722318,0.079976024722318,0.5473793181517356,0.5473793181517356,-0.20625087721775615,290,1533
E018-02,null152,0.004813648542513698,0.010292937130755835,94,94,2,False,4,-0.08376457494527732,-0.03352277347312329,C11d7edd59a,0.07284578720511065,0.07284578720511065,0.5139866623343448,0.5139866623343448,-0.2005135013197515,178,1533
E018-02,null153,-0.011633381642085338,-0.0018072932925247307,101,101,5,False,4,-0.21666258203705147,-0.16642078056489742,C604eacffc5,0.07315188337668521,0.07168429910908419,0.47008985752168164,0.43351396106463813,-0.2676748032017749,199,1533
E018-02,null154,0.00106363294028075,0.004607732208653445,100,100,6,False,4,-0.1424073115421618,-0.09216551007000777,Cefa4704529,0.06851476817924873,0.05730225132102886,0.38321176685736824,0.38321176685736824,-0.23704432308150056,182,1533
E018-02,null155,-0.0116852671712905,0.0043655118917707535,46,46,3,False,4,-0.31818817066476063,-0.2679463691926066,C968dc16d69,0.0567613424123714,0.0567613424123714,0.37858417528871463,0.37858417528871463,-0.33570099228829453,95,1533
E018-02,null156,0.00934834248055453,0.016633424812052565,124,124,17,False,4,-0.03790180456716998,0.012339996904984052,C739a6dd2c7,0.09661436726285708,0.09661436726285708,0.5269019241353871,0.5269019241353871,-0.2370845532920651,200,1533
E018-02,null157,0.016410202614021173,0.040818926206637574,144,144,12,False,4,-0.004444878213563402,0.04579692325859063,C10c8efc6a8,0.09236196468199917,0.09236196468199917,0.58570001604988,0.58570001604988,-0.2158179363868245,241,1533
E018-02,null158,0.031218304826554445,0.05418205600721901,113,113,9,True,4,0.073563048027609,0.12380484949976303,C8df9b9ab42,0.058620450225029375,0.058620450225029375,0.48971040731118665,0.48971040731118665,-0.1893867425664797,316,1533
E018-02,null159,0.03193742427211031,0.036069351714145145,152,152,16,False,4,-0.16181314928476653,-0.11157134781261249,Ca28e649aea,0.07840150384785322,0.07840150384785322,0.5046793070746111,0.5046793070746111,-0.15066004373216568,338,1533
E018-02,null160,-0.00606258720470782,0.010408140319614574,115,115,11,False,4,-0.16779507081144518,-0.11755326933929114,Cd842008bd2,0.05645624156560529,0.05645624156560529,0.3969381060716712,0.3969381060716712,-0.24364938228430105,237,1533
E018-02,null161,-0.00668912883665158,0.0050140049063744484,93,93,12,False,4,-0.0862326552961588,-0.03599085382400477,C789b8e9682,0.06425216957349039,0.06425216957349039,0.39740952671529345,0.39740952671529345,-0.2513389813551549,186,1533
E018-02,null162,0.008943212637219259,0.014325106925949349,90,90,8,False,4,-0.18183922408488296,-0.13159742261272891,Cc54cc95eea,0.05368482043411131,0.05368482043411131,0.3897428564248143,0.3897428564248143,-0.23642965239186792,181,1533
E018-02,null163,6.089965790321249e-05,0.009327388026557162,90,90,7,False,2,-0.04196425000256927,0.00750598365284022,Cd0bf1a313f,0.06394491814933313,0.06394491814933313,0.4137102764342978,0.4137102764342978,-0.24871058677432767,169,1533
E018-02,null164,0.010544906552498165,0.01527952051315284,138,138,10,False,4,-0.1933213842382987,-0.14307958276614466,C828ccff4ce,0.0904937360036669,0.0904937360036669,0.5803363197259116,0.5803363197259116,-0.18843479187897413,329,1533
E018-02,null165,0.00814414174980187,0.011708094521340275,83,83,5,False,3,-0.0843835555557157,0.0007273573189233162,Ceaae846d64,0.07861431978548922,0.07861431978548922,0.4890305826996641,0.4890305826996641,-0.18390007966571864,228,1533
E018-02,null166,-0.010809941548524913,0.004996507720990041,59,59,5,False,2,-0.22562696480004935,-0.17615673114463984,C459080e103,0.07983390306440133,0.07983390306440133,0.5186101326738313,0.5186101326738313,-0.2750072406785572,121,1533
E018-02,null167,0.003758461095117939,0.01754408927701953,88,88,3,False,3,-0.28608466443430947,-0.20097375155967048,C4e177a9936,0.06562997827146924,0.06562997827146924,0.46049563242809055,0.3599043936041537,-0.24364535401407117,184,1533
E018-02,null168,0.01811703380556121,0.01811703380556121,138,138,10,False,4,-0.1884726655281332,-0.13823086405597915,Ce22cd6f674,0.05065289127729184,0.05065289127729184,0.3626606360439243,0.3626606360439243,-0.17979078800381149,295,1533
E018-02,null169,0.00933648494531561,0.01770684996828263,121,121,10,False,4,-0.10426588342172768,-0.05402408194957365,C34ccf3d4c9,0.06124490126922556,0.06124490126922556,0.4837681115564644,0.39409318978641045,-0.21266641122519148,206,1533
E018-02,null170,-0.009815521645528784,0.03581571061293018,38,38,2,False,3,-0.22033535654294328,-0.13522444366830427,C684b374587,0.07536413489453687,0.07536413489453687,0.6525014885827588,0.6525014885827588,-0.29264256721507154,88,1533
E018-02,null171,-0.006694699888296357,0.0030603032427110113,44,44,1,False,3,-0.276678751787018,-0.19156783891237905,C6b8e5b6c26,0.07878567558684058,0.07878567558684058,0.5061444340816489,0.5061444340816489,-0.2619690259053089,99,1533
E018-02,null172,-0.0062464867580154255,0.01608429326879325,76,76,8,False,3,-0.3492753771332931,-0.26416446425865414,C4e7f1f2670,0.0855603940587166,0.0855603940587166,0.46469209649675325,0.46469209649675325,-0.2861671157693086,161,1533
E018-02,null173,0.0010929640701506562,0.009945237912582262,134,134,9,False,4,-0.13413665468604213,-0.08389485321388811,Cefa4704529,0.06736299423189995,0.06736299423189995,0.4724375104441723,0.4724375104441723,-0.17034183825399182,315,1533
E018-02,null174,0.006011411349752489,0.026110803988946656,120,120,7,False,4,-0.06272538267942168,-0.012483581207267655,C88426931bd,0.07231347450650052,0.07231347450650052,0.48077407333575956,0.48077407333575956,-0.1993047764471691,222,1533
E018-02,null175,0.024976936405509274,0.024976936405509274,191,191,19,False,3,-0.23839344946673974,-0.15328253659210073,C7e866a301c,0.060194258764566175,0.060194258764566175,0.3801449861871157,0.3801449861871157,-0.17577349131702807,299,1533
E018-02,null176,-0.013754819684495979,2.064457720651197e-05,77,77,6,False,4,-0.2475298271394938,-0.19728802566733977,Cf829a15542,0.07761736076364513,0.07761736076364513,0.4943368624278144,0.4943368624278144,-0.23745415249453133,138,1533
E018-02,null177,0.009257651400424394,0.009257651400424394,114,114,12,False,2,-0.06454048981893093,-0.015070256163521437,C0ec103c982,0.054141254936916086,0.054141254936916086,0.39078570606050117,0.39078570606050117,-0.25398321777067745,208,1533
E018-02,null178,0.01521150571899009,0.030578148303437656,104,104,7,False,2,-0.04484619217668833,0.004624041478721162,Cf64c7da80f,0.07413609964939893,0.07413609964939893,0.4392388926790381,0.4392388926790381,-0.2581161308811614,193,1533
E018-02,null179,-0.0004902348525614563,0.0157911701297317,90,90,8,False,4,-0.034937362905603064,0.015304438566550976,C357d6e83c5,0.04660642822960616,0.04660642822960616,0.43311014482327065,0.43311014482327065,-0.29192037839192786,170,1533
E018-02,null180,0.006934180794691736,0.01971467773051891,169,169,11,False,4,-0.06407476361089044,-0.013832962138736409,Cd8ca7f414c,0.09156559912420265,0.09156559912420265,0.6639292993400555,0.6639292993400555,-0.18536704141126156,330,1533
E018-02,null181,0.017910596044001,0.03343671396902746,109,109,8,True,4,0.02094674229964888,0.0711885437718029,C952d3933d8,0.06420909123538461,0.06420909123538461,0.38244853400393014,0.38244853400393014,-0.22106117371845446,227,1533
E018-02,null182,0.009065270973718585,0.026237138764073274,42,42,1,False,3,-0.34277848627944124,-0.2576675734048023,Cbd9e8b0514,0.048139055218842944,0.048139055218842944,0.3192934914425281,0.3192934914425281,-0.25148650543738804,103,1533
E018-02,null183,0.005925216878855026,0.013009665949470032,112,112,10,False,4,-0.19793467304908988,-0.14769287157693584,C739a6dd2c7,0.07181955262702773,0.06522184856688239,0.5369375696200229,0.5369375696200229,-0.21991218627683007,231,1533
E018-02,null184,-0.019483031038377722,0.008302578892561183,64,64,2,False,3,-0.30479092788525913,-0.21968001501062015,C6feaf484bf,0.051273609979860496,0.051273609979860496,0.38190407371721435,0.38190407371721435,-0.262142052190026,134,1533
E018-02,null185,0.002354833217904547,0.01098603389958015,91,91,4,False,3,-0.1680631791153605,-0.0829522662407215,Ccd4ecd9188,0.06104533353950002,0.06104533353950002,0.412076429617669,0.412076429617669,-0.2736393813568468,179,1533
E018-02,null186,0.004918526805830736,0.021555273587063734,118,118,15,True,4,0.035887807626128525,0.08612960909828254,C3aa5c37fc1,0.08763449294763626,0.08763449294763626,0.5927396727078186,0.5927396727078186,-0.1727698014160144,224,1533
E018-02,null187,0.009514367554725312,0.023935343556813118,118,118,13,False,4,-0.30480461735951725,-0.2545628158873632,C734da76549,0.07225876447513371,0.07225876447513371,0.519127780450215,0.519127780450215,-0.18585900211190534,251,1533
E018-02,null188,0.012659940252856657,0.01970905762185968,147,147,14,False,4,-0.038791827914351346,0.011449973557802681,C25400bd157,0.08233486452188571,0.08233486452188571,0.5581212368240547,0.5581212368240547,-0.23011982174464182,264,1533
E018-02,null189,-0.025689586180449572,-0.010742939867475973,53,53,3,False,3,-0.1049681496653228,-0.019857236790683824,C734da76549,0.06250593988657044,0.06250593988657044,0.5722625532816088,0.5722625532816088,-0.31916060032742866,89,1533
E018-02,null190,-0.018890622904592945,-0.007692958175822577,70,70,4,False,3,-0.26016115532997586,-0.17505024245533685,C47f8345087,0.06410930172416181,0.05036634271057539,0.335297308138859,0.335297308138859,-0.2643415909604193,121,1533
E018-02,null191,-0.010557825292726222,0.008666848201953951,63,63,3,False,4,-0.216413573987882,-0.16617177251572796,Ce734d3ec00,0.08164032115195338,0.08164032115195338,0.5550268663219904,0.5550268663219904,-0.23075890460357357,166,1533
E018-02,null192,-0.0036346655605415455,0.013169183866546166,82,82,7,True,3,0.12336840829495391,0.13796953054787844,C8d99feef0b,0.060958274810607796,0.060958274810607796,0.39301953502436654,0.39301953502436654,-0.21485306257045214,201,1533
E018-02,null193,-0.008698878307909283,0.01108751248507648,96,96,8,False,3,-0.05288904978505478,0.03222186308958422,Cfe16014c1b,0.05451897561704889,0.05451897561704889,0.3713200837837828,0.3713200837837828,-0.20999945233000963,201,1533
E018-02,null194,0.026569264470607354,0.02955844887529354,211,211,26,True,4,0.03062989747465869,0.08087169894681272,Ce3580cd46a,0.07871031589467677,0.06860804875582861,0.3982470161567331,0.3982470161567331,-0.1680718974299199,315,1533
E018-02,null195,-0.01886930870030975,-0.012593645956722493,74,74,7,False,3,-0.24868200966989126,-0.16357109679525228,C156add5157,0.053000187779509184,0.053000187779509184,0.3293603566703141,0.3293603566703141,-0.19154346138929257,255,1533
E018-02,null196,-0.003748342120302191,0.02463867283493737,87,87,8,False,3,-0.1084929149684827,-0.09389179271555816,C45e7773565,0.07062461494983875,0.07062461494983875,0.44271325880293544,0.44271325880293544,-0.22374728510314423,181,1533
E018-02,null197,0.017979638153522406,0.02504121030277437,108,108,6,False,4,-0.045977094205515406,0.00426470726663862,C3fad6c5fec,0.07879372243448504,0.07879372243448504,0.49753545054437814,0.49753545054437814,-0.20992222207557787,201,1533
E018-02,null198,0.01436104816618371,0.03718510923279991,236,236,31,False,4,-0.17159777488831138,-0.12135597341615734,Cb6f1c277a3,0.06701271756340628,0.06701271756340628,0.4057972779052505,0.4057972779052505,-0.11211584570896871,427,1533
E018-02,null199,0.005174347891043499,0.00682157712165838,50,50,3,False,4,-0.11087445496095925,-0.06063265348880521,Ce23fe92a3d,0.08104390069856393,0.08104390069856393,0.5361619866263541,0.5361619866263541,-0.2592951277795632,155,1533
E018-02,null200,0.0014969107219427009,0.007895875401447993,116,116,14,False,4,-0.08033318217058528,-0.030091380698431237,C609fa4ca09,0.06378271179534603,0.06378271179534603,0.4202527586504401,0.4202527586504401,-0.2217191548070771,248,1533
E018-03,null201,0.009982729863385513,0.030555452536691508,101,101,6,False,3,-0.013845351844050904,0.07126556103058809,C7d7d834bca,0.054050759044494905,0.049298012844950646,0.480759632379971,0.480759632379971,-0.2457924328144615,228,1533
E018-03,null202,0.001862807588100075,0.005602414542291294,84,84,7,False,4,-0.41128475497691475,-0.3610429535047607,C8adbe70f4b,0.06787756218843735,0.06787756218843735,0.4749549462863127,0.4749549462863127,-0.22941363333014467,133,1533
E018-03,null203,0.005094171651936525,0.005257272678753171,108,108,7,False,2,-0.07212389395417788,-0.022653660298768395,C6678c99e11,0.06625812024276534,0.06625812024276534,0.37876408874288037,0.37876408874288037,-0.18984426818305125,196,1533
E018-03,null204,0.006868013409397768,0.020445056847201066,126,126,13,False,4,-0.024607284074257794,0.02563451739789624,C2a06881d53,0.05694945348480803,0.05583264576438739,0.519368272673274,0.48995927999827593,-0.19779815825993913,238,1533
E018-03,null205,0.01788505894910008,0.020441727530474074,169,169,12,False,4,-0.2064257982004084,-0.15618399672825434,C7b1e58f651,0.060274901145838694,0.060274901145838694,0.6003892018375345,0.6003892018375345,-0.14425698965998918,321,1533
E018-03,null206,-0.002251182313489892,0.01901252147241887,122,122,11,True,4,0.02461076995767121,0.07485257142982524,C05107d2cf8,0.06470972441479808,0.06470972441479808,0.5078094584919647,0.5078094584919647,-0.19529765198947854,237,1533
E018-03,null207,-0.0013596208402038047,0.007491697296814932,72,72,5,False,4,-0.1251440305389637,-0.07490222906680964,Cd04e8d6af3,0.0675984802453009,0.0675984802453009,0.36311116443640745,0.36311116443640745,-0.2163801575202398,147,1533
E018-03,null208,0.019025891806020368,0.019025891806020368,79,79,6,False,4,-0.011017994608949977,0.03922380686320406,C25e83b6b10,0.057761532775612856,0.057761532775612856,0.5586741484718912,0.5586741484718912,-0.24288816387426862,183,1533
E018-03,null209,0.009263133109076829,0.021965073626250615,87,87,6,False,3,-0.05854293975050994,0.026567973124129035,C7033866f80,0.0600865154876824,0.059541361165707504,0.4577559321918351,0.4577559321918351,-0.25552802003975983,136,1533
E018-03,null210,0.0035239671273178882,0.02602542267580937,93,93,6,False,4,-0.17484079967380872,-0.12459899820165468,Cdfb3b11a75,0.0777305549128218,0.0777305549128218,0.5014210403824655,0.5014210403824655,-0.2515554189229767,193,1533
E018-03,null211,0.0012830834314809837,0.01423405774416035,91,91,4,False,3,-0.3255931091302197,-0.2404821962555807,C734da76549,0.05019140387358065,0.05019140387358065,0.3553933889723639,0.3553933889723639,-0.20802033190752153,185,1533
E018-03,null212,0.01885316253631733,0.02333530637342843,132,132,13,False,4,-0.29753858494115476,-0.2472967834690007,C7893bce25c,0.07279367191804964,0.07279367191804964,0.5705890736164907,0.5705890736164907,-0.22601135642394685,246,1533
E018-03,null213,0.009843357957292723,0.018648383141408167,84,84,13,False,4,-0.19867758557734402,-0.14843578410518998,C3c1314573d,0.05501564958749954,0.05501564958749954,0.387926351427027,0.387926351427027,-0.2558810463972502,140,1533
E018-03,null214,-0.012476149603511276,-0.00912282856093769,90,90,5,False,4,-0.08424903616127294,-0.03400723468911892,C5e0b479032,0.07822899111653497,0.07822899111653497,0.40285383887321063,0.40285383887321063,-0.1907131729500945,231,1533
E018-03,null215,0.005129953347927532,0.01263339406015596,97,97,9,False,4,-0.2540337071772061,-0.203791905705052,Cd3b8e70f51,0.0529667686494026,0.0529667686494026,0.3544959663075317,0.3544959663075317,-0.21006912491210608,183,1533
E018-03,null216,0.005924735261500166,0.020381251832354338,90,90,9,True,4,0.17575676702574655,0.22599856849790056,C4cc209742c,0.06548144885956267,0.06548144885956267,0.41321917012601245,0.41321917012601245,-0.19980215188905764,190,1533
E018-03,null217,-0.005478395190888722,0.011010410780403357,47,47,4,True,3,0.07414911628674298,0.15926002916138196,Cdd4878ed3b,0.06609164849470403,0.06609164849470403,0.45901601589487107,0.45901601589487107,-0.28945289327088597,124,1533
E018-03,null218,0.005053228709278751,0.018741784473919745,115,115,10,False,4,-0.13597503200381927,-0.08573323053166525,Ce74c1da63b,0.05001525377663135,0.05001525377663135,0.3900073871600577,0.3900073871600577,-0.2630922203013899,184,1533
E018-03,null219,0.027472183267683463,0.026292553180644218,103,103,4,True,4,0.17850681239683203,0.22874861386898604,Cad6baf2323,0.06423489450734576,0.06423489450734576,0.4130775844254811,0.4130775844254811,-0.2037976209320309,215,1533
E018-03,null220,0.00630330967990756,0.021552295497226055,82,82,11,True,4,0.0946345372261557,0.14487633869830974,C01879aea2f,0.07150547059860211,0.07150547059860211,0.487492407515551,0.487492407515551,-0.26257711420361135,146,1533
E018-03,null221,0.00934574681841745,0.01841288775693304,115,115,10,False,4,-0.20078458793311593,-0.1505427864609619,Cb6f1c277a3,0.05969894916846978,0.05969894916846978,0.4136849087790193,0.4136849087790193,-0.2508443736577372,208,1533
E018-03,null222,0.00791350165693692,0.026702045009950832,121,121,8,False,4,-0.140720570047717,-0.09047876857556296,C22d36d21ea,0.07854811654902191,0.07854811654902191,0.45700273317495865,0.45700273317495865,-0.1778474998188245,268,1533
E018-03,null223,0.0024704837691727536,0.019458853661160697,53,53,5,False,4,-0.03442891213403099,0.01581288933812305,Cb35c5a7320,0.06561075820375874,0.06561075820375874,0.38890006957953077,0.38890006957953077,-0.31305775313570616,93,1533
E018-03,null224,0.014657048631593977,0.017917390783749,153,153,15,False,4,-0.06227986506798428,-0.012038063595830241,C6cd6e13e37,0.05919139306714338,0.05919139306714338,0.38995083654916696,0.38995083654916696,-0.1785572500048817,316,1533
E018-03,null225,-0.012936260370964597,0.02032164570390563,95,95,6,False,4,-0.130344134396874,-0.08010233292471997,C6bad9638ea,0.07562700480558565,0.07562700480558565,0.49222308552088273,0.49222308552088273,-0.23558782213215523,182,1533
E018-03,null226,0.0015873992488784287,0.013091569359878083,76,76,6,False,3,-0.03120490441459063,0.05390600846004836,Ca7ca9085b7,0.0738700572779796,0.0738700572779796,0.49780244201929924,0.49780244201929924,-0.2335854838784277,159,1533
E018-03,null227,-0.008865107944689535,0.019028826497164607,90,90,4,False,2,-0.019116032784938983,0.030354200870470506,Cb3e21de0c1,0.06675157689459398,0.06675157689459398,0.4011646827558978,0.4011646827558978,-0.22330884417214922,207,1533
E018-03,null228,-0.01620134090749226,0.014897456185829883,87,87,5,False,3,-0.018176354010070908,0.06693455886456808,Cf910df873b,0.06789730434913208,0.06789730434913208,0.3575310016366473,0.3575310016366473,-0.2773649865478114,168,1533
E018-03,null229,-0.012555075723100008,-0.0007594898356704915,61,61,3,False,4,-0.09008390397836968,-0.039842102506215636,C6907085064,0.06072429720849738,0.06072429720849738,0.34525671192131946,0.34525671192131946,-0.24414488033364456,146,1533
E018-03,null230,-0.02218556680972108,-0.0033397153922103363,77,77,4,False,3,-0.20280134044097636,-0.11769042756633735,C5a03a770ca,0.10488542329956227,0.10488542329956227,0.5780436243030058,0.5780436243030058,-0.31975448977840004,170,1533
E018-03,null231,0.0003804920000026902,0.02319914331338764,95,95,9,False,3,-0.15283337377161002,-0.06772246089697101,C92218c3ecc,0.054253297553440466,0.05095561327547024,0.4525251163021995,0.4525251163021995,-0.23600080803864107,173,1533
E018-03,null232,0.016891697136160164,0.024276158995624957,168,168,13,False,4,-0.060849530373594474,-0.010607728901440436,Cc9ccbcae4c,0.07469293934146198,0.07469293934146198,0.433458921136882,0.433458921136882,-0.18366624007370955,290,1533
E018-03,null233,0.008890926317402608,0.02111268196750499,141,141,12,True,4,0.243070139162817,0.29331194063497107,C7ce3adde08,0.06393310494095004,0.062009351586906854,0.4451118701438434,0.4451118701438434,-0.1898786866359671,293,1533
E018-03,null234,-0.024381853467315924,-0.024381853467315924,84,84,4,False,3,-0.27648174514535706,-0.19137083227071802,Cc7a14759d5,0.05792719269474052,0.05792719269474052,0.39079263419771054,0.39079263419771054,-0.27686779475423606,173,1533
E018-03,null235,0.009201094634903624,0.0174913113352435,108,108,10,False,4,-0.2815344700700053,-0.23129266859785128,C454172c421,0.072744578971693,0.072744578971693,0.47876634054970246,0.47876634054970246,-0.22754730443492743,254,1533
E018-03,null236,0.008002632655872022,0.0178641775722619,91,91,10,False,3,-0.2434399985882679,-0.1583290857136289,C357d6e83c5,0.07476309754672789,0.07476309754672789,0.452424276957787,0.452424276957787,-0.26065960463243243,178,1533
E018-03,null237,0.01300777816865717,0.022964952100091272,74,74,7,False,2,-0.07789809961511679,-0.02842786595970731,C7638a1998c,0.057134151028147284,0.057134151028147284,0.35705723491305413,0.35705723491305413,-0.2665698129370871,157,1533
E018-03,null238,0.0034275471592781145,0.02134762439904104,133,133,11,False,4,-0.08128213168618739,-0.031040330214033365,C6b795924a9,0.05881697015168135,0.05881697015168135,0.40445567142543276,0.40445567142543276,-0.19318086513204544,278,1533
E018-03,null239,0.029758585936266867,0.03814273618088133,187,187,26,False,4,-0.15145759943544862,-0.10121579796329457,Cb41637aa4f,0.05385122108680845,0.05385122108680845,0.39017343314931574,0.39017343314931574,-0.1911811390130568,323,1533
E018-03,null240,0.07233834251694711,0.07835754994960106,216,216,12,False,3,-0.042624517059157506,-0.028023394806232962,Ccb879c9628,0.0833997805275584,0.0833997805275584,0.5757030404746422,0.5757030404746422,-0.2304564641778935,334,1533
E018-03,null241,0.026444935216986026,0.02815478759422936,135,135,12,True,4,0.29808178594462603,0.3483235874167801,C4cc209742c,0.06351419136193265,0.06351419136193265,0.4185361655861879,0.4185361655861879,-0.23943973342470176,249,1533
E018-03,null242,0.006208863147079707,0.020513922208356954,189,189,20,False,4,-0.10578681492327398,-0.05554501345111993,C6cd6e13e37,0.0935273350646448,0.0935273350646448,0.7579479997899524,0.7579479997899524,-0.16657812553973073,347,1533
E018-03,null243,-0.019487492674870485,0.011761985333297692,55,55,5,False,4,-0.43103355695564033,-0.3807917554834863,C3a4e8042cd,0.0641792915631339,0.0641792915631339,0.40720784130251525,0.40720784130251525,-0.3020700407012893,128,1533
E018-03,null244,-0.004092458562155864,0.011529930178373846,73,73,6,True,4,0.06219095409020994,0.11243275556236398,C7e866a301c,0.054306097573580916,0.054306097573580916,0.4412338378266222,0.4412338378266222,-0.2374989790511997,123,1533
E018-03,null245,0.01042422575783222,0.022059320297847317,76,76,7,False,4,-0.05425401247782663,-0.004012211005672603,Cf64c7da80f,0.07898416860060194,0.07898416860060194,0.5171689913213288,0.5171689913213288,-0.2640213762093089,216,1533
E018-03,null246,0.01384556312660495,0.03225862869629494,146,146,9,False,4,-0.22380263649015758,-0.17356083501800354,C76a31fc570,0.08294533314039969,0.08294533314039969,0.38227890301267575,0.38227890301267575,-0.2172051687704858,258,1533
E018-03,null247,0.02054511004196101,0.026373422069971605,162,162,12,False,3,-0.052594589083892654,0.03251632379074633,Cc0e7e0a5e5,0.0841811064762438,0.0841811064762438,0.44756968779447726,0.3688457807244609,-0.19765549192538656,305,1533
E018-03,null248,-0.012682863381416418,0.015282293978007759,67,67,6,False,2,-0.26317395299751145,-0.21370371934210197,C03e2ab9037,0.07785853674043464,0.05088153022605949,0.5145848575777175,0.5145848575777175,-0.20397478498450525,204,1533
E018-03,null249,0.014760360567289105,0.024873741773344983,112,112,12,False,4,-0.19559520390886576,-0.14535340243671174,C98259563f2,0.06184289968709486,0.06184289968709486,0.44287260431790304,0.44287260431790304,-0.2732221940214368,214,1533
E018-03,null250,0.00407049814332703,0.00407049814332703,98,98,6,False,3,-0.291484380870162,-0.206373467995523,C374ac6992d,0.06018280435936514,0.06018280435936514,0.44817383970362434,0.39454320655416236,-0.23284945197170653,186,1533
E018-03,null251,0.0065117049762038765,0.014609186282829135,111,111,10,False,4,-0.18568298387654725,-0.13544118240439323,Cd3956c05ef,0.06869611124250895,0.06869611124250895,0.3831099679848488,0.3831099679848488,-0.2029450184094183,263,1533
E018-03,null252,-0.02540606535936392,-0.018507457069670986,42,42,3,False,4,-0.49961263834869946,-0.4493708368765454,Cc9289a426f,0.057475691267641904,0.057475691267641904,0.5226428000718334,0.5226428000718334,-0.3005039422762875,82,1533
E018-03,null253,0.007583506416573207,0.016877246810031596,108,108,10,False,3,-0.1987377531490392,-0.11362684027440018,C902d4c8816,0.05269089901396141,0.05269089901396141,0.4662391161811844,0.4662391161811844,-0.18784391011399904,231,1533
E018-03,null254,0.0011417443712141498,0.008235292358583838,123,123,11,False,3,-0.14751092134369445,-0.062400008469055475,Cbc58afada7,0.052598247792794,0.049043123656814396,0.46349434086677976,0.46349434086677976,-0.16110546797301428,306,1533
E018-03,null255,0.0034205767192896632,0.03134944391408373,56,56,3,False,3,-0.16192936837942967,-0.14732824612650514,C3ae11ab1ba,0.057931862883378,0.057931862883378,0.36403760560226867,0.36403760560226867,-0.25523305011911074,130,1533
E018-03,null256,-0.011079452880226923,0.011868061538310501,74,74,4,False,2,-0.18555206555877876,-0.13608183190336925,C678b772289,0.0626063491121438,0.05838117128344027,0.44794819284163634,0.44794819284163634,-0.24465880901319112,129,1533
E018-03,null257,0.023166127193636185,0.029896342748963342,139,139,17,False,4,-0.015345866926060915,0.03489593454609311,C6cd6e13e37,0.10167857808335776,0.10167857808335776,0.7881204674817752,0.7881204674817752,-0.21452497754315736,262,1533
E018-03,null258,0.015110919336648184,0.025245306714280522,132,132,10,False,4,-0.057363433676502665,-0.007121632204348617,Cdbdb23458c,0.06948610080420962,0.06948610080420962,0.5079569985875283,0.5079569985875283,-0.18618018161972372,284,1533
E018-03,null259,0.018527129462004837,0.02872106204018007,111,111,11,False,3,-0.4638804280952423,-0.3787695152206033,Cdf115f1aab,0.061455890863283846,0.061455890863283846,0.49338709937644865,0.49338709937644865,-0.27175705061222416,210,1533
E018-03,null260,0.008849780510954544,0.015774760633879562,95,95,13,False,4,-0.4041407370868032,-0.35389893561464913,Cdaf3311f9a,0.06363229718626841,0.06363229718626841,0.4380774197767064,0.41091735995756773,-0.17758255968585793,242,1533
E018-03,null261,0.016363104155754066,0.016974343491041106,105,105,8,False,3,-0.013809399060685311,0.07130151381395368,Cb41637aa4f,0.07930066963405205,0.07930066963405205,0.47988638919376286,0.47988638919376286,-0.24721343986551347,199,1533
E018-03,null262,-inf,-inf,40,40,0,False,2,-0.11414593948612342,-0.06467570583071391,,0.0628728337399282,0.05596461307130382,0.450830004849923,0.450830004849923,-0.26823913735326377,106,1533
E018-03,null263,0.017131526583576296,0.04490561098412417,161,161,21,False,4,-0.12497784495649623,-0.0747360434843422,Cae26bef5e4,0.0744632063670802,0.0744632063670802,0.5340507665261176,0.5340507665261176,-0.22518037046955336,257,1533
E018-03,null264,-0.0038688691034605045,0.0179005512518471,102,102,8,False,4,-0.03888434893561797,0.011357452536536073,C488cafe286,0.0640473821134631,0.0640473821134631,0.5213484839842514,0.5213484839842514,-0.2301770685331106,232,1533
E018-03,null265,0.012595813210297043,0.02450745583267206,120,120,14,False,2,0.02978646392969774,0.07925669758510723,C00a62f5def,0.09125875884919779,0.09125875884919779,0.39849222654852273,0.39849222654852273,-0.22193991616631023,176,1533
E018-03,null266,0.011773823400729619,0.02921533260451204,99,99,7,False,4,-0.21834214712676533,-0.1681003456546113,C141c13ac73,0.05149086963807496,0.05149086963807496,0.3895766336500242,0.3895766336500242,-0.16827459106215004,264,1533
E018-03,null267,0.008220301157143742,0.018347731029568645,111,111,10,False,3,-0.18074531740434463,-0.09563440452970565,Cd0e75edc0a,0.05343226547304399,0.05343226547304399,0.42833990753826734,0.42833990753826734,-0.24374787221327257,219,1533
E018-03,null268,-0.014673989963350727,-0.013168548155951022,61,61,3,False,3,-0.07549543809921971,-0.060894315846295184,C3d5e324f75,0.04367844719875069,0.04367844719875069,0.28876053762002785,0.28876053762002785,-0.26645502671019106,110,1533
E018-03,null269,0.021664977877903554,0.034871126827869595,98,98,8,False,4,-0.023896392512665655,0.02634540895948838,C876e44e6a6,0.07124516291573457,0.07124516291573457,0.5144217723925723,0.5144217723925723,-0.2828603202580326,180,1533
E018-03,null270,-0.0006292663298154722,0.008138302594518431,113,113,6,False,2,-0.009794058565977988,0.039676175089431505,C80e361edfd,0.07547268940395782,0.07547268940395782,0.4672396571341524,0.4672396571341524,-0.19023955626275688,228,1533
E018-03,null271,0.04171621039930662,0.04682087681205462,225,225,14,True,3,0.0045115647437555875,0.019112686996680124,C103a07caf4,0.0597133356012545,0.0597133356012545,0.4618968539243468,0.4618968539243468,-0.14711218133387985,349,1533
E018-03,null272,0.00691775256747449,0.01850009830682105,143,143,14,False,4,-0.03518877687198143,0.015053024600172618,C3fad6c5fec,0.06359892829933866,0.055901963249770995,0.3788223473780996,0.3788223473780996,-0.21535391162057155,273,1533
E018-03,null273,0.013324135448964429,0.026066578693017536,181,181,23,False,4,-0.30428999729485334,-0.25404819582269933,Cc5324111cd,0.07509455608141341,0.07509455608141341,0.4486378010625816,0.4486378010625816,-0.1585544401733924,292,1533
E018-03,null274,0.028624194279685978,0.03051484382041426,72,72,6,False,2,0.1358776057911775,0.18534783944658698,C7b1e58f651,0.058949143559236375,0.058949143559236375,0.4624059980072422,0.4624059980072422,-0.2935360538561068,159,1533
E018-03,null275,0.0024599396947091474,0.012965697315388176,84,84,8,False,4,-0.13347758959158085,-0.08323578811942682,Cca47e918a1,0.06074377933462293,0.06074377933462293,0.5432597261077358,0.5432597261077358,-0.2685412013498054,154,1533
E018-03,null276,-0.0011822260811570934,0.010908162244699312,57,57,2,False,3,-0.09095310465409881,-0.07635198240117426,C89177e0bd2,0.050411021822818966,0.050411021822818966,0.4199096081466332,0.4199096081466332,-0.32987437266250574,89,1533
E018-03,null277,-0.013026351479589282,0.008932732547495777,88,88,7,False,4,-0.1682828191150465,-0.11804101764289247,Ccb346dec85,0.060826812620123155,0.060826812620123155,0.39920391897685115,0.39920391897685115,-0.2539469839157706,197,1533
E018-03,null278,0.0012381421966738476,0.009979380089059825,47,47,3,False,3,-0.13224619331796683,-0.1176450710650423,C053f442b11,0.046341717487978634,0.046341717487978634,0.3367664272938277,0.3116398376549015,-0.3684332692356967,117,1533
E018-03,null279,0.011629545494870898,0.01687422943300315,96,96,5,False,3,-0.05188010000087846,0.03323081287376053,C04650d6dea,0.07682279793462313,0.07682279793462313,0.52880955732969,0.52880955732969,-0.28032497465635936,164,1533
E018-03,null280,-0.002632553296566042,0.0006629002631245483,54,54,3,True,3,0.021090628967072245,0.035691751219996785,Cd8ca7f414c,0.09075878490535949,0.09075878490535949,0.6323079622104963,0.6323079622104963,-0.3148333675739992,107,1533
E018-03,null281,0.012450372920924272,0.015419721930646668,71,71,4,False,4,-0.20521581073947368,-0.15497400926731966,C374ac6992d,0.06454971141272899,0.053269956670072324,0.4120459599957984,0.4120459599957984,-0.23183296067264783,136,1533
E018-03,null282,0.011783704242066744,0.01350538055381864,130,130,11,True,4,0.015755253009794204,0.06599705448194823,C2947bd8713,0.07018707938619853,0.07018707938619853,0.45068937390338104,0.45068937390338104,-0.18782079888368075,205,1533
E018-03,null283,0.017303827590146287,0.011095797328582617,96,96,9,True,4,0.10105886819302154,0.1513006696651756,C88426931bd,0.07936772637825049,0.0768941576949376,0.4204291103322721,0.4204291103322721,-0.26122313880664266,215,1533
E018-03,null284,0.015029027589698575,0.0237519713704926,129,129,12,False,4,-0.08715526614208521,-0.036913464669931215,C80e361edfd,0.07670433303976162,0.07670433303976162,0.47212525498422864,0.47212525498422864,-0.17485265396040647,294,1533
E018-03,null285,0.011401597028429423,0.03387599403366496,187,187,21,False,4,-0.10926174796433108,-0.059019946492177046,C8adbe70f4b,0.07323394639719956,0.07148447523971072,0.48009908292545805,0.48009908292545805,-0.1433534404637128,354,1533
E018-03,null286,0.02027144641899891,0.029203122050165335,146,146,13,False,4,-0.09037489064016757,-0.04013308916801354,C528b4e0a01,0.08079004678876606,0.08079004678876606,0.5288692865324272,0.5288692865324272,-0.24302847849131204,251,1533
E018-03,null287,0.03494428747012714,0.035463936203451084,104,104,9,True,4,0.08834228170906548,0.13858408318121948,Cf980bb054c,0.07701451126876252,0.07701451126876252,0.5722912479687923,0.5722912479687923,-0.24004991700756628,234,1533
E018-03,null288,-0.04632117418205932,-0.03877964971463877,93,93,6,False,4,-0.1300562595842151,-0.07981445811206106,C2947bd8713,0.05631104965844101,0.05035022097158437,0.37231244635913535,0.37231244635913535,-0.21026433355493818,196,1533
E018-03,null289,-0.01806817137708823,0.008939963190629504,52,52,3,False,3,-0.1660028513320607,-0.08089193845742171,C7f6b86693f,0.04552668175452351,0.04552668175452351,0.3191608723880062,0.3191608723880062,-0.25629464805755586,128,1533
E018-03,null290,-0.012892543635547427,0.016290306420497853,86,86,8,False,2,-0.1596954867430691,-0.1102252530876596,Cd3b8e70f51,0.05861677108738771,0.05861677108738771,0.4266625757923173,0.4266625757923173,-0.2310673446125441,163,1533
E018-03,null291,0.010548636565885986,0.02378537279052512,87,87,7,False,4,-0.17290122271440544,-0.1226594212422514,C065e9d39bf,0.061277826281674344,0.061277826281674344,0.4803147729421967,0.4803147729421967,-0.23998613686805964,195,1533
E018-03,null292,0.0008225220851260408,0.016192503501067407,131,131,10,False,4,-0.10926386942578915,-0.05902206795363513,Cbd0f23926b,0.060470910151617666,0.060470910151617666,0.32814456435322065,0.32814456435322065,-0.21492057410858376,242,1533
E018-03,null293,0.013354812041901316,0.013634166006740521,139,139,13,False,4,-0.2739953337820312,-0.22375353230987716,C7ce3adde08,0.05962188067886054,0.05962188067886054,0.40332220262383295,0.40332220262383295,-0.18791267418138835,282,1533
E018-03,null294,0.012070432174081946,0.027255696925336734,150,150,10,True,4,0.19992497915397645,0.2501667806261305,Ce5982e0e88,0.059525173813355536,0.059525173813355536,0.45587306538515343,0.45587306538515343,-0.20014379039257213,335,1533
E018-03,null295,-0.00011545728754466583,0.01015235336221878,59,59,1,True,4,0.023186163793200598,0.07342796526535464,C5b9ac4dd08,0.06752788445785296,0.06752788445785296,0.5156466828033905,0.5156466828033905,-0.25185359801582874,159,1533
E018-03,null296,0.022188583173957676,0.025788414348240432,112,112,13,False,3,-0.0027428093032111703,0.011858312949713373,C357d6e83c5,0.0691442772337009,0.0691442772337009,0.4860143582608274,0.4860143582608274,-0.20452344364335975,222,1533
E018-03,null297,-0.00044576882946044654,0.015600479872863424,91,91,7,False,4,-0.13843628263877417,-0.08819448116662015,Cad6baf2323,0.0688069265878389,0.0688069265878389,0.5597350203727288,0.5597350203727288,-0.28048626580193853,163,1533
E018-03,null298,0.018494005499948035,0.0330481924955434,100,100,8,True,4,0.12236471339619914,0.1726065148683532,Caf55546848,0.05645791930084003,0.05645791930084003,0.4498884925367196,0.4498884925367196,-0.22496806663835378,229,1533
E018-03,null299,0.004483485485793719,0.03458304265782115,160,160,16,False,4,-0.1775203993635181,-0.1272785978913641,C236e33ad6d,0.06971954579771954,0.06971954579771954,0.7055114234566995,0.7055114234566995,-0.12094679127489494,385,1533
E018-03,null300,0.0030889562785755163,0.004958927521968251,101,101,5,False,4,-0.36947769075668085,-0.3192358892845268,C86d6debdf8,0.05305857246025528,0.05305857246025528,0.3889258785179587,0.3889258785179587,-0.1993295346035759,264,1533
E018-04,null301,0.00465122944364311,0.016976013905667237,66,66,3,False,2,-0.03627440382016121,0.01319582983524828,Cad6baf2323,0.04620339943264645,0.04620339943264645,0.34593200940649427,0.34593200940649427,-0.27923125564620144,154,1533
E018-04,null302,0.02454439853226835,0.03194112855273394,121,121,8,False,4,-0.0414727319657964,0.00876906950635764,Ca21b6cba10,0.05836573068830694,0.05836573068830694,0.33191506759817957,0.33191506759817957,-0.18361129320899972,233,1533
E018-04,null303,-0.01971068505881111,0.010434047487910183,66,66,3,False,2,-0.21938899234464837,-0.1699187586892389,C677b8d5439,0.0597205732605344,0.0597205732605344,0.3325144991599011,0.3325144991599011,-0.23330621958758627,190,1533
E018-04,null304,-0.009505136166493879,0.012158984656644414,61,61,4,True,4,0.014975754865196539,0.06521755633735057,Cd8124c14af,0.07637027408714842,0.07637027408714842,0.4128706501254856,0.3403541591636097,-0.2624606907245107,136,1533
E018-04,null305,0.028780256653480378,0.03683037346968397,185,185,12,True,4,0.049416129246388135,0.09965793071854218,C63466fd1a1,0.07106180918500676,0.07106180918500676,0.5459326994642908,0.5459326994642908,-0.21282656409770662,315,1533
E018-04,null306,-0.007371866743308831,0.0199814279028121,99,99,9,False,3,-0.02378846091862686,0.06132245195601213,Ccc42cdc28f,0.06096049409661737,0.06096049409661737,0.396218760310809,0.3398315007471209,-0.19711597991291616,213,1533
E018-04,null307,0.01238570514783244,0.021146489252655113,73,73,6,True,4,0.07984842216753603,0.13009022363969008,C111e24df78,0.08847225984665874,0.08847225984665874,0.5205999381965107,0.5205999381965107,-0.2748974664551373,177,1533
E018-04,null308,-0.011616342824135165,0.0016996399150592707,71,71,3,False,3,-0.23471771098084343,-0.14960679810620442,C8640ca866b,0.04869002055973355,0.04869002055973355,0.3472684099145727,0.3472684099145727,-0.3052752609421703,160,1533
E018-04,null309,0.022972213052050265,0.03371101934045537,241,241,28,True,4,0.21111420290654392,0.26135600437869794,C15b2aa56ab,0.06613506323563248,0.06613506323563248,0.4508364170279276,0.4508364170279276,-0.14840692697529384,364,1533
E018-04,null310,0.04232569638677733,0.045264591051058234,222,222,19,False,4,-0.031000079922024942,0.01924172155012907,Cea6daa3678,0.06999989514876051,0.06999989514876051,0.5136725807373802,0.5136725807373802,-0.06982440763257754,557,1533
E018-04,null311,0.01456800031834361,0.018883382195837614,156,156,17,False,4,-0.2074406952524008,-0.15719889378024673,C3c1314573d,0.07422784424266904,0.07422784424266904,0.5300581761156453,0.5300581761156453,-0.22017566256020316,243,1533
E018-04,null312,0.009399559546091733,0.03429692326435019,166,166,15,True,4,0.06699520505761161,0.11723700652976565,Cd3b8e70f51,0.07012154202209067,0.07012154202209067,0.5379921146582136,0.5379921146582136,-0.1690651993546611,296,1533
E018-04,null313,0.009925239875949721,0.018783321531619268,73,73,7,True,4,0.026577190192879935,0.076818991665034,Ce1ae3312c8,0.062288303108878645,0.062288303108878645,0.5868079125235354,0.5868079125235354,-0.21767652017134842,239,1533
E018-04,null314,-0.01768541893214605,0.02316870253066041,46,46,4,True,4,0.008554621154223702,0.05879642262637777,C734da76549,0.05438872712041517,0.05326828188700111,0.5275388923025528,0.5275388923025528,-0.3218573717772348,96,1533
E018-04,null315,0.007866009852923283,0.013464915734334934,78,78,7,False,3,-0.19702455404328229,-0.18242343179035778,Cefa4704529,0.06821173589775388,0.06821173589775388,0.42765688229769555,0.42765688229769555,-0.25952234076097325,174,1533
E018-04,null316,-0.007023147715415309,0.0009528230622565196,72,72,5,False,2,-0.2485112970662192,-0.19904106341080968,C09e0fb7e2b,0.07525125398583687,0.07525125398583687,0.4536238307858288,0.4536238307858288,-0.2735032230087832,144,1533
E018-04,null317,0.010152838220239636,0.02267460413269142,105,105,6,False,2,-0.1926982989419292,-0.14322806528651968,Cb61c9c1dba,0.07823951361801755,0.07823951361801755,0.6008321129877285,0.6008321129877285,-0.2594017778696879,153,1533
E018-04,null318,0.0026360197614509143,0.021979297457930674,91,91,8,False,4,-0.2205932790622176,-0.17035147759006358,C65728e7bf9,0.06569657775208465,0.06569657775208465,0.5024979100055104,0.5024979100055104,-0.24057546510763123,177,1533
E018-04,null319,-0.0007706303105387176,0.0163319979914772,95,95,9,False,2,-0.2837020974701467,-0.2342318638147372,C8957386fc8,0.05338610161694814,0.05338610161694814,0.4090626545715872,0.4090626545715872,-0.26059113612272655,174,1533
E018-04,null320,0.018483055800852403,0.020092827333564704,117,117,4,False,3,-0.3186429874418219,-0.23353207456718292,Cfe6967a4cb,0.06343456993096327,0.06343456993096327,0.448481768013142,0.448481768013142,-0.2665454490363019,191,1533
E018-04,null321,0.02515430045072349,0.03046400349176272,209,209,14,False,4,-0.037122328548464666,0.013119472923689382,C8a93ba52bd,0.0556257973941216,0.0556257973941216,0.4040801709833823,0.4040801709833823,-0.17067727503129088,341,1533
E018-04,null322,0.011174500288900904,0.018181505989041967,179,179,14,True,4,0.08180291012119878,0.1320447115933528,C591119d2d6,0.0830165302330482,0.0830165302330482,0.4794790630942941,0.4794790630942941,-0.16113900487232938,332,1533
E018-04,null323,-0.014418531853352796,0.016728625089905438,93,93,3,False,3,-0.17845628031453736,-0.0933453674398984,C34ccf3d4c9,0.04791930264713966,0.04791930264713966,0.322921800871992,0.322921800871992,-0.19330773507865856,222,1533
E018-04,null324,0.009106470774902616,0.04363733169343297,55,55,6,False,4,-0.04424981713705976,0.005991984335094271,C8df9b9ab42,0.056338811156746785,0.056338811156746785,0.43946860438405405,0.43946860438405405,-0.27033514901845,124,1533
E018-04,null325,-inf,-inf,52,52,0,False,3,-0.1218494856285342,-0.036738572753895214,,0.059247417730566215,0.05008809192542975,0.35946577786387673,0.35946577786387673,-0.31539918501981945,118,1533
E018-04,null326,-0.0017935449540300288,0.00894271074130605,120,120,10,False,4,-0.6257507758827104,-0.5755089744105565,Ce853cc3bc4,0.06334526862545083,0.06334526862545083,0.45748856987616326,0.45748856987616326,-0.16709898041136212,293,1533
E018-04,null327,0.013177542701003377,0.025755341578208156,93,93,8,False,4,-0.033448701726992214,0.016793099745161855,C9eeecf4280,0.05799769403817753,0.05799769403817753,0.42883951171131823,0.36762831912911687,-0.2280975733754327,186,1533
E018-04,null328,0.008066126650048551,0.02490673636768132,88,88,7,False,4,-0.03607775365791674,0.014164047814237302,Ca21b6cba10,0.050015789989314594,0.050015789989314594,0.4319353730453257,0.4319353730453257,-0.22629665738290045,175,1533
E018-04,null329,-0.0011313372037766722,0.01042401752268344,98,98,13,True,4,0.12336906496243198,0.173610866434586,C88426931bd,0.07065505756233162,0.07065505756233162,0.5369852380432736,0.5369852380432736,-0.266949964006756,164,1533
E018-04,null330,0.005100522448313689,0.006121279760663007,96,96,7,False,3,-0.07766949558436051,0.007441417290278481,C8203839448,0.05819295677578806,0.05819295677578806,0.44148082916651754,0.44148082916651754,-0.24727613297473347,199,1533
E018-04,null331,-0.016008218621757796,0.009125414206326446,74,74,5,False,4,-0.21676455231950068,-0.1665227508473467,C88426931bd,0.06399410245029014,0.06399410245029014,0.42181478098596303,0.42181478098596303,-0.2820872494708187,160,1533
E018-04,null332,0.020478412328419356,0.02719815739601944,255,255,30,False,4,-0.0435819943983905,0.006659807073763541,Cefa4704529,0.0736015767744998,0.0736015767744998,0.5207411281587467,0.5207411281587467,-0.10101012223006009,491,1533
E018-04,null333,0.02253713173531368,0.02404404123152437,182,182,16,False,4,-0.11904771188778293,-0.06880591041562889,C3fb972a3ff,0.05909541416950912,0.05909541416950912,0.39100393628546415,0.39100393628546415,-0.1467668081923883,382,1533
E018-04,null334,-0.014970227465613332,0.017079598558384007,66,66,5,False,2,-0.009846349055113869,0.039623884600295624,Cd86ef31eaa,0.05436718834037649,0.05436718834037649,0.29957950070087225,0.2965435171490507,-0.2746595382084719,165,1533
E018-04,null335,0.011829282196425497,0.02064055185270404,124,124,8,False,4,-0.23125015038108243,-0.18100834890892836,Cee1a25c529,0.07912036896258498,0.07912036896258498,0.6322630599101181,0.6322630599101181,-0.22604782111898883,226,1533
E018-04,null336,0.02796896516149667,0.030014227167923447,196,196,19,False,4,-0.09685706813822381,-0.046615266666069785,C2947bd8713,0.07020976304380873,0.07020976304380873,0.5758161352358971,0.5758161352358971,-0.14063132216091723,337,1533
E018-04,null337,-0.01614821422321534,-0.008402965793118567,48,48,2,False,2,-0.13469968001347837,-0.0852294463580689,C156add5157,0.05383448415939744,0.05383448415939744,0.35960715006339683,0.35960715006339683,-0.2888441636287541,131,1533
E018-04,null338,0.01829111501631394,0.039923766005595454,82,82,6,True,4,0.2697493845994518,0.3199911860716058,C8df9b9ab42,0.07709255309976054,0.07709255309976054,0.5462696018819064,0.5462696018819064,-0.2513735372809883,169,1533
E018-04,null339,-0.0005435599151938468,0.009566536991900363,98,98,9,True,4,0.07046832225558708,0.12071012372774112,C1c11356aec,0.08235923958696863,0.08235923958696863,0.5386888164082189,0.5386888164082189,-0.1702009127845348,241,1533
E018-04,null340,-0.00143803900941159,0.016784673871831995,100,100,12,False,4,-0.2169480751041259,-0.16670627363197185,C03977d0f9b,0.06929145568793049,0.06929145568793049,0.5000878719671917,0.5000878719671917,-0.22585668466082465,197,1533
E018-04,null341,-0.0027415128629213296,0.00422599376995105,66,66,3,False,3,-0.23931696279543863,-0.15420604992079961,Cafae40bac9,0.06652782067670253,0.06652782067670253,0.40958198314466804,0.40958198314466804,-0.23506007285114044,137,1533
E018-04,null342,0.021342238186600512,0.022387213612663628,86,86,5,False,4,-0.2567802550823389,-0.20653845361018486,Cd9dc3e30b0,0.07831465666586712,0.07831465666586712,0.5511986826213542,0.5511986826213542,-0.2762605930080767,185,1533
E018-04,null343,0.0032822571142603505,0.008823972471779152,64,64,6,False,4,-0.178678716732998,-0.12843691526084397,Cd04e8d6af3,0.07527497036189242,0.07527497036189242,0.36537758745549487,0.36239961319114455,-0.2909330779362763,148,1533
E018-04,null344,0.028423616730466103,0.03979252002297565,185,185,12,True,4,0.02785280130303503,0.07809460277518906,C5ce6645864,0.06999549497628613,0.06999549497628613,0.5884224058104925,0.5884224058104925,-0.2085643441152702,331,1533
E018-04,null345,-0.006283480151170589,0.009375313277559926,72,72,2,False,4,-0.31016880199016117,-0.2599270005180071,Cdc416d8619,0.05689477063201029,0.05689477063201029,0.4489019698345901,0.4489019698345901,-0.2558299582708984,198,1533
E018-04,null346,0.03379054738441667,0.04226788680639424,233,233,13,True,4,0.005570287440390606,0.05581208891254465,C8a93ba52bd,0.07829732488144167,0.07829732488144167,0.40293065752133617,0.40293065752133617,-0.16506833698267875,389,1533
E018-04,null347,0.020591346400314015,0.02326194250494697,118,118,14,False,4,-0.15929092699555847,-0.10904912552340444,C233fb3bcec,0.11433492235198914,0.11433492235198914,0.6863599647127034,0.6863599647127034,-0.1979773586940493,241,1533
E018-04,null348,0.020122894916166464,0.03471130680845905,122,122,11,False,4,-0.4351480315863207,-0.3849062301141667,C7ce3adde08,0.06975004570108168,0.06975004570108168,0.6118843556966752,0.6118843556966752,-0.20172969319358255,279,1533
E018-04,null349,0.025377716903025975,0.03019923753770893,224,224,22,False,4,-0.2542320683601417,-0.20399026688798766,C989a9ff836,0.07137577713547708,0.06391154442139044,0.47899976530458477,0.47899976530458477,-0.13856038788011185,380,1533
E018-04,null350,0.014959012986876826,0.028270465846330264,182,182,16,False,4,-0.25691258199938394,-0.20667078052722987,Ca6e5a89197,0.07522486840874573,0.07522486840874573,0.5910725827327423,0.5910725827327423,-0.17038182045300118,336,1533
E018-04,null351,-0.0069912569606157705,0.012842271755529336,95,95,5,False,3,-0.2443397944886952,-0.15922888161405618,C0622a6ac8f,0.08119809689741127,0.08119809689741127,0.5529774515517596,0.5529774515517596,-0.2550277600769725,186,1533
E018-04,null352,0.0030471709924611776,0.02525479289779364,104,104,9,False,3,-0.19114872045705333,-0.10603780758241432,Cb3f7bb6035,0.07024344133293049,0.07024344133293049,0.5827138664104383,0.5827138664104383,-0.22528298315831063,193,1533
E018-04,null353,-0.0076210237347381525,0.014480213624540987,105,105,9,False,4,-0.08122873166766019,-0.030986930195506163,C3ee151aa3d,0.11058368850812028,0.07599889939475826,0.7154314726526035,0.5107811196812805,-0.22734884605061348,239,1533
E018-04,null354,0.01350077245448027,0.018979033232191314,133,133,6,False,4,-0.06193667899586206,-0.011694877523708028,Cd5a1c6b877,0.08073624478594862,0.08073624478594862,0.5351178534292187,0.5351178534292187,-0.15738295426928955,302,1533
E018-04,null355,-0.006569199865586668,-0.006569199865586668,62,62,1,False,2,-0.031094665649231412,0.018375568006178088,C50df68926f,0.08052784972407057,0.053659048267197314,0.37455835672739124,0.37455835672739124,-0.2538321878261528,129,1533
E018-04,null356,0.018070286921552638,0.027761453956738485,86,86,5,False,4,-0.35380312516737705,-0.30356132369522304,C7b1e58f651,0.05761930646961473,0.054529737111087405,0.35641806595437875,0.35641806595437875,-0.24500659344167036,192,1533
E018-04,null357,-0.007491324517590013,0.014869084613089875,132,132,11,False,3,-0.2111372599833334,-0.19653613773040887,Ce59a345d87,0.062101868688408224,0.062101868688408224,0.4596861249092993,0.42729572646389513,-0.22276403661582123,191,1533
E018-04,null358,0.0010611667653702035,0.021252725174457643,86,86,9,False,4,-0.20876777352192338,-0.15852597204976931,C01879aea2f,0.06451023786112764,0.06451023786112764,0.4645579538967094,0.4645579538967094,-0.2653176659548321,159,1533
E018-04,null359,0.00707190237074185,0.026199438681625678,112,112,10,False,3,-0.05684763510441838,0.028263277770220616,C78167cc113,0.08237891398989025,0.061810821979227965,0.37298595064668577,0.37298595064668577,-0.22679853418912466,262,1533
E018-04,null360,0.012847414566865147,0.025243338707275215,76,76,4,False,3,-0.020244172927055597,0.06486673994758341,Cb2005ad9c2,0.06373126529156581,0.06373126529156581,0.38241795208369,0.38241795208369,-0.2446442860260079,148,1533
E018-04,null361,0.015490311856890862,0.028421597751845797,49,49,1,False,3,-0.23348946043405105,-0.14837854755941204,Cc8743b561e,0.06718538672016716,0.06718538672016716,0.3901264966859762,0.3901264966859762,-0.2976679610854729,105,1533
E018-04,null362,-0.002986787948545637,0.0034143335233929265,106,106,6,False,4,-0.03653206005730806,0.013709741414845988,Ce029c45cf1,0.08119156596511065,0.08119156596511065,0.5799537925245469,0.5799537925245469,-0.23048874474711714,169,1533
E018-04,null363,-0.01612059233522073,0.015162815536139438,64,64,2,True,4,0.023441746436848793,0.07368354790900283,C72011a2780,0.06869806347615595,0.06869806347615595,0.599809651846358,0.599809651846358,-0.2853585272962612,141,1533
E018-04,null364,-0.011289157152027586,0.009106919784217446,90,90,8,False,4,-0.24417603937227986,-0.19393423790012582,C9c3583eb6f,0.06087602920295453,0.06087602920295453,0.38209231721292086,0.38209231721292086,-0.23825399327990285,177,1533
E018-04,null365,0.0494960872503978,0.055582790503406865,161,161,14,False,4,-0.1637946560530437,-0.11355285458088968,Cd0731c6f8d,0.06871903119131229,0.06871903119131229,0.40483030071373366,0.40483030071373366,-0.18361313803772056,327,1533
E018-04,null366,0.007442654235863135,0.022708004467470417,139,139,12,False,4,-0.35934928379807674,-0.30910748232592267,Ca28e649aea,0.07952106995132512,0.07952106995132512,0.48239900656544,0.48239900656544,-0.23140037746227723,231,1533
E018-04,null367,0.004801879394704694,0.01644182767544453,62,62,5,False,3,-0.15776973311101333,-0.07265882023637435,C550c3402d8,0.055623405896235975,0.049133044188433804,0.28686414889590406,0.2786580589160258,-0.28004871852927077,158,1533
E018-04,null368,0.003451708454810659,0.020865392836706378,115,115,12,False,4,-0.06193033488619188,-0.011688533414037847,C8a93ba52bd,0.06159300057487582,0.06159300057487582,0.4719067955895906,0.4719067955895906,-0.17401678349606547,225,1533
E018-04,null369,0.002648658370180532,0.025514993166641502,60,60,5,True,4,0.08796446577981855,0.13820626725197258,C6b1d9ba530,0.08670895635627851,0.08670895635627851,0.4273058952527262,0.40696731495806737,-0.2827392795537572,154,1533
E018-04,null370,-0.002854785171809081,0.006756419609230827,93,93,7,False,4,-0.07107483620895144,-0.020833034736797415,Cce473d2918,0.07107454835318654,0.07107454835318654,0.43840328929201094,0.43840328929201094,-0.18865861490850955,245,1533
E018-04,null371,0.00847632575732972,0.02680605347910948,154,154,14,False,4,-0.09469350999278763,-0.044451708520633584,Ccea6cfbc06,0.07673570413242822,0.07673570413242822,0.4714702344980144,0.4714702344980144,-0.21844695070658277,291,1533
E018-04,null372,0.016800535246187256,0.01844164496060935,144,144,13,False,4,-0.2098759418648153,-0.15963414039266127,Ccb9853e6b9,0.056752897057618504,0.056752897057618504,0.35049136680825094,0.35049136680825094,-0.18952360444329414,237,1533
E018-04,null373,-0.026125561145721954,-0.026125561145721954,57,57,4,False,3,-0.23208310660327974,-0.14697219372864076,Cd5511881f0,0.06992629614958588,0.06992629614958588,0.40567484666123615,0.40567484666123615,-0.30259374279884965,140,1533
E018-04,null374,0.02269720123487412,0.02277225207528956,88,88,6,False,4,-0.00418633330557619,0.04605546816657788,C4a198a7283,0.05550901368840433,0.05550901368840433,0.4575045640121845,0.4575045640121845,-0.2520574154913824,199,1533
E018-04,null375,0.008059801638575014,0.010542519956569428,85,85,11,False,3,-0.27829844550388627,-0.19318753262924726,C059334577f,0.06108706969650718,0.06108706969650718,0.3012353369836788,0.3012353369836788,-0.25940063306520317,162,1533
E018-04,null376,-0.03002536954095939,-0.010427870706976197,59,59,1,False,3,-0.2302071132388333,-0.1450962003641943,C5aa3ad85a3,0.07669204039110514,0.07669204039110514,0.514286964734443,0.514286964734443,-0.2735062599368593,132,1533
E018-04,null377,0.00979821142007118,0.018464023973231325,132,132,11,True,4,0.08514692469412748,0.1353887261662815,Cb35c5a7320,0.06818248138919186,0.06818248138919186,0.43686022248478634,0.43686022248478634,-0.20996733627429137,286,1533
E018-04,null378,0.004196928796026308,0.013783729429043155,66,66,4,False,4,-0.1480289199595207,-0.09778711848736667,C438189b794,0.06942378985491537,0.06942378985491537,0.4255336382403062,0.4255336382403062,-0.23097100048723793,141,1533
E018-04,null379,0.008722727203755613,0.02121019852481893,180,180,17,False,4,-0.20179409537921983,-0.1515522939070658,Cf01b622e8f,0.08936111810524738,0.08936111810524738,0.5389140645319092,0.5389140645319092,-0.14159949613015604,354,1533
E018-04,null380,0.016050568791762032,0.034514661536661696,128,128,12,False,4,-0.054003700091942844,-0.003761898619788831,C8b2073a6f6,0.06016377380679688,0.06016377380679688,0.45744399872065056,0.45744399872065056,-0.2011156241980776,256,1533
E018-04,null381,-0.016421057204980605,0.009389229982016549,61,61,3,False,2,-0.06242143148091096,-0.01295119782550147,C233fb3bcec,0.05056894779351789,0.05056894779351789,0.3580647821491568,0.3580647821491568,-0.2588570732462625,129,1533
E018-04,null382,-0.009570933668286334,0.00614829588478158,100,100,7,False,3,-0.3034277193022757,-0.21831680642763668,Ce8105684d6,0.05854239321703297,0.05854239321703297,0.41054389018965753,0.41054389018965753,-0.21148628381911813,168,1533
E018-04,null383,0.02328149485808493,0.02609461887811465,158,158,18,True,4,0.015005186502022344,0.06524698797417636,Ca967c602e5,0.0752676648044935,0.0752676648044935,0.5389247176290766,0.5389247176290766,-0.16983314774769886,281,1533
E018-04,null384,0.01444027857305911,0.01830190911593363,130,130,10,False,3,-0.08142355635497549,0.0036873565196634955,Ca1991e8e50,0.0637457223644058,0.0637457223644058,0.4027907739338661,0.4027907739338661,-0.19684463091543955,266,1533
E018-04,null385,0.018514536762384716,0.03115890663263812,143,143,15,True,4,0.115716138219569,0.16595793969172304,C11380954b3,0.0607603094909865,0.0607603094909865,0.342743539273079,0.342743539273079,-0.20339768879532313,290,1533
E018-04,null386,-0.0033702855322491456,-0.0009089261988341176,83,83,3,False,2,0.10047409844461233,0.14994433210002184,C0da085e97a,0.07081667246970191,0.07081667246970191,0.47084993663074093,0.47084993663074093,-0.2134618917029646,194,1533
E018-04,null387,-0.0006182510662862944,0.012178150488379245,64,64,3,False,3,-0.29114568427149723,-0.20603477139685822,C8adbe70f4b,0.056988399361590295,0.056988399361590295,0.3875023680426988,0.3875023680426988,-0.254987165489917,138,1533
E018-04,null388,-0.016058298778841674,-0.011070888583706563,52,52,2,False,2,-0.19961040545514736,-0.15014017179973788,C156add5157,0.049863206137336094,0.049863206137336094,0.3015439784147709,0.3015439784147709,-0.2761433211303797,117,1533
E018-04,null389,-0.002919936647551793,0.004705723314471504,50,50,3,False,2,-0.03473593512110442,0.014734298534305072,Cc506a9fc72,0.06334121948558796,0.06334121948558796,0.45725730234699724,0.45725730234699724,-0.37034381203258016,99,1533
E018-04,null390,0.02851077774391161,0.02851077774391161,124,124,9,False,4,-0.04180395921934999,0.008437842252804029,C6c04b67d60,0.07660183528370013,0.07660183528370013,0.46562463521962405,0.46562463521962405,-0.22350315667970455,229,1533
E018-04,null391,0.009045728020966474,0.009045728020966474,73,73,3,False,3,-0.1967401841180038,-0.1116292712433648,C6b923968ce,0.056913351006567095,0.056913351006567095,0.508881360996783,0.508881360996783,-0.23052405847289895,178,1533
E018-04,null392,0.012339323506548448,0.021747680865659307,131,131,10,False,4,-0.036052288523612086,0.014189512948541955,C704ce747f4,0.0752567958455373,0.0752567958455373,0.5015783776463691,0.5015783776463691,-0.21313807709509924,234,1533
E018-04,null393,-0.024500889778088335,-0.019343941346219168,55,55,3,False,4,-0.19116565474751782,-0.14092385327536378,Ce734d3ec00,0.08940238412944809,0.08940238412944809,0.5785689043828193,0.5785689043828193,-0.285223927898455,139,1533
E018-04,null394,0.014497302908985049,0.026226857759052556,120,120,7,True,4,0.14743732870512527,0.1976791301772793,C4fc5802a6c,0.07461095567322687,0.07461095567322687,0.4366766633348942,0.4366766633348942,-0.21644169759263898,230,1533
E018-04,null395,0.007468572165955211,0.027605573267311938,69,69,7,False,4,-0.11297414322205325,-0.06273234174989922,C631afac162,0.08118913882601356,0.08118913882601356,0.4225480013421809,0.4225480013421809,-0.25482013118033364,147,1533
E018-04,null396,0.0008146028994778665,0.0012377473375201984,64,64,4,False,3,-0.28730636193772224,-0.20219544906308323,C8e8e189502,0.08023244405168589,0.08023244405168589,0.4963923492975708,0.4963923492975708,-0.28609098527233556,129,1533
E018-04,null397,-0.009473887876792365,0.015047372424922892,78,78,7,False,3,-0.3709611455005696,-0.2858502326259306,Cc506a9fc72,0.053122717529848734,0.052217423571757085,0.36219839918345625,0.3620775370414189,-0.25031840311665754,192,1533
E018-04,null398,-0.019719674630546517,-0.019719674630546517,64,64,3,False,3,-0.42405743960632547,-0.33894652673168646,Cce473d2918,0.06482720725158983,0.06482720725158983,0.4762216168116773,0.4762216168116773,-0.21779976829458322,132,1533
E018-04,null399,0.020933282227122485,0.020933282227122485,152,152,14,False,4,-0.05431781859991985,-0.004076017127765813,C7ce3adde08,0.07515893840840698,0.07515893840840698,0.5233358845384548,0.5233358845384548,-0.21494753011106477,293,1533
E018-04,null400,-0.02061481677886299,0.003048336598593623,121,121,10,False,4,-0.3421348575194838,-0.29189305604732985,C034e20ea25,0.06189963669272125,0.06189963669272125,0.41408954394125264,0.41408954394125264,-0.18639685170040676,300,1533
E018-05,null401,-0.008097951859613648,-0.007234422156303955,87,87,4,False,2,-0.07455728675050022,-0.02508705309509071,C459080e103,0.06807414138112966,0.06807414138112966,0.4444370338104725,0.4444370338104725,-0.213970343283689,222,1533
E018-05,null402,0.0028177729094990608,0.013166956542938684,93,93,7,False,4,-0.13075656246106357,-0.08051476098890953,Cc7a14759d5,0.051378921432640876,0.051378921432640876,0.36992790257851027,0.36992790257851027,-0.26769621133395877,170,1533
E018-05,null403,0.0060136290460489185,0.013448265518983663,91,91,10,False,4,-0.12439480199792874,-0.07415300052577468,C89185dee8b,0.059478736714276476,0.059478736714276476,0.3966631626462052,0.3966631626462052,-0.231657358126281,177,1533
E018-05,null404,-0.01981437254079479,0.012241404916007278,87,87,6,False,4,-0.18162287708945174,-0.1313810756172977,C7e866a301c,0.055017350587896884,0.055017350587896884,0.44601869224844787,0.44601869224844787,-0.250812175885486,148,1533
E018-05,null405,0.026261941475632114,0.03503268775887649,164,164,16,False,4,-0.3674894465397966,-0.3172476450676426,Cff078019ae,0.06980027828756738,0.06980027828756738,0.5107439470024426,0.5107439470024426,-0.19071084956615794,387,1533
E018-05,null406,0.0028960146629134313,0.015018240141066745,108,108,7,False,4,-0.1716288552978888,-0.12138705382573478,C374ac6992d,0.075724815816283,0.075724815816283,0.40033014948104784,0.40033014948104784,-0.2084177599197007,242,1533
E018-05,null407,0.0006139202653961378,0.00753133698423116,64,64,7,False,4,-0.05434740860434975,-0.004105607132195703,Cc5324111cd,0.05371844065409985,0.05371844065409985,0.42924096724334443,0.42924096724334443,-0.26238214661615605,150,1533
E018-05,null408,0.022122502557618856,0.027344124444479187,108,108,5,False,4,-0.13688013739248192,-0.08663833592032788,Cee1a25c529,0.07348238815282002,0.07348238815282002,0.3701738826209946,0.3701738826209946,-0.2376179569878665,199,1533
E018-05,null409,0.00485805381661851,0.018919536762721918,104,104,9,False,3,-0.24193167192747483,-0.2273305496745503,C8adbe70f4b,0.0603370711842571,0.0603370711842571,0.4240065049630903,0.4240065049630903,-0.2150490185834988,184,1533
E018-05,null410,-0.0004981162318626903,0.012688426451030736,114,114,9,False,4,-0.3272212410191647,-0.27697943954701065,C76a31fc570,0.09489905642353497,0.09489905642353497,0.4561928042517091,0.4561928042517091,-0.2312579532689426,223,1533
E018-05,null411,0.007982921050231016,0.015221113282375583,134,134,8,False,4,-0.012426633391409453,0.03781516808074458,C2ed592f58d,0.06139712114762044,0.06139712114762044,0.3857132424344748,0.3857132424344748,-0.22495917779248154,258,1533
E018-05,null412,0.003313605959406005,0.012204499214988639,75,75,4,False,2,-0.013193020474161418,0.03627721318124807,Cad6baf2323,0.061556329095759886,0.061556329095759886,0.4854028155976537,0.4854028155976537,-0.27839840423089157,128,1533
E018-05,null413,-0.0045534337682441705,0.014616865486662533,81,81,1,True,4,0.015709767708168287,0.0659515691803223,C72aefabf7a,0.06268372519650345,0.06268372519650345,0.46537536211661085,0.46537536211661085,-0.2840711444640525,177,1533
E018-05,null414,0.020387182336348814,0.03044441591519081,98,98,5,False,4,-0.15338580796031948,-0.10314400648816544,C3c1314573d,0.05939618301184388,0.05939618301184388,0.44797171148501785,0.44797171148501785,-0.2747973089139013,147,1533
E018-05,null415,-0.001063473664329355,0.013480581953643503,109,109,11,False,4,-0.23444594952169354,-0.18420414804953947,Ceccd8bdfc3,0.06258607316533937,0.06258607316533937,0.38953056745729236,0.38953056745729236,-0.1625548897630618,288,1533
E018-05,null416,0.04147443033514572,0.03489047657313389,104,104,10,False,4,-0.484598040575799,-0.43435623910364507,Cad6baf2323,0.0835710080175196,0.0835710080175196,0.4802027431713525,0.4802027431713525,-0.21089581241311273,190,1533
E018-05,null417,0.021327453913025964,0.02929879729101744,175,175,21,False,4,-0.5851448408286396,-0.5349030393564855,Cb7124c744d,0.06512268375771031,0.06512268375771031,0.34904832696680616,0.34904832696680616,-0.1910633365326352,322,1533
E018-05,null418,0.006308527359354261,0.013722308480635756,72,72,8,False,4,-0.28516761591586937,-0.2349258144437153,Cc9ccbcae4c,0.06561890309149963,0.06561890309149963,0.29408314997103313,0.29408314997103313,-0.2793925607774396,123,1533
E018-05,null419,0.008967786826883964,0.014419495861698266,90,90,8,False,4,-0.09098048404017664,-0.040738682568022606,Ca17d4480d5,0.06425161051528439,0.06425161051528439,0.41520366434895906,0.41520366434895906,-0.22436293919345895,174,1533
E018-05,null420,-inf,-inf,41,41,0,False,2,-0.29482010615964127,-0.24534987250423174,,0.04287612703591865,0.039289927911143274,0.3427411186466875,0.3427411186466875,-0.29153874855104805,75,1533
E018-05,null421,-0.007713531838478732,0.01434521300249478,42,42,3,False,3,-0.09732325932391886,-0.01221234644927987,C29526a865c,0.05782092523983834,0.05517478057325853,0.37564285714721124,0.37564285714721124,-0.25844024580060176,110,1533
E018-05,null422,-0.0009982408748196465,0.005176406901169658,65,65,3,False,3,-0.18542813203490993,-0.10031721916027095,Cdc547ae02f,0.05123776820952049,0.05123776820952049,0.31613288799908523,0.31613288799908523,-0.26464962240053846,129,1533
E018-05,null423,0.00496534216049126,0.018660793326920166,81,81,5,False,3,-0.1932246638374623,-0.10811375096282334,Cbc885ce7a2,0.057517280712533994,0.057517280712533994,0.4805668564939854,0.4805668564939854,-0.23896321393402586,160,1533
E018-05,null424,0.0071862980913579904,0.017674132316612308,114,114,13,False,4,-0.06300044314140381,-0.012758641669249789,Cefa4704529,0.07528349176113172,0.07528349176113172,0.4406855229775271,0.4406855229775271,-0.2103544144634344,240,1533
E018-05,null425,-0.0023894973846406535,0.020924400186735168,67,67,4,True,4,0.20464091840938078,0.25488271988153477,Cc86a641eaa,0.07627396233095174,0.07627396233095174,0.5675813044162421,0.5675813044162421,-0.2503399113701946,162,1533
E018-05,null426,0.014980923441424283,0.016954971327737576,67,67,5,False,3,-0.11595799408401633,-0.030847081209377333,Cb35c5a7320,0.04518118592433824,0.04511104603651385,0.4822407296253429,0.4822407296253429,-0.27292682394559203,134,1533
E018-05,null427,0.01116948855143587,0.028506526280282198,101,101,9,False,4,-0.29635349893090834,-0.2461116974587543,C90f4ec95c3,0.0742549692659348,0.0742549692659348,0.4979729693313399,0.4979729693313399,-0.22503928051082422,160,1533
E018-05,null428,-0.013082869294860362,0.011011638687093492,73,73,4,False,4,-0.4045852412396209,-0.35434343976746685,C651a0ad7d4,0.06461676811105567,0.06461676811105567,0.37251560028024666,0.37251560028024666,-0.2712889967912829,109,1533
E018-05,null429,0.02934499708977529,0.04026061687122272,318,318,37,False,4,-0.01147105895189994,0.0387707425202541,C15b2aa56ab,0.07062053765734698,0.07062053765734698,0.5338064140028956,0.5338064140028956,-0.055777620356553634,601,1533
E018-05,null430,0.020812463995270758,0.02649935883611103,157,157,19,False,4,-0.08808827717800151,-0.03784647570584748,Ce2b4d0f2c0,0.08168268102013775,0.08168268102013775,0.5315121299294916,0.5315121299294916,-0.1563370355607168,351,1533
E018-05,null431,-0.006196680437220209,0.014412426039216327,101,101,7,False,4,-0.15873425742298977,-0.10849245595083573,C03977d0f9b,0.0773308660093488,0.0773308660093488,0.49605182206237936,0.49605182206237936,-0.2365590862337933,207,1533
E018-05,null432,0.009447583754411959,0.02689591485276862,85,85,8,False,3,-0.06483588852624164,-0.05023476627331711,Cd86ef31eaa,0.0645575331176854,0.06130070762852004,0.3522699824741878,0.3522699824741878,-0.2474237070424584,198,1533
E018-05,null433,0.008609319158968877,0.020734302605908708,147,147,11,True,4,0.031896962946024406,0.08213876441817844,C90f4ec95c3,0.06877030034669462,0.06877030034669462,0.4448515475964248,0.4448515475964248,-0.22808274292637376,243,1533
E018-05,null434,0.02122779095362588,0.046705246166112206,164,164,15,False,4,-0.2954302706713932,-0.2451884691992392,C2980f17617,0.062487487874392,0.062487487874392,0.4697672661953458,0.4697672661953458,-0.12644221270938927,389,1533
E018-05,null435,0.009878192994262257,0.012988922158279154,83,83,8,False,4,-0.12798453067306167,-0.07774272920090763,C6564ee20f2,0.0804511710549542,0.0804511710549542,0.5882543654571323,0.5882543654571323,-0.21200554244432704,217,1533
E018-05,null436,-inf,-inf,54,54,0,False,3,-0.2893467308396438,-0.20423581796500478,,0.07908142605903513,0.05718870915612972,0.4602693140190555,0.38845363946752975,-0.2679753148410843,128,1533
E018-05,null437,0.009607709937666742,0.031084653986604177,201,201,22,False,4,-0.2942409069365888,-0.24399910546443476,Caa9134d226,0.0829782482620458,0.0829782482620458,0.5851990794840224,0.5851990794840224,-0.1379034306881773,368,1533
E018-05,null438,-0.007417473147249016,0.003435680080458633,68,68,4,False,2,-0.05318968603274466,-0.003719452377335168,C1f47570e23,0.06216118240946617,0.06216118240946617,0.40011323879578764,0.40011323879578764,-0.26519435704846744,161,1533
E018-05,null439,0.007834455008516004,0.021927630251414566,158,158,10,False,4,-0.144835391315005,-0.09459358984285099,C02390c76c4,0.07442230774106663,0.07442230774106663,0.5182612157209698,0.5182612157209698,-0.1886195213976174,305,1533
E018-05,null440,0.02518331043670175,0.04029300040391312,159,159,19,False,3,-0.1692329569649526,-0.08412204409031364,C67b8714eae,0.0783410655847521,0.0783410655847521,0.4898442182295963,0.4898442182295963,-0.15910967292995762,358,1533
E018-05,null441,0.01700654971074583,0.03090955646744791,180,180,17,False,2,-0.15689221099727063,-0.10742197734186112,C131946d1df,0.0696025688514111,0.0696025688514111,0.41882591493159915,0.41882591493159915,-0.15998297837970515,344,1533
E018-05,null442,-0.007606357249558477,-0.00047345467718834695,82,82,7,False,4,-0.19496937918576215,-0.14472757771360809,C39e5d48339,0.05806577612086611,0.05806577612086611,0.432854924307294,0.432854924307294,-0.21748071751303352,181,1533
E018-05,null443,0.0454563122045409,0.041511155612936036,126,126,14,True,4,0.0791889191127121,0.12943072058486615,Cd5511881f0,0.072939088848436,0.072939088848436,0.5872703537924118,0.5872703537924118,-0.20469289936804103,239,1533
E018-05,null444,0.02275362572372666,0.02275362572372666,113,113,8,False,2,-0.17555293581587023,-0.12608270216046075,C059334577f,0.07188764203584405,0.07188764203584405,0.4651441738062162,0.4651441738062162,-0.22270856478088624,298,1533
E018-05,null445,0.019739088986360405,0.022879778893218006,155,155,18,False,4,-0.05033478142505165,-9.297995289760802e-05,Ca967c602e5,0.06745936467460217,0.061172634235900775,0.5156527708261864,0.5156527708261864,-0.172338865909415,306,1533
E018-05,null446,-0.012603013091304812,0.012424086285741064,98,98,5,False,3,-0.40323905231282514,-0.31812813943818613,Cc7ad254684,0.06864772182349563,0.06864772182349563,0.5538037718966512,0.5538037718966512,-0.21557390256880804,150,1533
E018-05,null447,-0.003473150813133161,0.020717675485863552,103,103,12,True,4,0.016348925802206607,0.06659072727436063,C233fb3bcec,0.06871449024294501,0.05496500244895551,0.5400312417794417,0.41770893023618194,-0.20087660755167558,217,1533
E018-05,null448,0.018483815705256746,0.028599894800095914,85,85,10,False,4,-0.0865373581738125,-0.03629555670165846,Ca17d4480d5,0.054757138691442594,0.054757138691442594,0.3468589911864064,0.29297280122537905,-0.291113170884887,164,1533
E018-05,null449,-0.01509974531022062,0.0032642669048369827,71,71,5,False,4,-0.30804398779155395,-0.2578021863193999,Ce029c45cf1,0.05196259172375591,0.047219083559969975,0.3370403457804022,0.3370403457804022,-0.2548439243211502,144,1533
E018-05,null450,-0.009759022976113191,0.02904269340167393,102,102,7,False,4,-0.35044039944403893,-0.30019859797188486,C7e866a301c,0.044637657367710644,0.042373296304808364,0.31794489020503386,0.31794489020503386,-0.2241821076727693,172,1533
E018-05,null451,0.021617021392264485,0.021617021392264485,150,150,17,False,4,-0.04245736345637652,0.007784438015777523,C6cd6e13e37,0.06650885694831482,0.06650885694831482,0.38243676309549685,0.38243676309549685,-0.2003815038660464,229,1533
E018-05,null452,0.03480442631705641,0.0483949218264802,166,166,17,False,4,-0.2195686331025548,-0.16932683163040077,C25400bd157,0.06666212653118316,0.06666212653118316,0.3686975822067178,0.3686975822067178,-0.22641789102569845,273,1533
E018-05,null453,0.02056162073564928,0.03563596161852475,128,128,12,False,4,-0.2500261379321936,-0.19978433646003957,C6b795924a9,0.08471454762961036,0.08471454762961036,0.5448519620848769,0.5448519620848769,-0.18029367511413194,266,1533
E018-05,null454,0.018767276961597773,0.02821804446881905,193,193,18,True,4,0.012301957745353316,0.06254375921750731,C806a31cf4e,0.06088004404707892,0.06088004404707892,0.3500918563040017,0.3500918563040017,-0.13867842250535334,375,1533
E018-05,null455,0.0023019168367030924,0.021501605631380174,120,120,11,False,4,-0.027773107301662547,0.022468694170491493,C9eeecf4280,0.06008382207790171,0.06008382207790171,0.3805622564864851,0.37794453541100836,-0.1897461825609001,240,1533
E018-05,null456,-0.0011447386780992818,0.011576391449129255,49,49,1,False,3,-0.17657826223019785,-0.09146734935555885,Ca9614c54c3,0.053638879208611906,0.053638879208611906,0.3955353433301749,0.3955353433301749,-0.28425437386943425,111,1533
E018-05,null457,-0.014229509507635175,-0.011135325731231327,87,87,5,False,3,-0.31956451399980446,-0.23445360112516545,Ce029c45cf1,0.07460436336316194,0.07460436336316194,0.44672269390818214,0.44672269390818214,-0.2506583844624365,147,1533
E018-05,null458,0.007393216025640385,0.01689620564182927,133,133,12,False,4,-0.04308207641926459,0.007159725052889445,C7ce3adde08,0.06142341603431711,0.06142341603431711,0.5406034047101103,0.5406034047101103,-0.16713178315284472,301,1533
E018-05,null459,0.004139508714958714,0.021564547035587776,114,114,9,False,4,-0.18749799417664076,-0.13725619270448672,C8c243f7451,0.06472636876798764,0.06472636876798764,0.4370011278923463,0.4370011278923463,-0.18415398754498447,263,1533
E018-05,null460,-0.008415524300142502,0.0018675566325035689,97,97,7,False,4,-0.03006739990755606,0.020174401564597974,Cefa4704529,0.08606650510269304,0.08606650510269304,0.6497264857711185,0.6497264857711185,-0.2676358491424192,144,1533
E018-05,null461,-0.028817428494666633,-0.02872443908893793,65,65,2,False,4,-0.019879686812674716,0.030362114659479317,C504ea36b0a,0.059107415308173664,0.059107415308173664,0.4120165277637341,0.4120165277637341,-0.25991321435312825,201,1533
E018-05,null462,0.027294579456960087,0.030943412873297587,216,216,13,False,4,-0.2820633246010805,-0.2318215231289265,C137b2dd463,0.06727020620740756,0.06727020620740756,0.5031111562269418,0.5031111562269418,-0.11477468795468193,490,1533
E018-05,null463,-0.0031286838784731416,0.006385058421748252,79,79,4,False,4,-0.40176955859413627,-0.3515277571219822,C156add5157,0.055873599806328306,0.055873599806328306,0.38411769749427505,0.38411769749427505,-0.23569418507651158,211,1533
E018-05,null464,0.03271371502841109,0.03596247122370861,78,78,5,False,4,-0.19234728204654744,-0.1421054805743934,C8adbe70f4b,0.05229027370193162,0.05229027370193162,0.4069852592193828,0.4069852592193828,-0.18584212289351476,343,1533
E018-05,null465,0.021384942277748627,0.02657360888165417,97,97,10,False,4,-0.11807941766376627,-0.06783761619161223,Cfe16014c1b,0.07404239092014361,0.07404239092014361,0.5656977043566201,0.5656977043566201,-0.22958240009349817,187,1533
E018-05,null466,0.03557835052082148,0.04242041706198446,175,175,19,False,4,-0.05481412867678369,-0.004572327204629641,C5ec3c50bdc,0.07369030705962862,0.07369030705962862,0.3836144897629025,0.3836144897629025,-0.14313246778909797,383,1533
E018-05,null467,0.0023623575061861753,0.01085534338883262,105,105,10,False,4,-0.15609831007565156,-0.10585650860349752,Ca28e649aea,0.07489616665020206,0.07489616665020206,0.5766236684503233,0.5766236684503233,-0.20219620728982113,234,1533
E018-05,null468,0.013304814824568297,0.016613977989016093,152,152,12,False,3,-0.2533527711086924,-0.1682418582340534,C93699c6707,0.06870843185248235,0.06870843185248235,0.4282127271698198,0.4282127271698198,-0.20550278794386767,269,1533
E018-05,null469,0.011236718490394539,0.015605552974497701,145,145,17,False,4,-0.2113807312996809,-0.16113892982752687,Cd8ca7f414c,0.08055363357807424,0.07294872349199191,0.3719888758064488,0.3719888758064488,-0.19989620835350452,240,1533
E018-05,null470,-0.010694290524020282,0.01860303069471092,62,62,3,False,2,-0.031892464347926086,0.01757776930748341,C82190c492f,0.08970169004247887,0.08970169004247887,0.5218832465590538,0.5218832465590538,-0.27432191972009595,122,1533
E018-05,null471,0.0222074134093625,0.02720121221754025,177,177,14,False,4,-0.10721202344184706,-0.05697022196969302,Cb7124c744d,0.08021798011078485,0.0567978814231039,0.4357276774922534,0.3929701502540335,-0.18144214595994637,304,1533
E018-05,null472,0.028192643740573328,0.04365912456725367,161,161,17,False,4,-0.3337733078531341,-0.28353150638098,C9fb8636802,0.06641524673162577,0.06641524673162577,0.5990526985024588,0.5990526985024588,-0.18610280556155206,300,1533
E018-05,null473,0.014652345219210968,0.00566567230791563,86,86,4,True,4,0.027203357251041498,0.07744515872319553,C78167cc113,0.06388113599823948,0.06388113599823948,0.4730546775898542,0.4730546775898542,-0.20758991238201074,183,1533
E018-05,null474,-0.009057238564274843,0.013397453987605138,80,80,6,False,4,-0.6081340285346654,-0.5578922270625113,Ce420b547f1,0.08499166744870137,0.08499166744870137,0.6161674347341048,0.6161674347341048,-0.2578972299767573,128,1533
E018-05,null475,0.0022795657975675093,0.01023520514030099,79,79,5,False,4,-0.26176971363568,-0.211527912163526,Ca9614c54c3,0.070419641641183,0.070419641641183,0.492719539138305,0.492719539138305,-0.25195704028877447,186,1533
E018-05,null476,-0.0024344811682430927,-0.0024344811682430927,71,71,4,False,3,-0.12459280722901601,-0.03948189435437702,C45e9289f4e,0.06141659583430402,0.06141659583430402,0.5230663626496433,0.5230663626496433,-0.2724056556219515,155,1533
E018-05,null477,-0.03194352516529989,-0.02216689402205818,47,47,1,False,2,-0.0617214217617694,-0.01225118810635991,C61ab3e8ef0,0.05868791820458299,0.04854023958792579,0.3728069348998035,0.28692667323693627,-0.24555945651094266,124,1533
E018-05,null478,-0.016726198179969353,0.01652529739938656,63,63,7,False,4,-0.12898529083301907,-0.07874348936086506,Cd0bf1a313f,0.04915524009254002,0.04915524009254002,0.46428700233164244,0.46428700233164244,-0.3240702682738014,106,1533
E018-05,null479,0.023405496418205468,0.03627853547522781,165,165,15,False,4,-0.3447005965887629,-0.29445879511660883,C3aa5c37fc1,0.09323531575651876,0.09323531575651876,0.5372862206015897,0.5372862206015897,-0.18804789640566005,241,1533
E018-05,null480,0.0035133753203238464,0.01314148664913106,104,104,4,False,3,-0.059838670088790374,0.02527224278584861,Cafc7977c45,0.062349513891993634,0.062349513891993634,0.4451212307650738,0.4451212307650738,-0.24741273544749764,210,1533
E018-05,null481,0.008903720044572579,0.01728621504841393,140,140,13,False,4,-0.14600721991588492,-0.09576541844373088,C7ce3adde08,0.06496857219388918,0.06496857219388918,0.45541694679021244,0.45541694679021244,-0.1736537292438821,266,1533
E018-05,null482,0.01859732269435499,0.032503792387502756,102,102,8,False,4,-0.36930685695310783,-0.31906505548095376,Ce984e5d5ba,0.06303137620358111,0.06303137620358111,0.44294499685301514,0.44294499685301514,-0.2070412597426935,238,1533
E018-05,null483,0.0012821046082167353,0.019755353731129546,90,90,5,False,3,-0.18270189404303758,-0.0975909811683986,C3ae11ab1ba,0.06356385519057967,0.06356385519057967,0.5662729687042058,0.5662729687042058,-0.20861825111533755,209,1533
E018-05,null484,-0.014875909688464552,-0.008198130651603784,62,62,5,False,3,-0.19872084873231127,-0.11360993585767228,Caa9134d226,0.07914925108459042,0.07914925108459042,0.5412866565643859,0.5412866565643859,-0.24851533861553463,151,1533
E018-05,null485,-0.018127999492548782,0.01618091331283234,105,105,6,False,4,-0.5513999499822686,-0.5011581485101144,Cb6840c615c,0.05941622991500582,0.056832288736066654,0.4164489586509316,0.4164489586509316,-0.2218865329479312,218,1533
E018-05,null486,0.015651291382817952,0.024769236259138697,66,66,6,False,3,-0.18843229163147274,-0.10332137875683375,C018381b6b4,0.07821251178989608,0.07821251178989608,0.4784595269083875,0.4784595269083875,-0.2751584558603053,162,1533
E018-05,null487,0.0032611268796941505,0.018970313669871695,48,48,2,False,2,-0.21648406630971437,-0.1670138326543049,Cc506a9fc72,0.06939748856984734,0.06939748856984734,0.4818755508719286,0.4818755508719286,-0.33178309086565466,95,1533
E018-05,null488,0.006468144416419535,0.016912071148744053,65,65,5,False,4,-0.22787383549082552,-0.1776320340186715,C4e7feb1480,0.06328717780253991,0.06328717780253991,0.3911493405148881,0.3911493405148881,-0.2654788424108373,115,1533
E018-05,null489,-0.01737490838944907,0.022254366595870628,55,55,2,False,3,-0.2720400518389058,-0.18692913896426677,C186f9a957c,0.08588089983955591,0.06133244734189251,0.389665490285585,0.389665490285585,-0.2354030422469942,187,1533
E018-05,null490,0.006324503741843039,0.019758640525715188,109,109,7,False,4,-0.14408797745375526,-0.09384617598160123,C4d3406d64f,0.07173945845838789,0.07173945845838789,0.4248758815937044,0.4248758815937044,-0.18650478030376016,252,1533
E018-05,null491,0.00574777904042563,0.024341759395943637,151,151,20,False,4,-0.08796013867367151,-0.03771833720151746,Cefa4704529,0.06405858536228594,0.06405858536228594,0.4923101127433821,0.4923101127433821,-0.1997466364093905,292,1533
E018-05,null492,0.003761952623560165,0.019243212248794606,148,148,11,False,4,-0.09652335305306756,-0.04628155158091352,C6cd6e13e37,0.058762351868912516,0.058762351868912516,0.3512548629966093,0.3512548629966093,-0.23565876363463856,244,1533
E018-05,null493,-0.004484474082529539,0.005360534040827895,97,97,5,False,4,-0.06634322802742737,-0.01610142655527333,Cb7124c744d,0.05906072012146925,0.05906072012146925,0.4854094771936275,0.4854094771936275,-0.21696328910650203,239,1533
E018-05,null494,0.006683618350017156,0.019356769652403974,110,110,8,True,4,0.21758582170383564,0.2678276231759897,C38bdbbecdc,0.07451372931381767,0.07451372931381767,0.4733014649492574,0.4733014649492574,-0.27509669356691524,208,1533
E018-05,null495,-0.0030271501584034598,0.031463641104881826,74,74,4,False,2,0.08954167375791633,0.1390119074133258,C233fb3bcec,0.07311798416773373,0.07311798416773373,0.5066396505900713,0.5066396505900713,-0.23963462220366769,149,1533
E018-05,null496,0.02321330629139281,0.036941853640613705,180,180,22,False,4,-0.06108996185842314,-0.010848160386269092,C7ce3adde08,0.07757875924426744,0.07757875924426744,0.42597300658703313,0.42597300658703313,-0.1270704194684978,374,1533
E018-05,null497,0.0273432947359512,0.030475116415110373,113,113,5,True,3,0.07282983345818825,0.0874309557111128,C1d3250d55f,0.0661510513016386,0.0661510513016386,0.3783546281213602,0.3783546281213602,-0.1890436389185696,251,1533
E018-05,null498,-0.013911758868413867,0.014873781743916585,47,47,5,False,3,-0.12021113565690035,-0.03510022278226135,C04b8232560,0.07436367761362181,0.07436367761362181,0.41513858829233924,0.4118653118252891,-0.24197125092454402,172,1533
E018-05,null499,-1.4503211797114047e-05,0.0052706599029934825,36,36,2,False,4,-0.17252777211885426,-0.12228597064670021,Ca99b6511f0,0.06351664165453955,0.06351664165453955,0.3394318504074563,0.3394318504074563,-0.27203930723471254,122,1533
E018-05,null500,0.017187841408417642,0.043538898976809945,114,114,11,True,4,0.15567610258266049,0.2059179040548145,C63466fd1a1,0.07838677903561592,0.07838677903561592,0.5589043053887666,0.5589043053887666,-0.21143375309147883,202,1533
E018-06,block1001,0.03325264604659199,0.03941067666870667,217,217,12,True,4,0.05447625363424702,0.10471805510640106,C5ec3c50bdc,0.06032515725930575,0.06032515725930575,0.41251447960916576,0.41251447960916576,-0.16964362449821196,382,1533
E018-06,block1002,0.03070977479025499,0.051176115855337344,156,156,14,False,4,-0.19897477741500202,-0.14873297594284798,C2947bd8713,0.07246311252105461,0.07246311252105461,0.42017631166486796,0.42017631166486796,-0.14829626806024246,320,1533
E018-06,block1003,0.01737569558657119,0.02191292041268369,166,166,17,False,4,-0.16165062843997077,-0.11140882696781673,Cb3f7bb6035,0.06922550430657912,0.06922550430657912,0.7081428722640523,0.7081428722640523,-0.19991761887865644,290,1533
E018-06,block1004,0.009688659952681788,0.018286765482287838,165,165,24,True,4,0.058691052137357716,0.10893285360951177,C7ce3adde08,0.060695435914620205,0.060695435914620205,0.39302077691762943,0.39302077691762943,-0.21066496456044523,289,1533
E018-06,block1005,0.03942202549913569,0.04979138556311896,153,153,18,False,4,-0.2608869892316077,-0.2106451877594537,Cd4ccc0c63f,0.08155450732524777,0.08155450732524777,0.5301961407150086,0.5301961407150086,-0.1719236992922447,312,1533
E018-06,block1006,-0.00353030248413353,0.00966897144400453,50,50,4,False,4,-0.290186760679066,-0.23994495920691197,C4b7d05ac66,0.05520746742008782,0.05520746742008782,0.3930735085766454,0.3930735085766454,-0.3110771841257406,126,1533
E018-06,block1007,0.005870115496419534,0.008661988587679328,104,104,8,False,3,-0.012313718131903425,0.07279719474273556,C6cd6e13e37,0.05618697332789099,0.04734875890008692,0.3101937984111427,0.3101937984111427,-0.1792707602415004,242,1533
E018-06,block1008,0.023081761438433022,0.035741608694298016,210,210,17,False,4,-0.170643342716545,-0.12040154124439092,C7ba0b835fc,0.060099008574523785,0.060099008574523785,0.4316842141843863,0.4115360999820419,-0.15535456583563667,383,1533
E018-06,block1009,0.023629272508270138,0.0260208107000507,162,162,22,True,4,0.0025816491652991963,0.05282345063745325,C528b4e0a01,0.06642848291094422,0.06642848291094422,0.35228737320864256,0.35228737320864256,-0.1768977404188231,281,1533
E018-06,block1010,0.017058195733125843,0.01832040353597012,130,130,8,False,4,-0.048118962667809455,0.002122838804344593,C477752f10b,0.0664252448423314,0.0664252448423314,0.4058986793008694,0.3930648433396337,-0.22649896137158274,246,1533
E018-06,block1011,-0.015370349314038658,0.005551727099569326,45,45,4,False,4,-0.07194438818092838,-0.02170258670877435,C812d40a0ea,0.06860223183655036,0.06860223183655036,0.29300491438133003,0.29300491438133003,-0.300534871236944,94,1533
E018-06,block1012,-0.008001439547623963,-0.003263684070022834,47,47,3,False,4,-0.1749942621505307,-0.12475246067837667,Caef3836071,0.0646229530410872,0.0646229530410872,0.49189567908473,0.49189567908473,-0.29357446744609705,99,1533
E018-06,block1013,-0.013745050345912765,-1.4974002782424528e-07,71,71,4,False,3,-0.14010285836530698,-0.05499194549066799,C065e9d39bf,0.06668928417904693,0.06668928417904693,0.3667718951573583,0.3651564987823761,-0.25668795329757244,156,1533
E018-06,block1014,0.012816858171907043,0.025354655576131084,167,167,23,False,2,-0.07828843562118673,-0.02881820196577723,C2973f70b30,0.05449557065302724,0.05449557065302724,0.3927229879801393,0.3927229879801393,-0.17510596169123682,259,1533
E018-06,block1015,-0.015683219259480064,-0.0008519317239814861,72,72,5,True,4,0.2197624731884434,0.27000427466059745,C89185dee8b,0.04553897980221537,0.04553897980221537,0.3365889336281254,0.3365889336281254,-0.26839364910831354,156,1533
E018-06,block1016,0.006099485839501347,0.023440608177405002,136,136,16,True,4,0.13829473141514148,0.1885365328872955,C390e90a023,0.07101077489919135,0.056963160672055146,0.5257832539136749,0.4459805616176761,-0.19586305189071818,252,1533
E018-06,block1017,0.03483386812704785,0.04892267189350556,92,92,8,False,4,-0.44356314131856706,-0.393321339846413,Cbd0f23926b,0.06058183264662867,0.06058183264662867,0.49845294176488053,0.49845294176488053,-0.18060444026609818,241,1533
E018-06,block1018,0.028950116516273907,0.0299282074452406,164,164,16,False,3,-0.2472110405142579,-0.1621001276396189,C9eeecf4280,0.07465682781208258,0.07465682781208258,0.6408905313658394,0.3459419778551226,-0.25111233301577307,249,1533
E018-06,block1019,0.011244716763450733,0.026464852989048635,106,106,9,True,4,0.011281822464735903,0.06152362393688994,C477752f10b,0.05864380324162144,0.05864380324162144,0.5107637106366436,0.5107637106366436,-0.22643452958697158,214,1533
E018-06,block1020,-0.005109126578644416,0.007369123628437365,67,67,4,False,4,-0.061285608912281214,-0.011043807440127184,C55c4ceb25d,0.055134118587580466,0.055134118587580466,0.32315561129341636,0.32315561129341636,-0.26966132413502936,149,1533
E018-06,block1021,0.01729860422231725,0.02603551408925018,101,101,11,False,3,-0.2976305559316149,-0.2125196430569759,C05107d2cf8,0.06358866669320717,0.06358866669320717,0.438353465687556,0.43698987703591713,-0.23752985253346,209,1533
E018-06,block1022,0.02583223250379895,0.02583223250379895,223,223,21,False,4,-0.20279448051663734,-0.15255267904448333,Cdbdb23458c,0.062325252569300424,0.062325252569300424,0.49192416630852476,0.49192416630852476,-0.1589318213349745,374,1533
E018-06,block1023,-0.015524442217000636,-0.008082459785803773,55,55,3,False,2,-0.08541494997092627,-0.03594471631551679,C55c4ceb25d,0.13296700491721897,0.13296700491721897,0.8066143233374387,0.8066143233374387,-0.3298608542513059,94,1533
E018-06,block1024,0.021516471421556722,0.023772574449618944,120,120,12,True,4,0.023557574598199415,0.07379937607035345,C952d3933d8,0.0686441491001369,0.0686441491001369,0.41739662363718516,0.41739662363718516,-0.3203151096682739,173,1533
E018-06,block1025,0.016303693774265222,0.016303693774265222,114,114,10,True,4,0.05996601579990367,0.11020781727205772,C0bf6425b09,0.06543871785880587,0.06543871785880587,0.536365623582689,0.536365623582689,-0.20207650028761426,243,1533
E018-06,block1026,0.020459677719108244,0.028349264514981227,133,133,12,False,4,-0.20694127036933135,-0.1566994688971773,C8408435ad9,0.07133267320550475,0.07133267320550475,0.4488459708976521,0.4488459708976521,-0.25159518855102236,203,1533
E018-06,block1027,0.013760778261261146,0.025370197495272417,69,69,8,False,3,-0.04025477663800558,-0.02565365438508105,C25400bd157,0.06610082947825123,0.06610082947825123,0.368983655005361,0.368983655005361,-0.2650638001275358,141,1533
E018-06,block1028,0.010782648258467455,0.02171293450458912,138,138,14,False,4,-0.2672066919459464,-0.21696489047379236,Cd7041422d8,0.06776528597526799,0.06776528597526799,0.3974992068987902,0.3974992068987902,-0.23114766812889145,250,1533
E018-06,block1029,0.03961840840652197,0.03961840840652197,101,101,7,False,4,-0.001999057838119607,0.04824274363403441,Cc11db3a107,0.07359962687049512,0.07359962687049512,0.546041913539644,0.546041913539644,-0.2645074965127121,189,1533
E018-06,block1030,0.003939280976352412,0.009849603405293166,86,86,7,False,4,-0.27741743359056004,-0.22717563211840594,C8e634803ed,0.07197179362670204,0.07197179362670204,0.5414001563324754,0.5414001563324754,-0.2303050637771844,202,1533
E018-06,block1031,0.026225439311769225,0.039407551863070905,107,107,9,False,4,-0.10023878582784769,-0.04999698435569364,Cc96e462603,0.06433239563163701,0.06433239563163701,0.3980401566880911,0.3980401566880911,-0.17824411997730993,290,1533
E018-06,block1032,0.026707468543725625,0.03739849454873175,152,152,11,False,4,-0.05814406768447359,-0.007902266212319556,C1372b6e252,0.05109169249566506,0.05109169249566506,0.4073249936230347,0.4073249936230347,-0.22351177266525143,261,1533
E018-06,block1033,0.03338522333882458,0.04512219013507733,114,114,10,False,4,-0.03818056270803982,0.012061238764114239,Ce22cd6f674,0.06738634427377616,0.06738634427377616,0.5054264858095694,0.5054264858095694,-0.21581526772138057,214,1533
E018-06,block1034,-0.00688025840133978,0.00025530683479952146,61,61,4,True,3,0.03767222213857526,0.0522733443914998,C9eeecf4280,0.0705890090222191,0.0705890090222191,0.4095908568013682,0.4095908568013682,-0.28504734784592156,129,1533
E018-06,block1035,0.002315015149497484,0.011435913779782168,63,63,7,True,4,0.10405096372279009,0.15429276519494411,C25400bd157,0.04876195179010758,0.04876195179010758,0.36809528177832895,0.36809528177832895,-0.2468349569415157,141,1533
E018-06,block1036,0.0020620165715847143,0.009406526594853555,65,65,4,False,4,-0.16899608499141736,-0.1187542835192633,Cad6baf2323,0.06121058188022026,0.06121058188022026,0.3938517254709851,0.3938517254709851,-0.23100831345031225,131,1533
E018-06,block1037,0.005682615230165873,0.023614660294822357,106,106,8,False,4,-0.25507098591883726,-0.20482918444668324,C7ce3adde08,0.0698535938537257,0.0698535938537257,0.4716136958425736,0.4716136958425736,-0.21141086739350506,204,1533
E018-06,block1038,0.03940996428932171,0.049244950344221765,245,245,25,False,4,-0.2587256682248629,-0.20848386675270894,Ced1378c047,0.08603311693862822,0.07276945090434311,0.48831947195130604,0.48831947195130604,-0.15511044101967814,433,1533
E018-06,block1039,-0.0008542006233558132,0.015714449960534463,105,105,9,False,4,-0.10325520614077258,-0.05301340466861855,C25400bd157,0.08214025152384,0.08214025152384,0.4207083407059135,0.4207083407059135,-0.2807505806784727,181,1533
E018-06,block1040,0.023519407261535223,0.032812971583050826,108,108,9,False,4,-0.04707753808095287,0.003164263391201169,Cb7124c744d,0.05145023163912435,0.05145023163912435,0.40007490718730765,0.40007490718730765,-0.185175051227147,259,1533
E018-06,block1041,-0.0003639854986939219,0.012031343561729215,120,120,4,False,4,-0.12220068019445834,-0.07195887872230433,C39e5d48339,0.05421092926145779,0.05421092926145779,0.3863736254593429,0.3863736254593429,-0.21845709250605883,204,1533
E018-06,block1042,0.0013503824827679495,0.023354565541480077,125,125,11,False,3,-0.02556738449592961,-0.010966262243005072,C9a9fbe214c,0.059686372038550095,0.059686372038550095,0.5346552209233655,0.46870310480179767,-0.18101284669450662,294,1533
E018-06,block1043,-0.0065404412252923864,0.015480707056395886,93,93,7,False,4,-0.046036737572195036,0.004205063899959019,C5ec3c50bdc,0.0632818518844824,0.0632818518844824,0.3467581054935664,0.3467581054935664,-0.22939254315184016,174,1533
E018-06,block1044,-0.010826627199595491,0.009501901686619655,77,77,11,False,2,0.10653259800146506,0.15600283165687456,C63466fd1a1,0.05830646252627318,0.05830646252627318,0.27392988839623233,0.27392988839623233,-0.24947037891209692,201,1533
E018-06,block1045,-0.020035931251046343,-0.020035931251046343,42,42,2,False,3,-0.25538106970161023,-0.24077994744868572,Cd62c0f4dda,0.03409082214042184,0.03409082214042184,0.2819748539494658,0.24366316889169976,-0.30392066181190736,79,1533
E018-06,block1046,0.006679572512536647,0.030447005485097857,148,148,13,False,3,-0.10192717254407944,-0.08732605029115492,Cd0bf1a313f,0.078709876952185,0.078709876952185,0.43811568084290986,0.43811568084290986,-0.21407944694244405,250,1533
E018-06,block1047,0.001003229329975262,0.01257598383948175,77,77,5,False,3,-0.15354432224772055,-0.06843340937308157,C1f998267b3,0.057782233224581765,0.057782233224581765,0.3523326641994536,0.3523326641994536,-0.20533531680186182,165,1533
E018-06,block1048,0.017130531893457018,0.0419531235594166,150,150,14,True,4,1.4992436191157976e-05,0.05025679390834518,C9fcd54cc36,0.07613275024433203,0.07613275024433203,0.49390287065912836,0.49390287065912836,-0.19504107212046995,283,1533
E018-06,block1049,-0.03178796168747765,-0.019997036078815384,33,33,2,False,4,-0.02461257981177943,0.025629221660374603,Ce420b547f1,0.05292067698983295,0.05292067698983295,0.30090066815794914,0.30090066815794914,-0.2910033037677842,86,1533
E018-06,block1050,0.022875171775232385,0.04105844094378152,154,154,14,False,4,-0.3165536046435501,-0.266311803171396,C11d7edd59a,0.08998851926818147,0.06450311934518874,0.5674804646174365,0.4735561563107665,-0.1495175005143705,346,1533
E018-06,block1051,0.0008511934716548333,0.016634897252137355,114,114,13,False,3,-0.12549566030828033,-0.04038474743364133,C25400bd157,0.04530510023902369,0.04497568039199777,0.38973811302472794,0.35840461754576414,-0.21227976131069404,219,1533
E018-06,block1052,0.017199446305960778,0.02143109869710635,163,163,14,False,4,-0.3315214521494036,-0.2812796506772496,C4e7f1f2670,0.06479566279793579,0.06479566279793579,0.5148649736422479,0.5148649736422479,-0.16485887749971503,330,1533
E018-06,block1053,-0.012278927674930027,-0.006206653453677556,81,81,6,False,4,-0.2402960455585661,-0.19005424408641208,Ca28e3c5bf4,0.07580227940949896,0.07580227940949896,0.5538491463981915,0.5538491463981915,-0.2523734352584541,137,1533
E018-06,block1054,0.01846514517633929,0.024463314419120388,139,139,15,False,4,-0.31003624018946274,-0.2597944387173087,Cbad9454b26,0.06532338806023122,0.06532338806023122,0.4208214146345176,0.4208214146345176,-0.18550099617406848,245,1533
E018-06,block1055,0.0070659658629490425,0.021916780623552668,65,65,2,True,4,0.145701669505393,0.19594347097754705,C8162de86fb,0.061430743754037405,0.061430743754037405,0.32549896936093714,0.32549896936093714,-0.2735165376339736,135,1533
E018-06,block1056,-0.000777907170568185,0.02037375823314208,72,72,5,False,4,-0.1143609777851414,-0.06411917631298736,C78167cc113,0.06025574213791951,0.06025574213791951,0.41935358812500245,0.41935358812500245,-0.21617417834932035,212,1533
E018-06,block1057,0.002016011930557733,0.019419636290587763,87,87,7,False,3,-0.05577636401424779,0.029334548860391198,C92fd4fd700,0.057831167987672946,0.057831167987672946,0.39806404201752377,0.39806404201752377,-0.2191793436860731,190,1533
E018-06,block1058,0.025558451553357422,0.023709263699182664,198,198,19,False,4,-0.23656621262540523,-0.18632441115325118,C395f95db28,0.0738929528684627,0.0738929528684627,0.4653283143010959,0.4653283143010959,-0.1439048903428679,369,1533
E018-06,block1059,-0.0013026003881550906,0.018973536966855026,77,77,6,False,4,-0.3043980470401239,-0.25415624556796984,C96f8d47935,0.061869526569173494,0.061869526569173494,0.4810352400463856,0.4810352400463856,-0.29586129567464015,160,1533
E018-06,block1060,0.03698877169731646,0.05464569091831723,209,209,16,True,4,0.0467637440871148,0.09700554555926882,C8722b60052,0.07284798121192962,0.07284798121192962,0.49125315488408394,0.49125315488408394,-0.14612072598633583,405,1533
E018-06,block1061,0.02319666809120277,0.024460207537644735,84,84,3,False,4,-0.17081433750517666,-0.12057253603302262,C5ce6645864,0.061131461590356914,0.061131461590356914,0.4033215035089813,0.4033215035089813,-0.24518283369188207,182,1533
E018-06,block1062,0.008133810624791286,0.014264866787218906,100,100,8,True,3,0.03384808843759252,0.04844921069051707,Cefa4704529,0.06656016804424185,0.06656016804424185,0.491116840969852,0.491116840969852,-0.20055126728442332,221,1533
E018-06,block1063,-0.01641748491405828,-0.011839616292151151,62,62,3,False,3,-0.0885230278627312,-0.003412114988092206,Ca21b6cba10,0.06418206607394611,0.06418206607394611,0.40810658680863,0.40810658680863,-0.24929612443117666,148,1533
E018-06,block1064,0.002204455529943903,0.009886995347836984,82,82,4,False,3,-0.1587228832838792,-0.07361197040924021,C13c1914451,0.0772264491716704,0.0772264491716704,0.5007280627622339,0.5007280627622339,-0.2472474671673164,221,1533
E018-06,block1065,0.019267957867702995,0.022582130334960294,57,57,3,False,2,0.0936605062199703,0.1431307398753798,Cbe4775c77f,0.09460567893344499,0.09460567893344499,0.5533195131235803,0.5533195131235803,-0.268611303604695,122,1533
E018-06,block1066,0.009115369174581311,0.014701710591173926,84,84,9,False,4,-0.32412659884085193,-0.27388479736869786,Ca21b6cba10,0.06685360468815774,0.06468791284563574,0.33968868036499295,0.33968868036499295,-0.21543269379264715,241,1533
E018-06,block1067,-0.0038434583609366565,0.011916289239721534,71,71,4,False,3,-0.13377699431047368,-0.11917587205754915,C41e7db8922,0.06017176826119773,0.06017176826119773,0.4271930868804185,0.4271930868804185,-0.24855102890025277,169,1533
E018-06,block1068,0.012498998987009855,0.02317860615503861,131,131,9,False,4,-0.0843789583186389,-0.03413715684648486,Cad6baf2323,0.06921011062619059,0.06921011062619059,0.48861956737527484,0.48861956737527484,-0.17989232905117408,278,1533
E018-06,block1069,-0.0048110811843460385,0.012573782512232269,120,120,8,False,4,-0.10198680710874493,-0.051745005636590895,C82b2a87ce8,0.07438749830089897,0.07438749830089897,0.5163832422080417,0.5163832422080417,-0.19172265613855216,234,1533
E018-06,block1070,-0.019670605938666264,0.0031275480898417065,68,68,3,False,4,-0.2776625685099301,-0.22742076703777608,C604a368165,0.07179159956848832,0.07179159956848832,0.5293047151409249,0.5293047151409249,-0.24901329771213015,183,1533
E018-06,block1071,0.01827951978495298,0.02106059029494483,91,91,5,False,4,-0.24291143521625935,-0.19266963374410534,C0a91b48bc2,0.057314162858144384,0.057314162858144384,0.5228972048804325,0.5228972048804325,-0.2446411591919774,167,1533
E018-06,block1072,0.02673495126574124,0.030089052651807772,114,114,14,False,3,-0.04221716077975346,-0.027616038526828923,C17156346b0,0.06501797529001627,0.053321287721977195,0.36603155866971904,0.36603155866971904,-0.22379899176412518,230,1533
E018-06,block1073,0.009935621141419439,0.012765696879706606,136,136,14,False,4,-0.16423074875152804,-0.11398894727937402,C2947bd8713,0.06221055105682664,0.06221055105682664,0.41853144559552335,0.41853144559552335,-0.17295713154530407,348,1533
E018-06,block1074,0.002246045542311198,0.01180403733282392,102,102,7,False,4,-0.0845062093598329,-0.03426440788767887,Cdaf3311f9a,0.06037332503570314,0.06037332503570314,0.3985983202284817,0.3985983202284817,-0.22329622024214613,177,1533
E018-06,block1075,0.015781061526161624,0.028879612711605433,104,104,9,False,4,-0.00853168830768565,0.04171011316446838,C10c8efc6a8,0.06711082145927291,0.06711082145927291,0.43710720735360736,0.43710720735360736,-0.22491960701810837,174,1533
E018-06,block1076,0.02511838986656679,0.02860240241562805,202,202,20,False,4,-0.10597996394048192,-0.05573816246832789,C8722b60052,0.09674464713598105,0.09674464713598105,0.5522529213818681,0.5522529213818681,-0.16912824183540406,279,1533
E018-06,block1077,0.0008299375816216063,0.011727014160729602,97,97,7,False,4,-0.0551717130687761,-0.004929911596622063,C96ac5a0451,0.0748918085493212,0.0748918085493212,0.4190329687377259,0.4190329687377259,-0.26644263978911537,171,1533
E018-06,block1078,0.008355018277375404,0.03389914384730867,137,137,13,True,4,0.006462917484724391,0.056704718956878425,Cd187e531f5,0.055458523739341584,0.05523211146176672,0.4439236553693665,0.4439236553693665,-0.2144221982969141,281,1533
E018-06,block1079,0.019254945024269707,0.022603036734224792,110,110,9,False,3,-0.07776088160671552,-0.06315975935379098,C137b2dd463,0.06352030706729606,0.06352030706729606,0.47102830370422916,0.47102830370422916,-0.19283028229989244,194,1533
E018-06,block1080,0.027793697074432022,0.027793697074432022,167,167,15,True,4,0.024550112383192123,0.07479191385534616,C454172c421,0.07087474470372318,0.07087474470372318,0.3848990841411235,0.3848990841411235,-0.1906660412122593,240,1533
E018-06,block1081,0.0036522705578107034,0.03083706760912134,112,112,8,False,4,-0.21031781831445484,-0.16007601684230077,Cc9289a426f,0.06434992571135137,0.06434992571135137,0.48700661599555095,0.48700661599555095,-0.2121154725797372,234,1533
E018-06,block1082,0.004163632494471823,0.02025946255856921,112,112,8,False,4,-0.2695065593819153,-0.2192647579097613,Ca4aa4010db,0.06704215721074037,0.06704215721074037,0.40754773109683917,0.40754773109683917,-0.20210648149773644,224,1533
E018-06,block1083,0.019984338152568823,0.024608786578839963,154,154,14,True,4,0.04784795286498763,0.09808975433714166,C2fc8ff0103,0.08298528158481784,0.08298528158481784,0.5561984650657452,0.5561984650657452,-0.23461904902096958,275,1533
E018-06,block1084,-0.01865188829376594,0.00021385390496844302,92,92,3,False,4,-0.18926168279104885,-0.13901988131889484,C374ac6992d,0.06119032743470037,0.06119032743470037,0.4640431609081822,0.4640431609081822,-0.24323001867621252,156,1533
E018-06,block1085,-0.013448779618350828,-0.012549262822509469,66,66,2,False,4,-0.11087614164641002,-0.06063434017425597,C8adbe70f4b,0.07106469389392546,0.04342705833176816,0.4901200473484379,0.4901200473484379,-0.2875657147632513,152,1533
E018-06,block1086,-0.025973687701343978,-0.02231244768582171,55,55,2,False,2,-0.15928350777035905,-0.10981327411494954,Cefa4704529,0.051178876404047384,0.040284790177466126,0.41383247944627044,0.29992280137826033,-0.25826256089082217,105,1533
E018-06,block1087,-0.0074627935268972495,0.016599255803252444,67,67,6,False,3,-0.2528363482023793,-0.2382352259494548,C19620ecb74,0.060541262199340654,0.060541262199340654,0.368086402056255,0.368086402056255,-0.2910260777829636,121,1533
E018-06,block1088,0.02277763876239075,0.02277763876239075,118,118,9,False,4,-0.3437656572358739,-0.29352385576371987,C7165f604f8,0.07862367600906761,0.07862367600906761,0.31833673436179716,0.31833673436179716,-0.21894238467663318,260,1533
E018-06,block1089,0.003787946523025207,0.003787946523025207,78,78,6,False,4,-0.19835420394636258,-0.14811240247420854,Cfeeb71cf67,0.06612504070587666,0.06612504070587666,0.5251571820059924,0.5251571820059924,-0.243647349020233,179,1533
E018-06,block1090,-0.009231805605002722,0.003454345529059523,79,79,6,False,4,-0.2702452317083911,-0.22000343023623706,C459080e103,0.05919268312435279,0.058384523847792164,0.35074450414528957,0.35074450414528957,-0.2790320692159203,141,1533
E018-06,block1091,-0.0012317278744468614,0.02108739180122737,48,48,4,False,3,-0.0529226121441327,0.032188300730506283,C015beeab42,0.05992778358397376,0.05992778358397376,0.44038781128636617,0.44038781128636617,-0.30035725672438207,85,1533
E018-06,block1092,-0.004007013052781162,0.008721338098390242,83,83,10,False,4,-0.16358157876443044,-0.1133397772922764,Cc8743b561e,0.07147277641171737,0.07147277641171737,0.4694514584286836,0.4694514584286836,-0.26105232236351517,179,1533
E018-06,block1093,0.005152562113815919,0.010948872802510858,99,99,4,True,4,0.04388961976943659,0.09413142124159066,Cff078019ae,0.06171702739069219,0.06171702739069219,0.34849819966043083,0.34849819966043083,-0.23567115949922768,176,1533
E018-06,block1094,0.01238347979744468,0.018408506480633923,129,129,10,False,4,-0.07917027033944901,-0.02892846886729497,C7ce3adde08,0.08879247862398797,0.08879247862398797,0.5980301269752766,0.5980301269752766,-0.2104753957684196,240,1533
E018-06,block1095,-0.0159330423347001,-0.007836200862200668,55,55,1,False,4,-0.4284514565018192,-0.37820965502966514,C3e000caaaf,0.06898741164277744,0.06898741164277744,0.5194677345826668,0.5194677345826668,-0.29410303831619533,142,1533
E018-06,block1096,0.012581696214185544,0.018677939193153064,148,148,17,False,4,-0.22968330015712668,-0.17944149868497264,C5ec3c50bdc,0.08405810253021352,0.08405810253021352,0.5365163200057089,0.5365163200057089,-0.2035580038169646,246,1533
E018-06,block1097,-7.864416465606927e-05,0.010498776825812326,105,105,9,False,4,-0.26018138720926354,-0.2099395857371095,Cc5324111cd,0.0799490053349529,0.06751468469792968,0.4442410484285951,0.41194412337128006,-0.1891651086949483,242,1533
E018-06,block1098,0.023153037836209117,0.03849544616887628,152,152,15,False,4,-0.19306023802985028,-0.14281843655769624,Cb6f1c277a3,0.07775651155587443,0.07775651155587443,0.6339561244141914,0.6339561244141914,-0.23078326182011255,286,1533
E018-06,block1099,-0.03335167892495923,-0.020185586637363227,56,56,2,False,4,-0.13887747950518609,-0.08863567803303203,C90467c0516,0.057402121077966155,0.057402121077966155,0.43774696478956066,0.43774696478956066,-0.23329530271064558,196,1533
E018-06,block1100,0.012216082874905018,0.024624373454392702,160,160,15,False,3,-0.41128015369838977,-0.39667903144546524,C15b2aa56ab,0.0637329348227034,0.0637329348227034,0.46640676571035566,0.46640676571035566,-0.1797759311809336,307,1533
