seed,t_ic,t_inc,ic,inc,high,low,mono,half1,half2,block_max
1,-0.02310500008,-0.2069007283,-5.322800903e-05,-0.0005069931334,-0.00267955055,-0.002204788396,0.0,-0.001026507557,0.0009200515391,
2,-0.5274387993,-0.4409583149,-0.001325332032,-0.001184555872,-0.007761832954,-0.0008210779111,0.0,-0.002516510474,-0.0001341535902,
3,-1.408782539,-1.504162316,-0.003482550403,-0.003766143123,-0.004558091426,0.00328002278,-0.8,0.002829369832,-0.009794470637,
4,-0.9010957913,-1.052433946,-0.001960344146,-0.002347617274,-0.0001070239639,3.14506621e-05,-0.4,0.001737964245,-0.005658652536,
5,-0.5103836048,-0.2545459397,-0.00124911383,-0.0006475767372,3.741078781e-05,0.005759582903,-0.3,0.0001272505444,-0.002625478204,
6,-0.9192276902,-0.9273906844,-0.002121235474,-0.002198212905,0.0005109151109,-0.003141601056,-0.4,-0.002520325326,-0.001722145622,
7,-2.513520304,-2.325173404,-0.004979841059,-0.004719240584,-0.006362065206,0.001719352714,-0.2,-0.002423856523,-0.007535825595,
8,-1.15594533,-1.125201562,-0.002484271809,-0.002511563152,-0.002031513406,0.005047378864,0.4,-0.003604245332,-0.001364298287,
9,-1.765533775,-1.778803601,-0.003789742602,-0.004025123146,-0.001199177034,0.004578981901,-0.3,-0.006877067434,-0.0007024177698,
10,-2.221218558,-1.914864281,-0.00497882543,-0.00435918777,-0.007024677506,0.004733685412,-0.1,-0.003045904991,-0.00691174587,
11,-2.997029207,-3.101434485,-0.006143193967,-0.006822708235,-0.008547042539,0.007715666479,-0.2,-0.01126524149,-0.00102114644,
12,-0.741717015,-0.8556770048,-0.001617894672,-0.001936923865,-0.0008033876421,0.001499901541,-0.1,-0.002768279775,-0.0004675095681,
13,-0.4088164961,-0.6919989176,-0.0009712650399,-0.001706680213,-0.001754485212,0.006036226343,-0.8,-0.0005965146185,-0.001346015461,
14,1.829209049,1.405010072,0.004014743318,0.003207472512,0.005858607191,0.002916284639,-0.5,0.009424323031,-0.001394836395,0.7033758853
15,0.1412368873,-0.1170461914,0.000333303025,-0.00028640065,-0.001425256101,-0.003355186567,0.7,-0.001023421222,0.001690027272,2.439650626
16,-1.230513878,-1.313885226,-0.003126987059,-0.003434128766,0.0007271041904,0.002927865298,-0.8,-0.002082942565,-0.004171031554,
17,-0.2735661631,-0.5411997338,-0.0006274456403,-0.001297966733,-0.005742735532,0.003243365981,-0.4,-0.00162473856,0.0003698472791,
18,-0.01887470975,0.0403414698,-4.669340898e-05,0.000100619412,-0.005596267168,0.002217559226,0.3,0.004054303415,-0.004147690233,
19,0.5953433636,0.9039912288,0.001253320313,0.002012172963,-0.001360395626,-0.002386494246,0.8,0.004397288414,-0.001890647789,0.893736563
20,-0.7951524082,-0.8719720869,-0.001780460355,-0.001999209751,-0.003128978899,0.003402646612,-0.7,0.0001572891338,-0.003718209845,
21,0.5286458468,0.4901667517,0.001237608613,0.001140724288,0.002929699773,-0.001759682769,-0.5,3.051381631e-05,0.00244470341,1.333019574
22,-0.6259652702,-0.6106840025,-0.001382981852,-0.00138103525,-0.001764120604,0.001429887603,-0.3,0.001845740666,-0.00461170437,
23,0.04139049248,-0.3362330403,8.422696461e-05,-0.0007289246795,0.000756966107,0.003721751938,-0.9,0.005019205337,-0.004850751408,24.32040222
24,-0.3241942803,-0.2655961512,-0.0007414158431,-0.0006286168618,0.002291162175,-0.0009938249294,0.9,-0.002679574324,0.001196742638,
25,-3.1714252,-3.363420449,-0.006412031093,-0.006902708943,-0.006232991239,0.005742726228,-0.2,-0.00915407992,-0.003669982266,
26,-1.049714648,-0.9254405947,-0.002680225949,-0.002449013323,-0.002782095637,0.004830289624,0.0,-0.001350434734,-0.004010017164,
27,0.7746991276,0.6283004913,0.001869294611,0.001593483324,0.001870489177,0.001131424997,0.4,0.0002861868014,0.00345240242,1.839580338
28,-3.609100239,-3.54483023,-0.007919136092,-0.007977644829,-0.006838828519,0.01374863189,-0.9,-0.009636711078,-0.006201561105,
29,-0.7793375697,-0.877622275,-0.001864499574,-0.002274862801,-0.002916147859,0.002905625497,-0.1,-0.005996693235,0.002267694087,
30,-0.8542560462,-0.7177854833,-0.001850042389,-0.001575306037,-0.002666349512,-0.001081714915,-0.2,-0.003803543238,0.0001034584608,
31,-0.6212931597,-0.4521581911,-0.001441771306,-0.001075337842,0.001179920197,0.002475715328,-0.3,-0.003006217675,0.0001226750637,
32,-0.6578302461,-0.5434889159,-0.001516938798,-0.001330375814,0.0005291371714,0.000446410189,0.7,-0.0003952242235,-0.002638653372,
33,0.2515060164,0.01172742505,0.0005619233789,2.716847156e-05,0.0001825491911,-6.386563647e-05,-0.4,0.00398004176,-0.002856195003,1.67411407
34,-0.1846035239,-0.4880588125,-0.0003830872455,-0.001037690416,-0.002774024705,0.003595829599,-0.9,0.001198203737,-0.001964378228,
35,-1.204365035,-1.176094023,-0.002897330061,-0.003009028713,-0.006721067885,-0.001477279696,-0.7,-0.002649305822,-0.003145354301,
36,0.647352756,0.3105615441,0.001457829397,0.0007010948391,-0.003828476948,-0.003443612955,0.1,0.001630051407,0.001285607386,0.8814015737
37,-1.1419834,-1.541200274,-0.002579635823,-0.003545317504,-0.005844827083,-0.0007537838784,-0.2,-8.186665885e-06,-0.00515108498,
38,0.06949977354,0.09448842753,0.0001533452288,0.0002120796531,0.0005887673373,-0.002091557543,0.2,0.001013496108,-0.0007068056506,10.90586499
39,-1.178705103,-1.219180007,-0.00290889598,-0.003098698523,-0.006890492552,0.0002728402305,-0.5,-0.003800065311,-0.002017726649,
40,-3.094529676,-2.722707675,-0.006859174541,-0.00615699008,-0.005112378878,0.01115734963,-0.6,-0.008055468512,-0.005662880569,
41,0.2069752722,0.2525704813,0.0004923112526,0.0006199591349,-0.00467412555,-0.00193527162,-0.7,0.00232455473,-0.001339932225,3.02658056
42,-0.161168825,-0.3461955128,-0.0003993594368,-0.0008438380348,0.0008907859729,0.0005115214642,-0.1,-0.001313654436,0.0005149355622,
43,0.6074608071,0.4632073462,0.001589948822,0.001261686904,-0.001599984228,0.003432690375,-0.2,0.001861479518,0.001318418126,1.46971516
44,-1.916390034,-1.952351439,-0.004882172196,-0.005093065704,-0.005138060415,0.006576925321,-0.3,-0.00696084923,-0.002803495161,
45,0.2577273138,0.3744961491,0.0006148453528,0.000936516479,0.001156536933,-0.003384975154,-0.1,-0.001039127878,0.002268818583,1.745951988
46,-0.5610775963,-0.483087129,-0.001268731101,-0.001069943437,-0.00362757699,0.004089673513,-0.6,0.001361735658,-0.00389919786,
47,-1.881202141,-2.004760528,-0.004247762422,-0.00469472585,-0.004206587115,0.004912921823,-0.1,-0.004591948716,-0.003903576129,
48,0.4885123959,0.1650307293,0.001080924019,0.000374671028,0.001182567188,0.003774159373,-0.3,0.003885188168,-0.00172334013,1.161588077
49,-1.631564807,-1.57598647,-0.003725099185,-0.003702040831,-0.002890971554,0.007682304143,-0.5,-0.001870577367,-0.005579621003,
50,-1.340342358,-1.506121153,-0.003504111714,-0.004028169569,-0.005667456889,0.004191361938,-0.2,-0.006805936587,-0.0002022868396,
51,0.859113613,0.7449377835,0.00201113761,0.001850158785,0.0003598471684,0.002484711233,0.0,0.00241653691,0.00160573831,0.980573456
52,-0.2954172501,-0.3586793581,-0.0006966430861,-0.0008904756935,-0.00182712579,0.001298802582,-0.4,0.002648021176,-0.004041307349,
53,-0.3988900919,-0.4096650683,-0.0009148800174,-0.000991218951,-0.0006165300299,0.00790815615,0.4,0.001552556305,-0.00338231634,
54,-0.07583314713,-0.2794045725,-0.0001824586244,-0.0006607563567,-0.0008491791654,0.003947402752,0.2,-2.248858807e-05,-0.0003424286607,
55,-0.06928444824,-0.6161159753,-0.0001670472843,-0.001541544882,-0.005395813412,0.001993994748,-0.2,-0.001273161539,0.0009390669699,
56,-0.1726872506,-0.3147214211,-0.0004319682706,-0.0008408234611,0.00297275721,-0.003015256855,0.7,-0.003240105518,0.002376168977,
57,-0.3153937926,-0.09406247937,-0.000786485351,-0.0002400889967,0.00141949225,0.002009881999,0.0,-0.002988787887,0.001415817185,
58,-0.5738443995,-0.7033931123,-0.001268581836,-0.001622923949,-0.002160968165,-0.003347542249,0.1,0.0006773370042,-0.003214500676,
59,-1.199531386,-1.526712366,-0.002649921625,-0.00356905077,-0.002745164405,0.002346970702,-0.8,-0.001254478543,-0.004045364707,
60,-0.3983626171,-0.389721718,-0.000851616503,-0.0008526317596,-0.002076368259,-0.003816213855,-0.3,-0.001134689811,-0.0005685431947,
61,-0.7781186099,-1.027837979,-0.001739429344,-0.00232043833,-0.003939561595,-0.001201218807,-0.1,-0.002646410923,-0.0008324477641,
62,-1.559318289,-2.00000981,-0.003578431805,-0.004820359197,-0.004547997339,0.0009474618954,-0.4,-0.006052215846,-0.001104647764,
63,-0.1397612433,-0.3043942609,-0.0003121598902,-0.000723405968,-0.002216147554,-0.005461528049,0.8,-0.003835875684,0.003211555904,
64,0.02188208279,-0.3596109814,5.356942972e-05,-0.0008851769537,-0.003677185521,0.00302649331,-0.8,-0.001416101938,0.001523240798,26.41701136
65,-1.609293301,-1.470501204,-0.003442757569,-0.003302498306,-0.003333507169,0.0002933256364,-0.4,-0.008447901439,0.0015623863,
66,-1.4480926,-1.538745466,-0.003503179986,-0.003885147014,-0.007327058947,-0.001730666453,-0.7,-0.005259779926,-0.001746580045,
67,0.1150400576,0.06256282277,0.0002628726114,0.0001449915709,0.0003204623971,-0.004525510806,0.1,0.001021415315,-0.0004956700925,3.148416129
68,0.2455562015,-0.007791483724,0.0005830408941,-1.941431594e-05,-0.001943836024,-0.003143503127,0.1,0.000848846342,0.0003172354462,2.584981206
69,0.6917410876,0.4725962642,0.001778574256,0.001287669354,-0.000521317272,-0.004545851281,-0.3,-0.00121634364,0.004773492152,1.1395465
70,-0.5104223053,-0.8931304089,-0.001178315319,-0.002164795839,-0.002474269989,-0.001626969314,-0.2,-0.002847675434,0.0004910447949,
71,-0.713471942,-0.7293742141,-0.001817274856,-0.001940032028,-0.006556591883,0.003646694967,0.1,-0.002729256741,-0.0009052929701,
72,0.3773336067,0.2710233416,0.0008082387768,0.0006149888495,-0.00164919444,0.003142614013,-0.1,0.004753759732,-0.003137282179,3.563489786
73,-1.830465259,-1.613385327,-0.003501638814,-0.003167845051,-0.003716056045,0.008298967962,-0.8,-0.002590352693,-0.004412924934,
74,1.590024236,1.416607998,0.003697965685,0.003388586727,0.002496222559,-0.004839788852,0.9,0.005323545718,0.002072385651,0.49503208
75,-0.5786566018,-0.7648168059,-0.001347105093,-0.001833593494,-0.004480911337,0.001295907637,-0.9,-0.0002205784176,-0.002473631768,
76,1.275856617,1.327438644,0.002804431643,0.002980454748,-0.0001709207179,-0.004326705339,0.9,0.006329281629,-0.0007204183428,0.7531992158
77,-1.675211704,-1.933879616,-0.003949839993,-0.004642504889,0.0002218358847,0.003558830744,-0.1,-0.002124104257,-0.005775575728,
78,0.2790117883,0.3344900839,0.0006582804199,0.0008133746005,-0.0006852206294,-0.004856288593,-0.3,0.002791113985,-0.001474553145,2.626129754
79,-0.5621066364,-0.5372617089,-0.001461542298,-0.001477876356,0.00215747025,0.006165116651,-0.6,-0.001499088464,-0.001423996132,
80,-0.4794789778,-0.3660804515,-0.001177895537,-0.0009207909027,-0.002187895581,0.006536666716,-0.8,0.001283622493,-0.003639413568,
81,0.9777393106,0.9556719726,0.002614775623,0.002577013098,0.002961524199,-0.002985490901,0.7,0.006592044115,-0.001362492868,0.6704848307
82,0.1515490718,0.2352623362,0.000341391485,0.0005238119198,-0.002684904111,0.0008423295544,-0.8,0.002241456204,-0.001558673234,3.987864176
83,0.1071457451,0.0838163415,0.0002664395954,0.0002246484838,-0.0001922910386,-0.0005018101096,0.2,-0.0004772447793,0.00101012397,3.08322007
84,-0.6487936561,-1.017082902,-0.001441258961,-0.002398714223,-0.00427486331,0.002515364255,0.3,-0.0009092658767,-0.001973252045,
85,0.8384654202,0.624977412,0.002045078143,0.001618601995,0.004333703397,-0.002941812064,0.7,0.001629183669,0.002460972618,0.5936736884
86,0.2515253025,-0.3217237512,0.0005577831748,-0.0007349146091,0.001483643421,-0.005319896916,0.1,-0.0003194223537,0.001434988703,1.521888398
87,-1.607142965,-1.76238769,-0.003376928896,-0.003770493404,-0.003661012204,0.002896050127,-0.9,-0.005248479322,-0.00150537847,
88,0.8702696622,1.182286237,0.002222431253,0.003170502399,0.003538218058,-0.006981629723,0.3,0.00749544097,-0.003050578464,1.003969077
89,0.7222113752,0.5732695693,0.001813272035,0.001482826497,-0.0006210691845,-0.004220388985,0.2,0.002250218893,0.001376325176,1.057103402
90,1.333126102,1.277709369,0.003203102852,0.003110178983,0.0009075133931,-0.007520403893,-0.3,0.00700562575,-0.0005994200466,0.7113818821
91,-0.7399048879,-0.4894565465,-0.001651567175,-0.001127895855,-0.004034946779,0.00150140876,-0.2,-0.001310163532,-0.001992970819,
92,-0.4269712093,-0.626252874,-0.0009531919804,-0.001408703283,0.0007841156891,0.004901302317,-0.3,0.002324945321,-0.004231329282,
93,-0.8412616858,-0.4329631427,-0.00162630788,-0.0008568874257,-0.002771790859,0.001506081814,0.1,0.0005166236719,-0.003769239432,
94,-0.5713989113,-0.9773553367,-0.001331632639,-0.00228229617,-0.002305269687,0.005034887421,0.4,0.0003317683264,-0.002995033605,
95,-0.1144634961,-0.06847269698,-0.0002660987024,-0.0001654389779,-0.001866862275,-0.002987977808,0.1,-0.006050059576,0.005517862171,
96,-0.5100134062,-0.5563044979,-0.001170521975,-0.001340596705,0.002116865128,0.004295588202,0.4,-0.003191768963,0.0008507250136,
97,0.2931838369,0.458988058,0.0006854243497,0.001097802318,-0.000801688991,-0.001820251392,-0.4,0.002156275675,-0.0007854269756,3.142302209
98,-1.579027905,-1.310034868,-0.003526478241,-0.003089879766,-0.00656697994,0.004196818091,0.3,-0.007287021353,0.0002340648706,
99,-0.5798058921,-0.5163042025,-0.001316354406,-0.001173115918,-0.002178088357,-0.0002018383753,0.0,-0.0005878508198,-0.002044857991,
100,-0.7901112257,-0.7941521207,-0.00194227112,-0.002060511105,-0.006135311994,-0.003032187613,0.5,-0.001301391489,-0.00258315075,
101,0.976351661,0.6672008142,0.002325026878,0.001633728977,0.005181221251,-0.01175960007,0.6,0.006551519437,-0.001901465681,1.445740765
102,-1.14569126,-1.38032713,-0.002752117478,-0.003498025285,-0.006744787714,-0.002587589957,-0.5,-0.001039477548,-0.004464757409,
103,0.8292570108,0.8245977907,0.001633137566,0.00169391272,0.007110514229,-0.000370962267,0.4,0.00361610963,-0.0003498344969,0.8945428568
104,-0.5597076438,-0.4437036658,-0.001432145643,-0.001169099523,-0.001268309341,0.005885816618,-0.9,-0.00519893079,0.002334639504,
105,-0.2391448674,-0.2110051844,-0.0005553441002,-0.0005070347455,-0.0007712085663,0.001889085885,-0.1,-0.0003550849272,-0.0007556032733,
106,1.191282668,1.631169701,0.002550162954,0.003656687595,0.001227625353,-0.005439963135,0.6,0.0005409467549,0.004559379154,0.6578347234
107,-1.723540267,-1.715918859,-0.003946505084,-0.004050000911,-0.003520590031,0.001927352776,-0.7,0.00175730066,-0.009650310828,
108,-0.6709270618,-0.8049646725,-0.001607183596,-0.002012961155,-0.00272592207,6.346108446e-05,-0.7,0.004154721716,-0.007369088909,
109,-2.355855361,-2.335754771,-0.005379713388,-0.005444054807,-0.00472687342,0.004684911222,-0.2,-0.004643508683,-0.006115918093,
110,0.3354634116,0.206081951,0.0007629145313,0.0004786256829,-0.003345427787,-0.003449270532,0.0,0.006976405633,-0.00545057657,3.989771797
111,-1.294918217,-1.318617973,-0.002725051182,-0.00289720677,-0.007091033126,0.001109925584,-0.2,-0.0004735102722,-0.004976592091,
112,-0.3987567824,-0.4192450999,-0.0008584475865,-0.0009682344613,-0.003122588562,0.001290361843,-0.7,-0.003397383752,0.001680488579,
113,-0.1981042849,-0.3822074344,-0.0005025527711,-0.001008110575,-0.0004853924546,-0.001409559567,0.2,0.001370256279,-0.002375361821,
114,-0.3403440138,-0.1823825552,-0.0006607804995,-0.0003734239693,-0.002318488429,-0.0006787838117,-0.6,-0.003725251882,0.002403690883,
115,0.09121941522,-0.1886736799,0.0002041697788,-0.0004560156133,-0.003620535997,0.001764391597,-0.2,0.002621362923,-0.002213023365,5.671146543
116,-1.115801341,-1.283449267,-0.002802556204,-0.00333039479,-0.002881967736,0.00607569394,-0.1,-0.002357515332,-0.003247597076,
117,-0.4166513527,-0.8027553064,-0.0009392283709,-0.001828697459,-0.002922847939,0.00609695247,-0.7,-0.001003264736,-0.000875192006,
118,-0.6880353996,-0.3118657041,-0.001487150557,-0.0006937028684,-0.0008783640805,0.005300473518,-0.1,-0.005830796979,0.002856495865,
119,-0.2318531977,-0.4243600105,-0.0004990138332,-0.0009544778993,-0.00173093108,0.005681227504,-0.1,-0.0008528651015,-0.000145162565,
120,1.244933135,0.8163758733,0.002719853182,0.001851910982,4.24354469e-05,-0.002646745228,0.9,0.003780218964,0.0016594874,0.4993222447
121,0.122377428,-0.11595824,0.0002813973791,-0.0002707332799,0.0007745188676,-0.003182659553,-0.3,-0.004941123376,0.005503918134,8.026892695
122,2.163949432,1.538690954,0.004602753407,0.003363370287,0.002488937496,-0.005569634181,0.9,0.00724935529,0.001956151525,0.6227611136
123,0.4335245335,0.3152793266,0.001114556445,0.0008389749186,-0.001846392047,-0.0007822417096,0.5,0.002175528797,5.358409221e-05,0.7781446334
124,0.02915141778,0.398476948,6.468319111e-05,0.00093059468,0.003128109949,0.005763839529,0.4,0.000656842175,-0.0005274757928,3.056316621
125,0.5595460107,0.4665295987,0.001344892309,0.001142860331,0.001963364101,0.003060108476,-0.1,-0.002354303157,0.005044087775,0.952498104
126,-0.4779607422,-0.437589794,-0.00102491728,-0.0009497783498,0.0006590466505,-0.00171805196,0.7,0.00040736062,-0.00245719518,
127,-0.4606197994,-0.03266915247,-0.001071130016,-7.547020449e-05,0.002882957373,0.001257471561,0.7,-0.004600707037,0.002458447004,
128,-3.391780999,-3.385296604,-0.007472078429,-0.007598443696,-0.008784959318,0.008907052701,-0.4,-0.004633295486,-0.01031086137,
129,-0.9808181007,-1.122390345,-0.002071272097,-0.002456320761,-0.002226015291,0.003571376003,-0.3,-0.003152587231,-0.0009899569635,
130,-0.7104069933,-0.8427227548,-0.001607634811,-0.001958346504,-0.00205037698,-0.002267393618,0.3,-0.001677376833,-0.00153789279,
131,-0.05479164038,-0.2073773286,-0.0001256938095,-0.0005185406218,0.0003894819979,-0.001603592178,-0.5,-0.00215270328,0.001901315661,
132,-0.6097163601,-0.8050897029,-0.001458211285,-0.001969580857,-0.00186114131,-0.001387156183,0.5,-0.004551480439,0.001635057869,
133,-0.1633648876,-0.5422398032,-0.0004150892451,-0.001394966353,-0.001496244323,0.0002037710973,-0.8,-0.001411979501,0.0005818010103,
134,-0.3421877239,-0.720336488,-0.0007951401471,-0.001702253471,-0.00407907477,-0.002227541527,0.3,-6.493371255e-06,-0.001583786923,
135,-0.9927046785,-1.10832572,-0.002608068723,-0.002971378516,-0.004938831683,0.005370117953,-0.7,-0.007060385391,0.001844247945,
136,-0.9640387419,-0.9398282492,-0.002114028624,-0.002094813423,-0.003773453383,0.001344490205,-0.9,2.241477161e-05,-0.004250472021,
137,0.8194495888,0.6662416906,0.0018705229,0.001613368935,-0.001452103015,-0.001086025625,0.5,0.007538588668,-0.003797542867,1.513739339
138,0.7965017674,0.9661899586,0.001969321367,0.002437064825,0.003216091721,0.002348345315,0.2,-0.002669369225,0.006608011959,0.9139944611
139,1.874980512,1.534279229,0.004501156803,0.003711416137,0.002489345478,-0.005101804884,0.7,0.009123492317,-0.0001211787113,0.7577762784
140,-0.2405237911,0.263001442,-0.0005155651102,0.0005960956468,0.000161816193,0.001997918195,-0.2,0.003634071399,-0.004665201619,
141,0.2911093859,0.01142274122,0.0006798802758,2.819507817e-05,0.001401135075,0.002838082676,0.4,-0.001590424017,0.002950184568,1.237619041
142,0.5049676534,0.2972726758,0.001164482737,0.000710555265,0.003503793936,-0.006695072711,0.7,0.0002677451712,0.002061220303,1.446489435
143,1.188057046,0.7887146691,0.00268313656,0.001815209381,0.004841457927,-0.003851475468,0.6,0.005804616383,-0.0004383432633,0.7685569564
144,0.2775986464,0.3526822807,0.0005533101557,0.0007306530516,0.005670725546,-0.005465001155,0.3,-0.0007713134941,0.001877933805,1.039518054
145,1.653721472,1.613340069,0.00380773138,0.003881077241,0.001778182437,-0.004365286799,0.8,0.007838710781,-0.00022324802,0.5207964563
146,-1.771157758,-1.645495279,-0.003868862535,-0.003828817834,7.225304808e-05,0.008658893928,-0.6,-0.005586043452,-0.002151681619,
147,0.1638823567,-0.06972901446,0.0004140138375,-0.0001822087614,-0.0002014888715,0.004293939804,-0.8,0.002818979831,-0.001990952156,3.759341751
148,1.413903226,1.008915299,0.003300519568,0.002576060654,-0.004628380454,-0.002676158046,-0.7,0.003868986478,0.002732052659,0.8373381038
149,-0.5880673003,-0.5009978485,-0.001313968168,-0.001150154121,-0.002970125058,0.003593565159,-0.1,0.0005589189769,-0.003186855312,
150,0.6410328561,0.4111798784,0.001416702202,0.0009308536377,0.003077906405,0.003190317998,0.3,0.0007324832607,0.002100921144,1.775726511
151,0.3320714742,0.3280477459,0.0007283824679,0.000744792099,-0.003039270685,-0.001028856409,-0.9,0.00149385842,-3.709348443e-05,2.303834546
152,0.4462736088,0.352700177,0.001000547055,0.0008139453747,-0.002768646956,-0.01057922275,0.3,-0.0007059983809,0.00270709249,1.137647329
153,-1.741268351,-1.978277653,-0.004524646817,-0.005193083001,-0.005052573624,0.004461608567,-0.4,-0.008279941851,-0.0007693517829,
154,1.619805338,1.495758872,0.00392780611,0.003739399882,0.002753300699,-0.002142777851,0.7,0.006575527003,0.001280085217,0.5043239729
155,-0.8978604678,-0.5875094518,-0.002106913796,-0.001420817307,-0.0004908505477,0.007585229772,-0.8,0.003351452107,-0.007565279699,
156,0.4170688548,0.4109893257,0.0009655606567,0.0009667876872,0.002929235397,0.005100529495,-0.1,0.004011486281,-0.002080364968,1.587689657
157,-0.8769271255,-1.271875809,-0.0021556905,-0.003216553305,0.0008703862247,0.0007072575019,0.0,-0.007816815905,0.003505434905,
158,-2.502780814,-2.847759002,-0.005439682104,-0.006439982012,-0.005029368874,0.002829702471,-0.7,-0.005915657051,-0.004963707156,
159,-1.002087559,-0.8960773194,-0.002011586395,-0.001785053274,-0.003882755667,0.006313149561,-0.3,-0.001325471757,-0.002697701032,
160,-2.66646793,-2.48941561,-0.00571627746,-0.005577116128,-0.007655533189,0.008397457951,0.3,-0.006434531095,-0.004998023826,
161,-1.867072538,-2.059849929,-0.003801461897,-0.004349958452,-0.001531291997,0.003114078336,-0.1,-0.004386028644,-0.003216895149,
162,1.419117474,1.245919697,0.003220774111,0.002836305454,0.001281152066,-0.009538352263,-0.4,0.0007694812205,0.005672067002,0.7671909813
163,0.3232901406,0.3463584114,0.0007621331712,0.0008562882198,0.004810588595,0.002111271279,0.0,0.005910619814,-0.004386353472,3.634440849
164,1.615992268,1.62211446,0.003830701255,0.004004496044,0.0009295786568,-0.006467825245,0.1,0.007330298827,0.0003311036831,0.6930031728
165,0.007358752074,-0.3194642032,1.828140523e-05,-0.0007700888989,-0.001103647746,-0.002347006217,0.2,0.004440083529,-0.004403520719,123.8932332
166,-3.200729962,-3.292962566,-0.007170311147,-0.007472130285,-0.008744598611,0.01369134705,-0.5,-0.006627524294,-0.007713098001,
167,0.7096039487,0.6214256504,0.001729559003,0.001545865078,-0.0007945144055,0.00114912339,-0.6,0.0007087171763,0.002750400829,0.8773638193
168,1.360649375,1.394594906,0.003099643328,0.003350591579,0.003804238337,-0.008598232843,0.6,0.002588217011,0.003611069646,0.711373683
169,-0.02281654838,-0.0539170202,-5.332298267e-05,-0.0001329842253,-0.001411951566,-0.001284142962,0.7,-0.001359895027,0.001253249061,
170,-1.043446288,-1.18862966,-0.002329220842,-0.002555923212,0.000344159949,0.003746294868,0.4,-0.001569761856,-0.003088679828,
171,-0.8566232555,-1.778446389,-0.001760235992,-0.003695613395,0.0004440602667,1.288690391e-05,0.2,-0.002431809298,-0.001088662686,
172,0.2758533944,0.5552487762,0.0006300505165,0.001308103515,-0.000256130434,0.001679246402,0.4,0.000530875455,0.0007292255779,1.857843027
173,0.3608991584,0.1283264836,0.0008315245916,0.0003082471371,-0.0001218547838,0.002647975672,0.4,-0.000258539658,0.001921588841,2.573347117
174,-0.5331596836,-0.3290263186,-0.001004531605,-0.0006360558502,-0.003731594192,0.009019856392,0.3,-0.000827104077,-0.001181959133,
175,-0.3995821708,-0.4631473332,-0.0009883157388,-0.001169065569,-0.00420514839,0.006634255617,0.0,0.002044629698,-0.004021261175,
176,-0.3064747308,-0.2353237491,-0.0007957853314,-0.000612011981,0.0003913697664,-0.003050646735,0.8,-0.000752441766,-0.0008391288969,
177,-1.170988696,-1.453064858,-0.002811863222,-0.003624902926,-0.005626934221,0.001714546413,-0.2,-0.0001549808005,-0.005468745644,
178,1.159915325,1.089502614,0.002879122128,0.002822445999,-2.400907443e-05,-0.000396308363,0.1,0.005084923935,0.0006733203206,0.6909610628
179,-0.9083238074,-1.273149938,-0.002137748549,-0.003068569677,-0.0008153676749,0.001883543197,-0.8,-0.003514895158,-0.0007606019394,
180,-2.575509722,-2.458261189,-0.006072509957,-0.006207692341,-0.005703644156,0.007080894016,-0.3,-0.004110319851,-0.008034700063,
181,-0.22590705,0.2295836688,-0.0005409171887,0.000566484975,-0.004168594527,-0.0008495554587,-0.2,-0.0003414275001,-0.0007404068774,
182,-0.8192709879,-1.075200159,-0.0020258695,-0.002695596468,-0.006123179916,-0.002500968472,0.5,0.002488403867,-0.006540142867,
183,-0.6821732653,-0.9300667459,-0.001413114685,-0.001996895858,-0.005267465887,0.001295596655,-0.2,-0.00107114248,-0.00175508689,
184,-0.1956287215,-0.08756112011,-0.0005042603423,-0.0002279240325,-0.001594335696,-0.0005351860452,0.0,0.003605924306,-0.004614444991,
185,-1.852382608,-1.569416219,-0.00394123563,-0.003339182112,0.001506827489,0.00633771348,-0.1,-0.002175550151,-0.005706921109,
186,-1.290872104,-1.51397858,-0.003376180107,-0.004123444912,-0.005546133211,0.005730274173,-0.4,-0.004666009593,-0.002086350621,
187,-0.2031432544,-0.1575818967,-0.0004822960264,-0.0003720371804,0.0009639022658,0.002627381975,0.4,0.001092035078,-0.00205662713,
188,1.10483629,0.8329722233,0.002666026895,0.002082296279,0.002759536458,0.0007145105529,0.5,0.007062418129,-0.001730364339,1.478423301
189,-1.834074609,-2.397072311,-0.004009137119,-0.005379003781,-0.003121004712,0.006375808909,-0.8,-0.008494589674,0.0004763154365,
190,-0.4144957899,-0.7721703071,-0.001036754681,-0.001957136173,-0.003613041699,0.003176862915,0.3,-0.002708121978,0.0006346126166,
191,-0.8649815577,-1.056436165,-0.002091824525,-0.00264974103,0.002941910859,0.003972089447,-0.1,-0.003170213596,-0.001013435453,
192,2.293877707,2.517017004,0.005463185166,0.006195386084,0.00395087455,-0.002570346739,0.9,0.007435089532,0.003491280799,0.6552857273
193,0.8142339265,0.6486676772,0.001979480302,0.001555298494,0.001793362773,-0.001878639773,-0.5,0.00514364724,-0.001184686636,1.31016546
194,-0.4434735155,-0.6648516016,-0.001059087705,-0.001691763092,-0.001420970283,0.001277533886,0.1,-0.001075917707,-0.001042257704,
195,0.1082154562,-0.04544763938,0.0002206410811,-9.496287143e-05,-0.0004534455957,1.157010068e-05,-0.1,0.001063753832,-0.0006224716693,6.428127553
196,0.2362591499,0.1791899328,0.0005079302876,0.0003857215921,0.001536777453,0.0007097207093,0.2,0.002885156917,-0.001869296342,3.291231988
197,-3.790265667,-3.99758302,-0.009228327319,-0.009823134384,-0.007685730238,0.00758645884,-0.9,-0.01228001541,-0.006176639227,
198,0.38075631,0.119915624,0.000846534244,0.0002665074883,-0.0006468097359,0.003822681093,-0.8,-0.0001936681092,0.001886736597,1.640661881
199,0.1424264522,-0.3407952092,0.0003250035079,-0.0008334336187,-0.002295751148,0.001417389503,0.0,-0.003849257772,0.004499264788,5.230750729
200,1.374749015,1.100270678,0.003100591011,0.002561233999,0.002132037494,-0.006132711627,0.1,0.002507923514,0.003693258508,0.4785911437
201,-2.202603254,-2.349488563,-0.004872106874,-0.005466424473,-0.009872990161,0.0129241277,-0.4,-0.005222203072,-0.004522010676,
202,-1.198200057,-1.340703967,-0.002879062657,-0.003267501984,0.000413134392,0.002430110221,-0.8,-0.001010996615,-0.0047471287,
203,-1.470333846,-1.481112223,-0.003163278784,-0.003343205514,-0.005229344512,0.004444801749,-0.8,-0.003071684935,-0.003254872633,
204,0.1692773836,0.4176189323,0.0003426248946,0.0008559377964,0.0005471599463,-0.0003520391513,0.2,0.003541002089,-0.0028557523,4.183267747
205,-1.339300297,-1.490326334,-0.003154460556,-0.003494918167,-0.003917746476,0.01070164893,-0.9,-0.00375626111,-0.002552660003,
206,-0.6922931438,-1.339189597,-0.001591018162,-0.003111353183,-0.005160891996,-0.002483638466,-0.7,-0.001794232655,-0.001387803669,
207,-0.9855149832,-0.9642266119,-0.002042685298,-0.002044633277,-0.002416920522,0.002058631631,-0.7,-0.0025106151,-0.001574755496,
208,0.2313177476,0.5528286628,0.0005930859933,0.001461122528,0.0005149509062,-0.0004141785307,0.1,-3.29889683e-05,0.001219160955,3.45237307
209,0.875610185,1.053502672,0.002010445292,0.002525227791,0.003202906643,-0.001390528228,0.4,-0.0002991765428,0.004320067128,0.8155491077
210,-0.7139171137,-0.6246827173,-0.001607303319,-0.001475298829,-0.001072225794,-0.0001782846235,-0.2,0.0004235342577,-0.003638140895,
211,-1.229945635,-1.488742845,-0.002794726717,-0.003575521123,0.002902792222,0.001386751419,0.2,-0.005346952657,-0.0002425007764,
212,-2.965037105,-2.847679948,-0.006935842812,-0.006911554208,-0.007833677132,0.007062149352,0.0,-0.01105259869,-0.002819086934,
213,-2.15897334,-2.430320713,-0.004943635607,-0.005928148094,-0.002361744566,0.00189248017,-0.2,-0.009509333164,-0.000377938051,
214,2.271543883,2.415810456,0.005531063611,0.006011990606,0.0006481594757,-0.001521449884,0.7,0.003834640155,0.007227487068,0.4261437567
215,-0.4068565914,-0.7116623515,-0.00103573693,-0.001848347327,-0.004182768042,-0.001892305744,0.3,0.0007287787385,-0.002800252599,
216,-0.003306788509,-0.1028463906,-7.938293397e-06,-0.000274660638,-0.0002590127251,-0.000289346737,0.0,0.003829647831,-0.003845524418,
217,-0.7931782905,-0.5224132872,-0.001978907656,-0.001367503233,-0.00882380241,0.004515480375,-0.2,0.002113358798,-0.00607117411,
218,-1.866237995,-1.464904589,-0.003826629432,-0.003081324411,0.00552571348,0.008251731428,-0.5,-0.001907658289,-0.005745600576,
219,-0.899099927,-1.168448702,-0.002240383418,-0.002910635051,-0.003484428706,0.005029637601,-0.3,0.0003794784556,-0.004860245292,
220,-0.5461378574,-0.5339666652,-0.001382275215,-0.00144826032,-0.002597763342,-0.0008364147753,-0.1,-0.0001376793368,-0.002626871092,
221,-0.7404903058,-1.00829454,-0.001681832684,-0.002360947276,-0.003710158215,0.005299489581,-0.9,0.0005230714356,-0.003886736804,
222,-2.859393841,-2.849588158,-0.006718946774,-0.00685335698,-0.01206819124,0.01019756222,-0.7,-0.00760501772,-0.005832875828,
223,-1.327795833,-1.406192907,-0.002909312627,-0.003149351552,-0.001475612805,-0.0009660751638,-0.2,0.001316115094,-0.007134740348,
224,-2.308125423,-2.578359983,-0.005454515093,-0.006076390121,-0.005593223583,0.007275070097,-0.4,-0.003347380897,-0.00756164929,
225,-1.568119042,-1.682657348,-0.003397580713,-0.003690065706,-0.001371475823,0.002554942091,-0.6,-0.0006010884118,-0.006194073014,
226,-0.1748621986,0.0107606992,-0.000435541198,2.764260357e-05,0.0005367360698,0.001495275716,-0.6,-0.0005526538511,-0.000318428545,
227,-0.04714350495,0.2670412861,-0.000105536239,0.000605554435,6.214220574e-05,-0.003713142196,0.6,0.001515397062,-0.00172646954,
228,-1.226316765,-1.793562563,-0.002601269862,-0.003885670475,0.001556122817,-0.007874994241,0.8,-0.005006055205,-0.0001964845194,
229,-0.3350647236,-0.2091754445,-0.0007041390151,-0.000451079793,-0.003763305651,-0.00128461635,-0.7,-0.005148206612,0.003739928582,
230,1.622860618,1.605319595,0.003316075408,0.003350023743,0.002775740269,-0.002479775376,0.2,0.004959631767,0.001672519048,0.5718104594
231,-0.6432804247,-1.004684785,-0.001410989812,-0.002254877006,0.001560745937,0.004400339129,0.4,-0.00183346576,-0.0009885138633,
232,0.6432736484,0.4630185725,0.001350471181,0.0009898251423,0.004226049189,0.0008323041354,0.2,0.002964884825,-0.0002639424632,0.6584450435
233,-0.8576085409,-1.048056711,-0.002127027735,-0.002664628501,-0.001133221706,0.0009038912534,-0.3,-0.002776790606,-0.001477264865,
234,-1.736723373,-1.711801434,-0.004118486638,-0.00399751795,-0.005874347194,0.005836196183,-0.9,-0.004642929469,-0.003594043807,
235,-0.5172598062,-0.9662966478,-0.001085327823,-0.002032706775,-0.004100092585,0.001303227514,-0.1,0.0003806457019,-0.002551301348,
236,-0.1359437976,-0.2947193534,-0.000295264814,-0.0006413730274,0.001104735338,0.003864152796,-0.8,-0.001164343566,0.0005738139379,
237,-0.9671312163,-0.9559622647,-0.00227608456,-0.002411561799,-0.003714115842,0.006102109914,-0.3,-0.001524909196,-0.003027259924,
238,1.162169712,0.8924602111,0.002696655045,0.00213555314,0.006203183181,-0.0003534630128,-0.5,0.006320351424,-0.0009270413343,0.7313269084
239,0.2162009792,0.1904953494,0.0005031326401,0.0004626336402,-0.001206128022,0.0007702164654,-0.2,0.003697674151,-0.002691408871,6.578357378
240,-1.493801069,-1.663232089,-0.003286738313,-0.003908778623,-0.007457615753,-0.0005137887903,0.5,-0.005537936119,-0.001035540507,
241,-2.043664305,-2.237256262,-0.004468524373,-0.004918211467,-0.007121537152,-0.0009022187928,0.3,-0.002258259791,-0.006678788954,
242,-2.596416772,-2.666606052,-0.005959884825,-0.006137559177,-0.005235969965,0.00368819343,-0.7,-0.01051013633,-0.001409633319,
243,-1.396128481,-1.384658728,-0.003478991037,-0.003611815172,0.002811530116,0.005875988934,-0.8,-0.001323882777,-0.005634099297,
244,-1.653542279,-1.65343902,-0.003693969334,-0.003888299127,-0.006285137089,0.0009628499926,-0.6,-0.004755886155,-0.002632052513,
245,-0.5506218847,-0.3828887574,-0.001250515789,-0.0008825201786,0.0005430292113,-0.001053627388,0.8,-0.00426372153,0.001762689952,
246,-0.3287330634,-0.6716904476,-0.0007673607424,-0.001562034242,-0.006197160947,-0.002582230444,-0.2,-0.00223596116,0.0007012396751,
247,0.8429372181,0.3956399426,0.001694417062,0.0008423420742,0.0003735663306,-0.0009364469204,0.6,0.004273735323,-0.0008849012,1.295429532
248,-0.9649371738,-0.978852655,-0.002253559073,-0.002361191624,0.001008052613,0.003546858364,-0.1,-0.004041467372,-0.000465650773,
249,-0.1999916215,-0.006518496467,-0.0004855836897,-1.636019472e-05,0.001550768622,-0.001313395781,-0.4,0.00354284375,-0.00451401113,
250,0.06898092909,-0.06391662055,0.0001498884643,-0.0001441912487,-0.002779282151,0.005059485516,-0.9,0.005889820697,-0.005590043769,20.10925324
251,0.1664766056,0.3362659057,0.0003803434243,0.0008058506127,0.003205540098,0.003090207566,-0.1,0.003236707025,-0.002476020177,5.269645968
252,-0.9334171671,-0.6234967358,-0.002093551563,-0.001477630395,-0.003149501401,-0.001594191118,-0.2,0.0008542843572,-0.005041387483,
253,-2.708177219,-2.358704609,-0.006378075472,-0.00575503213,-0.00503375606,0.009347775398,-0.5,-0.006638561997,-0.006117588948,
254,-1.186824253,-1.306158534,-0.002611915161,-0.002972856588,-0.009728063276,0.003348190456,-0.4,-0.001561051995,-0.003662778327,
255,2.670675156,2.804542639,0.006244172171,0.006757453581,0.00107164545,-0.0008118816001,0.3,0.004389238755,0.008099105587,0.4299599921
256,-0.8242964043,-0.8514361424,-0.001860060378,-0.001934079091,-0.0006018549741,0.003297309836,-0.9,-0.003985184268,0.0002650635126,
257,-1.482453338,-1.370915282,-0.003430425615,-0.003316606013,-0.005657149773,0.004224638815,-0.2,-0.002886170309,-0.00397468092,
258,-0.57109691,-0.774345791,-0.001355049853,-0.001845609949,-0.007729856165,0.002070868581,-0.2,-0.0006552611089,-0.002054838598,
259,-0.4029335599,-0.3149198241,-0.0008666971358,-0.0007186637387,-0.002250411152,-0.001238674702,-0.2,-0.00342852718,0.001695132908,
260,0.02170218327,-0.001926466644,5.14332815e-05,-4.834410726e-06,0.002669045643,0.001336715539,0.8,-0.001016027616,0.001118894179,16.35086193
261,-0.9342930015,-0.8278764003,-0.002107929418,-0.001953019955,-0.005815891991,0.000962087867,-0.4,0.0002294212313,-0.004445280068,
262,-0.5291387144,-0.4738288737,-0.001214401137,-0.001100955442,0.001769531825,0.003947191528,-0.2,4.221761829e-05,-0.002471019893,
263,-2.973137451,-3.141066566,-0.006727112517,-0.007536756461,-0.009649357687,0.01015642278,-0.6,-0.004851369169,-0.008602855865,
264,-0.9455292289,-1.211484851,-0.00223472015,-0.002996412393,-0.001993303665,0.002527592383,-0.7,-0.004243056306,-0.0002263839937,
265,-0.2892568167,-0.03431142788,-0.0006262518606,-8.214287588e-05,0.001168088114,-0.008609586983,0.1,0.001005299912,-0.002257803633,
266,0.565566355,0.2910538536,0.001176260534,0.0006321678265,-0.001899220261,-0.001501989255,-0.7,0.003153121129,-0.0008006000607,1.403950027
267,-0.1356019498,-0.1958255463,-0.0003110327548,-0.0004629893666,-0.0003201830204,-0.0024201413,0.3,9.569452531e-05,-0.0007177600348,
268,-0.3012278033,-0.3537379091,-0.0007109042066,-0.0008654989928,0.004438324134,-0.00140096108,0.7,0.002435252276,-0.003857060689,
269,-0.6373827838,-0.1946180734,-0.001504838155,-0.0004685229144,-0.0007288957184,0.0004046559464,-0.7,0.004785561309,-0.007795237619,
270,-0.5883150179,-1.025694726,-0.001446642961,-0.002487840034,-0.006236067305,0.005741239614,-0.1,-0.0014223951,-0.001470890822,
271,-1.056806053,-1.063190613,-0.00257055515,-0.002581455213,-0.007707668323,0.0004284280592,0.0,0.0006049359405,-0.005746046241,
272,-0.128800132,-0.4633066757,-0.0003170840907,-0.001176312976,-0.002807519694,2.626107985e-05,0.3,-0.003311840433,0.002677672252,
273,2.266008689,1.769915026,0.00469011289,0.003843842574,0.003362942956,-0.00243801155,0.8,0.007422272503,0.001957953277,0.4423798175
274,-0.8379509833,-0.8195328405,-0.001876442657,-0.001892226368,0.004426409596,0.00140413998,0.7,-0.0005585255811,-0.003194359734,
275,1.186468629,0.6882968721,0.00299649777,0.001746661006,0.001812480616,-0.003787985679,-0.3,0.001143365641,0.0048496299,0.4892370877
276,-1.592574305,-1.783632578,-0.003663080672,-0.004248780389,-0.003880829981,0.002038079854,-0.2,-0.0003667902862,-0.006959371057,
277,-0.7253924392,-0.618369121,-0.001783304102,-0.001548297758,3.769814118e-05,-0.002013021741,-0.4,-0.003476586391,-9.002181323e-05,
278,-0.9060298417,-1.191343739,-0.002020674207,-0.002840926751,-0.005496054927,-0.002848393145,-0.2,0.001942535375,-0.005983883788,
279,2.020488745,1.541942497,0.004672992493,0.003761955817,0.001649122642,-0.007931084801,-0.4,0.005376130427,0.003969854558,0.4755922912
280,0.2636611644,0.3498222205,0.0005628501746,0.0007569418674,-0.002119023265,0.00265757292,0.1,0.001922368705,-0.0007966683555,3.200502258
281,-0.3080970425,-0.7057282577,-0.0007956220313,-0.0018860545,-0.002064171698,0.0092163559,-0.8,0.003964167743,-0.005555411806,
282,-1.853135685,-2.000083624,-0.003939204996,-0.004331395418,-0.003001421911,0.002146002032,-0.8,-0.002420187127,-0.005458222865,
283,-0.9531251469,-0.5034208758,-0.002215261651,-0.001238523515,-0.001068283389,-0.000752107088,-0.2,-0.003064605886,-0.001365917417,
284,-1.930975307,-1.794192515,-0.00400301467,-0.003798816417,-0.0007794235729,0.001617787287,-0.2,-0.00294489295,-0.00506113639,
285,-1.180326043,-1.013380248,-0.002637786923,-0.002368014426,-0.0005213023572,0.01022511207,-0.6,0.001668206334,-0.00694378018,
286,-0.5519041397,-0.4041103193,-0.001294447459,-0.0009725105309,-0.002890553162,-0.00108953691,0.4,0.003181439113,-0.005770334031,
287,-0.7159856774,-0.8849511791,-0.001397889269,-0.001760002905,0.0009459654833,0.00357364349,-0.6,-0.004084280047,0.001288501508,
288,-1.377643035,-1.219369912,-0.002979772507,-0.002960888751,-0.001142184749,0.004580647277,-0.4,-0.003894639284,-0.00206490573,
289,-0.9982628014,-0.5499651712,-0.002204625705,-0.001263953334,-0.001423682532,0.007749826285,-0.1,-0.005060164466,0.0006509130565,
290,-1.472759353,-1.848848971,-0.003949051875,-0.005200206648,-0.007850238203,0.008461257634,-0.2,-0.007563607825,-0.0003344959256,
291,0.8224936301,0.918286874,0.002009058339,0.002251346758,-0.002424530514,-0.005822860013,0.6,0.000543737038,0.00347437964,0.9691537031
292,1.787082641,1.460616624,0.004002052954,0.003431414927,0.001800452011,-0.006391232611,0.3,0.003603348581,0.004400757326,0.387597266
293,-2.582686933,-2.677090158,-0.005799309877,-0.006134156311,-0.009794783075,0.00389443452,0.0,-0.007522766504,-0.004075853251,
294,-1.941316048,-2.045512492,-0.00430669762,-0.00471895449,-0.004662158946,0.001363341795,-0.3,-0.005530354214,-0.003083041027,
295,-1.734214615,-1.500960142,-0.004174694102,-0.00375888361,-0.003637093818,0.0063148841,-0.6,-0.003313867496,-0.005035520707,
296,-1.35273606,-1.309492345,-0.003168901914,-0.003108744006,-0.001150625402,0.0002729852984,-0.2,0.0007150705682,-0.007052874396,
297,-1.186860314,-0.8251833272,-0.002665827346,-0.00191553977,-0.005154055961,0.006787963062,-0.8,0.002230648971,-0.007562303663,
298,-0.2734226156,-0.710294501,-0.0006347197702,-0.001729776889,0.00382918228,0.002884265339,-0.3,0.002522003852,-0.003791443393,
299,-0.1413042051,-0.2917379191,-0.0003329597624,-0.0007233062471,-0.004318281919,0.001666520228,0.0,0.003921341891,-0.004587261415,
300,-0.1839645627,-0.523871752,-0.0004081347811,-0.001188743943,-0.00555631036,0.001855979103,0.3,0.0006510178746,-0.001467287437,
301,-0.3384682169,-0.4237985859,-0.0007923219706,-0.001012410882,-0.001661436,-0.004522444222,0.3,0.001067654055,-0.002652297996,
302,0.5675976238,0.7817938029,0.001249863432,0.001726295785,0.0001756970512,-0.003099020795,0.6,0.003501138725,-0.00100141186,1.353769179
303,1.223832392,1.23981095,0.002920479052,0.003073647003,0.0001783442057,-0.008136841302,0.8,0.004995769591,0.0008451885129,0.5097242553
304,-0.04061334215,-0.08226463983,-7.880382541e-05,-0.0001676983223,-0.004244501571,-0.001706421916,-0.7,0.0004519384534,-0.0006095461042,
305,-2.078027549,-2.304231113,-0.004529526727,-0.00524924875,-0.008209234204,0.00969105846,-0.8,-0.006055317539,-0.003003735914,
306,-1.075232765,-1.290089709,-0.002589503234,-0.003213017586,-0.001022048736,0.005674806257,-0.5,-0.0004911781644,-0.004687828303,
307,-0.6608837539,-1.086425356,-0.001530883685,-0.002594551814,-0.006008300095,0.00392957812,-0.2,0.0007210406832,-0.003782808053,
308,-2.527274782,-2.494514516,-0.005772855628,-0.006016249838,-0.01038106948,0.007773340046,-0.4,-0.006780398122,-0.004765313134,
309,-2.687584396,-2.689091407,-0.005844460611,-0.006166861502,-0.009593341418,0.000953539539,-0.7,-0.006795246771,-0.004893674451,
310,1.328299783,1.621677267,0.002982670034,0.003755283534,0.009427312316,-0.006412683813,0.9,-0.001493830341,0.007459170409,0.8475253698
311,-1.412272315,-1.123846695,-0.003011115169,-0.002464097032,-0.001988515095,0.006534712152,-0.2,-0.006372720302,0.0003504899641,
312,0.7714981073,0.816768234,0.001980582253,0.002068654289,0.0006504460146,-7.829802597e-05,0.8,0.004200809445,-0.0002396449391,0.88586533
313,-1.13089263,-1.117832345,-0.002745967456,-0.002801763318,-0.0008032000602,-0.002416936656,0.3,-0.001039690587,-0.004452244326,
314,-1.339652548,-1.197611957,-0.002737613459,-0.002630152925,0.003880147877,0.00489775828,0.4,-0.003339212115,-0.002136014803,
315,-0.9672624449,-1.609659121,-0.002210699363,-0.004014476468,-0.001021962365,-0.0008370917847,-0.5,-0.001668331146,-0.00275306758,
316,-1.216232725,-1.533699579,-0.002661269942,-0.003539229657,-0.002940516259,0.004048516069,0.3,-0.001705705028,-0.003616834856,
317,0.2889097497,0.7681393297,0.0006118413076,0.001664492307,0.001101033005,0.007943405879,-0.8,0.003589210784,-0.002365528168,1.944765498
318,0.5368288317,0.4856488639,0.001148527041,0.001047520128,0.001899924953,0.0007451150034,-0.5,0.001505700001,0.0007913540815,1.225820899
319,0.0383147308,-0.2496952811,9.065517111e-05,-0.0006046591247,0.0006675125219,0.0001374048212,-0.5,0.001776300768,-0.001594990426,28.03259747
320,0.1656716195,0.1434633577,0.0003575268968,0.0003271707514,-0.001238479803,0.00173680313,0.3,-0.0006558113483,0.001370865142,3.069225281
321,0.511239068,0.3580350352,0.001272934387,0.0008971357016,-0.002657399111,0.001190614725,-0.7,0.001398807185,0.001147061589,1.070014571
322,-0.0120340072,-0.2679191063,-2.840231535e-05,-0.0006301471462,-0.0004487445653,0.00278574995,-0.3,0.002262759669,-0.0023195643,
323,-2.84365945,-3.080047593,-0.005933346853,-0.006399327034,-0.008323684283,0.007635060834,-0.8,-0.005265842331,-0.006600851376,
324,1.199296396,1.170029581,0.002533979895,0.00246044723,0.003640399085,0.001169452728,0.2,0.002842591015,0.002225368774,0.8282395771
325,-1.150241994,-1.286401124,-0.002358503247,-0.002753616313,-0.00272045529,-0.001672644286,0.1,-0.004330042841,-0.000386963653,
326,0.4346164629,0.3289599764,0.0009346869338,0.0007391832404,-0.00269009058,-0.001022574966,0.5,0.00216672,-0.0002973461325,2.035580068
327,-1.462101316,-1.458505493,-0.003319920809,-0.003407409486,0.0005600010383,0.005960585987,-0.3,-0.004729246619,-0.001910594998,
328,-1.124983542,-1.076829566,-0.002637878124,-0.002607470704,-0.005928939975,0.002608050603,0.3,-0.003012430078,-0.00226332617,
329,1.716546186,1.91769097,0.003826685806,0.004674429886,0.004940324181,-0.002001947118,0.3,0.006950689155,0.0007026824576,0.4767801547
330,-3.02356735,-3.404448123,-0.00767697245,-0.008878737586,-0.01221698791,0.008185698631,-0.9,-0.01109186668,-0.004262078221,
331,-0.5831396885,-0.6954218023,-0.001240649821,-0.001546900892,-7.208545213e-05,-0.001464103407,-0.5,-0.0003302094808,-0.002151090161,
332,1.086543464,0.9054572384,0.002398550032,0.002097570957,0.004759550953,0.0003100755746,0.7,0.006150704251,-0.001353604187,0.6236936434
333,-1.225853735,-1.444940697,-0.002850396316,-0.003533206864,-0.001626360259,-0.0004665795697,-0.6,-0.00633862574,0.000637833108,
334,1.584204858,1.497729315,0.003314934184,0.003185299514,0.004644458779,-0.00345871099,-0.3,0.004272196546,0.002357671822,0.5503719936
335,-0.07650041118,-0.300864527,-0.0001773897498,-0.000710408707,-0.003101171668,0.007105827542,0.1,-0.0008057890148,0.0004510095152,
336,0.4557888609,0.6047228028,0.0009989272736,0.001314586253,0.001001976738,0.0005981588472,0.5,-0.0005189374502,0.002516791997,1.958211224
337,-0.03025882995,-0.2325475403,-6.946517851e-05,-0.0005548280107,-0.005637126769,0.007730392893,-0.2,0.00357946764,-0.003718397997,
338,-0.6016734719,-0.3945589066,-0.001425551665,-0.0009576703827,0.001642725078,-0.00360489038,0.7,0.00274395903,-0.005595062359,
339,-1.347815477,-1.877477629,-0.003198988689,-0.004562452091,-0.001867572848,0.004637593211,-0.6,-0.009318867091,0.002920889714,
340,-1.557296826,-1.926577433,-0.003473100759,-0.004318426957,-0.004463649002,0.007149248129,-0.4,0.003659059042,-0.01060526056,
341,0.6869712205,0.9860429924,0.001468417419,0.002219856071,0.003472682566,-0.001186155276,0.7,0.003665687761,-0.0007288529239,0.9583972669
342,-0.04058027794,-0.1553474828,-9.459469468e-05,-0.000372576271,-0.001218733045,0.002708764674,0.0,-0.001869697477,0.001680508088,
343,-1.570276926,-1.760306449,-0.003869260899,-0.00453448161,-0.008309993757,0.01020256211,-0.9,-0.001676239404,-0.006062282394,
344,-0.271422248,-0.5278141867,-0.0007131965512,-0.001407004302,0.001271456567,-9.005108583e-05,0.3,-6.593156603e-05,-0.001360461536,
345,0.8635887302,0.6592051405,0.001616618572,0.001269910795,0.004707733169,-0.002619108294,0.4,0.001348545047,0.001884692096,1.408056869
346,2.092481831,2.122518969,0.005313282918,0.005544079053,0.01153197223,-0.006768837527,0.4,0.003983753544,0.006642812291,0.5121731613
347,-0.06962251414,-0.1501092327,-0.0001525979646,-0.0003490162324,-0.0003141311968,-0.0002465919965,0.0,-0.00243247305,0.002127277121,
348,-0.03322702883,0.2466687779,-7.99587718e-05,0.0005941693771,-0.0005155410697,-0.006546045345,0.6,0.0002504823112,-0.0004103998548,
349,1.406768591,1.52435829,0.003513323522,0.003793799927,0.00237010338,-0.005157991207,0.1,0.0043985896,0.002628057444,0.5337346983
350,0.6354817136,0.5893215411,0.001381547074,0.001307383398,1.750853079e-05,-0.001258298618,0.6,-0.0006952741319,0.003458368279,1.899257498
351,-1.901636253,-2.150531106,-0.004374164236,-0.005231862533,-0.008077871089,0.006582300206,0.1,-0.006253571587,-0.002494756884,
352,-0.5223761509,-0.2209229746,-0.001302991468,-0.000589735781,-0.00335799672,-0.003344017947,0.1,0.001676006009,-0.004281988945,
353,-2.310217873,-2.335785222,-0.005264520629,-0.005249839824,-0.006961380091,0.004514896431,0.5,-0.001438970341,-0.009090070917,
354,0.3133526587,0.1152306664,0.0007275060381,0.0002698209213,-0.003687910945,-0.0006729983994,0.4,0.005751650174,-0.004296638098,4.346174915
355,-0.1634688303,-0.02063186858,-0.0004066109441,-5.307720021e-05,-0.0001510632274,-0.003597037045,0.8,-0.0006622179343,-0.000151003954,
356,0.1009152933,0.04063302564,0.0002473097887,0.0001051469229,-0.002350004479,0.002164240196,-0.2,0.00107549736,-0.0005808777823,3.781623694
357,-0.02548083799,-0.1553767546,-5.506741731e-05,-0.0003539683453,-0.001282285893,-0.00327066208,-0.4,0.001977732762,-0.002087867596,
358,0.2303852066,0.0240396003,0.0005951803521,6.476628595e-05,-0.001361806717,-0.002360276489,-0.5,-0.001672103734,0.002862464438,2.054604695
359,-1.469614852,-1.562016533,-0.003273217285,-0.00379606183,-0.003503022774,0.002164473906,-0.4,-0.00651247126,-3.396331053e-05,
360,-0.9647779855,-0.8449837441,-0.002175867433,-0.002029416685,-0.002070414344,0.01214845598,0.1,-0.002590673907,-0.001761060958,
361,0.7733712566,0.8564914551,0.001714572226,0.002012490702,-0.0001298245668,-0.003282075544,-0.4,0.001418967101,0.002010177351,0.592449185
362,-0.4124667581,-0.3044361171,-0.0009096495899,-0.0006934818644,-0.0004971709982,0.002686981475,-0.3,0.0002736451977,-0.002092944377,
363,-0.06861171627,-0.3815722078,-0.0001509835059,-0.0008775735977,-0.005135127641,-0.0005085791059,0.1,-0.005183856661,0.004881889649,
364,0.1152804974,0.2968935899,0.0002394968318,0.0006438352208,0.003048911795,0.006594863526,-0.8,0.0006101809693,-0.0001311873056,6.359227729
365,1.052430717,1.150096154,0.002359097795,0.002759356491,0.001993460791,-0.001460922522,-0.3,7.698656683e-05,0.004641209023,0.5452793137
366,-1.42208419,-1.736815226,-0.003132830957,-0.003901492085,-0.004342720264,0.0008075219805,0.5,-0.003622048946,-0.002643612967,
367,-0.3222674799,-0.2319300446,-0.0007702992662,-0.0005548865891,-0.004748541088,-5.341145712e-05,-0.5,0.003431594833,-0.004972193366,
368,4.023998,4.024498453,0.00900678728,0.0091662586,0.01103323223,-0.007635776611,0.2,0.01237102393,0.005642550628,0.4088906779
369,-1.408243181,-1.551022697,-0.003320730318,-0.00390972051,-0.005508197927,0.0001812470383,-0.9,-0.006922077507,0.0002806168715,
370,0.5686025621,0.5841739737,0.001251145506,0.001327998713,0.0002461048169,-0.002885362479,0.8,0.001991107785,0.0005111832262,1.360748527
371,0.5577259961,1.0084975,0.00128576506,0.002442177554,-0.001273173734,-0.00640285027,0.1,0.005001085022,-0.002429554902,1.440619221
372,-0.4472527882,-0.4971173657,-0.001121732229,-0.001264980831,-0.004184930396,0.0005988665769,0.0,0.00188072625,-0.004124190709,
373,-2.059544928,-1.506094436,-0.004284505452,-0.003355713641,-0.0004056599237,0.007539027612,-0.3,-0.006532659207,-0.002036351697,
374,-1.386636868,-1.653154444,-0.003189513743,-0.003928896854,-0.003229693151,0.005530089867,-0.9,-0.005816825096,-0.0005622023902,
375,-0.02403202672,0.1875002757,-4.871797901e-05,0.0004121668675,-0.003234924656,0.001091991909,0.5,0.005306614048,-0.005404050006,
376,0.06303212233,0.1584615712,0.0001539213472,0.0003994969683,-0.003363389579,-0.003310157247,0.0,-0.0004823690322,0.0007902117265,14.94827282
377,0.4804205646,0.6140651291,0.001120769487,0.00146570583,0.0006313165311,0.0003478192787,0.0,0.005261944998,-0.003020406024,1.366717874
378,0.6221576735,0.4498762165,0.001395778251,0.001045454508,0.005976805912,0.001316023542,0.7,0.0006079216555,0.002183634847,1.127235707
379,0.5105871035,0.2232631683,0.001110124544,0.0004994039173,-0.001392698371,-0.002948804507,0.3,0.001071712866,0.001148536221,0.7988945895
380,-2.135576163,-2.053433688,-0.004541588664,-0.004499631222,-0.004946482877,0.005608393458,-0.4,-0.005837704909,-0.00324547242,
381,-1.924971856,-1.699433895,-0.00434851706,-0.003943624765,-0.002416047554,0.002585461462,-0.2,-0.003374655122,-0.005322378997,
382,0.8914666026,1.113374207,0.002037181332,0.002471164253,0.004681830709,0.002988485376,0.0,0.005390933384,-0.001316570721,0.6784498362
383,-1.067722502,-1.15587301,-0.002332919814,-0.002678815614,-0.004883696622,0.00955510522,-0.6,-0.002629765642,-0.002036073986,
384,-0.8483369768,-1.3687198,-0.002107902623,-0.003520772901,-0.002386817,0.004762684066,0.2,-0.006302578626,0.00208677338,
385,1.073077791,1.091556746,0.002389317104,0.002486267386,0.001324318411,-0.007151514056,0.9,0.00471413009,6.450411854e-05,0.5595859815
386,-1.173044176,-1.008604557,-0.002447754207,-0.002224049846,-0.005063879897,0.003135935773,-0.9,-0.003230314894,-0.00166519352,
387,-1.981936413,-2.60544318,-0.004292357228,-0.005638980297,-0.003759892183,0.0058733103,-0.7,0.0005167283079,-0.009101442765,
388,1.794815485,1.236860689,0.004180552365,0.002947521668,0.003756200964,-0.00664162136,-0.3,0.004538698411,0.003822406319,0.4491539957
389,0.1585657649,0.01827046293,0.0003685606541,4.505451315e-05,0.001280899603,-0.00561435789,0.1,0.003246391695,-0.002509270387,3.851766979
390,-0.979212003,-1.025586861,-0.002141283231,-0.002420399501,-0.001351203605,-0.0003520165618,-0.9,-0.001013493851,-0.00326907261,
391,-1.333130549,-1.131827938,-0.003160123206,-0.00272249415,-0.001671263428,-0.002352875795,0.8,-0.004345776622,-0.001974469789,
392,-0.21704593,-0.3212191639,-0.0005228709375,-0.0007981256812,-0.003299453918,0.005148702574,-0.6,0.003383608647,-0.004429350522,
393,-0.5093936134,-0.2938851533,-0.001190703487,-0.0006984281101,-0.003634339407,0.0003309443747,-0.7,0.0002523376743,-0.002633744649,
394,0.638788113,0.6569777304,0.001404770218,0.001520014612,0.003946062524,-0.001339172565,0.9,0.0007352738913,0.002074266544,0.6677531775
395,-1.043857566,-1.335297676,-0.002373512165,-0.003237960251,-0.003229221541,0.001019926962,-0.9,-0.003439275943,-0.001307748387,
396,-2.060762464,-1.999683293,-0.004622730087,-0.004667262911,-0.00459792839,0.01478657535,0.2,-0.004622080272,-0.004623379902,
397,0.2153675716,0.1100471477,0.0004977023043,0.0002578415375,0.0008232747893,-0.0005060117873,0.4,0.0006090820872,0.0003863225213,2.947395336
398,2.074623484,1.905323637,0.004093253384,0.00377046251,0.001803162076,-0.005164398724,0.8,0.001480112465,0.006706394302,0.5117458534
399,-0.5238083172,-0.3468946948,-0.001275672916,-0.0008530449323,0.0008109104821,0.0003514425837,-0.4,-0.000585267265,-0.001966078568,
400,-1.393170842,-1.614170382,-0.003105323926,-0.003858668306,-0.01040624086,0.0007963908665,0.3,-0.004536062061,-0.001674585791,
401,1.34892027,1.175790484,0.003105478448,0.002815296056,0.006249410689,0.002171602803,0.6,0.004165684124,0.002045272771,0.7064904954
402,1.006307389,0.8554559084,0.00252771899,0.002370308348,0.003483775682,-0.0009112630243,0.7,0.002303034536,0.002752403445,0.5473362613
403,-0.715451225,-0.4638746546,-0.00169586005,-0.001115201802,-0.002857234344,-0.002339500721,-0.2,-0.006294930202,0.002903210103,
404,-0.507515673,-0.5000765965,-0.001230080809,-0.001243475703,-0.001733865483,0.001943110759,0.3,-0.004663720558,0.00220355894,
405,-0.9226972194,-1.104554982,-0.002036457239,-0.002627602658,-0.004718383411,7.260491659e-05,-0.5,0.002450998585,-0.006523913063,
406,-1.327360488,-1.489015641,-0.002678228736,-0.003064800496,-0.00308374297,0.002495224469,-0.4,-0.001956195577,-0.003400261895,
407,-0.503940481,-0.6997370842,-0.001206066043,-0.001749925062,-0.00300354523,0.001850269706,-0.9,0.002245563062,-0.004657695148,
408,-0.4554846363,-0.1765867194,-0.001177009046,-0.0004806764089,-0.001250972313,0.003192869051,0.1,-0.0004780288682,-0.001875989224,
409,-0.2596758931,-0.4039020405,-0.0005767763108,-0.0009513107714,0.001238279017,0.002413837805,-0.3,-0.0004293830639,-0.0007241695576,
410,-0.0241112304,-0.2642761899,-5.548535588e-05,-0.0006142377354,-0.00182868536,0.003729129498,-0.5,0.00044237292,-0.0005533436318,
411,-0.9369297153,-0.8042310069,-0.00228937564,-0.002067677688,-0.0006505138438,0.0003985300142,-0.7,-0.00178944291,-0.00278930837,
412,-0.1007713747,-0.2175704862,-0.0002157285734,-0.0004641783323,0.002968124598,0.002616785917,-0.3,-0.002269942584,0.001838485437,
413,-0.9526560407,-0.9564431691,-0.001967894243,-0.002216452888,-0.00332584927,-0.001345417295,-0.5,-0.002263126409,-0.001672662077,
414,-0.127244423,-0.5500610668,-0.0002947453415,-0.001349410174,0.004929689263,0.0008221087547,0.0,-0.000144945732,-0.0004445449511,
415,-1.715860907,-1.888226699,-0.00379818241,-0.004254542256,-0.004962984429,0.006744843035,0.3,-0.0007122703188,-0.006884094501,
416,-2.656834195,-2.508037292,-0.006215961253,-0.006227347445,-0.00903086097,0.0008431841695,-0.9,-0.0008812687439,-0.01155065376,
417,-0.4771601791,-0.5945388088,-0.001115691267,-0.001453436871,-0.001750733567,-0.0005537562792,-0.8,-0.002721391092,0.0004900085578,
418,-2.49459965,-2.579265808,-0.005603291752,-0.006192935925,-0.005070131947,-0.0003663303205,0.5,-0.006940044722,-0.004266538782,
419,-1.583102091,-1.36716213,-0.003939027947,-0.00351201648,-0.004430416219,0.002402204987,-0.4,-0.003765645489,-0.004112410404,
420,-0.5567924027,-0.2430845886,-0.001171943644,-0.0005358264945,-0.00160238295,-0.0005479466889,-0.7,-0.0006378423183,-0.00170604497,
421,-1.31623129,-1.760844947,-0.003024173081,-0.004347342813,-0.00381657943,0.008177161023,-0.8,-0.004954308232,-0.00109403793,
422,0.4711250785,0.831038923,0.0009372998733,0.001813525023,0.0004885061323,-0.006704383765,-0.4,0.0005147080427,0.001359891704,0.8184425797
423,1.588786827,1.370780929,0.004203045106,0.003743784816,0.00747789241,-0.004119357584,0.1,0.007059142706,0.001346947506,0.6750145527
424,-0.4217556435,-0.1360076241,-0.0009698068533,-0.0003205300661,-0.003429526334,0.002609858329,-0.2,-0.005995742516,0.00405612881,
425,-1.845750797,-1.533462649,-0.004100491029,-0.003418793208,-0.002612075782,0.01119885361,0.4,-0.002281190364,-0.005919791693,
426,-1.08099747,-0.9920534218,-0.002618274258,-0.002586312066,-0.004425354399,0.005520628605,-0.4,0.002355269518,-0.007591818033,
427,-0.08744387947,0.1594223562,-0.0001928852277,0.0003624774846,-0.001862915336,0.00384907326,0.4,-0.002015849048,0.001630078592,
428,-0.9743832781,-1.263715686,-0.002512158665,-0.003319830535,-0.002893469592,0.0001099340411,0.3,-0.0004355119073,-0.004588805422,
429,-0.3911120988,-0.5907211726,-0.0009010922761,-0.001491979556,-0.004185611598,0.00356706845,-0.9,-0.003159973879,0.001357789326,
430,-0.1781771129,-0.09415357832,-0.0004359387142,-0.0002404704247,-4.916472869e-05,-0.002427876606,0.1,-0.00447706822,0.003605190791,
431,0.7209169577,0.1156298376,0.001792563989,0.0003090512284,0.002450463704,-0.007843688827,0.6,0.002197935523,0.001387192455,0.4796325016
432,-0.01493467268,-0.06602545637,-3.484700054e-05,-0.0001566284376,0.001265780041,-0.002217275619,0.4,-0.002155098757,0.002085404756,
433,0.4323785726,0.3125906538,0.001037194262,0.0007679681556,-0.00271682372,-0.007290379881,0.8,-0.002212789697,0.00428717822,1.653014889
434,-0.8755782814,-0.7703227829,-0.002119147084,-0.001959216108,-0.0001671294148,0.001103006699,-0.1,0.002852605939,-0.007090900107,
435,-1.616269607,-1.729189926,-0.003691908983,-0.004071097411,-0.00859656856,0.0059206901,-0.4,-0.0004439473075,-0.006939870658,
436,-0.01167316297,0.2031066449,-2.455316526e-05,0.0004369618485,0.0009773728911,-0.002867548669,0.2,-0.001568287948,0.001519181617,
437,1.925622762,1.535301261,0.004281351061,0.003619308667,0.006022861917,-0.008686784562,0.4,0.006896086419,0.001666615702,0.5183961626
438,0.1648594388,0.2700634781,0.0003999520565,0.0006785347041,0.0002058653374,0.005622389414,0.3,-2.513249488e-05,0.000825036608,1.872755336
439,0.493383011,0.3774041238,0.001010574496,0.0007682379371,-0.001281421523,0.002786052867,0.5,-0.001046532571,0.003067681562,0.8779653885
440,-0.2082584756,-0.1129416272,-0.000483308515,-0.0002677807159,0.0005988953732,-0.001512749469,0.6,0.001550590693,-0.002517207723,
441,0.5723762238,0.6089296656,0.001350124879,0.001426191747,0.005257241722,-0.0009971277026,0.7,0.0005160578525,0.002184191905,1.139191632
442,-0.09766924211,-0.08244846635,-0.00021101959,-0.0001870694751,0.0002149259483,0.00393921866,0.0,0.0007007748903,-0.00112281407,
443,-0.576857847,-0.684150636,-0.001324017767,-0.001676845485,9.671462905e-05,0.002069217461,-0.6,0.00305498843,-0.005703023963,
444,1.249428794,1.024131382,0.002409069665,0.002100683171,0.0004751495987,0.001302908045,-0.1,0.002669144421,0.002148994908,0.3257400607
445,-1.622062251,-1.599093913,-0.003440815697,-0.00353501422,-0.00146238974,-0.0008127118529,-0.8,-0.004050408155,-0.002831223239,
446,-2.145337576,-2.129021303,-0.004892835457,-0.005032462249,-0.005511063473,0.006444508908,-0.2,-0.005379782942,-0.004405887972,
447,-0.6967130357,-0.6141915933,-0.001532115924,-0.001434326345,-0.002777112281,0.005684911674,-0.8,-0.003564551255,0.0005003194065,
448,-0.09375423616,-0.3161675177,-0.0002155130699,-0.0007350678038,0.002622357096,0.001543991042,0.0,-0.002723422733,0.002292396593,
449,-1.22042192,-0.8352413549,-0.002633433039,-0.001899918766,-0.005558423943,0.006829499653,0.5,-0.00249149587,-0.002775370207,
450,-0.5903822472,-0.6933003733,-0.001342035682,-0.001677122598,0.001474935644,-0.0002583825344,0.1,0.002928650993,-0.005612722357,
451,-0.4840372394,-0.5617244036,-0.001132641645,-0.001329379334,0.001263435753,-0.001196932248,-0.5,-0.0022701668,4.883509729e-06,
452,-0.8993481292,-1.111495079,-0.001860401922,-0.002396306094,-0.003243468004,-0.001408246373,-0.7,4.042759091e-05,-0.003761231435,
453,0.07403784016,0.6047010723,0.0001668753632,0.001380238455,0.001038696868,0.007149909577,0.2,0.002788885262,-0.002455134536,8.077245468
454,-0.5822667027,-0.8680918074,-0.001401902121,-0.002158455359,0.002242095863,0.00168136335,0.6,-0.004979983258,0.002176179017,
455,-0.4327282211,-0.9092732068,-0.001077589514,-0.002290536847,0.0009269689787,-0.001632540968,0.2,-0.003033092181,0.0008779131529,
456,-0.4631454398,-0.9588119654,-0.001199467793,-0.002504368992,7.304538534e-05,0.003839573113,0.4,0.001178327909,-0.003577263496,
457,-0.526476089,-0.4451666656,-0.001173524029,-0.0009460575463,-0.0002091121755,-0.001292249516,0.4,0.002560231924,-0.004907279982,
458,0.1177558352,-0.02408707327,0.0002980469281,-6.501663778e-05,0.001757361916,-0.0009520672371,-0.4,-0.002130823749,0.002726917605,11.92119535
459,-0.1510620696,-0.3448603544,-0.0003565403362,-0.000847715717,-0.001334751472,0.00504335072,-0.8,-0.0003456153454,-0.0003674653271,
460,1.579749684,1.604207626,0.003241838725,0.003389565947,0.00693204839,-0.003499064559,0.2,0.004901044978,0.001582632472,0.4563354895
461,-0.5803073276,-0.9596208166,-0.001397233222,-0.002383947701,-0.002693989011,0.0008898245055,-0.2,-0.003819434038,0.001024967594,
462,1.539902359,1.206911079,0.00383403254,0.00316462116,-0.0002213449211,-0.002873873527,0.1,0.004090016258,0.003578048822,0.3161943298
463,-1.276207929,-1.277212037,-0.002570727245,-0.002822299695,-0.006017042667,0.01173485384,-0.9,-0.00018098861,-0.004960465881,
464,1.276001148,1.394707346,0.003113061519,0.003500763919,-0.001345265659,0.00267500865,-0.3,0.003508171069,0.002717951969,0.8667083618
465,-0.4954940077,-0.6362928696,-0.001227038647,-0.001637726801,-0.005526689662,0.00789537141,0.3,-0.005154331925,0.002700254631,
466,-0.8839309421,-1.028740639,-0.001998093997,-0.002496687736,-0.004371073199,-0.0002534253242,-0.7,-0.005100754291,0.001104566297,
467,-0.4713459651,-0.5309636363,-0.001209830244,-0.00141089597,-0.007702507531,0.003563408396,-0.9,0.001584402577,-0.004004063065,
468,-1.825140969,-1.510867634,-0.004962056419,-0.004141037483,-0.00754064991,0.003224054538,-0.1,0.0003023099945,-0.01022642283,
469,0.8352609778,0.7541576666,0.001819010313,0.001709983747,0.005011503525,0.002196233039,0.0,0.00133014354,0.002307877087,0.700645005
470,-0.1976754686,-0.2869771797,-0.0004179257951,-0.000641243854,-0.0007153127854,0.003230062682,-0.1,-0.0001409866458,-0.0006948649444,
471,-0.8279251474,-1.051693243,-0.001698825378,-0.002331605525,0.0001924659592,-0.008923774741,-0.2,-0.004686034646,0.001288383889,
472,-1.05614158,-1.04958794,-0.002268041843,-0.002360464251,-0.005224766262,0.002098793295,-0.7,-0.002554975158,-0.001981108528,
473,2.406196215,2.406823936,0.005071174979,0.005183312203,-0.0001698185816,-0.01221366533,0.8,0.005947392541,0.004194957417,0.63002225
474,-1.641875804,-2.034205166,-0.003966677406,-0.005052273203,-0.008845653003,9.651818731e-05,-0.7,-0.01002189385,0.002088539033,
475,0.5059208342,0.7333701693,0.001137193894,0.00169340571,0.003889508546,-0.002893286882,0.3,-0.0001954389759,0.002469826765,0.9740373545
476,2.112957412,1.886132588,0.005023511733,0.004573816054,0.006305290748,-0.007293903287,0.4,0.005972673713,0.004074349753,0.4806331698
477,-0.01527616044,0.2933175666,-3.673750118e-05,0.0007462580116,0.0006293328335,0.001797713168,0.4,-0.0004679828612,0.0003945078588,
478,-0.3714465323,-0.7634087296,-0.0009004872864,-0.00192732096,-0.001930493236,0.004779706016,-0.4,-0.004222505672,0.002421531099,
479,1.126496534,0.7888171932,0.002593164722,0.00188894348,0.001353277439,0.007261507095,0.0,0.002579019583,0.00260730986,0.5993092758
480,-0.3728174653,-0.7738507547,-0.001002794484,-0.002183877904,0.001227279334,0.0002334934788,0.3,0.004829093895,-0.006834682862,
481,-0.1641496914,-0.2043804817,-0.0003892560572,-0.0004987642182,-0.002169668906,-0.0005423310076,0.5,0.001023846716,-0.00180235883,
482,-0.470338816,-0.5398219879,-0.001017969728,-0.00122823334,-0.002027690623,0.0004451415342,-0.2,-0.002997149539,0.0009612100837,
483,-1.25203747,-0.8195448297,-0.003404497237,-0.002368499427,0.0005523123015,0.005581416024,-0.3,-0.001605697614,-0.00520329686,
484,-1.498388678,-1.732490109,-0.003153246627,-0.003754666961,-0.006761498527,0.001416530753,-0.2,-0.002726299887,-0.003580193367,
485,-0.2473004174,-0.8208788375,-0.0005136673774,-0.001786446338,-0.006988191405,-0.001012801163,-0.2,-6.66199309e-05,-0.0009607148239,
486,0.4082572222,0.3276581892,0.0009891048319,0.0007866879043,0.001105886536,0.001082361529,-0.1,0.00237828814,-0.0004000784761,2.24514588
487,0.5661661284,0.4753540103,0.001226962166,0.001043273417,-0.001841584989,0.001471030078,-0.9,-0.0007108224754,0.003164746807,1.045317735
488,0.04559820502,-0.1931511284,0.0001031737297,-0.0004448092953,-0.0003784510079,-0.001487459577,0.7,0.003105843464,-0.002899496005,16.27216094
489,1.056114139,0.9824241116,0.00233582578,0.002286448434,-0.00245557022,-0.004466179606,-0.4,0.007275412669,-0.00260376111,0.9221748049
490,-1.955715743,-2.286147977,-0.004314266478,-0.005382037325,-0.004475243909,0.00604710952,-0.9,-0.005370888743,-0.003257644213,
491,-0.3687841725,-0.2459976654,-0.0007523124501,-0.0005041787861,-0.004493083233,-0.001748391501,0.5,0.001002626182,-0.002507251082,
492,-1.034602639,-1.071097682,-0.002766112834,-0.00302597967,-0.003254670697,0.002086365165,0.3,-0.007457245681,0.001925020013,
493,0.2437880612,-0.05314442932,0.0004934267698,-0.0001134398611,0.001996213011,0.003015157438,0.5,-0.0005822981614,0.001569151701,2.112483131
494,0.5155236056,0.2560654785,0.001167367135,0.0006054044432,-0.001927510515,-0.0008114546692,-0.7,-0.0005991001722,0.002933834442,0.7459084155
495,1.425493092,1.280383862,0.003590810336,0.003229343054,0.004231129234,-0.005437890216,-0.3,0.005715755761,0.001465864911,0.8969864423
496,-0.1153556257,-0.2890178493,-0.0002573846901,-0.0006824951374,-0.004292883649,0.00377017383,-0.3,-0.000367412263,-0.0001473571172,
497,0.06749336165,0.125661654,0.0001527597589,0.0002909380796,0.001342929747,-0.0002946249818,0.8,-0.001826059323,0.002131578841,12.1434317
498,0.4046473228,0.4997659233,0.0009585617399,0.001224434728,0.004477132297,0.0009047877246,0.6,0.0003465152738,0.001570608206,2.763896407
499,-0.1175459508,-0.143320228,-0.0002923380633,-0.0003726635317,-0.0001538569555,-0.003800460434,0.8,0.002928573247,-0.003513249374,
500,-1.018141503,-1.294208912,-0.002323294003,-0.002973951995,-0.00263920435,0.006535250694,-0.3,-0.007344418617,0.002697830612,
501,-1.000931538,-1.440048535,-0.00204938427,-0.003038839755,-0.005967536781,0.006403473421,-0.7,0.001057097254,-0.005155865793,
502,-0.9282670241,-1.172008712,-0.002436173868,-0.003157866355,-0.004190019277,-0.001208779716,0.3,0.0008143636379,-0.005686711373,
503,0.3380210901,0.2417778024,0.0006771323778,0.0005107955508,-0.00168489354,-0.003936863694,0.8,0.002344061795,-0.0009897970395,2.217026428
504,-0.02242946316,-0.7252896329,-5.653100255e-05,-0.001824091001,-0.002952214328,0.003397361866,-0.4,-0.002262649145,0.00214958714,
505,-1.159158907,-1.180583101,-0.002557607337,-0.002785076666,-0.004333221275,0.003096194967,-0.1,-0.0009937496063,-0.004121465068,
506,-1.84970235,-2.063922905,-0.004419671989,-0.005230144504,-0.002286134554,0.009076588912,0.3,-0.002995003523,-0.005844340456,
507,-1.511003251,-1.661708088,-0.00361168626,-0.004160826627,-0.005753227012,0.002264946771,0.0,-0.0005102799409,-0.00671309258,
508,-0.9059056898,-1.490760697,-0.002144617657,-0.003498141559,-0.005480930753,0.003361413245,-0.2,0.0003919906136,-0.004681225927,
509,-1.388193932,-1.829873183,-0.003488447495,-0.004772589617,-0.007261215629,0.002663796233,-0.7,-0.004525699228,-0.002451195762,
510,-1.55724515,-1.489751723,-0.003093075652,-0.003137903338,-0.003828549262,-0.0009842398404,0.3,-0.002891127824,-0.00329502348,
511,-2.425407599,-2.195264673,-0.0056837377,-0.005330312568,-0.005325485792,0.01683580553,-0.9,-0.007095133922,-0.004272341478,
512,-1.530213126,-1.89613027,-0.003845501365,-0.004767702186,-0.002111913779,-0.0006598100754,-0.2,-0.007634917928,-5.608480319e-05,
513,0.1302751828,0.1337956414,0.0003035073573,0.0003201082487,0.008063649006,0.003992573216,0.2,-0.002189695075,0.002796709789,6.618516392
514,-2.272136293,-1.732643816,-0.004798428972,-0.003974695245,0.0001174384506,0.005918732754,-0.8,-0.007387802691,-0.002209055253,
515,0.4968358559,0.5127952159,0.001130587893,0.001232555895,0.004446892199,-0.004241900708,0.4,-0.0005577507874,0.002818926572,0.9139473198
516,0.396396325,0.09775907964,0.0009560549913,0.000242444461,-3.992307485e-05,0.004526938284,-0.1,0.001405272435,0.0005068375479,2.704398676
517,-0.603854543,-0.614930884,-0.00125711107,-0.00136840414,0.0002722059509,0.00220106351,-0.8,0.0009699646105,-0.003484186751,
518,-0.4458715193,-0.51646911,-0.001159619916,-0.001414007362,0.0001192396559,0.0009688706182,-0.6,-0.003246426269,0.0009271864362,
519,-0.3650617497,0.1712297586,-0.0007638466591,0.0003603925539,-0.002653668292,0.002753375722,-0.4,0.002743058149,-0.004270751467,
520,-1.56605265,-1.398191473,-0.003576819747,-0.003374585397,-0.004983219184,0.00338923618,-0.8,-0.007622042018,0.0004684025234,
521,-1.076264094,-1.073712151,-0.002385676381,-0.002377186354,-0.00418464695,0.002586079564,-0.9,-0.002156573127,-0.002614779635,
522,1.06017048,1.129779205,0.002171762059,0.002354807852,0.001859060608,0.002874811503,-0.3,0.006618236267,-0.002274712149,0.9470142283
523,-2.300402099,-2.424996807,-0.005496435779,-0.005835589055,-0.003882469144,0.009969631627,-0.8,-0.003235228991,-0.007757642567,
524,-1.257879007,-0.9072168727,-0.002400824568,-0.001750389612,-0.002306909354,0.003501799412,-0.4,-0.00155546925,-0.003246179886,
525,-1.799321469,-1.890180723,-0.004343927657,-0.004704084998,-0.001683273792,0.003484575681,-0.2,-0.003930464399,-0.004757390915,
526,-0.2088733039,-0.2869223303,-0.0004804651268,-0.0006911483366,0.005876619417,0.002270035412,0.2,0.001626973893,-0.002587904147,
527,-0.9569549679,-1.378593427,-0.002191806671,-0.00335247597,-0.006304769025,0.004527254762,-0.2,-0.003561216549,-0.0008223967939,
528,0.2203881835,-0.04112086013,0.0004998475369,-9.537007647e-05,-0.003561618798,-9.237227954e-05,0.3,0.001398067754,-0.0003983726807,2.883337346
529,0.3123003266,0.205853676,0.0008312541581,0.0005653187297,-0.002328000146,-0.003002457842,-0.5,0.009130229273,-0.007467720957,2.864952329
530,-2.6363851,-2.774046529,-0.005593362871,-0.006162781232,-0.009094628977,0.001339202569,-0.7,-0.006722119789,-0.004464605954,
531,-1.018130958,-1.560399316,-0.002224541951,-0.00352695946,-0.004936091654,-0.0001793547477,0.1,-0.001449062541,-0.003000021361,
532,-0.2425731102,-0.3343484211,-0.0005396486203,-0.0007944051951,-0.002189820685,0.001586017821,0.3,-0.001865262688,0.0007859654476,
533,-0.9822850915,-1.082984345,-0.002253985362,-0.002599812476,0.0004035315135,0.0003238635774,0.5,-0.004998575977,0.0004906052522,
534,-2.216569785,-2.48458074,-0.005003162233,-0.005928215504,-0.006031978344,0.001193966765,0.3,-0.003540433312,-0.006465891155,
535,-3.074718779,-3.225621332,-0.006785966273,-0.007449225415,-0.01186547348,0.001410884455,-0.7,-0.004990556753,-0.008581375794,
536,0.06640558585,0.02423291184,0.0001552290419,5.814731179e-05,5.216847477e-05,0.001022886665,-0.2,0.002011395773,-0.001700937689,5.955454562
537,-1.708188315,-1.83273279,-0.004304370758,-0.004534258954,-0.004865971274,0.007660315531,-0.9,-0.006077054165,-0.002531687351,
538,-2.470606506,-2.417476932,-0.005732690018,-0.005745685353,-0.005247446025,0.003891323101,-0.9,-0.007794879374,-0.003670500662,
539,-0.3851744264,-0.2553267503,-0.0008464350137,-0.0005867735823,0.001123653064,0.005426217557,-0.1,0.002190653512,-0.00388352354,
540,-0.5589432761,-0.678098715,-0.001383020271,-0.00172394734,-0.006498575787,0.007300659772,-1.0,0.007164453334,-0.009930493875,
541,-1.5117342,-1.558635925,-0.003544115779,-0.003707675831,-0.008033683575,0.003459466564,-0.8,-0.001500204766,-0.005588026793,
542,-0.7025669907,-0.953176001,-0.001590612483,-0.002195954908,-0.003297977257,0.00182579173,-0.3,-0.002919260485,-0.0002619644807,
543,1.315916895,0.8844068938,0.002533149645,0.001821497383,0.001112499052,-0.003828252336,0.3,0.003692657245,0.001373642044,0.4707257049
544,-0.4679867288,-0.6926956337,-0.001036779373,-0.001556551981,4.626681589e-05,-0.001248390042,-0.5,0.002748693753,-0.004822252498,
545,-1.920741421,-1.986277066,-0.004319262894,-0.004561498301,-0.001796848447,0.002541869188,0.2,-0.008094032474,-0.0005444933144,
546,-1.080840872,-1.140773927,-0.00220088334,-0.002396802633,-0.001445742028,0.004805230551,0.3,0.0006669650809,-0.005068731762,
547,0.4517019759,0.4760217288,0.001066279214,0.001137124783,0.0001352976041,-0.005252617581,0.8,0.001953402168,0.0001791562608,1.167350009
548,0.4815610434,0.3695735496,0.0009575655285,0.0007886903004,0.001456217626,0.004024210374,-0.8,0.003175468962,-0.001260337905,0.9012485658
549,-0.7245350971,-0.7027647797,-0.00165943674,-0.001679287687,-0.003465359851,-0.0002395051324,-0.4,0.001305418716,-0.004624292197,
550,-0.6045939232,-0.5201588276,-0.001361442076,-0.001247029152,-0.002352996916,-0.002927756145,0.5,-0.0006762156451,-0.002046668506,
551,-1.05051832,-1.238572791,-0.002282111508,-0.002857363037,-0.007756918,0.00279546818,0.3,-0.003070960375,-0.001493262641,
552,0.5557020269,0.5406975633,0.001241758763,0.00126089991,0.00662047133,-0.001970337739,0.2,0.0006152641188,0.001868253408,0.9785004195
553,-0.09597823062,-0.1653180082,-0.0002341463648,-0.0004466347235,-0.0003746610417,0.0008713242283,-0.2,0.003807215378,-0.004275508108,
554,0.1007827266,0.3253866047,0.0002315853506,0.0008054998078,0.001415531005,0.003631604899,-0.8,-0.001384904331,0.001848075032,10.79135724
555,0.03705701887,0.2262581317,8.696064727e-05,0.0005435243847,-0.002353974213,0.003069181088,-0.9,0.002200581102,-0.002026659808,24.66369755
556,1.576440856,1.246258633,0.003479022375,0.002878702455,0.002803878415,-0.006517053492,0.2,0.003121972044,0.003836072705,0.687113979
557,-0.03975821696,-0.278615657,-8.382353572e-05,-0.0006275676812,-0.003973018869,0.001822072532,0.0,0.004017970135,-0.004185617206,
558,0.1504085491,0.2535527391,0.0004157336883,0.0006987120882,0.003780210256,0.001155007822,0.2,0.0005431332229,0.0002883341537,4.582943099
559,-0.2721520318,-0.2868161783,-0.0006053664435,-0.000679416549,-0.00206156708,0.001492208621,-0.1,-0.0006728358743,-0.0005378970127,
560,-0.6755776016,-0.7143546908,-0.00150950385,-0.001640259265,-0.005204320595,0.0009333994753,0.1,0.0004906446304,-0.003509652331,
561,-1.06624401,-0.8451033279,-0.002199734219,-0.001850769366,-0.0008678739199,0.002870835615,0.3,0.0002334902465,-0.004632958684,
562,-2.750974982,-2.594180662,-0.005949109814,-0.005759561727,-0.004989911405,0.006071803166,-0.6,-0.001560528459,-0.01033769117,
563,1.56936793,1.542772506,0.00380309838,0.003709071798,0.01042522462,-0.002303585982,0.7,0.002994774578,0.004611422181,0.662618179
564,-0.06104314041,-0.3198400639,-0.0001346330201,-0.0007300512447,0.002542369532,2.963186708e-05,0.7,0.002597204846,-0.002866470886,
565,1.204142359,1.121014297,0.002664538504,0.00264115555,0.003610546931,-0.004143002754,0.9,0.003647072049,0.00168200496,0.6151641842
566,-1.89356401,-1.670389124,-0.004605248481,-0.004085147691,-0.003098860825,0.001939586548,0.3,-0.004216112754,-0.004994384209,
567,1.081302641,1.013957385,0.002417788351,0.002274421299,0.007085970014,-0.004185773643,0.9,-0.001508256754,0.006343833456,1.040270877
568,-1.806253577,-2.15324142,-0.004521617163,-0.00551682314,-0.008105766855,0.002796040123,-0.4,-0.008745674782,-0.0002975595429,
569,-0.3984799483,-0.4951672746,-0.0009660340809,-0.00123540304,-0.0008591028256,0.001429446094,-0.3,-0.001203214564,-0.0007288535981,
570,-0.9946960686,-1.050859519,-0.002237971762,-0.002480063146,-0.004137550695,0.001720650727,-0.9,0.0008436524832,-0.005319596007,
571,-0.6716742084,-1.157934698,-0.001641085953,-0.002892228049,-0.003615836205,-0.00231199991,-0.2,-0.004143071357,0.0008608994515,
572,0.2753005864,0.3961392413,0.0006182912703,0.0009020546834,0.003455666228,0.007353337418,0.4,0.006016028675,-0.004779446134,3.690656022
573,-0.2083959637,-0.2024090262,-0.0004874418062,-0.0004986577738,0.001418512114,0.001741800615,-0.1,-0.004025487675,0.003050604063,
574,0.08465692701,0.08650955865,0.0002036720584,0.0002153613457,0.004579112098,0.001020337914,0.0,0.002363536495,-0.001956192379,6.613372714
575,0.9767427985,0.8825882619,0.002267237461,0.002113154176,0.0007490964555,-0.006757386122,0.6,0.004681003098,-0.0001465281758,0.5894276555
576,-2.020211151,-1.69207004,-0.004416504586,-0.003864527192,-0.00062919089,0.0006402289422,-0.7,-0.006751054421,-0.002081954751,
577,0.1941347696,0.09339972864,0.0004097662146,0.0002093908668,-0.001126833131,-0.003119893665,0.0,0.007368967718,-0.006549435289,7.715919271
578,1.02373748,0.6616720616,0.002351120955,0.001553617332,-0.00210803243,-0.004525557011,0.1,0.002160570407,0.002541671503,0.6893677161
579,1.254160261,0.9491012278,0.002790236505,0.002125233652,-0.00108044417,-0.002995679863,-0.4,0.007765808211,-0.0021853352,0.9756442778
580,-0.9781010864,-1.158969565,-0.002441785726,-0.002929706703,0.003916629876,0.004132917633,0.3,0.003874074786,-0.008757646238,
581,-0.3495848043,-0.4338944443,-0.0007898161934,-0.000983408931,0.001616850182,0.007436813182,-0.8,0.000581742009,-0.002161374396,
582,-1.536039379,-1.704310869,-0.003873511516,-0.004347110974,-0.004231384753,-0.003177646891,0.1,0.001471428344,-0.009218451377,
583,0.73310593,0.5861455017,0.001458936982,0.001197199046,0.006480455533,-0.001994994316,0.2,0.004621476435,-0.001703602471,0.8183768124
584,-0.3000342009,-0.2538732868,-0.0006845815122,-0.0006008634451,-0.0009851802915,-0.004355771741,-0.3,0.003237014816,-0.004606177841,
585,-2.056180948,-1.875628974,-0.004823830723,-0.004530263745,-0.002417080284,0.005078666771,0.1,-0.01058770089,0.0009400394417,
586,-2.21378406,-2.273147719,-0.005225283425,-0.005575913711,-0.007694436098,0.006852455127,-0.4,-0.005941652009,-0.004508914842,
587,0.6970551492,0.6940549053,0.001612296838,0.001615326153,0.0004975989646,0.002065788309,0.2,-0.002770988517,0.005995582193,1.942934054
588,-0.4516495583,-0.9115029387,-0.001214597213,-0.002512105567,-0.003874188549,0.003885427435,-0.1,0.0003467387187,-0.002775933145,
589,0.5721451245,0.3924530543,0.001290353412,0.0009292436033,0.004313872592,-7.558585624e-05,0.7,0.001176108404,0.001404598421,0.6519972427
590,-1.856264321,-1.754457392,-0.004255154748,-0.004253139569,-0.0032982624,0.00480130737,-0.9,-0.003849914831,-0.004660394665,
591,-3.049924269,-3.102644975,-0.006613389406,-0.007228733908,-0.008222432001,0.004752471196,-0.9,-0.007802892875,-0.005423885937,
592,-2.344281385,-2.127253413,-0.005284601198,-0.005035614244,-0.0009534476128,0.005986690468,-0.3,-0.008480773956,-0.00208842844,
593,-1.136684222,-1.315900053,-0.002558095785,-0.002998105046,-0.0006555224789,0.0009038210191,-0.6,-0.001027801346,-0.004088390224,
594,-1.471476295,-1.416529227,-0.003567504022,-0.003499283215,-0.009858429068,-0.00147077539,0.3,-0.004849047831,-0.002285960213,
595,0.0394668343,-0.1705571014,8.866477253e-05,-0.0004018821301,0.006184216324,-0.001535627643,0.3,-0.0004576169419,0.0006349464869,13.53967598
596,-1.178603289,-1.155636699,-0.002506480402,-0.002474801886,-0.00224421161,0.0004763357972,-0.9,-0.0005909089282,-0.004422051875,
597,-0.6457052421,-0.788036588,-0.001534403776,-0.001925090935,-0.004098170231,4.578654586e-05,-0.5,-0.0007367393991,-0.002332068154,
598,1.01836522,1.134565681,0.00239239331,0.002669856305,0.003357402387,-0.003033423018,-0.3,0.002170224819,0.0026145618,0.8490526914
599,-1.242191661,-1.311233012,-0.003043489027,-0.003252721769,-0.002901122887,0.007638534168,-0.8,-0.007114927773,0.001027949718,
600,-0.9824437966,-0.9369052961,-0.002409333407,-0.002320565498,-0.003343483567,-0.002750198086,0.4,-0.001580594347,-0.003238072467,
601,0.1859913204,0.2721969342,0.0004213379514,0.0006819886398,0.001592339127,-0.000224977866,0.7,0.00296890593,-0.002126230027,2.28095655
602,-1.002348783,-1.268292065,-0.002157327167,-0.002831951462,-0.00453692476,0.001455704793,-0.7,-0.003596188773,-0.0007184655612,
603,-1.407381901,-1.692511975,-0.002884801925,-0.003620626047,0.000287946354,0.006168142929,-0.1,-0.004311784727,-0.001457819123,
604,0.1603619262,0.3012953063,0.0003944873568,0.000812048279,-0.002798355957,0.0005742167936,-0.4,-0.001164020067,0.001952994781,3.408653103
605,-2.203029971,-2.085969052,-0.005095745468,-0.004968856376,-0.003341377457,0.009179365163,-0.1,-0.003131653469,-0.007059837466,
606,-2.80928683,-2.903273101,-0.006097693685,-0.006607526796,-0.01227283352,0.01000721405,-0.9,-0.006010706527,-0.006184680843,
607,-2.060908919,-2.105887105,-0.00428405578,-0.004699591027,-0.007653105312,0.005737425126,-0.3,-0.003974874832,-0.004593236729,
608,1.105833153,1.027063199,0.002706876572,0.002574325186,-0.003981975648,-0.003332333968,0.1,0.005724126428,-0.0003103732846,0.8906272666
609,-1.051320245,-1.265567513,-0.002560337212,-0.0031599251,0.001879183473,0.004386011563,0.4,-0.01182159653,0.006700922107,
610,-1.880643408,-1.990987986,-0.003949029333,-0.00417756795,-0.005966849422,0.002183149056,-0.2,0.0003841651538,-0.00828222382,
611,1.409372672,1.596350518,0.003290507828,0.003759367483,0.004052058492,-0.002641912359,-0.4,0.004248198071,0.002332817585,0.8606087616
612,-1.080469988,-1.2224846,-0.002463593095,-0.002904219096,-0.007444620743,0.004394329218,-0.4,0.002920815197,-0.007848001387,
613,0.2134460997,0.2702371505,0.0004978387787,0.0006586633642,0.001087721348,-0.004653075131,0.8,0.001772901891,-0.0007772243332,1.255229377
614,-0.7944190396,-1.039873991,-0.001838868415,-0.002449376943,-0.004782368915,0.001091520987,-0.8,-1.854124224e-05,-0.003659195588,
615,0.1980612407,-0.3630435338,0.0004292224377,-0.0008063276565,-0.004423901506,0.001732024596,0.3,0.0003952308072,0.0004632140682,1.630903252
616,0.9391324531,0.9799992772,0.002140050783,0.002309366699,0.0006369358787,0.0001752195761,0.5,0.00118009698,0.003100004587,0.9279540945
617,0.3494937191,0.1428209895,0.0007896890024,0.0003493672665,0.001790034142,-0.006476244583,0.0,0.002061325854,-0.0004819478492,1.234083289
618,0.6530753482,0.7719602238,0.0014983905,0.001790003752,-0.0003145817789,-0.002179016681,0.7,0.002298172545,0.0006986084549,0.5909173229
619,-0.7406034707,-0.8364605181,-0.001639425019,-0.001924060422,-0.004983621116,0.003393478836,-0.4,-0.001892789735,-0.001386060304,
620,-0.706605256,-0.6942623975,-0.001582291762,-0.001544389702,-0.001325837153,0.001161664694,0.3,-0.0003992846146,-0.002765298909,
621,-0.9138670291,-1.193090623,-0.00201741349,-0.002742060707,-0.00155980393,0.003970769425,-0.2,0.0003113147425,-0.004346141722,
622,1.938361497,1.48308594,0.004791750744,0.003934943672,0.003534049021,-0.00938837056,0.9,0.003322909573,0.006260591915,0.5393284918
623,-2.592610674,-2.627431768,-0.00580961134,-0.005872017664,-0.002938530026,0.008503406572,-0.5,-0.002280002448,-0.009339220232,
624,1.56466072,1.452643777,0.003349421581,0.003194217408,0.001800238394,-0.009059938298,0.0,0.001943888029,0.004754955133,0.5780431922
625,-0.8950070169,-1.056682306,-0.001882903906,-0.002221308312,0.002648894563,0.003739549535,0.4,-0.00147462738,-0.002291180431,
626,0.7163830963,0.8600486732,0.001506640841,0.001905124496,0.002208095213,0.002164655717,0.4,0.003903730396,-0.0008904487132,1.038607582
627,-0.01773075169,-0.1472176873,-3.777616041e-05,-0.0003296108779,-0.001320422234,-0.00157066366,-0.4,-0.001415073307,0.001339520987,
628,-0.7710578834,-1.217063076,-0.001865821172,-0.003079799608,0.003326091426,0.003781502456,0.4,-0.002426653132,-0.001304989211,
629,0.6407790046,0.5209936877,0.001546884248,0.001320339471,0.001275597492,-0.003671717922,0.3,-0.001523604852,0.004617373349,0.9369361551
630,0.5530109397,0.9105739556,0.001351096244,0.002322109339,0.0009893012097,0.003569521799,-0.2,0.005838391915,-0.003136199427,1.441610095
631,-0.1604724288,-0.3801852607,-0.0003529929097,-0.0008459198432,0.0007688702349,-0.002157106063,0.3,0.001496918129,-0.002202903948,
632,-0.8818889523,-0.7097088354,-0.002065881015,-0.001795126828,-0.004113619445,-0.001899320763,0.0,-0.0002545259714,-0.003877236058,
633,0.6575128381,0.6716638215,0.001477734961,0.001584870542,0.0003759611642,-0.0002558657285,0.1,0.002097338306,0.0008581316157,0.5883054644
634,-0.2173486501,-0.205135901,-0.0005052214039,-0.0004858737528,0.00264211162,-0.001706286044,0.4,0.001386601251,-0.002397044059,
635,-0.04169238985,-0.3587618672,-7.810354411e-05,-0.0006951537661,-0.005091662756,-0.001879456133,-0.2,-0.004488956765,0.004332749676,
636,0.165149627,0.6440722265,0.0003662889626,0.001486068594,-0.004249870981,0.0006660213865,-0.2,-0.001842579294,0.002575157219,5.148992913
637,-0.4873702445,-0.4638838506,-0.00107361845,-0.001049635512,-0.003006188606,-0.00108360556,0.0,0.00226019166,-0.00440742856,
638,-1.131810512,-1.253063503,-0.002680828261,-0.003012023913,-0.01022846537,0.008202889699,-0.3,-0.00433222838,-0.001029428142,
639,0.005012482578,-0.3575934988,1.20568162e-05,-0.000886312936,0.001494858893,0.001381235426,-0.5,-0.0009123646142,0.0009364782466,191.593211
640,-1.796841811,-1.814863206,-0.004355361735,-0.004694729653,-0.007979486004,0.008929138705,-0.2,-0.008825979294,0.0001152558246,
641,2.441896018,2.190818568,0.005407841311,0.005024702039,0.006102510171,-0.007376227436,0.4,0.003402222968,0.007413459654,0.3984353811
642,0.3363659206,0.2567410507,0.0007892624593,0.0006274960486,0.0001424552618,-0.0001235626851,0.0,0.001758801769,-0.0001802768502,1.196210637
643,-0.5673540849,-0.5960183919,-0.001286459005,-0.001421029118,0.003215731315,-0.001067144792,-0.3,0.002671635096,-0.005244553107,
644,0.6162942875,0.4003675569,0.001280216972,0.0008691507339,-0.001416516012,-0.0002028396437,0.3,-0.0002791829734,0.002839616918,0.7971931408
645,0.6680547845,0.9616062896,0.001602379062,0.002425991489,0.002043955782,0.001737928122,0.5,0.00323764748,-3.288935655e-05,0.6766777619
646,-2.090564227,-2.076915375,-0.005078739607,-0.005103176114,-0.005076171947,0.006812339097,-0.3,-0.01016763183,1.015261246e-05,
647,0.6806195183,0.3075461502,0.00177674336,0.0008228107062,-0.001579672457,-0.002544339643,0.3,0.002320706182,0.001232780539,0.9741771275
648,1.775182975,1.870265172,0.004067617219,0.00424281711,0.004788024898,-0.003157707341,0.3,0.004041245757,0.004093988682,1.142754958
649,-1.862251599,-2.331481112,-0.004172962215,-0.00528738818,-0.004360599486,-0.001632182648,-0.5,-0.001448801276,-0.006897123154,
650,-0.6241367925,-0.7306083647,-0.001477235826,-0.001735820107,-0.001061667803,-0.001641945088,0.2,-0.004728522854,0.001774051202,
651,-0.4203311524,-0.3952863985,-0.001057154266,-0.001038794828,-0.002752674992,0.005098257808,-0.3,0.001045730001,-0.003160038532,
652,-0.5301184302,-0.7614884921,-0.001182187466,-0.001785618724,-0.004117319715,0.005104322202,-0.6,4.809547299e-05,-0.002412470405,
653,1.053676102,1.127371724,0.002091054435,0.002307359223,2.142254991e-05,-0.005548108539,0.8,0.001612289513,0.002569819357,0.2820628115
654,0.5007651886,0.3580934673,0.001185419645,0.0008860205004,0.001269977397,-0.004097965825,0.6,0.00761219435,-0.00524135506,1.555304718
655,0.1883540002,0.1079675993,0.0004156314762,0.0002505472425,-0.001434300339,-0.006381550027,0.1,-0.0003625820525,0.001193845005,0.6353791732
656,0.4177434175,0.4692459608,0.0009989999545,0.001192666949,0.001171376583,-0.004784278067,0.9,-0.001822055992,0.003820055901,2.179386265
657,-1.517007988,-1.64653975,-0.003135980372,-0.003651509755,-0.0005294057152,0.007702865006,0.0,-0.004566606268,-0.001705354476,
658,2.148205022,1.99686672,0.004904802484,0.004676087516,0.006979409639,-0.01009294394,0.2,0.005380433908,0.00442917106,0.384775327
659,-2.583974341,-2.772419695,-0.005791173597,-0.006380211634,-0.002432124394,0.003971535809,-0.8,-0.006555822553,-0.005026524641,
660,-0.5815501026,-1.035175268,-0.001335431335,-0.002346121896,-0.003910231787,0.002170081472,-0.8,-0.001953851078,-0.0007170115922,
661,-1.563248312,-2.186880117,-0.003751805631,-0.005326763515,-0.007431130897,0.001287490587,-0.7,-0.001593267524,-0.005910343737,
662,0.6602985537,0.5153336054,0.001492989542,0.001157363097,0.001027383508,0.004906014547,0.4,0.002988886812,-2.907728733e-06,0.6855982601
663,-2.419520544,-2.351836436,-0.005599032736,-0.005479676934,-0.002785779751,0.004660794922,-0.3,-0.007374250371,-0.0038238151,
664,0.05574699383,-0.1478108544,0.0001362417995,-0.0003638110623,-0.000942209729,0.004223746935,-0.2,0.003436045874,-0.003163562275,17.63829439
665,0.06870570987,0.02161697993,0.0001648688359,5.419507522e-05,-0.002206450097,-0.005428585468,0.8,-0.002732024119,0.003061761791,7.05338615
666,-1.168609982,-1.302382531,-0.003212867671,-0.003664031633,-0.005352861606,0.002597144661,-1.0,-0.003868817363,-0.002556917978,
667,-0.788008672,-0.891982807,-0.00163955355,-0.001914448246,-0.0053312874,0.002648649371,-0.4,-0.001979493569,-0.001299613531,
668,0.5561639939,0.3334922881,0.001286922334,0.0008002614297,-0.001167476508,0.0007021557797,0.3,0.002121591786,0.0004522528823,1.463778004
669,0.4080837283,0.009033582789,0.0008912949757,2.059973439e-05,-0.001832694485,-0.008904328792,0.3,-0.002344219604,0.004126809555,2.03663139
670,0.2983947114,0.2393476069,0.0007478670519,0.0006275899576,0.003933586034,-0.003728168573,0.3,0.001397980854,9.775324968e-05,2.915132197
671,-0.3710263843,-0.3348624792,-0.0008088361697,-0.0007672030359,-0.0003908512612,-0.002578553552,0.8,-0.001660005872,4.233353204e-05,
672,0.9570550265,0.4334248989,0.002231264398,0.0009937877504,0.004357561192,-0.002962832063,0.7,0.004278764401,0.0001837643946,0.9494504414
673,0.06859449353,-0.04924184898,0.0001474363901,-0.0001104878988,0.00330684268,-0.001377622891,0.5,-0.004538260348,0.004833133128,8.951102674
674,1.892740551,1.56752157,0.004357329076,0.003607282718,0.004985798671,-0.01116812683,0.3,0.004912138076,0.003802520075,0.662241504
675,-1.921427513,-1.87537476,-0.00459763295,-0.004621700299,-0.004763459284,0.007209303495,-0.2,-0.003004017206,-0.006191248694,
676,-0.3174067248,-0.4265572725,-0.0007030792805,-0.0009730016394,0.0006961569777,-0.001302683569,-0.4,0.001268724632,-0.002674883193,
677,-1.018223162,-1.052345548,-0.002414924979,-0.002514567846,-0.000673630706,0.005736510167,-0.1,-0.00122031936,-0.003609530599,
678,0.0750325112,-0.2252822758,0.0001805582168,-0.0005590358614,-0.001808807471,0.008512598001,-1.0,0.001680524419,-0.001319407985,5.959117974
679,-0.3061874853,-0.0633754798,-0.000683086023,-0.0001463072257,-0.003878896266,-0.003084726959,-0.2,0.002088824065,-0.003454996111,
680,-0.9744676675,-0.9616298898,-0.002221649655,-0.002269974124,-0.005196552578,0.004564926755,-0.2,-0.004843987111,0.0004006878005,
681,-2.710703247,-2.738942065,-0.006438903591,-0.006783077018,-0.009572248633,0.01004138874,-0.9,-0.00733987474,-0.005537932443,
682,0.1557090375,0.1486293456,0.0003693596482,0.000353993527,0.0003819122293,-0.0002479337112,-0.4,0.003280781117,-0.002542061821,4.047718633
683,-2.315335808,-2.647572757,-0.005190397019,-0.006096501715,-0.008091618063,0.009333021732,-1.0,-0.003635225606,-0.006745568433,
684,-0.2772169958,-0.4381486772,-0.0005821940113,-0.0009503193053,-0.0006914848891,-0.0007417069222,-0.7,0.0002354714702,-0.001399859493,
685,-0.6829398401,-1.254481355,-0.00164798753,-0.003304751296,-0.009379688655,-0.001786118834,0.0,-0.004252386679,0.0009564116187,
686,-0.8242775707,-0.7776804573,-0.001988733563,-0.001871454114,-0.007813522167,0.00479876079,-0.9,0.001591193209,-0.005568660336,
687,-2.033819272,-2.136620706,-0.004403668331,-0.00482524204,-0.006960327767,-0.0004169443358,-0.2,-0.002922237778,-0.005885098884,
688,-0.941143686,-1.183422183,-0.00208425666,-0.00271293739,-0.005317143277,-0.0001130012804,-0.2,-0.004597798947,0.0004292856262,
689,-0.586322612,-0.1244198493,-0.001507226359,-0.0003249903356,-0.001404364429,-0.004449929377,0.3,0.000808421298,-0.003822874015,
690,-3.124472373,-3.049852479,-0.006816905639,-0.007034565268,-0.01161523477,0.003177755267,-0.7,-0.01005546713,-0.003578344153,
691,-2.640307582,-2.397325951,-0.006101700003,-0.005769407358,-0.004609420233,0.008437216464,-0.9,-0.005844845491,-0.006358554514,
692,-0.9766105849,-1.223822674,-0.002324145352,-0.00301966773,-0.001905947721,0.001604626606,-0.2,-0.00243945323,-0.002208837474,
693,-3.114826917,-3.054396764,-0.006664484733,-0.006866439202,-0.006037793549,0.005121443642,-0.2,-0.006052876882,-0.007276092583,
694,-0.7463960617,-0.8959098727,-0.001768443409,-0.002093457375,-0.002478460382,0.003219937108,-0.9,-0.003970695592,0.0004338087751,
695,0.05042624538,-0.08110489381,0.0001120652539,-0.0001838002083,0.0007538438554,0.001846408467,-0.8,0.001472939894,-0.001248809386,4.352521695
696,1.87259544,1.654914183,0.004290997793,0.003931679597,0.003749710944,-0.006181850164,0.2,0.006563859856,0.002018135731,0.6163771503
697,0.2815865138,0.1875141958,0.0006799741482,0.0004642555385,-0.0001288180692,-0.002186155689,0.8,0.004007954794,-0.002648006498,2.952893068
698,0.2700629484,0.2521231292,0.0006746284169,0.0006634466817,0.00363664281,-0.001756570246,0.1,0.003669136904,-0.00231988007,5.167029174
699,-0.5935058558,-0.786461218,-0.001413517227,-0.001905535278,-0.003818220572,-0.0009480878211,0.0,0.002577628054,-0.005404662508,
700,-3.522006623,-3.725156168,-0.007671147904,-0.008543050267,-0.00843099118,0.0118376174,-0.7,-0.010448627,-0.00489366881,
701,-0.3503992113,-0.4665420489,-0.0007299044436,-0.001005815003,0.0006819670844,0.00564831419,0.4,0.004337105321,-0.005796914208,
702,-0.5494704535,-0.3602209387,-0.001122399968,-0.0007649018749,-0.0002656890911,0.009367012788,0.4,-0.00103671876,-0.001208081175,
703,0.03422968837,0.04554591416,6.908868842e-05,9.58160532e-05,-0.00119585768,-0.001027649104,0.3,-0.002592119076,0.002730296453,26.01589641
704,0.7863397359,0.5037560772,0.002067053017,0.001281299505,0.002712231722,-0.008461734868,0.3,0.003840199466,0.0002939065671,1.515495709
705,-2.757771799,-2.812269742,-0.006281521503,-0.00654846536,-0.004555628389,0.005846926511,-0.9,-0.004726850733,-0.007836192273,
706,-2.507534084,-2.74875953,-0.005049473088,-0.005609292354,-0.007351183903,0.008497672025,-0.9,-0.006673566075,-0.003425380102,
707,-1.325389922,-1.783159631,-0.00297387474,-0.004259071462,-0.008713749154,0.002760102046,-0.8,-0.003271101107,-0.002676648374,
708,1.140899865,0.9409822865,0.002710064617,0.002374831593,0.003513898636,-0.007556659321,0.2,0.001903736439,0.003516392794,0.7035653029
709,0.1447864185,0.1113591617,0.0003318150838,0.0002569160882,0.002559911863,-0.005253162073,0.1,0.004155961579,-0.003492331411,5.397733006
710,0.7277567528,0.5980572995,0.002046020814,0.001718379549,0.0008048141419,-0.0004177041277,0.1,0.005139097822,-0.001047056194,1.48572646
711,-0.622903463,-0.88511549,-0.001409291019,-0.002146641875,-0.002444656332,-0.0008283781102,0.3,-0.003945781177,0.001127199138,
712,-1.648259571,-1.536694832,-0.003548667195,-0.003461000092,-0.005174005026,0.0002291762168,-0.6,-0.005180574101,-0.001916760289,
713,0.3548743421,0.1803036844,0.000782367375,0.0004005841218,0.001740061004,0.003363196661,0.1,0.002707318114,-0.001142583364,0.9270301667
714,3.229632403,2.959201588,0.007669578073,0.007346039092,0.006983152702,-0.009219122596,0.9,0.001262660108,0.01407649604,0.484013778
715,-2.564135903,-2.839096239,-0.005941557544,-0.006795389628,-0.005684636431,0.01068626157,-0.1,-0.007033487986,-0.004849627101,
716,-1.007230485,-1.233937607,-0.00262821739,-0.003258750569,-0.0002933301315,0.003990197813,-0.8,-0.002418731009,-0.00283770377,
717,-0.5774021988,-0.8191099464,-0.001290038424,-0.001757834826,-0.001518199412,0.001107415032,0.5,-0.004707084424,0.002127007577,
718,1.264148223,0.9488982784,0.002928173408,0.002258163692,-0.001770669665,-0.002143821814,0.1,0.004521281153,0.001335065663,0.4394562581
719,-0.1108932903,-0.07191311389,-0.0002823966539,-0.000190284812,-0.005487721884,0.001132678771,-0.2,0.004069345513,-0.004634138821,
720,-1.721413161,-1.667827893,-0.004006133065,-0.004070889383,-0.003727633291,0.005302698167,-0.8,-0.008889163662,0.0008768975333,
721,-1.314660806,-1.602741719,-0.003101181072,-0.003838977653,-0.001069144729,-0.0008885550341,0.7,-0.004387947994,-0.001814414151,
722,-1.679405973,-1.887381794,-0.004109120342,-0.004729943573,-0.005637736237,0.01091183204,-0.6,-0.004878881686,-0.003339358999,
723,-2.707889903,-2.707685211,-0.006379925146,-0.006486587482,-0.005921938577,0.00748097053,-0.4,-0.006716955263,-0.006042895028,
724,-0.7852130175,-0.967471729,-0.001992588136,-0.002607944632,-0.005117948539,0.007433999748,-0.5,-0.004665197475,0.0006800212018,
725,-1.331981946,-1.366550372,-0.00282204458,-0.002912767452,-0.004574865721,0.002826287751,0.5,-0.002045374541,-0.003598714618,
726,0.6897162079,0.4905545333,0.001587303977,0.001184291793,0.003897238457,5.959922696e-05,0.2,0.003487065694,-0.0003124577399,0.5746111226
727,0.8952835644,1.017582612,0.002022804813,0.002457596122,-0.002917825457,-0.00334164807,0.3,0.003270934591,0.0007746750354,0.4865333812
728,0.2953521697,0.3645501738,0.0006191828977,0.0008031353157,-0.003451337433,-0.003453901788,0.1,-0.000599535936,0.001837901731,1.645788381
729,0.7378626417,0.6245654824,0.001650278663,0.001442452452,-0.0006564999521,-0.0004406707519,-0.4,1.849748503e-05,0.003282059842,1.175134231
730,0.1172565549,-0.1022693302,0.0002631882681,-0.0002477322717,-0.004078521626,-0.002357149899,-0.7,-0.003771300266,0.004297676802,4.897230417
731,0.7492236417,0.7549538543,0.001691478565,0.001712216073,-0.0008486951392,-0.002779054878,0.1,0.001022639577,0.002360317554,0.9663752806
732,0.5173534011,0.577500963,0.001149593523,0.001346392389,0.001981369321,0.0008655409478,0.3,0.003729470868,-0.001430283822,1.39320328
733,-2.529024916,-2.781248833,-0.005774483321,-0.006501512143,-0.007398832027,0.009318136512,-0.6,-0.003210826734,-0.008338139908,
734,2.578064612,2.283498408,0.005799139602,0.005261316275,0.005772838715,-0.009514968076,0.8,0.006404495988,0.005193783217,0.3931116342
735,-0.5937606736,-0.5775053,-0.001322050873,-0.001308820074,-0.005405770552,0.003166450267,-0.8,0.003516650832,-0.006160752578,
736,0.497111844,0.03096027395,0.001146867645,7.364286959e-05,-0.0002916009136,0.005583286348,-0.1,-0.001381753146,0.003675488435,0.9394451411
737,-2.113200055,-2.28287523,-0.005203325896,-0.005878730973,-0.006782013782,0.002843171238,-0.1,-0.005568348977,-0.004838302814,
738,1.370703938,1.138284548,0.003304554787,0.002804435323,0.004938021244,-0.002789844966,0.9,0.004593069744,0.00201603983,0.6572073399
739,0.08152379797,-0.009874534415,0.0001774158343,-2.266764763e-05,-0.001110887568,-0.0003809634877,-0.5,0.001166713524,-0.000811881856,2.748439302
740,-1.367704464,-1.568612344,-0.002753681264,-0.003285476087,-0.005519100877,-0.002627135057,0.0,-0.004262665417,-0.00124469711,
741,-1.805360601,-2.413529104,-0.004534799364,-0.00619503714,-0.01061571665,0.00855948049,-0.4,0.0002229219179,-0.009292520645,
742,-0.8711590103,-0.3275637473,-0.001867347096,-0.000724880951,-0.003357299254,0.006862982118,-0.2,0.0001429135447,-0.003877607738,
743,-1.94540627,-2.187516006,-0.004550795436,-0.005290355564,-0.004497796953,0.008317056466,-0.3,-0.008648065769,-0.0004535251024,
744,-0.3399268141,-0.7344321492,-0.0008015778418,-0.001794544705,-0.001255776098,0.001202270997,0.4,0.004144795871,-0.005747951554,
745,-0.5833505439,-0.6854491122,-0.001253896638,-0.001487691719,-0.00745441475,0.001668605872,-0.1,-0.002030923462,-0.0004768698146,
746,-0.5552197719,-0.7111641204,-0.001255393105,-0.001649059196,-0.002294560942,0.00260478593,-0.9,-0.003089839131,0.0005790529212,
747,-0.4612624956,-0.3406208255,-0.001096485627,-0.0008523977583,0.0001532331926,0.0009078409565,0.4,-0.0002902378479,-0.001902733406,
748,-0.736500067,-0.9611148112,-0.001721208459,-0.002361818937,-0.002612619319,0.002184469583,0.3,0.002453042746,-0.005895459663,
749,1.182139246,1.410329866,0.002650759332,0.003163564325,0.004873360232,-0.007817183964,0.9,0.005247637735,5.388092778e-05,0.8064929663
750,0.1108451635,0.2431252619,0.0002191419537,0.0004873177835,-0.0002059085396,-0.0003149946509,-0.2,-0.002206644233,0.00264492814,4.631029013
751,0.8307025801,0.5371324393,0.001941676798,0.001300833089,-0.001278386444,-0.005144457387,0.8,0.002090123481,0.001793230116,0.4839472414
752,-2.589109683,-2.827214593,-0.005425947158,-0.006059323583,-0.005482765578,0.00712065761,0.0,-0.005495117153,-0.005356777163,
753,-1.679201194,-1.906063519,-0.004071362803,-0.004709281456,-0.004710967716,0.002514001213,-0.7,-0.003450073027,-0.00469265258,
754,-3.189645332,-3.093873633,-0.007210611552,-0.00733100009,-0.003648000261,0.006521188321,-0.2,-0.005361063255,-0.009060159849,
755,-0.933244349,-0.6722681293,-0.002226004007,-0.001662657734,-0.0005799503403,0.001777007005,-0.8,-0.0002404087107,-0.004211599304,
756,0.9244595992,0.751942348,0.00219213439,0.001803378793,0.0004985010469,-0.00925573489,0.0,0.003977231485,0.0004070372948,0.501311976
757,-1.003927616,-1.097677089,-0.002222362817,-0.002496130415,-0.003651647676,0.005651273801,-0.3,-0.00208190579,-0.002362819845,
758,-1.027378908,-1.318593605,-0.002304666245,-0.003048865559,-0.004533782924,-0.002289480276,-0.7,-0.0008648189171,-0.003744513572,
759,-1.012716471,-1.287109899,-0.002445690073,-0.003309835502,-0.001478675057,0.006575899911,-0.9,0.0003743811019,-0.005265761247,
760,-0.7955785122,-0.7167905679,-0.001738072205,-0.00165973208,-0.003966681167,0.001704273409,-0.9,-0.003409638891,-6.650551977e-05,
761,0.7877880051,0.2691715505,0.001818929279,0.000630381289,-0.004091997486,-0.00798788755,0.6,0.001014504145,0.002623354414,0.6659830168
762,-2.158301951,-2.302234502,-0.004558168971,-0.005052814143,-0.006221314603,0.005723911392,0.3,-0.003953707985,-0.005162629957,
763,3.061442017,2.970835487,0.006905935753,0.006904750295,0.004496515643,-0.007275609332,0.9,0.007289291334,0.006522580171,0.3372024271
764,0.5342932573,0.5622071418,0.001019844173,0.001131798869,0.003031607243,-0.002813079457,-0.1,0.001255257004,0.0007844313415,0.812786507
765,-1.194042351,-1.47641024,-0.003161100052,-0.004003143199,-0.004649361709,0.004282063432,-1.0,0.004289391845,-0.01061159195,
766,-0.02128214467,-0.06691028592,-5.089990157e-05,-0.000169899852,-0.001846875174,0.001711808191,0.1,-0.0007890250582,0.000687225255,
767,0.404053384,0.6669591655,0.0009077326361,0.001487955964,-0.001247301329,0.009069521541,-0.2,-0.002115490345,0.003930955618,1.354997546
768,-0.07328797478,-0.2877971814,-0.0001452626269,-0.0006038770073,-0.0007037642502,-0.001851987701,0.3,0.008067476114,-0.008358001368,
769,-1.968237814,-2.090930232,-0.004730727038,-0.005132912051,-0.009436782852,0.005774258082,-0.9,-0.002018740616,-0.00744271346,
770,1.303594936,1.113884808,0.003254281604,0.002888450382,0.003380994551,-0.0008209348609,0.2,0.003882914522,0.002625648685,0.5333711129
771,-1.354399644,-1.41329383,-0.002953495743,-0.00316875711,-0.003110791999,0.002116963556,-0.8,-0.001271019001,-0.004635972485,
772,0.03294592067,-0.2386895448,6.774961361e-05,-0.0005040850979,0.001770718846,-0.0002544221595,-0.5,-0.001250381748,0.001385880975,27.52941125
773,-0.936881218,-1.122201963,-0.002451630156,-0.003134817334,-0.002640080486,0.003776149119,-0.8,0.001396197261,-0.006299457573,
774,0.4167890289,0.5827526357,0.001102363403,0.001538932562,-0.003449146953,0.004148936524,-0.2,0.004778567406,-0.002573840599,1.61956614
775,0.7035954402,0.7716203719,0.001707794753,0.001907503258,-0.002218849755,-0.003383695623,-0.4,0.002321886603,0.001093702903,0.9298900304
776,-1.082208994,-0.8819128761,-0.002304369358,-0.001994769796,-0.004125694227,0.001972179121,0.3,-0.005432993973,0.0008242552578,
777,-0.2759848569,-0.4476506821,-0.0006864348663,-0.001139397544,0.0007573574376,0.003158236228,0.4,0.00101628912,-0.002389158853,
778,1.512719156,1.405072074,0.003603837126,0.003412065346,0.002989145825,-0.001725492198,0.1,0.002292270165,0.004915404087,0.3745694221
779,1.036854131,0.7014008635,0.002333463053,0.001617727601,0.004689575914,-0.005129103739,0.9,0.001756380408,0.002910545698,0.4520743791
780,0.5763897606,0.4514338177,0.00128140404,0.001027259737,0.00349637111,0.0008183311514,0.7,0.0004645511988,0.002098256881,1.632036475
781,-1.087100199,-1.043832431,-0.002684755505,-0.002794194715,-0.002196823466,0.009810122028,-0.1,0.001157437133,-0.006526948144,
782,-1.979483229,-2.068913276,-0.004633963814,-0.004979281221,-0.0122738925,0.009143836371,-0.3,-0.00614200477,-0.003125922859,
783,-0.9478467651,-1.047835346,-0.002349481986,-0.002708974152,-0.005173093065,0.002573372364,0.3,-0.005110614288,0.0004116503161,
784,0.3009785824,0.3965213839,0.0006665147667,0.0009171173785,-0.0007764803494,0.000313084052,0.0,-0.006105936922,0.007438966455,2.826658019
785,0.6692353008,0.7145393351,0.001473171702,0.001609090895,0.0004985853238,-0.004469809831,0.1,0.001356858968,0.001589484436,0.996997632
786,-0.5024269372,-0.1216062239,-0.00109571895,-0.0002778058209,-0.0004529716241,0.002446722989,0.3,-0.003934115825,0.001742677925,
787,-1.236956186,-1.209283429,-0.002999313377,-0.002972211844,-0.005890958005,0.009177961691,-0.4,-0.005057569029,-0.0009410577253,
788,-1.102174744,-1.283930504,-0.002640563659,-0.003265131572,-0.004633884036,-0.0009521073155,-0.2,0.001258844221,-0.006539971538,
789,-0.4061162745,-0.7139811113,-0.0009604068394,-0.001733926086,-0.002208350504,0.002730845164,-0.3,0.0006891351084,-0.002609948787,
790,-1.871802603,-2.140026868,-0.004619797065,-0.005288623436,-0.009020528274,0.003324753378,-0.7,-0.0002555347354,-0.008984059395,
791,0.8298716352,0.6807278021,0.001877039444,0.001644765769,-0.005139381847,-0.006445666963,0.8,0.003223680519,0.0005303983684,1.088871605
792,0.4091018617,0.3947529455,0.001028713647,0.0009810079433,-0.002578960986,-0.002534528159,0.5,0.001688225662,0.0003692016323,0.9227192898
793,0.2858153767,0.290120601,0.0006242944784,0.0006482625568,0.0007426974638,-0.003607595499,0.3,0.001068730309,0.000179858648,2.262709604
794,-1.369971807,-1.81971596,-0.003128737726,-0.004286650088,-0.00345594864,0.002607018962,-0.8,-0.006067512153,-0.0001899632994,
795,-0.4349206566,-0.4082715512,-0.000983451516,-0.0009483930435,-0.001507775314,0.009247031136,-0.1,0.0003733676494,-0.002340270681,
796,-0.06739109029,-0.1859813796,-0.0001545306706,-0.0004340930008,-0.005400799067,0.002269122665,0.3,0.001992025093,-0.002301086434,
797,0.1819336444,0.2521572096,0.0004241708156,0.0006144915176,0.001234919844,0.0006446884286,0.0,0.002326822105,-0.001478480474,2.400810742
798,0.3734615973,0.2744728002,0.000827373913,0.0006282787042,0.0003558697992,-8.031125304e-05,0.5,0.000122740764,0.001532007062,2.154089924
799,-0.6252799659,-0.7412924852,-0.001419999246,-0.001733269273,-0.00395351679,0.005767568136,0.3,0.0004556378064,-0.003295636297,
800,-3.095353205,-3.116604335,-0.006962363554,-0.007528202422,-0.008328828916,0.004498860446,-0.2,-0.007679409343,-0.006245317765,
801,-1.337571723,-1.454712344,-0.003375763097,-0.003783404907,-0.004013347959,0.003900153398,-0.9,-0.002302145269,-0.004449380925,
802,0.06888084299,-0.2825777674,0.0001510119081,-0.0006371091892,-0.0002562555739,0.001367655165,0.5,-1.885167057e-05,0.0003208754867,3.465159275
803,1.104150556,1.373199554,0.002397455802,0.003019614477,-0.003855343391,-0.0005721592986,-0.1,0.001241876309,0.003553035296,0.9905496749
804,-2.226851358,-1.998294312,-0.005215624293,-0.004766814434,-0.002935051786,0.00422334711,-0.2,-0.0008935244155,-0.009537724171,
805,-0.6562383753,-0.1999323861,-0.001285656603,-0.0004324269004,-0.001469211906,0.002989611378,-0.2,-0.0004807818188,-0.002090531387,
806,-0.5042624197,-0.6502775999,-0.001314900565,-0.001702799231,-0.002345418206,0.003947974494,-0.5,-0.004065052275,0.001435251144,
807,0.4362220594,0.4406635289,0.0009811255509,0.001023328291,-0.001456412557,-0.005708983153,0.3,-0.003325049797,0.005287300899,1.94566597
808,-0.09749940108,0.09470787678,-0.0002374707057,0.0002326668495,0.00127936241,0.000874736392,-0.2,-0.000456054986,-1.888642546e-05,
809,-0.4947795241,-0.638006542,-0.001161537026,-0.001566890899,0.002796819932,0.004077136183,0.0,-0.003545057039,0.001221982987,
810,-0.6358366539,-0.7646493466,-0.001481017201,-0.001830089054,-0.004566835619,-6.376541895e-05,-0.7,-0.004240422552,0.001278388151,
811,-0.5945377662,-0.5621581332,-0.001291923583,-0.001259397692,-0.004926037134,0.001493721263,0.3,-0.004944690775,0.002360843609,
812,-1.665248645,-1.710951465,-0.003884228373,-0.004160075845,-0.004791164878,0.001337098033,-0.2,-0.002953684939,-0.004814771808,
813,0.4728381849,0.2762820281,0.001243716021,0.0007615879249,-0.002390285484,-0.004667475851,0.3,-0.005936874185,0.008424306227,2.090059354
814,-0.6450358243,-0.2933757106,-0.001592893732,-0.00076988148,-0.003096623972,0.00453306898,0.3,-0.005935657081,0.002749869618,
815,0.2732986182,-0.3013571877,0.0006463899107,-0.0007273714564,-0.001623100629,0.00308799688,-0.7,0.001770166373,-0.0004773865513,2.857011657
816,0.2352687133,0.4841817521,0.000511182315,0.00112195555,0.001651118676,-0.0005578908416,0.2,-0.002447161284,0.003469525914,2.818045729
817,-0.06652504601,-0.1454530921,-0.000132471692,-0.0003042032135,-0.001753134188,-0.0004191020633,-0.7,-0.001248354518,0.0009834111341,
818,1.39744623,1.371519998,0.00322069481,0.003249273811,0.002877459483,-0.004028607491,0.2,0.001958767304,0.004482622316,0.4933393384
819,0.1000431769,-0.1805681483,0.0002307344865,-0.0004360629385,-0.004091059666,-0.002904263615,0.1,0.001696030548,-0.001234561575,5.369822922
820,-1.060972956,-0.6047330003,-0.002330572349,-0.00137752394,-0.002880928233,0.003005683107,0.3,-0.001207278837,-0.003453865861,
821,-2.2330379,-2.415791322,-0.005124545333,-0.005878037158,-0.006242380637,0.003527972264,-0.8,-0.004562822143,-0.005686268522,
822,-0.8063805505,-1.000350086,-0.001923797573,-0.002318443777,-0.0008121903942,0.0001682283936,0.4,0.001083553763,-0.00493114891,
823,-1.259201881,-1.228050423,-0.002884025285,-0.002934734563,-0.004833231106,0.0007326413906,0.3,0.0005302825958,-0.006298333166,
824,1.495142115,1.402782306,0.003663742911,0.003521248814,0.001505175433,-0.00417254307,0.6,0.003518274563,0.00380921126,0.4571028791
825,-1.532965354,-1.790754709,-0.003514581857,-0.00421009435,-0.002291562613,0.004951776718,-0.1,-0.005305077693,-0.001724086021,
826,0.5958669249,0.6600690108,0.001354550956,0.001546675458,0.0007574465131,-0.003026189919,-0.4,0.004954906866,-0.002245804954,1.238748059
827,0.9142587916,0.4733152287,0.002143461774,0.001109328504,-0.0004739656466,0.001342784307,0.2,0.002576417568,0.001710505981,1.117751058
828,-2.338825412,-2.414447089,-0.005114855927,-0.005458094002,-0.009585480034,0.009472733913,-0.9,-0.008304075255,-0.001925636599,
829,-1.790659133,-1.824360444,-0.004508797852,-0.00465556271,-0.005838087421,0.0006180510595,-0.7,-0.002831098979,-0.006186496725,
830,-2.060405582,-2.317908196,-0.00482439007,-0.005718757116,-0.006071497493,0.008582223233,-0.2,-0.005746224379,-0.003902555761,
831,-0.7003863073,-0.1016209696,-0.001598660339,-0.00024155416,0.001325990599,0.001667280216,0.5,0.0001362975991,-0.003333618277,
832,0.6112198643,0.6439230118,0.001426331064,0.00153094116,0.001885968407,-0.008118101336,0.1,0.004398200111,-0.001545537982,1.051618554
833,0.3301940148,0.5988907884,0.0007505493571,0.00148143018,-0.0004119582865,-0.0007880317925,0.2,-0.0003745104883,0.001875609203,1.377048239
834,2.860117377,2.660744354,0.005932352056,0.005860399179,0.003123012083,-0.007276301192,0.8,0.007863631692,0.00400107242,0.3738121483
835,-1.44954019,-1.449858943,-0.003240668859,-0.003267266539,-2.227326498e-05,0.006360139945,0.4,-0.008405690721,0.001924353003,
836,0.7934795608,1.057507323,0.001816954469,0.002464516358,0.002581272473,-0.003397520336,0.8,0.00191500407,0.001718904868,0.8574183676
837,0.1160642381,0.03315235708,0.0003039235909,8.850084913e-05,-0.000289910326,0.0002069257336,0.4,0.004045121303,-0.003437274122,4.021848482
838,1.605222936,1.677391378,0.004052621005,0.004306029692,0.004239184417,-0.006308034604,0.4,0.00148655554,0.00661868647,0.8941123951
839,-0.1318625095,-0.4065601453,-0.000252078082,-0.0008055258671,-0.001829628239,-0.003003337631,-0.4,-0.002179735518,0.001675579354,
840,0.9209628333,0.7291203232,0.002117529278,0.001576965435,7.780624505e-05,-0.003481796467,-0.3,0.002096766223,0.002138292333,0.4164851363
841,-2.069728914,-2.321246189,-0.004213376671,-0.004847880268,-0.00537002625,-0.0013287142,-0.7,-0.004826969232,-0.003599784111,
842,-0.6677624013,-0.7787344475,-0.001706007813,-0.001978374076,-0.004007793664,-0.000884707148,0.0,0.001502880907,-0.004914896533,
843,1.966045281,1.913479942,0.00443768437,0.004507700249,-1.132331843e-05,0.001364926455,-0.2,0.007644165221,0.001231203519,0.7103521604
844,-0.1735492174,-0.2025748004,-0.0003784286281,-0.0004703352375,5.597552981e-05,0.001526453978,-0.3,-0.004192702703,0.003435845446,
845,-1.630853974,-1.33303081,-0.003616429835,-0.003105281138,0.001111978348,-0.005081769923,-0.4,-0.00298769906,-0.004245160609,
846,1.318728795,1.330381703,0.002873147392,0.003081349265,0.004898036085,-0.001862228406,0.5,0.00327262907,0.002473665713,0.4362094786
847,-1.679908516,-1.678956592,-0.004445140752,-0.004583407088,-0.004896257973,0.01026583854,-0.1,-0.009390486331,0.0005002048264,
848,-0.252583014,-0.4608722298,-0.0006620746616,-0.001231009958,-0.00195637169,7.240278375e-06,0.3,0.001844754995,-0.003168904318,
849,-1.452322412,-1.486170368,-0.003201971813,-0.00340429543,-0.004658891583,-7.048466549e-05,-0.4,-0.002450157597,-0.003953786029,
850,-0.4743931096,-0.7126434844,-0.001045935382,-0.001608669955,-0.005812502331,0.00142482653,-0.8,-2.833881477e-05,-0.002063531949,
851,-0.1971170258,-0.5229831061,-0.0004331440912,-0.001157938038,-0.004967870119,-0.0001967599898,-0.5,0.0004864701166,-0.001352758299,
852,-0.6598674007,-0.7925150422,-0.001508042401,-0.001859379951,-0.002804761661,-0.0003984378555,0.0,-0.003178796791,0.0001627119885,
853,-0.4890105861,-0.2006754384,-0.001066240439,-0.0004633967788,0.0006962607151,-0.0005539550664,-0.3,-0.0006525357827,-0.001479945096,
854,-0.3971360172,-0.4837823391,-0.0008306150097,-0.001022961804,0.0003590583911,0.007091909645,-0.1,-0.002020767914,0.0003595378945,
855,1.523983372,1.599997308,0.003359307041,0.003553735709,-0.001080374716,0.003005952556,-0.9,0.002949057934,0.003769556147,0.4917708646
856,-0.3413522077,-0.3286682412,-0.0007611474552,-0.0007434072614,-0.001496487822,0.006301532842,-0.3,-0.0002851176749,-0.001237177236,
857,-0.2009252146,-0.1724691432,-0.0004708632565,-0.0004147242908,-0.003144395585,0.002229755494,0.3,0.001598313227,-0.00254003974,
858,1.201990827,1.255913514,0.002754475238,0.002950405457,0.006693909035,0.002915366456,0.2,-0.0004495590708,0.005958509548,0.5560052931
859,-1.012089052,-1.114157266,-0.002114700294,-0.002526881413,-0.004296727838,0.000191788054,-0.2,-0.003846302976,-0.0003830976108,
860,-0.1067797434,-0.4544789048,-0.000277937526,-0.001183673314,-0.003092652559,-0.00460122304,0.3,0.005400867285,-0.005956742337,
861,-1.8728666,-2.119599089,-0.003826350402,-0.004531135399,-0.007788270642,0.003316166724,-0.9,-0.005893576328,-0.001759124475,
862,-0.1617847492,0.01895239243,-0.0003600099084,4.448799497e-05,-0.003195320273,0.007603361747,-0.4,-0.0001430559371,-0.0005769638798,
863,-0.7542909896,-0.9928167273,-0.001820842124,-0.002535865989,-0.003858567945,-0.003053585973,-0.7,0.0001818319251,-0.003823516173,
864,0.4259774171,0.05058776746,0.0009504432575,0.0001139425631,0.002620858173,0.001511236598,0.7,0.001469432837,0.0004314536777,1.397317827
865,-2.572823154,-2.478177914,-0.006369799596,-0.006254836714,-0.009252985134,0.004511434691,-0.9,-0.00778002462,-0.004959574571,
866,-0.7634540803,-0.8901359079,-0.001657007825,-0.002006554587,-0.002749022163,0.006158985413,0.0,1.578794607e-05,-0.003329803595,
867,-0.1262681262,0.2614698398,-0.0002982065818,0.0006238342305,0.005254419588,-0.00232767826,0.9,0.001590744486,-0.002187157649,
868,-0.6442412006,-0.3584029185,-0.001649221991,-0.0009329785062,-0.001487912478,0.005130876652,-0.1,0.001269208146,-0.004567652128,
869,0.9410834607,1.085018663,0.001901493493,0.002373584512,-0.001496672167,0.003927763629,0.4,0.001633465316,0.002169521671,0.616027717
870,-0.919997655,-0.6285238856,-0.002216519605,-0.001607442758,-0.002399129905,0.000340673876,-0.2,-0.002402167815,-0.002030871396,
871,0.1482850782,0.3667111252,0.0003232552784,0.0008163357274,-0.0009540863976,-0.002053545776,-0.3,0.001975275848,-0.001328765291,2.788786142
872,0.1371292032,-0.1135059089,0.0003602472508,-0.0003148641365,-0.001916303281,-8.649350639e-05,-0.1,0.003691520078,-0.002971025576,5.398297521
873,0.5480162847,0.1927605606,0.001258015197,0.0004661614146,0.00323265704,-0.009673158107,0.9,0.0009750248467,0.001541005548,1.725919104
874,0.1149789401,-0.04406279188,0.0002674037781,-0.0001057882409,-0.00433154477,-0.001657636899,-0.5,0.001260216423,-0.0007254088671,1.923286582
875,-0.6881498964,-0.8521431293,-0.001692899007,-0.00224545672,-0.004168853606,0.003600222666,-0.7,-0.0008584722724,-0.002527325742,
876,-1.813587292,-2.010910079,-0.003629036616,-0.004340334674,0.0008646225916,-0.0004723338673,0.8,-0.003041929336,-0.004216143896,
877,-3.083588695,-3.043974792,-0.007696306829,-0.007809784908,-0.006879035555,0.009987462698,-0.5,-0.009182616814,-0.006209996844,
878,-1.087303536,-1.147995353,-0.002396569304,-0.002671069196,-0.003371226258,-0.001754313345,-0.2,-0.0005189621623,-0.004274176445,
879,-1.384893889,-1.346208721,-0.003096219046,-0.003048143319,0.001560357976,0.0009538104797,0.4,-0.003161991699,-0.003030446392,
880,0.6200471126,0.6087242777,0.001566290162,0.001616741089,-0.003644799784,-0.003492732461,-0.2,0.002539355864,0.0005932244609,0.9067907007
881,-2.230314256,-2.188828183,-0.005069566951,-0.005278885017,-0.006518328049,0.004489746177,0.0,-0.002420267205,-0.007718866697,
882,0.5399576392,0.1637136093,0.001212293528,0.0003860556774,0.00270665502,-0.005327784866,0.9,-0.002671405686,0.005095992742,1.239901201
883,0.004888477058,0.223769415,1.207317234e-05,0.0005500246312,0.003139220473,-0.001574397627,0.1,0.003921507032,-0.003897360687,190.7092085
884,-0.70116001,-0.7339222049,-0.001657500441,-0.001710171099,-0.001487609657,0.004225755391,0.4,-0.006734799725,0.003419798843,
885,-2.689947187,-2.973011085,-0.005982766894,-0.006682270237,-0.007791245715,0.008112410732,-0.4,-0.0001494040849,-0.0118161297,
886,0.2191154491,0.3494751816,0.0005191629426,0.0008865485782,0.003401659498,-0.0007422537545,0.2,0.001146419879,-0.0001080939937,0.8720176327
887,-0.7691590042,-0.8591734281,-0.00175752116,-0.002122757785,-0.003140300929,0.0009692827642,0.3,-0.003059816055,-0.0004552262656,
888,-0.6911046396,-1.219636112,-0.001462862687,-0.002785446659,-0.003181817114,-0.004173984271,-0.2,0.0007773503144,-0.003703075688,
889,1.43970849,1.336172876,0.003010166019,0.002972462021,0.0005019041714,-0.00432860544,0.1,0.002975316446,0.003045015592,0.5212839095
890,-1.461322984,-1.505844476,-0.003046491597,-0.003284083063,-0.005579624477,-0.0008334321589,-0.7,-0.002925691399,-0.003167291795,
891,-0.4503979279,-0.4343462957,-0.001084700221,-0.001060484581,-0.00685160208,0.003898054433,-0.9,-0.005108344044,0.002938943601,
892,-0.7483512758,-0.5317571665,-0.001782906017,-0.001280416855,-0.001800034651,0.001638881818,-0.8,-0.007686680213,0.004120868179,
893,-0.1405834558,-0.0779787776,-0.0002971432544,-0.0001739142282,-0.0001590079791,-0.0006645694009,0.4,-0.001531779732,0.0009374932232,
894,-0.5399779209,-0.3415986104,-0.001239732559,-0.0008047861857,-0.001410958529,0.007080488394,0.2,-0.004683503448,0.00220403833,
895,-0.2442812782,-0.3587695596,-0.0005825322096,-0.0009047502743,-0.004027317364,-0.005648268707,0.8,-0.0005523849758,-0.0006126794434,
896,-0.7714846061,-0.3675339467,-0.001740410629,-0.0008353225434,0.002493629037,-0.00222728588,0.4,-0.0007860026209,-0.002694818638,
897,0.1054919646,0.2311380224,0.0002233797468,0.000527664663,-0.0002131865383,0.003038286293,0.4,-0.001446930101,0.001893689595,7.095054105
898,-0.08564563455,-0.4658871871,-0.0002107936434,-0.00115475254,0.002555657106,-0.003644733539,0.9,-0.003032014838,0.002610427552,
899,0.01135373913,0.07362825049,2.230640609e-05,0.0001528737128,-0.001576764156,-0.002383044899,0.3,-0.003466570139,0.003511182951,38.79435766
900,-1.092108057,-0.9850417352,-0.0024022839,-0.002160797986,-0.001215558397,0.003102063906,0.4,-0.0009880275927,-0.003816540207,
901,0.8121814062,0.5042175243,0.00181127163,0.001198727818,0.0006529520691,-0.004446102369,0.8,-0.003618675204,0.007241218464,1.018592133
902,-2.349257727,-2.460585717,-0.004762200725,-0.005342019459,-0.008605085957,0.001620620826,-0.6,-0.005372934096,-0.004151467354,
903,-3.881866984,-3.580815798,-0.008854803248,-0.008451444907,-0.009532681112,0.01240173952,-0.9,-0.01220972148,-0.005499885018,
904,-2.608961948,-2.425242736,-0.005337932506,-0.005381366678,-0.006029291788,0.004462822854,-0.2,-0.005651664779,-0.005024200233,
905,0.3316255776,0.32876866,0.000795660329,0.0008102113806,0.001497029884,0.001163741665,-0.1,0.0005885709264,0.001002749732,0.7389356385
906,0.08728157655,-0.4349566352,0.0001734660806,-0.0008803206714,-0.0004989892199,0.004239793467,-0.6,0.0008716126476,-0.0005246804864,6.189274144
907,-2.335339511,-2.091943357,-0.005051478592,-0.004671137962,-0.003110870314,0.006752360831,-0.8,-0.006067277766,-0.004035679418,
908,-0.06240721893,-0.2105024593,-0.0001466083559,-0.0005104152581,-0.001368065441,-0.003912774782,0.6,0.0002101073637,-0.0005033240756,
909,1.030914862,0.8648085015,0.002420607519,0.002073772642,0.003803285373,0.003376031916,0.2,0.001986511328,0.002854703711,0.4440491024
910,-2.565413857,-2.541161937,-0.00583339165,-0.005854583483,-0.009231088693,0.008903318375,-0.8,-0.009863058069,-0.00180372523,
911,-1.79460207,-2.212030394,-0.004258246281,-0.005323846563,-0.003695439049,0.003644451663,-0.2,-0.005347437801,-0.003169054761,
912,-0.005503733822,-0.2398173615,-1.089118592e-05,-0.000519628398,-0.002445902628,0.004015518589,0.4,-0.002734636559,0.002712854187,
913,0.5135549186,0.5817540837,0.001116416469,0.001413144281,0.0004120313263,3.842095053e-06,-0.1,-4.99956181e-05,0.002282828557,1.051534318
914,-1.754381337,-1.880932083,-0.003972407309,-0.00439152251,-0.003270314645,0.002913231701,-0.1,-0.006035377324,-0.001909437295,
915,-0.6923160924,-1.095586922,-0.001742214258,-0.002778387934,-0.004232583795,0.0008977819636,-0.7,0.002123427467,-0.005607855982,
916,0.5534354017,0.5469072489,0.001245642905,0.001243214614,-0.000432980925,0.007150385072,-0.9,0.002676583029,-0.000185297219,1.429275653
917,-0.7660611459,-0.9752878704,-0.001662498945,-0.002235871566,-0.0004837019312,0.0007634949984,-0.1,0.0002825167968,-0.003607514687,
918,-0.3547294931,0.03208454131,-0.0008672355388,8.150521181e-05,-0.0006210395816,-0.002656168605,0.8,-0.003583831534,0.001849360456,
919,-0.6102117455,-0.5745718705,-0.001414579149,-0.001405033214,-0.002130915072,0.001343640208,-0.2,-0.004515475706,0.001686317409,
920,0.9191003422,0.6226124039,0.002157721555,0.001507033065,0.001054957616,0.001283827858,-0.1,-0.005440813282,0.009756256393,1.990164356
921,-1.452124595,-1.345324644,-0.003146714925,-0.002980414161,-0.004223099747,0.005763512534,0.3,-0.00211136583,-0.00418206402,
922,-2.804944353,-3.117684738,-0.005843758354,-0.006616983026,-0.01046952742,0.004585170341,0.3,-0.007910746026,-0.003776770683,
923,-0.377886114,-0.4543070831,-0.0008577272508,-0.001078533567,0.0003825705261,0.001788551059,-0.2,-0.001365366549,-0.000350087953,
924,-0.1072293241,-0.112016557,-0.0002519904225,-0.0002709396458,0.0005074021102,-0.002124555061,0.3,-0.0006225473981,0.0001185665531,
925,0.6158605089,0.4482097465,0.00139613879,0.001037516343,0.0001640454492,-0.0002113904739,0.8,0.001309721679,0.001482555901,0.7417216472
926,-0.4323887765,-0.5837652374,-0.001108175492,-0.001559750035,-0.00167299775,0.007936979757,0.3,-0.005626348158,0.003409997174,
927,-0.4495806903,-0.5363943011,-0.00111410875,-0.001391356121,0.0003619630994,-0.00161624362,-0.1,-0.002018003353,-0.0002102141456,
928,-1.84266959,-2.009312113,-0.00461148428,-0.00530827868,-0.006381032629,0.003243190685,-0.9,-0.0002901111449,-0.008932857415,
929,-1.16964588,-1.062951257,-0.002534334042,-0.002491939869,0.002941639835,0.002869505529,0.4,7.85887143e-05,-0.005147256798,
930,0.3376755163,-0.260208496,0.0007667242466,-0.0006284637525,0.001076037141,-0.003539025344,0.2,-0.001929641861,0.003463090355,1.714404356
931,1.30937,1.081756598,0.002997862539,0.002528143649,0.003698961205,0.0004557666226,0.7,0.005501827751,0.0004938973267,0.509926653
932,-1.221203211,-1.241950908,-0.002518419091,-0.002635349461,-0.004352000467,0.003435485599,0.1,0.000885855743,-0.005922693926,
933,-1.432673027,-1.566316952,-0.003339385931,-0.003825276175,-0.00613793182,-0.001878469276,0.5,0.001340154586,-0.008018926448,
934,0.6953900613,0.4780690412,0.001808556299,0.001285644333,0.00019644502,0.002854495041,-0.8,-0.0001480417824,0.003765154381,1.614774037
935,-2.623245632,-2.458649473,-0.005248818639,-0.005114247153,-0.003507498432,0.003278195858,-0.2,-0.003205562873,-0.007292074405,
936,-0.2427936944,-0.0620646273,-0.000530486899,-0.0001390398528,0.0003175533812,0.0008191693509,0.5,0.002051196464,-0.003112170262,
937,1.594969854,1.475922368,0.003738133727,0.00367818664,0.006451005252,-0.005921706306,0.4,0.003744993134,0.003731274319,0.4660621831
938,-1.916574524,-1.597097114,-0.004077231212,-0.00345300293,-0.001064488459,0.002598394031,-0.2,-0.004641014932,-0.003513447492,
939,-1.12972595,-1.332556007,-0.002748103791,-0.003420010652,0.003452587057,0.0005694440659,0.2,-0.001122371065,-0.004373836518,
940,-2.853420841,-2.631715133,-0.007128305128,-0.006939813736,-0.007654765538,0.01401621636,-0.7,-0.006110533409,-0.008146076846,
941,-3.372245295,-3.246077493,-0.006929574652,-0.007064109782,-0.00642939669,0.008562673128,-0.9,-0.007034935198,-0.006824214106,
942,-0.7716509545,-0.7898658691,-0.001680092038,-0.001827263606,0.0005617453738,0.003853878004,-0.1,-0.002565590383,-0.0007945936937,
943,-1.090464051,-1.495456387,-0.002987438076,-0.004156180069,-0.00127768286,0.000959389635,0.5,-0.006700614486,0.0007257383335,
944,0.8577597462,0.4054203532,0.001848695518,0.0009136608176,0.001427424701,-0.002699796663,0.3,-0.00031691166,0.004014302696,1.376061849
945,-0.6428894162,-0.6370252913,-0.001530649417,-0.001500935352,-0.005485669543,0.002049926597,0.5,-0.0009843607609,-0.002076938074,
946,0.7779648404,0.6578928596,0.002000380915,0.001715691485,0.003532907815,0.005585257461,-0.1,0.002641783947,0.001358977883,0.7591775857
947,-1.295680614,-0.9798247766,-0.002954443942,-0.002240625384,-0.0004718405939,0.004622480016,-0.1,-0.003678630356,-0.002230257527,
948,-0.8570820394,-0.9583395205,-0.00195694109,-0.002274073123,-0.004073039585,0.007916689224,-0.4,-0.003034923581,-0.0008789585979,
949,-0.252990674,-0.08359540137,-0.0005163920623,-0.0001799750117,0.0007892637541,-0.001307692281,-0.1,-0.002177982919,0.001145198794,
950,-0.191074047,0.03139707796,-0.0004603617456,7.689573468e-05,0.001186318249,0.003090848567,-0.3,0.001364228241,-0.002284951732,
951,1.130854754,1.248821865,0.002638241046,0.003015439805,0.00455528837,-0.002884240005,0.4,0.005182527173,9.395491952e-05,0.6931952207
952,-0.8161065833,-0.8991982724,-0.001774654599,-0.002086211555,-0.0016849782,-0.004253216821,-0.4,0.00103224914,-0.004581558338,
953,0.3316983094,0.1883754655,0.0007469508479,0.0004331786245,0.0006542043586,-0.008029276522,-0.4,-0.001198361134,0.00269226283,1.128160776
954,0.5992035907,0.4502628307,0.00130021733,0.001008748811,-0.001759910439,-0.006202941916,0.0,0.002633042598,-3.26079381e-05,1.418477844
955,0.7220565322,0.5361714104,0.001733795267,0.001327150082,0.006069943739,-0.001292480303,0.2,-0.002647362079,0.006114952612,1.887849193
956,2.047678749,2.138350824,0.004527114999,0.004836148776,0.005991920473,0.002133939681,0.2,0.008087374356,0.0009668556422,0.5411959325
957,-0.1173932598,0.03982133523,-0.0002809236314,9.78470586e-05,0.001532100496,0.0008188991585,0.4,0.004837175486,-0.005399022748,
958,-1.227297945,-1.318007321,-0.002951308816,-0.003234323245,-0.003918302419,-0.001536301159,-0.4,-0.0029955678,-0.002907049833,
959,0.4179224085,0.390363581,0.0008992182771,0.0008613447228,6.594470552e-05,0.005153437315,0.4,8.61526464e-05,0.001712283908,1.097375764
960,-2.392819616,-2.38856404,-0.004782369823,-0.004947426656,-0.003633258422,0.001168488982,0.0,-0.001427458714,-0.008137280933,
961,0.3818279915,0.5586143218,0.0009283607821,0.001424769003,0.002034415866,-0.0007251708089,-0.5,0.005649983784,-0.00379326222,1.688631743
962,-1.66179653,-1.650671489,-0.003378019184,-0.003583829801,-0.004721224235,0.004814856434,-0.7,-0.006739840147,-1.619822182e-05,
963,-1.06340425,-1.506426849,-0.002386337575,-0.003339797052,0.001593737364,0.001608335311,-0.5,0.001859545249,-0.0066322204,
964,0.7073451117,0.5526123177,0.001632852801,0.001323862259,0.001129248568,0.007391617277,-0.5,0.00445420108,-0.001188495478,0.8402785307
965,1.185810979,0.7793456492,0.002648347303,0.00182532555,0.003171843165,-0.0005233602572,0.2,0.004986801799,0.0003098928079,0.7492224299
966,-0.3509599981,-0.3587491191,-0.0008361881131,-0.0008929893415,-0.002071500815,0.0002637467101,0.3,0.0008238733284,-0.002496249555,
967,0.7983825892,1.079054736,0.001971524599,0.002898624035,0.0003805301083,-0.001330053205,0.8,0.001317661498,0.002625387699,1.159178599
968,-0.7875244027,-0.5746831023,-0.002027685938,-0.001506981831,0.0007581836715,-0.0004622870182,0.7,-0.001587483668,-0.002467888207,
969,-1.494507974,-1.5687218,-0.003421853655,-0.003651653958,-0.005806312373,0.005133169012,-0.8,0.001535854328,-0.008379561637,
970,-0.3631663018,-0.7878948448,-0.0009320104184,-0.001991557514,-0.001509348422,0.004138038697,-0.3,0.002487292884,-0.00435131372,
971,-0.4197317007,-0.2600099497,-0.001181429553,-0.0007449745002,-0.001426977804,0.003346222134,0.4,0.002976035163,-0.005338894268,
972,-0.3426151059,-0.395354986,-0.0007454694834,-0.0009065618372,-0.002702962584,0.0004766287492,0.3,-0.002547054998,0.001056116031,
973,-0.3967862622,-0.3769966766,-0.0009380128403,-0.0009305097405,0.0003646771839,0.003026008684,-0.4,0.0006491450056,-0.002525170686,
974,0.08702179752,0.1689096884,0.0001709245438,0.0003380289526,0.0003495892734,0.008206531652,-0.6,-0.002746563888,0.003088412976,10.82285854
975,1.337919209,1.27217227,0.003099729393,0.003043951339,0.003182861152,-0.00393746958,0.8,0.004384625438,0.001814833347,0.7633775805
976,-0.2276865005,-0.505241572,-0.0004844051803,-0.001085890686,-0.006719282054,0.003822704822,-0.9,-0.002108136017,0.001139325656,
977,-0.7170177225,-0.7758594327,-0.001700175689,-0.001899625045,-0.003843985766,0.002330114924,-0.2,-0.002342916691,-0.001057434687,
978,-0.9392414721,-0.9372320108,-0.00216545174,-0.002194817809,-0.004669993519,0.002756996775,-0.7,0.002400297212,-0.006731200693,
979,-0.9638152268,-0.8995459894,-0.002354877151,-0.002270029543,0.001220008219,0.008555609914,-0.3,-0.0101949645,0.005485210204,
980,-1.783256249,-1.574516837,-0.004197950186,-0.003662333531,-0.007460204315,0.008158954013,0.1,-0.009392738057,0.0009968376851,
981,-0.1295508042,-0.6923667689,-0.0003195708768,-0.001760348591,0.0006728796845,0.003480103049,0.4,-0.0003549721464,-0.0002841696071,
982,-1.160394453,-1.180576469,-0.002930847233,-0.003036353328,-0.00126098909,0.000162742483,0.0,-0.001597203064,-0.004264491403,
983,-0.5394712106,-0.5084980976,-0.001224823039,-0.001171287556,0.0008658303847,0.002167040401,0.3,-0.001164198042,-0.001285448035,
984,1.296084937,1.490813775,0.002710427865,0.003175156793,0.006390939789,-0.003808054418,0.3,0.003320725843,0.002100129888,0.5118333532
985,-1.893877006,-2.38011697,-0.004607896112,-0.005853532253,-0.003275357147,0.005663249129,-0.3,-0.003614991035,-0.00560080119,
986,0.6312430783,0.488085026,0.001509560592,0.001187610496,0.0002110874019,0.0008629203449,0.4,-0.0006052154338,0.003624336618,2.342442145
987,0.4456902849,0.2166490568,0.0009503191009,0.0004721260538,0.00248986307,0.003805490803,-0.1,0.0007478525522,0.00115278565,0.8944056926
988,-2.563698723,-2.871011156,-0.005999372157,-0.006969132402,-0.008648167877,0.008608250116,-0.9,-0.00829902896,-0.003699715355,
989,-0.1773526131,-0.3789793252,-0.0003940017436,-0.0008837807869,-0.0005687631948,-0.002734947534,0.3,0.002662557858,-0.003450561345,
990,-0.672020911,-0.9912054325,-0.001643183025,-0.002484043308,0.001177025883,-0.0005339416073,0.0,0.002167133267,-0.005453499317,
991,-1.430050678,-1.533719675,-0.002999246983,-0.003294174114,-0.00282689596,0.001965191729,-0.4,-0.002383269585,-0.003615224381,
992,0.3149345928,0.3137061246,0.0006879222156,0.0007089634875,5.94939073e-05,0.00564753974,-0.9,0.001025351008,0.0003504934228,0.9337115459
993,-0.7963548163,-0.660398972,-0.001773372659,-0.001477445694,-0.002080820412,-0.001992937278,0.3,-0.001465820125,-0.002080925194,
994,-0.2982657788,-0.6975550643,-0.0007079544027,-0.001669276284,-0.00418250755,-0.0004798183846,-0.2,-0.0003349406559,-0.00108096815,
995,-0.7895263375,-1.05490006,-0.001799247769,-0.002481692363,0.0003530388654,0.008826146128,-0.8,0.001540793949,-0.005139289486,
996,-1.003097292,-1.086899042,-0.002171084738,-0.002463837082,-0.004719406593,0.00206633245,-0.1,-0.0004721363076,-0.003870033169,
997,1.189381786,1.425997048,0.002424591811,0.003115327686,2.170510932e-05,-0.001001760952,-0.4,0.004299316678,0.0005498669452,0.5539587582
998,-1.219616863,-1.416098077,-0.002903676372,-0.003289852855,-0.008130646727,0.0003479425468,-0.1,-0.002080819473,-0.00372653327,
999,-1.883235967,-1.903395449,-0.00478860157,-0.004861767457,-0.002814411752,0.006819414837,0.4,-0.0045408241,-0.005036379039,
1000,-0.8445111825,-0.6766315028,-0.002190765749,-0.00182461045,-0.003996812015,-6.741492994e-05,0.3,0.0008223809798,-0.005203912478,
1001,0.09945750734,-0.07557454788,0.0002202306282,-0.0001686515901,-0.003156627182,0.008499878922,-0.5,0.005036823016,-0.00459636176,13.97527809
1002,0.2837570101,-0.07038809848,0.0006477758011,-0.000166857094,-0.003023931774,0.0004604675115,0.4,-0.0005428121357,0.001838363738,0.6661334614
1003,-4.029903532,-3.59874393,-0.009500322892,-0.008662733132,-0.01164475736,0.01887256171,-0.9,-0.002822347346,-0.01617829844,
1004,-1.846357184,-1.936963237,-0.004069975786,-0.004433736027,-0.001741927994,0.00636957339,-0.7,-0.005690414144,-0.002449537428,
1005,0.289156501,0.3267707629,0.0007585017916,0.0008685568996,-0.002605180216,0.001815796228,0.3,9.004866721e-05,0.001426954916,2.051586716
1006,-0.6788340648,-0.3227896402,-0.001677137164,-0.0007983863224,-0.0004780999276,-0.001403563444,0.0,-0.004337993806,0.0009837194776,
1007,0.3692261975,0.2271738593,0.000766347505,0.0004764818375,0.002939163452,-0.001273559716,0.2,0.00067210448,0.00086059053,1.430754376
1008,1.172405526,1.056456941,0.002667582423,0.002419364816,0.003112380495,-0.006675773834,0.9,0.002485939772,0.002849225074,0.7410164296
1009,0.02682903777,-0.0429897776,5.720760409e-05,-9.692785322e-05,-0.001332566744,0.006425275186,-0.3,0.0004917194871,-0.0003773042789,24.39708054
1010,-1.210186256,-1.325939862,-0.002725071608,-0.003035021299,-0.00128571148,0.005042607104,-0.8,-0.002341617898,-0.003108525317,
1011,-0.5424563454,-0.4959047068,-0.001206430166,-0.001151715155,-0.003100803655,0.006423330882,-0.8,-0.001449974542,-0.0009628857908,
1012,0.5659297347,0.6443150023,0.001303420084,0.001565222544,0.003128810061,0.002453271288,0.2,0.0002528963513,0.002353943817,1.724539638
1013,-0.6581383107,-0.8573662615,-0.001465663851,-0.001949156749,-0.0005589892957,0.002478932472,-0.3,0.003200398949,-0.006131726652,
1014,-2.043370604,-1.764720041,-0.004551393598,-0.004090926108,-0.00196613375,0.007556767631,0.4,-0.002303790808,-0.006798996387,
1015,-0.2745500415,-0.561701158,-0.0006340814137,-0.001355778794,0.0004529673505,-0.001502116722,-0.5,-0.001638031679,0.0003698688514,
1016,-2.043385446,-2.131343127,-0.004905581953,-0.00539842976,-0.006800342309,0.005660608556,-0.9,-0.005668830988,-0.004142332917,
1017,-1.027522685,-0.9253999456,-0.002370812128,-0.002163515535,-0.001726441037,-0.0003821523293,-0.2,-0.00218418028,-0.002557443977,
1018,-0.6911930832,-0.4959255072,-0.001485301594,-0.001117576211,-0.004779402726,0.004381142964,0.1,-0.002137314785,-0.0008332884033,
1019,-0.2228046722,-0.3560009955,-0.0005048096423,-0.0008304852505,-0.004820052294,0.0008487529774,0.5,-0.0008859006304,-0.0001237186541,
1020,-1.821626238,-2.006217789,-0.004306193376,-0.004884960172,-0.006712098164,0.0008495438774,0.0,-0.003235550942,-0.005376835809,
1021,-1.648661293,-1.595038679,-0.003631247363,-0.003749265048,-0.002620311384,0.003454974389,-0.8,-0.003412369477,-0.003850125249,
1022,0.8157505978,0.7787960155,0.001717855778,0.001722579114,-0.004912484985,-0.006366055714,-0.2,0.000557740374,0.002877971183,0.7082439683
1023,0.06698312872,0.1390954291,0.000153095978,0.0003218772653,0.00181692623,-0.002182478095,0.2,-0.0005422448571,0.000848436813,9.208152527
1024,-3.220205368,-3.148527645,-0.006885788527,-0.006888838453,-0.001585393471,0.01208275827,-0.8,-0.01111724513,-0.002654331927,
1025,0.3914616524,0.5886873819,0.0009539453843,0.00142273209,0.001967933876,-0.003510826805,-0.3,0.003432780338,-0.00152488957,0.9447232715
1026,-0.1068273012,-0.1457585838,-0.0002136166516,-0.0002997895681,-0.004213726719,-0.0009173439712,0.0,-0.002384702743,0.00195746944,
1027,-0.1316905824,-0.3034824785,-0.0002872886296,-0.0006996123295,-0.001750465008,0.002792060092,0.4,-0.002252700744,0.001678123485,
1028,-1.230238231,-1.182655063,-0.002943415641,-0.002955294744,-0.005804642726,0.007119861967,0.3,0.0004085593138,-0.006295390596,
1029,-0.08647005699,-0.08772301668,-0.0002144749297,-0.0002267215595,0.0009365095325,0.003805990451,-0.1,0.002749006031,-0.00317795589,
1030,-1.616573194,-1.730693708,-0.003761185872,-0.004125557368,-0.00376092578,0.008505632015,-0.8,-0.00571064268,-0.001811729065,
1031,-1.193098292,-0.7571598951,-0.002946126355,-0.002046780744,0.003825887523,-0.001780043195,-0.5,-0.0006917875524,-0.005200465157,
1032,-0.7185253684,-0.798723913,-0.00167766473,-0.001896545633,3.804378476e-06,-9.539059064e-05,0.2,-0.0006848825788,-0.002670446881,
1033,-1.263525084,-1.229608689,-0.003032157958,-0.002908835818,0.0006443485893,0.009097354949,-0.8,-0.003150784713,-0.002913531204,
1034,0.9805274969,0.7415764954,0.002197788357,0.001654234507,0.002034554021,-0.0001077927359,0.0,0.001572368896,0.002823207818,0.7478118979
1035,-1.724455961,-1.654209057,-0.004007522298,-0.003903314562,-0.004699815256,0.007023764752,-0.8,-0.005167307541,-0.002847737056,
1036,-0.3758229881,-0.7121587892,-0.0008850166901,-0.001706231069,0.002748381232,-0.0009956286725,-0.5,-3.872650955e-06,-0.001766160729,
1037,0.276906081,0.1507423323,0.0006084092493,0.0003389077941,0.001370981366,0.0005127216004,0.9,-0.001889579403,0.003106397902,3.463022755
1038,-0.5716992759,-0.582065589,-0.001460255917,-0.001494793314,-0.00139052582,0.0006682614391,-0.6,-0.0005116783355,-0.002408833498,
1039,0.4451044013,0.270253165,0.001047165361,0.0006658916306,0.00503928431,-0.004359416242,0.1,-0.00252956013,0.004623890852,1.270473766
1040,-0.155763741,-0.4920608745,-0.0003412823972,-0.001139548431,0.0008104411417,-0.00383195091,0.0,0.001659795041,-0.002342359835,
1041,-0.9025902912,-0.815628175,-0.002050743973,-0.001915233528,-0.001300412314,0.004182340383,-0.3,-0.001157324387,-0.002944163559,
1042,0.3967881685,0.4193146326,0.00103587024,0.001120595057,0.001280186979,-0.00102882644,0.3,-0.003233900802,0.005305641282,1.777764781
1043,-2.198095624,-2.610530151,-0.004375361238,-0.005339922843,-0.007390572174,0.006519948068,-0.4,-0.004859003577,-0.0038917189,
1044,1.791706065,1.429073902,0.003774600449,0.003237965411,0.000190333522,-0.006621240113,0.4,0.003368772057,0.004180428842,0.587470417
1045,-1.72376357,-1.859548011,-0.004195283178,-0.004668986273,-0.002626768417,0.007698584669,-1.0,-0.005209510494,-0.003181055863,
1046,-0.5079674743,-0.4376444166,-0.001122637451,-0.001057672484,0.00293320645,0.004129317482,-0.8,0.0002156295421,-0.002460904444,
1047,0.4082008777,0.6395309337,0.0008938988393,0.001422887431,0.001948873664,-0.004956764004,-0.4,0.003240360062,-0.001452562383,1.028575377
1048,-0.811650579,-0.3262280271,-0.002056503445,-0.0008784588682,-0.003967710752,0.001076713752,0.0,-0.003914737948,-0.0001982689413,
1049,-0.5446680636,-0.7765990494,-0.001282587142,-0.001872235425,-0.004823070075,-0.002774951694,0.0,-0.003214068907,0.0006488946236,
1050,-0.8931112281,-1.133335612,-0.001995405783,-0.002760280975,-0.001996849565,-0.003719976976,0.8,-0.002336271038,-0.001654540528,
1051,2.092964749,1.414226976,0.004642655629,0.003282121606,0.002088454936,0.001495823202,0.2,0.005789403273,0.003495907985,0.4713934376
1052,0.5373407925,0.5209441083,0.001491397579,0.001467170057,-0.003004208561,-0.000495514825,0.0,-0.0008588597631,0.003841654921,1.21498372
1053,0.0398606367,0.07834633493,8.980698829e-05,0.0001809125759,-0.00327644174,-0.002593278996,-0.1,-0.0007089322109,0.0008885461874,17.51323482
1054,-1.379457235,-1.199753672,-0.002996739518,-0.002744647477,0.001574500604,0.003998720174,-0.8,-0.00252771263,-0.003465766405,
1055,0.6430304162,0.364815405,0.001549431838,0.0009169580431,-0.0026227295,-0.004533658523,0.8,0.002911511352,0.0001873523238,1.271586403
1056,0.6696097522,0.1410228602,0.00178498052,0.0003889569722,-0.001825340483,-0.0009230928576,-0.3,0.008605430447,-0.005035469408,1.46204779
1057,0.8033160979,0.2573580046,0.002034404408,0.0006793881948,-0.002117183212,0.000950122784,0.3,0.001143329567,0.002925479249,0.6282820054
1058,1.79263383,1.532647357,0.003738503629,0.003369034316,0.000620881203,-0.001255525172,0.0,0.007231347239,0.0002456600197,0.5504603555
1059,0.4882435608,0.6228714772,0.001089497479,0.001505861732,0.00246973698,-0.001277097141,0.9,-0.0001369950238,0.002315989981,1.537746226
1060,-0.7997119313,-0.623686531,-0.001765081905,-0.001379534103,0.0001705533145,0.005462446742,-0.1,-0.001039768416,-0.002490395394,
1061,1.197469684,1.18217489,0.002781972086,0.002689464285,-0.002751582053,-0.002485414227,-0.4,0.005058415996,0.0005055281768,0.6318874356
1062,-0.3299261985,-0.2763969039,-0.0007881180525,-0.0006827820777,-0.001926819094,-0.0001112754608,-0.7,0.004774325413,-0.006350561518,
1063,-0.4907210832,-0.8269009013,-0.001206855143,-0.002072787218,-0.0003243987493,0.005546333045,-0.6,-0.0007120891376,-0.001701621147,
1064,1.064506805,1.232919798,0.002372720377,0.002823500908,0.004389201416,-0.00591607444,0.9,0.001234528158,0.003510912595,0.4925577293
1065,0.2190032011,0.1275650601,0.0004922075866,0.0002887916357,0.0003049911727,-0.0003481126471,-0.1,0.002418974158,-0.001434558984,1.69626176
1066,-0.6366153333,-0.8887516271,-0.001488500792,-0.002068566255,-0.003719330893,-0.0005636238055,-0.7,0.005178791551,-0.008155793134,
1067,0.5768757812,0.6177364816,0.001501007779,0.001637618103,3.797343839e-05,-0.002686833584,0.9,0.003962082237,-0.0009600666792,0.9336017656
1068,-2.163828826,-2.154160158,-0.00473126053,-0.00483878366,-0.005700105738,0.008551514754,-0.8,-0.002341891666,-0.007120629395,
1069,-2.076747431,-2.25796484,-0.005250952133,-0.005996632777,-0.009939534057,0.006515125766,-0.9,-0.004142708528,-0.006359195739,
1070,-0.4381122912,-0.7178687097,-0.0009785543765,-0.001634522828,-0.004231452042,0.00153239585,0.5,0.0007534309504,-0.002710539703,
1071,1.842412888,1.632723573,0.004584208535,0.004238619757,0.001791118223,-0.00426578388,0.8,0.003583496743,0.005584920328,0.829200454
1072,-0.2971737439,-0.2009260832,-0.0006826229314,-0.0004719775799,-0.0009913641776,0.005027781431,0.3,0.001145123615,-0.002510369478,
1073,0.4495013083,0.507850708,0.001046791866,0.001186967946,-0.001960106921,0.001254708611,0.5,0.003211990836,-0.001118407104,1.718460573
1074,1.336161296,1.574423811,0.003132657134,0.003508054954,0.00197128282,-0.004222123842,-0.3,0.004539254308,0.001726059961,0.6073089397
1075,0.8729074781,0.7847903446,0.00181554875,0.001689339516,-0.003087130265,-0.004887711855,0.6,0.0041468576,-0.0005157600994,0.9571065375
1076,0.6970885886,1.150622903,0.001515233486,0.002707883985,0.001531059535,-0.007214250415,0.1,-0.0002324724837,0.003262939456,0.5755539107
1077,-1.236440855,-0.9275371746,-0.002691672673,-0.002029760427,-0.004669631381,0.002395962837,-0.9,0.0009779813094,-0.006361326656,
1078,0.1003292382,0.0349383401,0.0002539381368,9.203673963e-05,0.00385992228,0.0005344838552,0.1,-0.002563867713,0.003071743987,5.768866437
1079,1.926320928,1.633558157,0.004230363895,0.003625878841,0.006030803847,-0.003219147724,0.7,0.001759432447,0.006701295343,0.4871719971
1080,-0.3298875371,0.09627424102,-0.0006822785366,0.0002033240411,0.003483793931,0.00258378083,0.2,-8.509931263e-05,-0.00127945776,
1081,-1.010418423,-1.636417703,-0.00214474642,-0.003525171814,-0.002273291107,0.005777852044,-0.8,-0.001106361947,-0.003183130894,
1082,-1.27296205,-1.173094411,-0.002970580633,-0.002888199017,-0.002889616831,0.007371728352,-0.9,-0.002114054348,-0.003827106919,
1083,-1.932591545,-2.235746944,-0.004734866502,-0.005536090252,-0.007100738293,0.00481365688,-0.4,-0.005861219498,-0.003608513505,
1084,-0.3283917508,-0.09762620171,-0.0008091894485,-0.0002552815323,-0.002539122955,0.003540367769,0.3,0.005524961562,-0.007143340459,
1085,-1.253458065,-1.198313077,-0.002912935727,-0.002860812993,-0.005311452535,0.004680427192,0.3,-0.003188801879,-0.002637069576,
1086,0.952785282,0.9806595271,0.002521154775,0.002662692775,0.001963621767,0.0002402413853,0.0,0.005558986651,-0.0005166771015,0.788752662
1087,-0.3377215758,-0.3343739506,-0.0007463507115,-0.0007595145017,0.0006969179876,-0.003304912815,0.1,4.451919947e-05,-0.001537220622,
1088,1.060151414,1.26226179,0.002351005392,0.00290173661,0.002497116581,-0.005120908428,0.4,0.003935621435,0.0007663893494,0.845587238
1089,-0.1635468708,-0.07830225034,-0.0003748928576,-0.000185978052,-0.001543338672,-0.003875881745,0.0,0.003150983574,-0.003900769289,
1090,0.6663752663,0.4652730471,0.001659970521,0.001168637876,-0.004883683294,-0.004101206081,0.2,-1.558672606e-05,0.003335527768,1.225539965
1091,1.757846725,1.570081078,0.003994663436,0.003641581201,0.001555635122,-0.003071780291,0.9,0.005331184042,0.002658142831,0.6569757967
1092,-0.3586680212,-0.2595803465,-0.0007588893029,-0.0005725166005,-0.00172812085,-0.001718230373,0.1,-0.003427748081,0.001909969475,
1093,-1.30453596,-1.096443578,-0.00285728344,-0.002495384307,-0.004391607599,0.005569114504,-0.1,-0.002461272711,-0.00325329417,
1094,-1.336216809,-1.32941874,-0.003438893546,-0.003492939861,-0.003097897442,0.002864474148,0.3,-0.007729770879,0.000851983787,
1095,-0.1803269627,-0.2295632671,-0.0003923642287,-0.0005220190564,0.002249426451,-0.002764511269,0.6,0.001557416062,-0.002342144519,
1096,0.9443121717,0.8649362762,0.00198699014,0.001861680026,-0.002211362961,-0.007471023871,0.5,0.0008441955178,0.003129784761,0.5218646731
1097,0.7351495473,0.9499725779,0.001701362602,0.002384585387,-0.003555425673,-0.002058909034,0.5,0.0036264125,-0.0002236872965,0.6222123087
1098,-1.419210604,-1.357516772,-0.003412257998,-0.00335046813,-0.005590806013,0.009123219667,-0.9,-0.003528349059,-0.003296166938,
1099,1.54988771,1.416448192,0.003331995753,0.003186908407,0.003875590527,0.005483893347,-0.5,0.003398587419,0.003265404088,0.3083052678
1100,-0.8183837236,-0.795020682,-0.001935650397,-0.001930720169,-0.003806877875,0.004503821697,-0.4,0.0009158746356,-0.004787175429,
1101,-0.2183659617,-0.3709061915,-0.0005362627937,-0.0008883910313,-0.001687954518,0.001344272125,0.4,-0.0008997892948,-0.0001727362926,
1102,-0.1154553677,-0.2497434728,-0.0002812294993,-0.0006147203405,0.0005389782283,0.00139923296,-0.8,-0.00284941868,0.002286959682,
1103,-0.5553332022,-0.41565589,-0.001234001977,-0.0009580282214,-0.00152625691,-0.004349719648,0.0,0.001378270757,-0.00384627471,
1104,0.2151881081,-0.1952313158,0.0004460773375,-0.0003988975132,0.0005347733574,-0.002304893684,-0.5,0.0005882348044,0.0003039198705,3.325836465
1105,1.434194871,1.297167143,0.003329715908,0.003076037984,0.0009216938188,-0.004947390231,0.6,0.006692085874,-3.265405824e-05,0.8909372666
1106,-2.26779286,-2.217404358,-0.005378724131,-0.0055535401,-0.008542437153,0.01332026989,-0.9,-0.005130282325,-0.005627165936,
1107,-0.5540154987,-0.4810102647,-0.001277803281,-0.001099322431,0.0002520751243,0.001075306271,-0.4,0.001172106451,-0.003727713013,
1108,-1.177078213,-1.236731244,-0.002701477657,-0.002926830006,-0.001061296437,0.005380282913,-0.3,-0.004358849276,-0.001044106037,
1109,-0.6802418083,-0.6957260124,-0.001614971909,-0.001662057581,-0.0005528819756,-0.001917814678,-0.5,0.00321120288,-0.006441146698,
1110,-1.934835937,-2.451894083,-0.004571576949,-0.006154722928,-0.004552396736,-0.0004266660682,-0.7,-0.003556551907,-0.005586601992,
1111,-1.629899548,-1.658998622,-0.003308141581,-0.003514127882,-0.00622798639,-0.001100015963,-0.2,-0.008413286205,0.001797003043,
1112,-0.3657367503,-0.3345753158,-0.0007535112712,-0.0007087548741,0.0001615930438,-9.274286641e-05,0.7,0.002328530977,-0.003835553519,
1113,-1.580638829,-1.058540842,-0.0033914721,-0.002450714367,-0.003656482301,0.002869718267,-0.3,-0.003012192573,-0.003770751627,
1114,1.307763297,1.75655561,0.003429116298,0.004637344317,-0.000228237619,-0.0007922374847,-0.4,0.000838873817,0.006019358779,0.4274803146
1115,0.6132418315,0.3477336749,0.001296365376,0.0007645747584,-0.00193418522,-0.002632025864,0.5,0.004731061762,-0.002138331009,1.874703574
1116,-1.28340569,-1.227625207,-0.002793665765,-0.002979787754,-0.002800410058,0.003602287934,-0.5,-0.002142551426,-0.003444780105,
1117,-0.9439111043,-1.101495053,-0.002161657996,-0.002609557363,0.0007941810287,0.00143838994,-0.5,-0.004041515928,-0.0002818000649,
1118,1.039615361,1.479211859,0.00237530255,0.003385147251,0.0007438788597,-0.0001491161539,0.1,0.002978221308,0.001772383792,0.6016866052
1119,0.3377072512,-0.06999522303,0.0008162659435,-0.0001746757935,-0.002106873644,-0.002588787782,0.0,0.001187054,0.0004454778873,0.8045813503
1120,-0.1283504567,-0.9772578651,-0.000301386154,-0.002356973828,-0.0005358413357,-0.0008553923311,0.4,-0.004123645251,0.003520872943,
1121,-1.967530132,-2.09961332,-0.004007412378,-0.004395763498,-0.005285890654,0.008655952679,-1.0,-0.003354207525,-0.004660617232,
1122,1.00634211,0.5629161635,0.002361005653,0.001407109715,0.003078722657,-0.005396854137,0.4,-2.291313599e-05,0.004744924441,0.5499837208
1123,-1.570991328,-1.734910472,-0.003572672405,-0.004071449006,-0.004303881596,0.006276424574,-1.0,-0.003495330949,-0.00365001386,
1124,-2.330782041,-2.491805124,-0.005315860688,-0.006085338976,-0.007214916086,0.005778655964,0.3,-0.00562864935,-0.005003072026,
1125,0.4644362621,0.429965138,0.001002607088,0.0009493713513,0.0006260751872,2.351304915e-05,0.7,0.0003910000584,0.001614214117,1.197539832
1126,-0.7241711931,-0.7774290918,-0.00171621573,-0.002019609202,-0.0009941773696,0.003421226145,0.4,-0.005311416921,0.001878985461,
1127,-0.5106791197,-0.246544552,-0.001153036535,-0.0005768709514,0.00110396123,0.00249212844,-0.2,-0.004935086911,0.002629013842,
1128,-0.5928103792,-0.4946027341,-0.001295180297,-0.001143006983,-0.007196013512,0.005183450669,-0.7,-0.002342629483,-0.0002477311104,
1129,-0.9751358976,-0.8593091388,-0.00229866408,-0.002128707629,-0.00570006243,0.001818886735,-0.2,-0.00252000001,-0.002077328149,
1130,-0.09181002283,-0.1735551531,-0.0002292966373,-0.00044820549,0.001563616544,0.001278131699,-0.5,0.003188602949,-0.003647196224,
1131,-1.93201409,-2.08330145,-0.004449760051,-0.004982207913,-0.006339779916,0.003929442379,-0.4,-0.0007372469453,-0.008162273157,
1132,-0.5162134699,-0.5287804122,-0.00121208511,-0.001225183267,-0.004269106304,0.006932187085,-0.5,9.205435465e-05,-0.002516224574,
1133,-1.109235066,-0.9899587581,-0.002426425522,-0.002231136818,-0.001117205737,0.006540324923,-0.2,-0.0007125244066,-0.004140326637,
1134,-0.01662822522,0.06803132121,-3.83707339e-05,0.0001573877327,0.001548821532,-0.001193251604,0.2,0.003768880692,-0.00384562216,
1135,-0.9272426498,-0.8853779875,-0.002036115932,-0.002072641707,-0.005405951569,-0.001616048147,-0.1,-0.004387179499,0.0003149476356,
1136,-2.583070647,-2.517547593,-0.005427845826,-0.005469954542,-0.009207847185,0.004487877367,-0.4,-0.002950393903,-0.007905297748,
1137,0.7922473419,0.8312029293,0.001907486148,0.002007662489,0.00284088109,-0.007543366068,0.2,0.003380810265,0.0004341620305,1.096225206
1138,0.9756546759,0.6838983115,0.00208131063,0.001490481186,0.004557674193,-0.001070809838,0.8,0.003389815937,0.000772805323,0.7480902823
1139,-2.455062853,-2.327283829,-0.005777525653,-0.005636113121,-0.006791276177,0.008829251164,-0.4,-0.006064196488,-0.005490854818,
1140,-0.4719300969,-0.7593773724,-0.001083478365,-0.001919968308,-0.001364167807,0.000612467696,-0.7,-0.003517228197,0.001350271467,
1141,-1.585325564,-1.358727666,-0.003683111806,-0.003254752758,-0.001335449788,0.005876096117,-0.8,0.0004145415889,-0.007780765201,
1142,-1.527007469,-1.607121992,-0.003383974417,-0.003694024605,-0.0009547869808,0.005277908292,-0.1,-0.002809990145,-0.003957958689,
1143,0.2015374802,0.06312586526,0.0004416605816,0.0001443374078,0.000147997403,-0.006272661767,0.8,0.003885330237,-0.003002009074,3.207252599
1144,-0.7717336443,-0.8908676635,-0.001786811207,-0.002063534347,0.0001873272639,-0.0003185090868,0.0,-0.002535084262,-0.001038538151,
1145,-2.38897134,-2.527701097,-0.005158564389,-0.005513482278,-0.009615621934,0.0004702522619,0.3,0.00141036868,-0.01172749746,
1146,-0.257125967,-0.02377673049,-0.0006263345595,-5.809350659e-05,-0.003912332273,0.006061220174,-0.3,-0.003423135818,0.002170466698,
1147,1.698037102,1.572529162,0.003958889244,0.003722944812,0.00555681616,3.958030503e-05,0.7,0.003251465328,0.004666313161,0.7224458166
1148,-1.086313044,-0.9984580563,-0.002256577801,-0.002141124842,-0.004120419494,-0.0009467775886,0.0,-0.00375788485,-0.0007552707525,
1149,0.7938717428,0.9155948306,0.002067149867,0.00247546466,0.0002929249485,-0.003876835382,0.3,0.003634164457,0.0005001352771,0.9305921222
1150,-0.01634646525,-0.3100637688,-3.742927972e-05,-0.0007525598766,-0.00254193688,0.00103226127,0.3,-0.0006031650446,0.0005283064851,
1151,-3.173372866,-3.456762844,-0.00730448804,-0.008326523575,-0.007715527516,0.003431843918,-0.7,-0.003015597911,-0.01159337817,
1152,1.076800819,1.005884737,0.002575738201,0.002327037352,0.006323866303,-0.005361420323,0.4,-0.00330811092,0.008459587322,0.8846847535
1153,0.009799024602,-0.2905914282,2.242075992e-05,-0.0006950598735,-0.001426195328,-0.003603623576,-0.1,0.0004657106181,-0.0004208690983,33.53503145
1154,-0.4363186286,-0.799074228,-0.001103347126,-0.002043961037,-0.002166879509,-0.002990444824,0.3,0.001770137686,-0.003976831939,
1155,0.8433905372,0.5256041697,0.001811381703,0.001168160346,-0.0008510840634,0.0003581289383,-0.7,0.0005553618569,0.003067401549,1.394548031
1156,-1.549170097,-1.62392314,-0.003268011127,-0.003568395361,0.0007447005482,0.001690838256,0.4,-0.005216857651,-0.001319164604,
1157,-1.171651135,-0.8906319681,-0.003124026516,-0.002396072245,0.002187689793,0.003854819274,-0.1,0.001839388972,-0.008087442004,
1158,0.152606939,0.08013895644,0.0003525613893,0.0001913280869,0.005096805646,-0.001441129347,-0.5,0.0004590979667,0.0002460248118,4.202782716
1159,0.2724584175,0.2905090754,0.0006757351185,0.000694744022,-0.001779517539,0.0003238213807,0.3,-0.003546734333,0.00489820457,2.816746432
1160,-1.784205016,-2.049147181,-0.003681280782,-0.004572627077,-0.00620705169,0.006269458187,-0.9,-0.005934854699,-0.001427706866,
1161,-1.224252639,-1.343965642,-0.002675305262,-0.003101314972,-0.003692535199,0.002994945111,0.0,0.002134066324,-0.007484676848,
1162,-0.7718730651,-0.8356339666,-0.001899612803,-0.002062759805,0.003343139374,0.004164718481,-0.3,-0.002489037653,-0.001310187952,
1163,-2.446365991,-2.461826128,-0.005737851775,-0.006051898819,-0.003653689334,-0.001873020257,-0.4,-0.004905531604,-0.006570171947,
1164,0.08470729274,0.3860351626,0.0002045385246,0.0009831078412,-0.001652594196,-0.001275624329,0.2,0.002564082239,-0.00215500519,4.240955117
1165,0.411747182,0.9169882234,0.001043427485,0.002439175211,0.003899165165,-0.001041982845,0.7,0.004509377954,-0.002422522983,2.18886816
1166,-1.235448078,-1.207173356,-0.003131061291,-0.003118406401,-0.006013690427,0.001021479028,-0.7,-0.003897296801,-0.002364825782,
1167,-0.2378115297,-0.3686019727,-0.0005247780807,-0.0008504605652,-0.004388429946,-0.001161443478,-0.7,0.00288493532,-0.003934491481,
1168,-1.018988865,-0.760508425,-0.002535276927,-0.001942417716,0.0005382561554,0.002246263776,-0.2,-0.004185744034,-0.0008848098206,
1169,-0.514439011,-0.4447727925,-0.001196637372,-0.001069831471,-0.003923115464,0.0006697928913,0.3,-0.002667727127,0.0002744523826,
1170,-1.078890315,-1.087126333,-0.002250485791,-0.002390116104,-0.002922566678,-0.0002835706152,0.0,0.001134741279,-0.005635712862,
1171,-0.822361535,-1.074211705,-0.001885914607,-0.00265319878,-0.001587591988,0.000706499005,0.4,-0.003647157087,-0.0001246721268,
1172,-1.252682028,-1.01133179,-0.002835920056,-0.002362608372,-0.00378313082,0.002185190919,-0.2,-0.0005401034763,-0.005131736635,
1173,-0.6241512572,-0.6005901165,-0.001501373197,-0.001592743598,-0.002284126473,-0.004172822909,0.1,-0.006425750778,0.003423004385,
1174,-1.640456806,-2.21939267,-0.004281105027,-0.005973348452,-0.006749347076,0.012405459,-0.3,-0.002092479457,-0.006469730596,
1175,0.7290126418,0.8793960378,0.001751827138,0.002169418826,0.005301388745,4.960367543e-05,0.2,-0.003328589974,0.006832244249,1.081985418
1176,-0.5767161219,-0.5796708832,-0.001415920529,-0.001465757753,0.001094064214,-0.002180847876,0.9,0.001408497645,-0.004240338703,
1177,-1.278280322,-1.217643691,-0.003056185289,-0.002991345035,-0.001594475854,0.007755464219,0.0,-0.003798935735,-0.002313434842,
1178,0.1980396201,0.2615373816,0.0004424530791,0.0006041001953,-0.002963094114,0.001037665231,-0.7,-0.005002313044,0.005887219202,6.067076384
1179,-0.2321528903,-0.05190450662,-0.000601849766,-0.0001349156507,0.0003772420762,0.002132451768,0.3,-0.001778807532,0.0005751080001,
1180,1.15861403,0.6879016769,0.002463962062,0.001583267752,-0.002138641642,-0.0004212906609,-0.7,0.005023410829,-9.548670499e-05,0.4929644124
1181,-0.328654327,-0.9702970408,-0.0007475818883,-0.002381134463,-0.002582033494,0.006107398264,-0.6,-0.0006817449761,-0.0008134188005,
1182,-0.482216996,-1.072565913,-0.0009095585843,-0.002047955166,-0.004818183732,-0.0038194794,-0.2,-0.0008152480456,-0.001003869123,
1183,2.910448692,2.279471737,0.006802410708,0.005566439138,0.005520971664,-0.005668186524,0.4,0.008664226628,0.004940594788,0.3250552569
1184,-1.388104966,-1.531342951,-0.0032606288,-0.003646278406,-0.005038824242,0.001279142305,-0.4,-0.00594266694,-0.00057859066,
1185,0.2736707723,-0.1401410091,0.0006335203294,-0.0003250805302,-0.007817505313,-0.0008298723306,-0.7,-0.003182948947,0.004449989606,1.722231578
1186,-0.6829394637,-0.4994790194,-0.001631492238,-0.001194294081,-0.003399306541,0.004096669855,-0.6,-0.004379117437,0.001116132962,
1187,-0.352266207,-0.1227072241,-0.0008845470069,-0.0003134999049,-0.0009814414271,0.002916643087,0.4,-0.001877655466,0.0001085614522,
1188,-2.616584292,-2.988754067,-0.005857157109,-0.006637185368,-0.006631758585,0.006536849635,-0.1,-0.006712949204,-0.005001365014,
1189,-0.06470639689,-0.2349764322,-0.000159386525,-0.0005962262733,-0.003877606936,0.001236295621,0.3,0.001179445481,-0.001498218531,
1190,-1.378610237,-1.368599124,-0.003030104425,-0.003056878373,0.0003091545055,0.005066782008,0.3,-0.005620003914,-0.0004402049357,
1191,-0.5892143682,-0.3488065405,-0.001378862687,-0.0008659077501,-0.004393627254,-0.008699927221,0.3,-0.000868019443,-0.001889705931,
1192,-1.731532212,-1.74029772,-0.003952900199,-0.004062737426,-0.004524220661,0.004201632058,-0.1,-0.004441663322,-0.003464137076,
1193,-0.3087568703,-0.2983848627,-0.0007315837605,-0.0007400665214,7.490790318e-05,-0.0002414842269,-0.1,-0.0002475342625,-0.001215633258,
1194,-0.1473481007,-0.3479142975,-0.0003463758656,-0.0008251100117,0.001118903787,-0.001230325013,-0.3,-0.004262532929,0.003569781198,
1195,0.2857959298,0.3136441885,0.0006382057051,0.0007402731143,-0.002531568548,-0.002669826507,0.6,0.002524666965,-0.001248255555,1.492212279
1196,-0.4169996982,-0.6226462167,-0.001001882085,-0.001553750424,-0.00554774065,0.0003482802934,0.5,-0.002413823314,0.0004100591447,
1197,0.7399436928,0.3454367403,0.001864055793,0.0008783678933,0.002664240725,-0.002992234478,-0.4,0.006926505206,-0.003198393621,2.696868486
1198,1.361843196,1.290020602,0.003323392399,0.003299514607,0.006012274,0.00126688697,-0.3,0.0032378225,0.003408962297,0.5734197855
1199,-2.674533431,-2.361330266,-0.006567847194,-0.006088149678,-0.01133616437,0.00687495282,-0.9,-0.00990346248,-0.003232231908,
1200,-0.9466783841,-0.8595733453,-0.002147081648,-0.002157106901,-0.004022495005,0.0009332176412,-0.9,-0.004895568859,0.0006014055631,
1201,0.1969983292,0.1619559418,0.0004537436593,0.0003787751104,0.002390276418,-0.004033875852,0.4,0.001473299666,-0.0005658123478,2.112290917
1202,0.004136124654,-0.3325173758,8.608205521e-06,-0.0007146634245,0.00045224649,0.005418034801,-0.8,0.002590768019,-0.002573551608,186.9606898
1203,0.6146628596,0.5874043925,0.001361375598,0.001359453435,0.001461275738,-0.003128849569,0.2,0.000731703505,0.001991047691,1.72957805
1204,-1.34444864,-1.412140672,-0.002857788731,-0.003243112129,-0.003741116034,0.003591568786,-0.4,-0.003031249255,-0.002684328206,
1205,1.190605271,1.153534989,0.002763997178,0.002671688618,0.005545371082,-0.001004181376,0.7,0.001020745889,0.004507248466,0.55212085
1206,-0.6065530754,-0.5041409438,-0.00133079648,-0.001186969888,0.001903992957,0.005905264121,0.2,-0.006759327135,0.004097734174,
1207,-0.8714192349,-1.181583401,-0.001793455303,-0.002427876174,-0.001197675199,0.002153171684,0.3,-0.0003111274077,-0.003275783199,
1208,0.5311109937,0.1674674068,0.001428041148,0.0004733789363,0.0002575272005,-0.002890732369,-0.4,0.00452477714,-0.001668694844,3.515110979
1209,-1.304515073,-1.596220703,-0.002862769784,-0.003596083498,-0.005691545237,0.004147344437,-0.9,-0.00524179311,-0.000483746459,
1210,-0.3228657941,-0.3984324701,-0.0007353704292,-0.0009467645443,0.005184891031,-0.001919237077,-0.1,0.00727405814,-0.008744798998,
1211,-2.17363517,-2.207385913,-0.004497008398,-0.004910640927,-0.008212285376,0.004223620284,-0.7,0.001016204804,-0.0100102216,
1212,1.687798411,1.545370729,0.003731154458,0.003350541667,0.002153344178,-0.005900375111,0.5,0.005567032859,0.001895276057,0.5581212789
1213,-1.173326859,-1.002384438,-0.002364651091,-0.002068033369,-0.002441406074,0.002142621699,-0.7,-0.002975582832,-0.001753719351,
1214,-0.2889956656,-0.2123628211,-0.0006960316729,-0.0004982115962,-0.002082057684,-0.0005260138021,-0.2,0.004755580084,-0.00614764343,
1215,-0.942751297,-1.264137155,-0.001957104313,-0.002744686149,-0.005890804545,-0.007459634895,-0.4,7.547511632e-05,-0.003989683742,
1216,-0.01509485475,-0.360526724,-3.999385155e-05,-0.0009991715833,-0.002606552856,-0.005627122059,-0.4,-0.001349089733,0.00126910203,
1217,-0.9607232961,-1.021349655,-0.001989058551,-0.002228999879,-0.003672263121,0.005592183102,-0.9,-0.001180834322,-0.00279728278,
1218,-0.4071826771,-0.5979631284,-0.001016947034,-0.001494953265,-0.001262434129,0.006188339108,-0.9,-0.0005479300579,-0.001485964011,
1219,0.1007137568,-0.03441151485,0.0002334995131,-8.523405014e-05,0.001351370521,-0.0009508335524,0.2,0.005101800014,-0.004634800987,6.362906387
1220,-1.351324175,-1.351868951,-0.003163537711,-0.003179355225,-0.001668284855,0.004071636035,-0.1,-0.0004860288582,-0.005841046564,
1221,1.026460148,0.5605911616,0.002296144466,0.001314154825,0.00107535165,-0.00270100364,0.4,0.003031171449,0.001561117483,0.5186957792
1222,1.920329716,1.442833604,0.004850328397,0.003851145906,0.003818032944,-0.004716644053,0.9,0.006830497378,0.002870159415,0.6460806222
1223,-0.9136550149,-0.7947004079,-0.001899262961,-0.00179995219,-0.002080818273,-0.001281411675,-0.1,-0.001427014902,-0.002371511019,
1224,-0.9260981861,-1.027983871,-0.002537861754,-0.002907543224,-0.0008634291993,0.003518360635,-0.2,0.001265714315,-0.006341437822,
1225,1.028052808,1.093541045,0.002286625805,0.002495594558,0.002851914243,-0.002965110207,-0.5,0.001768119516,0.002805132095,1.047083873
1226,0.6244583291,0.2433554289,0.00157679981,0.0006381617393,-0.001801681328,-0.001275283359,-0.2,-0.00465168283,0.007805282451,1.583140376
1227,0.196311856,0.1746152215,0.0004438493507,0.0003966387797,0.002104862282,-0.005709135808,0.1,0.00228144761,-0.001393748909,1.529584525
1228,-1.704090434,-2.029036668,-0.003491971646,-0.004238615441,0.001104747788,0.007284748566,0.0,-0.003581074604,-0.003402868689,
1229,-1.285681192,-1.794479926,-0.002802916889,-0.004138207687,-0.008718311139,0.002868088952,-0.5,-0.004302500474,-0.001303333304,
1230,1.015743051,0.8694857143,0.002479694528,0.002220089375,-3.431062565e-05,-0.005052134255,0.1,0.001229419382,0.003729969674,0.781495067
1231,1.369492893,0.9659779196,0.003095832314,0.002415940164,0.002702065948,0.005893739391,0.0,0.004518428611,0.001673236016,0.8573072491
1232,-1.430807448,-1.538306934,-0.00298293298,-0.003419993615,-0.008280775933,0.009798791938,-0.2,-0.003316545451,-0.002649320508,
1233,2.250884128,2.288090938,0.005118739196,0.005371576814,0.001152889904,-0.0007076964792,0.2,0.003589006327,0.006648472065,0.3568026382
1234,1.39649851,1.538500965,0.002816527529,0.003262193949,0.002968392956,-0.005448702081,-0.3,0.0002420619988,0.00539099306,0.8493395577
1235,1.002862881,1.109443619,0.002497579901,0.002761814362,0.00150380882,-0.004693693222,-0.3,0.002587185834,0.002407973968,0.7029129917
1236,0.4955686465,0.2218272234,0.001159818652,0.0005225478448,0.0003327928886,0.0002108617949,0.0,0.001201126006,0.001118511297,1.08450636
1237,-0.7803077648,-0.7670045551,-0.001789722621,-0.001797939472,-0.001047604278,0.005400729128,-0.8,0.0002283712237,-0.003807816465,
1238,-0.4188502722,-0.3158996854,-0.0008209427998,-0.0006400813422,0.001463896829,0.001334401562,-0.1,-0.0004302280682,-0.001211657531,
1239,1.100851843,1.129238414,0.002429988926,0.002541877661,0.001466956435,-0.00225987056,0.2,0.00232614043,0.002533837422,0.8080218723
1240,-1.121978682,-1.077229677,-0.002558808133,-0.002576432459,-0.004737201147,0.007213432061,-0.8,0.002849326056,-0.007966942321,
1241,0.9743942751,0.9905958486,0.002087004058,0.002276778844,-0.0004284754457,-0.004609237122,0.6,0.001970261624,0.002203746493,0.6227603433
1242,0.6749381931,0.2531527665,0.001681746654,0.0006409645235,-0.0002211615505,-0.001673214551,0.9,2.702682308e-05,0.003336466484,1.131347969
1243,0.1061478425,0.4119581242,0.0002259738954,0.0008895062671,0.004617342126,0.0005345584079,-0.3,0.001967008667,-0.001515060876,3.652078768
1244,0.01818286206,-0.09828958838,4.222454517e-05,-0.0002329779107,0.001425383378,0.0001352380899,0.5,0.01001512863,-0.009930679536,99.53150678
1245,0.87432737,1.202444121,0.002085022819,0.003012891599,0.002314868934,-0.001640362983,0.9,0.0005266231694,0.003643422469,0.8854802737
1246,0.6757566827,0.6753166109,0.001637272316,0.001721474514,0.004783639851,-0.001388371964,0.9,0.002366292531,0.0009082521021,1.122222537
1247,-0.5320188619,-0.8210178309,-0.001195577778,-0.001908367213,-0.0003052793816,0.008528530073,0.4,0.001186225678,-0.003577381234,
1248,0.8700889929,0.5735182562,0.002019673427,0.001403109674,0.003743258526,-0.008104489999,-0.3,4.277934586e-05,0.003996567508,0.6575627038
1249,-0.3241301781,-0.5933733106,-0.0007577470653,-0.001477934644,-0.00653650401,0.003478820236,-0.9,-0.005463738678,0.003948244548,
1250,-0.8314203546,-0.6803522373,-0.001649278883,-0.001431349742,-0.002852651977,0.002048566723,-0.2,-0.001777999987,-0.001520557778,
1251,0.09629715804,-0.08805435443,0.0002184407411,-0.0002140943723,-0.001244122046,-0.002790225603,0.8,0.001726939893,-0.001290058411,3.549110657
1252,-0.7583383887,-0.7809856187,-0.001704018331,-0.001783032211,0.002087911473,-0.001450119932,0.6,-0.0001797252159,-0.003228311445,
1253,-1.84120092,-1.951537685,-0.004461926515,-0.004842761163,-0.004498229854,0.009136868114,0.4,-0.008629962413,-0.0002938906178,
1254,-1.626869279,-1.802891902,-0.003766488524,-0.004343777831,-0.006963823442,0.004484625518,-0.4,-0.001320112117,-0.00621286493,
1255,-0.8059041054,-0.5934387052,-0.00188550591,-0.001445553262,0.0009395478756,0.001776781311,-0.1,0.003106139793,-0.006877151613,
1256,-0.4742061916,-0.1801348014,-0.001138326104,-0.0004360275608,0.0003204405995,-0.00229951987,-0.4,-0.002885962624,0.0006093104172,
1257,-0.4147650687,-0.4725546406,-0.0008643623216,-0.001013050546,7.349638529e-05,0.00139068898,0.4,0.0004194377898,-0.002148162433,
1258,0.8889771838,1.106488887,0.002198028511,0.002989897779,0.004168865642,-0.001068135289,0.7,0.003956463361,0.0004395936619,0.9599443103
1259,-2.97384606,-3.005778136,-0.006189187309,-0.006623414231,-0.005151720973,0.007379646205,0.1,-0.007824141647,-0.004554232971,
1260,0.2640709477,-0.0110434134,0.0005632332592,-2.440459594e-05,0.001875488988,-0.00543174947,0.2,0.0002850050226,0.0008414614957,4.115999797
1261,-0.6011381395,-0.7336812718,-0.001442680753,-0.00181845396,-0.00504133241,-0.001584037513,0.5,-0.001723620623,-0.001161740882,
1262,-0.9843084152,-1.366546415,-0.002331184615,-0.003370092721,-0.006505844699,0.0005653594994,-0.4,-0.004661546222,-8.230068562e-07,
1263,-1.12256396,-1.166646649,-0.002375052783,-0.002525232566,-0.005148978441,0.002437644532,-0.3,-0.003947066479,-0.0008030390863,
1264,-0.526817235,-0.8738585147,-0.001132542579,-0.001881341841,0.001444445935,0.005330075923,0.4,-0.00215009521,-0.0001149899481,
1265,-0.7846062264,-1.264894525,-0.001856282881,-0.003123703076,-0.004583634512,-0.0003978524942,-0.8,0.0004073212098,-0.004119886972,
1266,0.7610765054,0.7816147601,0.001872551596,0.001953899309,0.002891989728,0.001879702577,0.3,0.004368455784,-0.0006233525922,0.6270333433
1267,0.3409246276,0.315062768,0.0007631863122,0.0007261989425,-0.0005033233962,-0.0002005023811,0.3,0.001755887441,-0.0002295148171,1.319966356
1268,1.755479762,1.704254596,0.003734982731,0.003749179068,0.002110293378,-0.003123786105,0.7,0.003221438626,0.004248526835,0.7695194895
1269,0.4028957211,0.4827633707,0.000979652257,0.001240752444,0.004375329858,0.005480023866,-0.8,0.004860789131,-0.002901484617,2.030939898
1270,-1.043692305,-1.032309066,-0.002603168508,-0.002738093999,-0.004952981329,0.008231419952,-0.4,-0.005307678755,0.0001013417382,
1271,0.6766306243,0.2732500229,0.001333415193,0.0005651252193,-0.0008725925123,0.003298337046,-0.1,0.001829995787,0.0008368345992,0.8335926972
1272,-0.8063103478,-0.9406701457,-0.001940246317,-0.002306291544,0.0008173555792,0.01411430939,-0.9,-0.00176975615,-0.002110736484,
1273,-2.123754258,-2.298376885,-0.004836100871,-0.005377479728,-0.004627890732,0.004255908299,-0.3,-0.005919911545,-0.003752290197,
1274,0.4233719719,-0.03517047356,0.000945318421,-8.124147897e-05,-0.004652729881,0.003443238402,-0.8,-0.001006286418,0.00289692326,1.483551672
1275,2.126753846,1.769521579,0.003948858463,0.003479003592,0.003139856983,-0.005067671953,0.7,0.006562014064,0.001335702862,0.6205192141
1276,0.2690292996,0.3979059817,0.0006023032108,0.0009239406073,0.0003892739119,-0.001473592116,-0.3,0.0003126663993,0.0008919400224,0.7566236365
1277,-2.005830982,-1.983798088,-0.004536050992,-0.004810595525,-0.007316109166,0.0006586568589,-0.4,-0.001242656274,-0.00782944571,
1278,0.9029677106,1.036932868,0.001891084911,0.002249303935,-0.001127111718,-0.0004515941058,0.0,0.004222483804,-0.0004403139829,1.254485679
1279,-0.7510545073,-1.127115045,-0.001601319339,-0.002536041359,-0.001509278894,-0.0005909078137,-0.3,0.000908151209,-0.004110789887,
1280,0.06497780754,-0.2277059088,0.0001344867714,-0.0004718864452,-7.885132165e-05,-0.0005559041056,-0.4,0.001860924468,-0.001591950925,5.852013533
1281,-1.875208071,-2.026464111,-0.004885345014,-0.005339245344,-0.005944978656,0.005971067608,-0.2,-0.0002240855409,-0.009546604487,
1282,-0.3312251691,-0.5560553696,-0.0007806014675,-0.001300289617,0.002965837321,0.001674248664,0.0,-0.001999885664,0.0004386827291,
1283,-0.6669614408,-0.5570215477,-0.001505377495,-0.001270890133,-0.002273503053,0.005127370109,-0.4,-0.003720642998,0.000709888008,
1284,0.745256807,0.5942004525,0.001645402409,0.001351259567,0.006606375817,-0.00412615624,-0.5,0.0008458992287,0.002444905589,0.5584512895
1285,-0.7818647091,-0.7400573177,-0.00168782916,-0.001674361467,-0.0005020079632,0.00622192231,-0.8,-0.003131104378,-0.0002445539412,
1286,-0.9544345404,-0.8504374744,-0.002211886977,-0.002058572353,0.002502740787,0.005327961323,0.4,-0.002820365958,-0.001603407996,
1287,-1.715772328,-1.587231075,-0.003564435627,-0.003235807149,-0.003342874115,0.004067398486,-0.9,-0.003583168751,-0.003545702502,
1288,-1.044172449,-1.170903008,-0.002593828929,-0.003017630751,0.001417823755,-0.004939171656,-0.4,-0.002117950387,-0.003069707472,
1289,1.601738051,1.689788872,0.003397194861,0.003591183027,0.002721871656,-0.00512545846,0.8,0.002998804291,0.003795585431,0.6782055509
1290,-0.7699932909,-0.7372117416,-0.00167096577,-0.001615011342,-0.001776665736,-0.001260685997,-0.2,-1.278965296e-05,-0.003329141887,
1291,1.916706348,2.131669587,0.004304907979,0.004967027474,0.003877176934,-0.004787161781,0.2,0.00737602562,0.001233790338,0.5476414435
1292,1.425228503,1.324903167,0.003348783662,0.003184515382,0.003531703802,-0.007466734163,0.9,0.001660086197,0.005037481127,0.8774599994
1293,-0.09268994243,-0.5615912676,-0.0002135713152,-0.001305258564,0.002793696489,-0.0005730252572,0.2,-0.004021873277,0.003594730646,
1294,-0.9543345992,-1.229064295,-0.002308439616,-0.003063395624,-0.007575877161,0.003626880662,-0.2,-0.002440128536,-0.002176750695,
1295,-0.00185469361,-0.500944244,-4.053913568e-06,-0.001140716871,-0.002373672437,0.001239047019,-0.7,-4.852889386e-05,4.042106672e-05,
1296,-1.751377395,-2.16208179,-0.003902755653,-0.004991891244,0.001838699339,0.008446029105,0.0,-0.004377955019,-0.003427556287,
1297,-0.08595044275,0.007761735825,-0.0002011428702,1.875990289e-05,-0.005336941522,0.005461274703,-0.9,-0.002663067782,0.002260782042,
1298,-1.803620853,-1.678676213,-0.003776162184,-0.003648428786,-0.003896505305,0.002861087819,-0.9,-0.002177462636,-0.005374861733,
1299,1.092388027,1.498195661,0.002478001509,0.003560461413,0.0009791738725,-0.008589090792,-0.4,0.00429857011,0.0006574329087,0.5751273535
1300,0.6248081543,0.5610146583,0.001352691591,0.001275320083,0.0001588957871,-0.005744753204,0.4,0.003573317212,-0.0008679340294,0.7651716173
1301,-0.3850348566,-0.8221492061,-0.000833600742,-0.001854784141,-0.004537816141,0.002006757338,-0.3,-0.001762287642,9.508615824e-05,
1302,-1.083674441,-0.9426813967,-0.002265073061,-0.00211426176,-0.004526332063,0.004725476331,-0.4,-0.00375183039,-0.0007783157316,
1303,-1.9912276,-2.025981511,-0.004470963255,-0.004679311637,-0.001462904263,0.004944164354,0.0,-0.002858408351,-0.006083518159,
1304,1.762423312,1.767662652,0.003788770437,0.004174406225,0.005022315317,-0.00983037864,0.5,0.0065764086,0.001001132274,0.7804641839
1305,-1.03954816,-1.279254128,-0.002183073729,-0.002778610955,-0.005207067865,0.006284109986,-0.8,-0.0009671062111,-0.003399041247,
1306,-0.9821049181,-0.9144104639,-0.002298670862,-0.00214789539,-0.0009224713907,0.006315636153,0.0,-0.00738208922,0.002784747496,
1307,-1.121015801,-1.15719432,-0.002435869495,-0.002646914564,-0.00269031163,0.008851277844,-0.5,-0.003191379103,-0.001680359888,
1308,0.1394915916,-0.2298727985,0.0003082158035,-0.0005296488893,-0.002797968903,-0.0009592222342,-0.2,-0.002880921537,0.003497353144,5.236787499
1309,0.7341489481,0.8852436254,0.001694151346,0.002072019972,-0.0001297330248,-0.004847275599,0.9,5.15673107e-05,0.003336735382,0.8827376491
1310,-1.5078786,-1.827207284,-0.003396190676,-0.004160152072,-0.006665805692,0.007795567353,-0.9,-0.00369979587,-0.003092585482,
1311,-0.5547140837,-0.7089219733,-0.00131594565,-0.00166627436,-0.00395983821,0.006441931168,-0.9,-0.006764063982,0.004132172683,
1312,1.328153594,1.327308528,0.003244023582,0.00331149065,-0.002757811939,-0.0005470021541,0.0,0.002651752185,0.003836294979,0.7592860573
1313,1.204456946,1.162213084,0.002900689905,0.002809735483,-0.00287815947,-0.003132687293,0.6,0.00450902633,0.00129235348,0.6969710103
1314,-1.545310697,-1.562863537,-0.003473527382,-0.003647760963,-0.003001619186,0.009163130738,-0.2,-0.004201276132,-0.002745778632,
1315,-1.581370804,-1.843642248,-0.003701668562,-0.004456838234,-0.001105476199,0.007098502517,-0.3,-0.00623989604,-0.001163441084,
1316,0.196859703,0.1530824301,0.00049472381,0.0004128607516,0.000905065431,0.001963372227,-0.8,0.001565389335,-0.0005759417153,1.025061275
1317,1.074229954,0.6341106864,0.002739207873,0.001649477468,0.004806135401,-0.005064441286,0.8,0.005351137311,0.0001272784341,0.642563254
1318,-1.067506314,-1.20474604,-0.002423937022,-0.002785650013,-0.0003234773069,0.002110939338,-0.2,-0.002988338366,-0.001859535678,
1319,-3.496462809,-3.476739588,-0.007242650893,-0.007711424455,-0.007004698249,-0.001383892334,-0.7,-0.006810938395,-0.007674363392,
1320,0.5214295083,0.2410539907,0.0009553470106,0.0004355310297,0.001843109998,-0.002938209774,0.9,0.0009732010388,0.0009374929824,1.341343928
1321,-0.688127469,-0.9053771298,-0.001564630799,-0.002097087266,-0.003616075794,0.001870087006,-0.8,-0.006498484496,0.003369222898,
1322,0.5138318094,0.4630681547,0.001276875334,0.001193902034,0.002580136083,-0.002618079866,0.9,0.001508639144,0.001045111524,0.6667337143
1323,-0.8424974822,-0.9059180419,-0.002001471338,-0.002344644699,-0.002441856235,0.005714266678,0.2,0.001444867227,-0.005447809903,
1324,-1.827016062,-1.612473772,-0.004103166691,-0.003763459506,-0.005423371021,0.004899940352,-0.8,-0.004383047531,-0.003823285852,
1325,0.3342138368,-0.1257419594,0.0008634103267,-0.0003313988139,0.001175727877,-0.004265014627,0.4,-0.002111835132,0.003838655786,2.874692557
1326,-0.5769779723,-0.9899279378,-0.001226063949,-0.002163186487,-0.006311655444,-0.002627761882,0.3,0.0006525767238,-0.003104704622,
1327,-2.357120033,-2.366491286,-0.005747576301,-0.005956034598,-0.004033164179,0.007650368104,-1.0,-0.01016971939,-0.001325433209,
1328,-0.9692392332,-1.128043466,-0.002209298604,-0.002601415283,6.606693505e-05,0.01155937094,-0.8,-0.002673826492,-0.001744770716,
1329,-0.2093525655,-0.7272804475,-0.0005020615776,-0.001778115611,-0.004937003042,-0.005048509173,0.1,-0.002509702986,0.001505579831,
1330,-2.322414325,-2.600007957,-0.004982195877,-0.00554589544,-0.00590922218,0.01015155681,-0.3,-0.005437074309,-0.004527317445,
1331,-1.803075738,-1.713456335,-0.004409896466,-0.004251498624,-0.005356247486,0.005243352412,0.5,-0.005176696312,-0.00364309662,
1332,-1.322810185,-1.451451843,-0.003089995057,-0.003605136374,-0.002612294307,0.004208336844,-0.2,-0.00354820949,-0.002631780624,
1333,-0.5337458068,-0.6915014103,-0.001091525902,-0.001429312837,0.002233378893,-0.001207663956,0.7,0.003935036247,-0.00611808805,
1334,-0.7002139137,-0.9732936578,-0.001563288388,-0.00226710691,-0.003934450331,-0.003026578205,0.0,-0.001230161462,-0.001896415314,
1335,-0.6082168366,-0.5645012823,-0.001408613127,-0.001381699508,-0.005388587111,-0.001329982308,-0.7,0.004087306169,-0.006904532423,
1336,-2.937832636,-2.658639796,-0.006919893443,-0.006634931554,-0.005789147712,0.006848107167,-0.4,-0.01243481527,-0.00140497162,
1337,0.09018597115,0.2243402411,0.0001733528136,0.000451966002,0.004829533988,0.002083365309,0.6,0.001616452538,-0.001269746911,4.355235355
1338,-1.096411341,-1.733784002,-0.002470289818,-0.004025357856,-0.003744536756,0.002735451289,-0.2,-0.003809552475,-0.001131027161,
1339,0.6629294189,0.642289447,0.001494632863,0.001503332422,-0.001304882606,-0.001282000339,-0.4,7.936117994e-05,0.002909904546,1.402682924
1340,2.795741567,2.568152294,0.007178059356,0.006737966103,0.003312876235,-0.005805191095,0.9,0.01492732705,-0.000571208339,0.5358173285
1341,-1.057893746,-1.365211852,-0.002718602047,-0.003573469352,-0.005195652449,0.007270171877,-0.2,-0.003236441499,-0.002200762594,
1342,-1.114114248,-1.01854849,-0.002705968605,-0.002536434895,-0.003568502237,0.002605753074,-0.2,-0.006461895084,0.001049957874,
1343,-0.1231292898,-0.3478335073,-0.0002800683856,-0.0008298832628,-0.0003038915029,-0.002007451997,0.0,0.000359854924,-0.0009199916952,
1344,0.5224706761,0.5243428291,0.001207003185,0.001269234681,0.003685661503,0.0009051774035,0.0,-0.001220864349,0.003634870719,1.008878202
1345,-1.117430155,-1.101572612,-0.00254664078,-0.002597068012,-0.001425216659,0.001609559904,0.0,-0.001576737875,-0.003516543685,
1346,-0.1766613205,-0.5339396803,-0.0003766249585,-0.001143659566,-0.002035235954,0.006772464955,-0.1,-0.004361497771,0.003608247854,
1347,-1.411941663,-1.592615335,-0.002711152008,-0.003129440215,-0.006100115665,0.006747227623,-0.9,-0.002019592626,-0.00340271139,
1348,-0.5403100181,-0.4973971432,-0.001258267725,-0.001149378372,-0.005903566901,0.001906888275,-0.6,0.00392393246,-0.006440467911,
1349,-0.9427856178,-0.7555285311,-0.002320879627,-0.001903131121,-0.002356475852,0.001813904289,0.0,-0.002825531757,-0.001816227497,
1350,0.9714072186,0.9240105964,0.002595151615,0.002463810567,0.005021617774,-0.00117708965,0.3,0.005689682205,-0.0004993789743,0.8165160825
1351,0.004114312025,0.3096315185,9.110099762e-06,0.0006817365387,-0.0006273374646,-0.0006045685282,-0.1,0.003870596222,-0.003852376022,169.6847346
1352,0.8238390673,0.9535765249,0.001862203787,0.002191209752,0.001143855611,-0.005640994441,0.3,0.000165872057,0.003558535518,0.9111252876
1353,-1.498664704,-1.768784324,-0.003916614913,-0.005016381742,-0.002990464078,0.00413145798,0.1,-0.004395037475,-0.003438192351,
1354,0.2231694338,0.4497303256,0.0004665340873,0.001017059312,-0.001959812588,-0.00400923102,-0.4,0.0001501083206,0.0007829598539,2.124377008
1355,-0.5314891155,-0.4915364854,-0.001344770424,-0.001261045438,-0.004205728361,-0.001914471029,-0.2,-0.002148902036,-0.0005406388108,
1356,-0.002089212524,-0.3920726939,-4.596605833e-06,-0.0008909324981,0.001175988748,0.007497180929,-0.3,-0.001965015855,0.001955822643,
1357,1.167019824,1.124320138,0.002638917385,0.002610508208,0.003497745762,-0.003050725124,0.2,0.0003012971671,0.004976537602,0.5198232186
1358,-0.1587926308,0.07492445459,-0.0003418156328,0.0001747745916,-0.004459448276,-0.0002124029835,-0.2,0.000122718159,-0.0008063494246,
1359,-1.731868672,-1.61971883,-0.004188578743,-0.003963873349,-0.004894977416,0.00370053243,-0.9,-0.002397418005,-0.005979739481,
1360,1.045433483,0.7685288469,0.00198620791,0.001547007781,-0.0005913300222,-0.007696397662,-0.4,0.002818758828,0.001153656991,0.6370797267
1361,-0.2101827093,-0.1851605844,-0.0004512058251,-0.000416647599,-8.457874021e-06,-0.001431648639,0.4,-0.004505907904,0.003603496254,
1362,0.9788041303,0.6921201991,0.002549972179,0.001837380735,0.005837825527,0.001667111641,0.0,-0.002400804884,0.007500749242,1.151571471
1363,-0.2320461791,-0.5586959473,-0.0005812873111,-0.001356750193,-0.003469176294,0.003800070635,0.4,0.002759879289,-0.003922453911,
1364,2.02739096,1.942823392,0.00476618668,0.004763166857,0.005809226134,-0.004281399158,0.4,0.00706887322,0.00246350014,0.715419459
1365,-1.352898501,-1.04480755,-0.002984635802,-0.002478242939,-0.002099316236,0.00349507716,-0.1,-0.004491160107,-0.001478111497,
1366,0.1667566658,0.150064367,0.0003622026351,0.0003312536008,-0.002305885375,-0.0007987742989,-0.8,0.001582211744,-0.0008578064742,4.267000721
1367,-0.8766861462,-0.8366341969,-0.001907490798,-0.001855185212,0.001039884751,-0.001104628607,-0.5,-0.001784451484,-0.002030530112,
1368,-0.179305422,-0.5009920615,-0.0004527241062,-0.00131134326,0.001165423136,0.0009843396467,-0.1,-0.005475531057,0.004570082844,
1369,-0.882492304,-0.8548273985,-0.002075183568,-0.002117641256,-0.002124335529,0.006772665666,-0.9,0.00228329239,-0.006433659526,
1370,1.046505758,0.6351532733,0.002219301104,0.001389668163,-0.0003122615014,0.00330132538,-0.5,0.002250961738,0.002187640469,0.3139760243
1371,0.9886779483,0.7942426953,0.00253087808,0.002082997666,-0.00194260322,8.887806248e-06,-0.7,-0.002580338041,0.007642094201,1.516778191
1372,-0.1426627231,-0.4754802891,-0.0003545246099,-0.001282122574,-0.0036009296,-0.004024841424,-0.4,-0.004097953991,0.003388904771,
1373,0.2950442021,0.3890535456,0.0007235650007,0.0009670096879,-0.0006882755209,-0.002711878035,-0.3,0.003493890908,-0.002046760906,2.482283852
1374,-2.060872882,-1.91318552,-0.005069956616,-0.004855745242,-0.001813797409,0.003430820753,-0.7,-0.00312542647,-0.007014486763,
1375,-0.5556914579,-0.7658146782,-0.001330999543,-0.001889203755,-0.003440707574,-0.002074295626,0.3,-0.003102366855,0.0004403677695,
1376,-0.6706549912,-0.6042879157,-0.001673582303,-0.001528030067,-0.002773903314,0.007092643647,-0.2,0.0008441455712,-0.004191310177,
1377,-0.3226781962,-0.485109245,-0.0006635225416,-0.001072879584,-0.002795247837,0.00763260312,-0.2,0.002967400062,-0.004294445145,
1378,-1.978777542,-1.811491665,-0.004322474613,-0.004099832823,-0.002870157932,0.001317609322,-0.9,-0.003898317326,-0.004746631901,
1379,0.7682380707,1.092940265,0.001702983171,0.002594458994,0.006168212729,0.0009263733497,0.2,0.002253378234,0.001152588108,1.117986846
1380,0.8241239907,0.720055989,0.001871936792,0.001734706548,-0.0006136754455,-0.002072310996,0.4,0.006152050668,-0.002408177085,1.315818745
1381,1.276963625,1.289382421,0.002765774916,0.002871520393,0.002931873011,-0.003676222181,-0.3,0.008128751122,-0.002597201291,0.9847994272
1382,-1.559695206,-1.414176195,-0.003678521807,-0.003487443682,-0.007615572542,0.007691531312,-0.9,-0.0003024193651,-0.00705462425,
1383,0.4703326516,0.4131172178,0.001171482175,0.00110095374,-0.004611238037,0.003599138902,0.1,0.0004965176396,0.00184644671,1.605228131
1384,-0.3712985031,-0.3788788958,-0.0008621583159,-0.0009150997342,-0.004961111818,0.005700776852,-0.9,0.003801719469,-0.0055260361,
1385,-1.575312468,-1.747498755,-0.003602342791,-0.004189425378,-0.005113622313,0.004835580723,-0.9,-0.009399869381,0.002195183799,
1386,-0.3414528167,-0.5005473769,-0.0007550091027,-0.001161347297,-0.002303618811,0.003006496,-0.7,-0.002407527201,0.0008975089957,
1387,-0.7038681847,-0.5237049204,-0.00174327397,-0.001371313674,-0.005049903201,0.002891108349,-0.2,-0.003903276904,0.000416728964,
1388,0.1348948921,0.3137135952,0.0003561674105,0.0009003781648,-0.001107707401,0.007085216047,0.3,0.003836421845,-0.003124087024,5.899696461
1389,-0.978223312,-1.571883166,-0.002179111463,-0.003627091863,-0.004536892871,0.001552091231,-0.4,-0.003224118364,-0.001134104561,
1390,1.47700325,1.515397731,0.003164809764,0.003471603453,0.003879419567,0.0002440547904,-0.5,0.003545922216,0.002783697313,0.4355167211
1391,-0.5926084282,-0.6170048784,-0.0014022259,-0.001472392238,0.0009647901588,5.426424677e-05,0.0,-0.002439334411,-0.0003651173884,
1392,-0.8115799515,-0.9026883738,-0.001729774762,-0.002044990379,-0.004135832273,-0.001308118337,0.0,-2.044914709e-06,-0.003457504609,
1393,-1.327718426,-1.460597451,-0.002669526986,-0.003068959225,0.001222732322,0.004123316031,0.4,-0.00336374618,-0.001975307793,
1394,-1.628305136,-1.490226908,-0.003819291834,-0.003601000642,0.0005060186669,0.007084568064,-0.8,-0.0008128085206,-0.006825775147,
1395,2.433297716,2.252558952,0.005482219541,0.005119367966,0.01110364061,-0.009035414499,0.9,0.00178010617,0.009184332913,0.5573674438
1396,-1.120144689,-1.558241674,-0.002644512949,-0.003623226136,0.002121251125,0.008968531887,-0.5,-0.0008941019285,-0.004394923969,
1397,-0.2709449413,-0.3886740069,-0.000564565759,-0.0008435657403,0.003165589166,0.001729148386,0.2,-0.002899488903,0.001770357385,
1398,-0.01602468456,0.102740556,-3.977946822e-05,0.0002652045988,0.00514832641,-0.0001930009644,0.2,0.00151913584,-0.001598694777,
1399,0.4412124194,0.5046325492,0.0009112376144,0.001091056693,-0.002141378324,0.001135202733,-0.4,0.002535687689,-0.0007132124601,1.252025621
1400,0.5334894845,0.1928383638,0.001243346853,0.0004693796507,-0.004424329068,-0.003877114706,0.0,0.002914446462,-0.0004277527566,1.197062337
1401,-0.2281798562,-0.2287374882,-0.0005985751678,-0.0006003304117,0.000563888196,-0.001971150858,0.2,0.001037559062,-0.002234709398,
1402,-1.010896687,-0.979364466,-0.002339484368,-0.002333649692,-0.00616344022,-0.0009287815897,0.0,-0.004122519213,-0.0005564495225,
1403,-0.6372177331,-0.7920918035,-0.001550049681,-0.002055070002,-0.002788608974,-0.002539361776,0.0,0.000826753602,-0.003926852963,
1404,-0.6190569402,-0.7481850593,-0.001331040471,-0.001704103648,-0.00588745428,0.003621785815,-0.2,-0.003840092254,0.001178011313,
1405,-0.2560647735,-0.2683359798,-0.0006127643429,-0.0006446801,0.003657690001,0.002163114401,0.2,0.002051492118,-0.003277020803,
1406,-0.05946556598,0.09211855758,-0.0001506794267,0.0002512808853,-0.001792880059,-0.001100818383,0.0,0.004550080784,-0.004851439637,
1407,-1.791490096,-1.721510362,-0.003755064613,-0.003667856956,0.0003275794017,0.006150867852,-0.8,-0.003508334471,-0.004001794755,
1408,1.046785203,0.6817400767,0.00249050198,0.001608803527,0.002714611653,-0.007104807137,0.3,0.003102428797,0.001878575162,0.8885659747
1409,0.1882542113,0.238365172,0.0003827626608,0.0004916613122,0.0001227071705,-0.001187748055,0.2,-0.0004305684556,0.001196093777,3.389703667
1410,-1.444831743,-1.332625362,-0.003344805466,-0.003120518598,1.616952703e-05,0.00468972848,-0.2,-0.002834473181,-0.003855137751,
1411,-1.028468779,-1.081665383,-0.002234770245,-0.002563097358,-0.001647428778,0.0026610536,0.4,-0.001482025476,-0.002987515015,
1412,-0.4705232879,-0.5848734642,-0.001149009767,-0.001468356402,0.0009136844514,-0.003097330763,0.4,0.002271109542,-0.004569129077,
1413,-0.4129581903,-0.6884501033,-0.0009308267547,-0.001570830252,-0.006709639142,-0.003195999754,0.5,0.002709567844,-0.004571221354,
1414,-2.467948514,-2.637788059,-0.006383597499,-0.007259759087,-0.002879898644,0.004631648061,-0.6,-0.003377510546,-0.009389684453,
1415,0.6469982831,0.8358261512,0.001535361672,0.002005820142,-0.00177768494,-0.003034685468,0.1,0.002641176727,0.0004295466176,1.091482122
1416,-0.6431178177,-1.045676302,-0.001353002342,-0.002298339924,-0.00178753105,-0.0005881415151,-0.2,-0.003691460149,0.0009854554651,
1417,-3.188078629,-3.22690465,-0.006422977185,-0.006833000119,-0.008294949042,0.006494090701,-0.4,-0.008701486549,-0.004144467821,
1418,-1.098564359,-1.063111614,-0.002517395993,-0.00259697199,-0.003972841954,0.002774551867,-0.6,-0.004032259752,-0.001002532233,
1419,-0.8639567104,-1.13627352,-0.002051304913,-0.002887794728,-0.004371714695,0.0002042039651,0.3,-0.001806241893,-0.002296367933,
1420,-1.939297768,-1.500243078,-0.003750928998,-0.003012370549,-0.001532682251,-0.001569171443,0.1,-0.002720832845,-0.004781025152,
1421,0.5893285756,0.07751269319,0.001410723076,0.0001839491997,0.001213702222,0.0004944480239,0.7,1.108241509e-05,0.002810363738,0.6504345965
1422,-0.9516299978,-0.9589839333,-0.002355179139,-0.002446840378,-0.00422960902,0.001899717335,-0.2,-0.0007191675287,-0.003991190748,
1423,-0.2020252515,-0.4140114065,-0.0004274232625,-0.0009198726792,-0.001015306963,-0.001398607368,0.1,-0.003036694257,0.002181847732,
1424,-1.189954923,-1.539958292,-0.002680552916,-0.003532865152,0.0002728073108,0.0005060555239,0.4,-0.004531215958,-0.0008298898732,
1425,-1.380067258,-1.430167676,-0.003398062684,-0.003644955729,-0.003342317836,0.002776221955,-0.9,0.0002074798111,-0.007003605178,
1426,-0.5303669673,-0.3722316735,-0.001384329995,-0.0009690802264,-0.003573644442,-0.005255979586,0.1,-0.001497851321,-0.001270808669,
1427,-0.8068820891,-0.8449847812,-0.001804579403,-0.001939441921,-0.00714099689,0.002191298583,-0.9,-0.002833049343,-0.0007761094624,
1428,-0.7876454819,-0.9160859849,-0.001811937907,-0.002170382937,-0.004751765057,0.001850333339,-0.9,-0.005963014016,0.002339138202,
1429,-1.553588031,-2.045650643,-0.003339310445,-0.004455116903,-0.01016011944,0.0008087944936,0.5,0.001707312387,-0.008385933277,
1430,0.190898649,0.4407212546,0.00046149043,0.001072252631,-0.002454509119,0.0003376470456,0.0,-0.002011790685,0.002934771545,5.181792861
1431,0.04669344203,-0.168638912,0.000106851954,-0.0003989959547,-0.003709797101,-0.001060416389,-0.2,-0.0006892821664,0.0009029860743,10.99699844
1432,-0.006595535846,-0.3468025778,-1.56265099e-05,-0.0008738248589,-0.005206547225,-0.002467108006,-0.2,0.006645170835,-0.006676423855,
1433,0.8925814437,1.147824933,0.001858936575,0.002371235775,0.002872042182,-0.002645444274,-0.3,0.001369953459,0.002347919692,0.3611968268
1434,0.6408993963,0.8477970526,0.001438426856,0.001938056968,0.003277620953,-0.002313460329,0.9,0.000555377959,0.002321475752,1.289802032
1435,-0.08844656684,0.2572006331,-0.0001783632645,0.0005195568696,0.001590319607,-0.0009240647371,0.9,-0.00318459413,0.002827867601,
1436,-0.4099754246,-0.6272746233,-0.0009885940644,-0.001634152152,2.073710816e-05,0.003366256323,0.2,-0.00135729393,-0.0006198941992,
1437,-0.003768728343,-0.05293251802,-8.899775428e-06,-0.0001254125976,-0.001358590972,-0.003157201693,0.5,-0.001775674135,0.001757874584,
1438,0.02004238567,0.0794716687,4.85775113e-05,0.0001929445759,0.00106325324,-0.0009285100802,-0.4,-0.00144722337,0.001544378392,30.23128279
1439,-2.344813268,-2.158532018,-0.005534704155,-0.005519991033,-0.005116282073,0.003963767116,-0.9,-0.004751693389,-0.006317714921,
1440,0.2363207063,0.6090154367,0.0005788989708,0.001522447015,-0.0006963270339,-0.006948894461,0.0,0.008170222747,-0.007012424805,6.075813903
1441,-4.192637537,-4.126503863,-0.009123832817,-0.009304713139,-0.009378439158,0.01325489614,-0.9,-0.01389280148,-0.004354864154,
1442,0.8925986538,-0.03333477436,0.001855330984,-7.130303973e-05,-0.002595584411,-0.002223409762,0.3,0.002672179403,0.001038482564,0.5448385767
1443,-0.6405307601,-1.059391584,-0.001646682534,-0.002938160312,-0.005063055524,0.0003559109137,-0.2,-0.004482161541,0.001188796472,
1444,-0.6739161693,-0.841490825,-0.001694629417,-0.002116509277,0.001097254991,0.004854065881,0.4,-0.003116314026,-0.0002729448078,
1445,1.238869505,1.077104006,0.002430823997,0.002221977629,0.00238927416,0.0003727065992,-0.4,0.001615109065,0.003246538929,0.6790911068
1446,1.400172354,1.351440844,0.003244404447,0.003392067888,0.001269963973,-0.006456525126,0.4,0.004404477475,0.002084331419,0.4767976083
1447,2.921925354,2.598045705,0.006562168218,0.006181193798,0.009661499432,-0.008150879212,0.7,0.004759567464,0.008364768973,0.3988349454
1448,-1.293289783,-1.319342046,-0.003326917634,-0.003457296359,-0.003814554613,0.009084153333,-0.4,-0.006388869024,-0.0002649662447,
1449,0.3100652116,0.4388545635,0.0005994324867,0.0009021517968,-0.0007097532381,0.005518882698,-0.2,-0.001120184385,0.002319049358,1.717365746
1450,-1.906922916,-2.03548051,-0.004332159279,-0.004706701961,-0.004934369559,0.00438210627,-0.4,-0.002384943189,-0.00627937537,
1451,-2.576951358,-2.682181868,-0.005848542307,-0.006144651315,-0.007476533932,0.008076659605,-0.4,-0.001967874114,-0.009729210499,
1452,1.202322061,1.596026983,0.002728647721,0.003894164766,0.004065728351,-0.002621337605,-0.3,0.005202842503,0.0002544529387,0.596561233
1453,-0.2255791698,-0.2100687911,-0.0005352178421,-0.0005078371649,-0.0007190873106,0.00233577976,-0.6,0.00424274673,-0.005313182414,
1454,0.1589645286,-0.003109264742,0.0003824979359,-7.674891154e-06,0.0001246931272,0.0004688617732,-0.5,-0.001359759763,0.002124755635,3.847159123
1455,-0.1067135504,-0.04405377486,-0.0002701682093,-0.0001172265109,-0.002475773456,0.003099753918,-0.2,0.003707849213,-0.004248185631,
1456,-0.7247811885,-0.8319246562,-0.001881643103,-0.002204483086,-0.004942705135,0.001051039957,-0.4,-0.003435078887,-0.0003282073197,
1457,-2.033130138,-2.366140171,-0.004976973173,-0.005977450794,-0.004108315368,0.003344507424,-0.4,-0.002687153723,-0.007266792622,
1458,-3.172633498,-2.983024071,-0.007230825208,-0.007014026493,-0.0089681428,0.006725180555,-0.2,-0.005192458964,-0.009269191452,
1459,-0.4679202819,-0.5597611485,-0.001009491787,-0.001205275425,0.001670680404,0.006283672764,-0.8,-0.001235947751,-0.0007830358236,
1460,-0.01932039542,0.2812701946,-4.008243362e-05,0.0006003248085,0.003768969235,0.004408827735,0.4,-0.0009029774554,0.0008228125882,
1461,-2.143814623,-2.409011793,-0.00437334593,-0.005086047789,-0.003935651039,0.004698762025,0.1,-0.003390686514,-0.005356005345,
1462,1.354989227,0.9967319928,0.002985915617,0.00213446956,0.001597213096,-0.005023347675,-0.4,0.001864763982,0.004107067251,0.3669234077
1463,-2.220788232,-2.12661285,-0.004888722595,-0.005000015714,-0.006245776348,0.007929362958,-0.9,-0.005213455791,-0.004563989399,
1464,-4.097015165,-3.828745417,-0.008837086092,-0.008482321393,-0.01082331507,0.006338032599,-0.3,-0.007896725054,-0.00977744713,
1465,0.3026327915,0.05112742741,0.0007212014746,0.0001224383817,0.003783420578,0.005630154426,-0.6,-0.001509755282,0.002952158231,2.553670263
1466,-0.3466592314,-0.4316268846,-0.0008294431285,-0.001091292176,-0.002129437,-0.0010224709,-0.2,0.00304336124,-0.004702247497,
1467,-1.846181973,-1.848934051,-0.004465666716,-0.0044535417,-0.006140405157,0.004871185468,-0.9,-0.007104127579,-0.001827205853,
1468,-2.49254391,-2.173089463,-0.005127945053,-0.004656075727,-0.009898977852,0.01098678077,-0.7,-0.0004777513313,-0.009778138775,
1469,-0.3683486489,-0.7432837077,-0.0008685972485,-0.001814007739,0.002259603167,-0.0008764221503,-0.5,-0.001346660233,-0.0003905342642,
1470,0.4979807182,0.8188358662,0.001056806744,0.001787765527,0.003932183826,-0.003994115856,0.2,0.000249396117,0.001864217371,1.793206575
1471,-0.6408225713,-0.5224956536,-0.001401820509,-0.001216579617,-0.0002596302607,0.000377926687,-0.1,0.004291873637,-0.007095514655,
1472,-1.542041396,-1.656546628,-0.003576457402,-0.003976480093,-0.002854545507,0.001242114805,-0.9,-0.003716998428,-0.003435916376,
1473,-0.7666923773,-1.070253322,-0.001693975081,-0.00241586438,0.001860669396,0.004851599053,-0.8,0.002023004476,-0.005410954638,
1474,0.6721493097,0.3416210988,0.001719561861,0.0009366409409,0.0001399531808,0.004763197723,0.2,0.002285351243,0.00115377248,0.6062322896
1475,-4.144439783,-4.592451601,-0.009424722707,-0.01044618546,-0.01187275239,0.01579498397,-0.9,-0.01262573003,-0.006223715387,
1476,-0.233334689,-0.3781660354,-0.0005002816733,-0.0008727703719,0.0007277549057,0.002384235493,-0.7,2.720328675e-05,-0.001027766633,
1477,0.7656729694,0.4641519818,0.001849422199,0.001147037569,-0.001715678849,-0.004389101547,-0.4,0.00148044975,0.002218394648,0.8327600701
1478,-0.340366098,-1.158899126,-0.0007792527655,-0.002705937561,-0.002549733229,-0.002716477758,0.8,0.006862238987,-0.008420744518,
1479,-1.545560116,-1.215788263,-0.003448730049,-0.002799201784,-0.001670281305,0.003699677103,-0.7,0.001099229108,-0.007996689206,
1480,-0.738233065,-0.7598836883,-0.001678998735,-0.001770426799,-0.003826619792,0.004478722709,0.3,0.001547710036,-0.004905707506,
1481,0.4393630718,0.3446885616,0.00107626147,0.000851952926,0.001324706671,-0.003261227558,0.3,-0.00320983973,0.005362362669,2.422345755
1482,-1.013023438,-1.184954955,-0.002373365999,-0.00281874377,-0.005667332794,-0.001437050417,-0.3,0.001813926706,-0.006560658704,
1483,-0.9761045823,-0.9912439694,-0.002328321287,-0.002555399982,-0.007617778128,0.001784707522,-0.9,-0.006218436423,0.001561793849,
1484,-0.1772010626,-0.4494016494,-0.0004019597603,-0.00108114229,0.004331895655,-0.002245164459,0.2,-0.002142171377,0.001338251856,
1485,-1.938048713,-2.240936749,-0.004559226746,-0.005567660557,-0.007710417282,0.000400694992,-0.5,-0.004052155044,-0.005066298447,
1486,-0.7435460054,-0.3539519431,-0.00163508239,-0.0008171942343,0.001072026853,0.006610894277,0.2,-0.001971067408,-0.001299097372,
1487,-1.337552413,-1.202339859,-0.00311000366,-0.002883626218,-0.004846207684,0.0006736051755,-0.5,-0.002269625807,-0.003950381513,
1488,-2.6728616,-2.483996547,-0.006934246399,-0.006893912946,-0.007251201107,0.00484952736,-0.9,-0.008146696262,-0.005721796537,
1489,2.273166274,2.365459186,0.004829319276,0.005183410915,0.005850871248,-0.006393947175,-0.3,0.005169101341,0.004489537212,0.5392012638
1490,-0.7560410924,-0.9401820728,-0.00180740834,-0.002317649118,-0.002684155936,0.002634052946,-0.9,0.001680514961,-0.005295331641,
1491,0.5657455465,0.4439936988,0.001301924998,0.001049929549,-0.002758992957,-5.084545816e-05,0.0,0.004309960094,-0.001706110099,1.041657979
1492,-1.432919566,-1.512770325,-0.003449973562,-0.003721192803,-0.003607289519,0.003050861397,-0.3,-0.002938798738,-0.003961148385,
1493,-0.7013169841,-0.4393407665,-0.001586610302,-0.001037415447,-0.0005840369467,-0.000289101516,-0.4,0.002085175539,-0.005258396143,
1494,-2.462287112,-2.511580957,-0.006202466265,-0.006638749385,-0.008335363955,0.00544118201,-0.2,-0.002639041284,-0.009765891247,
1495,0.1612379002,-0.258183096,0.0003788537184,-0.0006339959438,-0.001105395496,4.777546312e-06,0.3,0.0002111553821,0.0005465520548,3.40452023
1496,-0.02473845307,-0.1649964583,-5.855556249e-05,-0.0004133750786,-0.006900118693,0.004176577355,-0.3,-0.0005568412979,0.0004397301729,
1497,-0.1016025778,0.03556842656,-0.0002244903536,8.051568431e-05,0.001352994819,0.003330161798,-0.8,-0.001911878978,0.001462898271,
1498,-0.5021179345,-0.5473155467,-0.001301447624,-0.00148418378,-0.001405335491,-0.0005528146165,-0.6,0.0001359502811,-0.002738845528,
1499,-0.6678100005,-0.9791411958,-0.001444222819,-0.00214021751,-0.00629170758,-0.002814271069,-0.6,0.000626450014,-0.003514895651,
1500,-1.79804694,-2.196939228,-0.004011562804,-0.004765571926,-0.002442976981,0.005924509705,-0.2,-0.00658180536,-0.001441320247,
1501,0.4291904919,0.07750366461,0.001024892229,0.0001944013376,-0.005631782242,-0.004202450455,0.5,0.001237404476,0.000812379981,2.943426151
1502,1.94419268,1.653220863,0.004236741525,0.003729751077,0.00593078754,-0.005424919424,0.8,0.0003841514885,0.008089331561,0.9204158418
1503,0.01472211484,-0.3253050642,3.633469636e-05,-0.0008191501377,-0.0006775346158,0.0002364048213,-0.2,-0.0007135577683,0.000786227161,25.14181693
1504,-2.297105786,-2.240900715,-0.005859131031,-0.005983026271,-0.006668301031,0.009688672191,0.3,-0.006483932794,-0.005234329269,
1505,-0.8017867258,-0.9481254082,-0.001876383108,-0.002265681078,-0.002501858157,-0.003732815241,0.3,0.003076505113,-0.006829271329,
1506,-0.5430701377,-0.861323428,-0.001316703036,-0.002174176342,-0.004275294663,0.0007615432307,-0.2,0.003451078961,-0.006084485033,
1507,-1.060386379,-1.279074003,-0.002407733299,-0.00299064964,-0.004906229499,0.007368806637,-0.8,0.0008958910779,-0.005711357676,
1508,-3.359740861,-3.190884938,-0.006681588351,-0.006584425264,0.0006148453113,0.007248846274,-0.3,-0.006043822884,-0.007319353818,
1509,0.3925421974,0.4274406707,0.0008615569021,0.0009684063457,-0.001650860833,-0.0004319467039,-0.1,0.002605366392,-0.000882252588,0.9719811989
1510,0.8472508108,0.6638009741,0.001811908058,0.001483213362,0.002048173919,-0.0008319197771,0.2,0.004948533109,-0.001324716993,0.7761095153
1511,-0.9764483067,-1.239992897,-0.002058481915,-0.002789286248,-0.00780038691,-0.003167801043,0.0,6.411602694e-05,-0.004181079857,
1512,-2.510202846,-2.988678003,-0.005433595327,-0.006580163207,-0.009710394014,0.007056426058,-0.9,-0.006727017807,-0.004140172847,
1513,-0.6788367902,-0.9310750323,-0.00146415962,-0.002114871711,-0.003732327429,6.019217108e-05,-0.7,-0.0008180428238,-0.002110276415,
1514,0.3417345307,0.04022779669,0.0008065967371,0.0001000810774,0.0008022510625,-0.004998892579,-0.2,-0.0009976376425,0.002610831117,3.084622717
1515,1.228342793,0.7911514009,0.003011317696,0.002004347693,-0.003109327117,-0.0043322916,0.1,0.004079008984,0.001943626409,0.7488219775
1516,-1.400439755,-1.000206859,-0.003307579891,-0.002429826487,-1.198330043e-06,0.003768681108,-0.1,-0.002238948287,-0.004376211495,
1517,0.0001933832209,-0.2869692055,4.904034751e-07,-0.0007306954742,-0.004481857791,0.001969456434,-0.3,-0.004093132612,0.004094113419,2198.025594
1518,-0.4204415212,-0.5470657689,-0.0009600488682,-0.001278016846,0.003611909367,-0.0005681770706,0.2,-0.001183480671,-0.0007366170658,
1519,0.6250033667,-0.04471462126,0.001409971599,-9.949839122e-05,-0.0007400555242,-0.001513641134,0.8,0.005920575814,-0.003100632616,1.931525038
1520,-0.6513357684,-0.7542875019,-0.001477924989,-0.001826446246,-0.006146056493,0.004660164894,-0.2,-0.001578102623,-0.001377747354,
1521,-0.4369709843,-0.6173633921,-0.001073967415,-0.001609825199,-0.0002295038772,0.0008541150367,0.5,-0.0006304187638,-0.001517516067,
1522,-0.6408203954,-0.6842920311,-0.001699569848,-0.001820809965,-0.001651084924,0.001932016808,-0.9,-0.0001697451903,-0.003229394505,
1523,-1.599720324,-1.829959168,-0.003539848653,-0.004178964746,-0.003347055055,0.001564949191,0.3,-0.002169448526,-0.00491024878,
1524,-2.193839782,-2.65517571,-0.005128647255,-0.006259523383,-0.007356044579,0.004185911254,-0.1,-0.005074797006,-0.005182497504,
1525,-1.189360114,-1.236787218,-0.003011662538,-0.003251323861,-0.007835697476,0.01103434299,-0.9,-0.003610621023,-0.002412704054,
1526,0.2255761804,0.2242439742,0.0005198311942,0.0005441952374,0.00197333966,-0.003447627161,-0.5,0.003296300793,-0.002256638405,2.761327626
1527,-0.8023242291,-0.8624910762,-0.001859634746,-0.002061789414,-0.0005809489934,0.001732535374,-0.2,0.002533581218,-0.006252850711,
1528,-1.525707722,-1.760979096,-0.003796786786,-0.004556754424,-0.007309405718,0.008519513816,-0.2,-0.003286534899,-0.004307038672,
1529,0.8545945111,0.7684910442,0.001832252278,0.001698154592,0.0008294732224,0.0003164602393,0.2,0.005461980691,-0.001797476135,1.021363232
1530,1.597201499,1.322180234,0.003646576373,0.003019919368,0.003857723595,-0.001925755223,0.4,0.005519471195,0.00177368155,0.5478421815
1531,0.000987409633,0.1601324762,2.384943019e-06,0.0003912979969,0.002738868677,-0.002476138113,-0.1,-0.0008343870701,0.0008391569561,524.4869968
1532,0.6753862623,0.5450145847,0.001548441054,0.001285822568,-0.001227484525,-0.003932147446,0.4,0.007733478582,-0.004636596473,1.624134472
1533,-0.7906922571,-0.8192972057,-0.002020043163,-0.002129252822,0.001569074474,0.003164314253,-0.1,-0.00130174808,-0.002738338245,
1534,-2.116916941,-2.337184336,-0.004938472854,-0.005605269132,-0.004801425856,0.008273719151,-0.3,-0.003028455098,-0.00684849061,
1535,-1.139359929,-1.015240951,-0.002544069375,-0.002419260336,-0.002367562097,0.00338778886,-0.9,-0.000921831354,-0.004166307397,
1536,-1.576289452,-1.520738238,-0.00346578855,-0.003618255833,-0.002250523017,0.006429567361,-0.8,-0.007819473623,0.0008878965237,
1537,-0.4700360243,-0.5675668175,-0.001134961669,-0.001404635846,0.002191554205,-0.002074073433,0.0,0.0003537405489,-0.002623663886,
1538,0.1605655101,0.2736353584,0.0003878854179,0.0006600770206,-0.001325871379,-0.003263383741,0.6,0.0006704045119,0.000105366324,4.166924631
1539,-1.068245753,-0.7952397874,-0.002364149199,-0.001796189724,-0.002766495044,-0.0001570745469,-0.2,-0.0003517871717,-0.004376511226,
1540,-1.359147438,-1.188172203,-0.00304274621,-0.002677673342,0.0001383436869,0.007680400576,-0.7,-0.003228490223,-0.002857002197,
1541,-1.089761807,-1.018850772,-0.002484594876,-0.002424745483,-0.003772831242,0.0009761975366,-0.9,-0.001071423462,-0.003897766289,
1542,-0.9169762764,-1.137149718,-0.0019209345,-0.00240414817,-0.00202915747,0.00689343837,-0.8,-0.0033833154,-0.0004585536005,
1543,-0.4603073714,-0.6157366402,-0.00103975601,-0.001445675695,-0.003053406789,0.003448517,-0.8,-0.0001698478773,-0.001909664143,
1544,-2.245571584,-2.181878444,-0.004949081757,-0.005011712986,-0.002333456737,0.01010183405,-0.1,-0.005282481163,-0.004615682352,
1545,-0.3260382882,-0.2499710591,-0.0006883694435,-0.0005718193747,-0.004596367924,0.006140744477,-1.0,-0.0007406337993,-0.0006361050878,
1546,-0.9011296644,-0.8302155667,-0.002165161169,-0.00207343538,-0.005241454683,0.00139933312,0.5,-0.003924501256,-0.000405821081,
1547,0.5112305283,0.2397809784,0.001128753113,0.0005435606093,-0.003066951781,-0.0007821900567,-0.2,0.00157585169,0.0006816545355,1.836306494
1548,-1.578686628,-1.324737461,-0.003579706261,-0.002995668909,-0.004145023533,5.175154711e-05,0.3,-0.002507228589,-0.004652183933,
1549,-2.076525918,-2.12721291,-0.005181523878,-0.005474706291,-0.001760051835,0.01014569752,-0.5,-0.004452181232,-0.005910866523,
1550,-0.2204433785,-0.5513884291,-0.0005239021298,-0.001310958804,-0.006242630887,-0.001885247989,0.0,0.002549615226,-0.003597419485,
1551,-0.974207583,-1.313041901,-0.002140089941,-0.002895497927,-0.003695763703,-0.0008155187637,0.0,0.001225172305,-0.005505352187,
1552,-0.3273880969,-0.6930014988,-0.000704805345,-0.001513778173,-0.002973627476,-0.00201532222,0.3,-0.003954481582,0.002544870892,
1553,-2.539065201,-2.388565333,-0.005951829819,-0.00593433216,-0.00638690506,0.00654789059,-0.8,-0.01023308684,-0.001670572799,
1554,0.2443958004,0.1313177889,0.0004966822051,0.0002799702083,-0.001686092138,-0.005458938813,0.1,-0.000415861379,0.001409225789,2.41144816
1555,0.05330996728,-0.3473919189,0.0001271907948,-0.0008385083227,-0.002983285267,-0.002919955525,-0.2,0.000600597158,-0.0003462155684,4.667547758
1556,1.18435577,0.7625232893,0.002761918504,0.001835421003,0.006276056778,-0.004067292711,0.9,0.003388273671,0.002135563338,0.7597260119
1557,0.252449336,-0.06999495462,0.0005871678593,-0.0001677298576,-0.003344089407,0.005929947218,0.3,0.001907824451,-0.0007334887319,1.625836862
1558,0.4668858825,0.2404297623,0.001088679659,0.0005581881184,0.002024486158,0.00192483542,0.0,-0.002687540258,0.004864899576,1.377292415
1559,-1.822686189,-1.241435066,-0.004202894907,-0.002941484287,-0.003490380585,0.004027386879,-0.7,-0.007283091586,-0.001122698228,
1560,-0.8451294565,-0.8975432028,-0.001705823123,-0.001879276588,-0.001116756989,0.002125421163,-0.1,0.001157639325,-0.004569285571,
1561,-3.19755426,-3.580692072,-0.006554942648,-0.00726270884,-0.004282387755,0.003713990142,-0.2,-0.01004686302,-0.003063022277,
1562,-3.653182487,-3.742465791,-0.008327985729,-0.008700304272,-0.01040865919,0.009323172595,-0.9,-0.007121447919,-0.009534523539,
1563,-1.521809832,-1.844969228,-0.003389674583,-0.004167400559,-0.001786404265,0.001223846223,-0.3,-0.004479291411,-0.002300057755,
1564,-1.779858998,-1.75918412,-0.003732119218,-0.003829257776,-0.005781846743,-0.0005112831845,-0.2,-0.0044491496,-0.003015088835,
1565,0.1089002998,-0.1695486759,0.0002455013226,-0.0003998426339,-0.003928509888,0.0003001986581,0.5,-0.001917330688,0.002408333333,3.755988692
1566,-1.383246409,-1.373224687,-0.003032859141,-0.003213114848,-0.006615386122,0.002452366629,-0.6,0.0002588501248,-0.006324568406,
1567,0.8831958613,0.5243117427,0.001852722256,0.001125893637,-0.003175572634,-0.0051702398,0.3,0.004095382322,-0.0003899378097,1.084790906
1568,-1.445231205,-1.219148622,-0.003161047379,-0.00270200093,-0.0004943581309,-0.004117404199,-0.3,-0.003350563155,-0.002971531602,
1569,1.130999112,0.9709824666,0.002436321473,0.002124168456,0.0007687041862,0.00140840887,-0.1,0.005217512755,-0.0003448698096,0.6307023993
1570,1.002604631,0.5103009592,0.002257479244,0.001155160857,-0.0003859009492,-0.004164211738,0.2,-0.0009425825785,0.005457541067,0.8987124157
1571,-2.511278436,-2.912414339,-0.005751621705,-0.007024726496,-0.007258080256,0.004410464312,-0.4,-0.004332256234,-0.007170987177,
1572,0.07366724192,-0.01619086776,0.0001848689194,-4.198731632e-05,0.006028944779,-0.0003163749461,0.7,-0.008258539169,0.008628277008,12.030197
1573,-1.135056843,-1.312632781,-0.002448245249,-0.002922568804,-0.004863213025,0.003994055942,-0.9,0.0001814270447,-0.005077917543,
1574,-1.587761423,-1.241559505,-0.003629429073,-0.003020934217,0.0004081879945,0.005336564985,0.4,-0.004593979016,-0.002664879131,
1575,1.096057777,1.222973563,0.002567641651,0.002878246381,-0.0006117741083,-0.005403274965,0.8,0.004377200381,0.0007580829208,0.8539813066
1576,-0.240187208,-0.3904993893,-0.0005789434471,-0.0009643306264,-0.0007220681783,0.0041290671,-0.9,-0.002622748402,0.001464861508,
1577,-1.381179995,-1.237690266,-0.002986929389,-0.002773761263,0.001227648728,0.001910021123,0.4,-0.003198172516,-0.002775686262,
1578,-1.733438116,-1.892324374,-0.004162967338,-0.004716702249,-0.004627063469,0.006666743474,-0.9,-0.0001815301427,-0.008144404533,
1579,-0.9330843194,-1.053223492,-0.001933966551,-0.002339627174,-0.001156892078,0.001370186382,-0.4,-0.0004121938054,-0.003455739297,
1580,0.3908624838,0.5655605844,0.0008333269095,0.001268533384,0.001789483701,0.0006577950655,0.0,0.001688802387,-2.214856837e-05,0.8374912849
1581,-0.6744283645,-0.8391885375,-0.001407789437,-0.001846472535,0.000315826705,0.00069314034,-0.1,-0.006939353806,0.004123774932,
1582,-1.147810274,-0.9359569697,-0.002581939694,-0.002216022618,-0.001178250005,0.005596200288,-0.6,-0.004489043261,-0.0006748361267,
1583,-0.2567007225,-0.7323784417,-0.0005880230103,-0.001734706731,-0.006148937225,-0.003615623296,0.3,-0.0003833672281,-0.0007926787924,
1584,-1.648690141,-1.613732712,-0.003727058538,-0.003804579529,-0.001745093413,0.0007031536352,-0.2,-0.00616893864,-0.001285178435,
1585,1.902427615,1.983361001,0.004074212012,0.004438959049,0.005163550842,-0.008220159345,0.9,0.005072470624,0.0030759534,0.4685160774
1586,0.7380312561,0.7397333436,0.001857715964,0.001934523877,0.0009224788286,-0.002166058357,0.7,0.002955643396,0.0007597885313,0.6975923115
1587,-0.362322217,-0.2048586499,-0.0008308264808,-0.0005001620218,-0.003046207639,-0.003172475367,0.1,-0.0009048138045,-0.0007568391571,
1588,-1.391529874,-1.249017317,-0.003066797311,-0.00284445261,-0.001018222688,-0.0007551841539,-0.7,-0.001760238714,-0.004373355909,
1589,-1.542348392,-1.523852837,-0.003770675992,-0.003951858834,-0.01249342253,0.006609232807,-0.8,-0.0001856785157,-0.007355673469,
1590,0.9819676085,0.4884930761,0.002373358796,0.001224863205,0.002505788556,-0.006110621379,1.0,-0.00108552187,0.005832239462,0.6700445677
1591,0.8644217438,0.6712185571,0.002155637612,0.001656719359,0.0005748974696,-0.003581575248,-0.3,0.004275237381,3.603784357e-05,1.283882858
1592,-1.32950181,-1.373346388,-0.003069831635,-0.003221175333,-0.004909637188,0.004387350496,-0.6,-0.00809735456,0.001957691291,
1593,0.2801104868,0.4830415851,0.0005912912396,0.001006843299,0.002601329255,-0.002498796155,0.7,-0.001186941447,0.002369523926,1.710094575
1594,0.2888394613,0.2211889835,0.0006311100535,0.0004879511138,0.002288806947,0.0003027204653,0.2,1.546630837e-05,0.001246753799,2.049194594
1595,1.417273515,1.227120626,0.003603546058,0.003206230772,0.000970249831,-0.005460018378,-0.4,-0.0009367938623,0.008143885978,0.7030439426
1596,-1.015301402,-1.36439097,-0.002135541431,-0.002977428201,-0.001066931877,0.004448313836,0.0,-0.003534932829,-0.0007361500332,
1597,-0.7302778053,-0.7100670264,-0.001588523348,-0.001551354116,-0.002477726694,0.007919251164,-0.6,-0.0006513016773,-0.00252574502,
1598,-2.380319291,-3.0780709,-0.00578201764,-0.007400833104,-0.005981119354,0.008678543978,0.3,-0.01433793237,0.00277389709,
1599,-0.5818543895,-0.7420575769,-0.001282669664,-0.001713317348,0.0008805709476,-0.002471640528,-0.3,-0.0008653477556,-0.001699991573,
1600,-0.8725096363,-1.082925107,-0.002039664154,-0.002645192865,-0.001940964072,-0.001163495544,0.5,-0.0001919733732,-0.003887354935,
1601,0.07865645401,-0.1476233708,0.0001989628762,-0.0003691170233,-0.00139012656,0.0002528469046,-0.8,0.0003969940288,9.317236293e-07,1.727933138
1602,1.987320267,1.767376358,0.004320579131,0.003918224059,0.003292604195,-0.008179025174,0.1,0.004042505704,0.004598652559,0.5180782452
1603,0.1795454225,0.01271477797,0.000442501977,3.247871534e-05,-0.002852560371,-0.0007288482008,-0.8,-0.002828365678,0.003713369632,3.9223317
1604,0.565243339,0.3255059752,0.001337413697,0.0007863871197,0.00348017025,0.004208419177,0.2,0.00186793904,0.0008068883538,0.6930126249
1605,-2.908403691,-3.016416775,-0.00576966424,-0.006289269431,-0.004460397592,0.0108956754,-0.9,-0.005254336662,-0.006284991819,
1606,1.287081801,1.128594959,0.002893065658,0.002662080928,0.002565703872,0.002319309987,0.2,0.002527827369,0.003258303946,0.6128488516
1607,-0.8557574742,-0.8510735235,-0.002284447891,-0.002306136769,-0.001186658655,0.008211225693,-0.8,-0.002545260914,-0.002023634868,
1608,-1.400342635,-1.259352122,-0.003212987172,-0.003005890398,-0.007301083321,0.009964233736,-0.8,-0.004990628061,-0.001435346283,
1609,-0.4028116185,-0.292108062,-0.0009463425694,-0.0006999456701,0.0007450306068,-8.174146419e-06,0.9,0.002146788902,-0.004039474041,
1610,-2.141136319,-2.283713642,-0.004895552092,-0.005405133852,-0.007336325907,0.00416231514,-0.4,-0.00530851244,-0.004482591743,
1611,-1.676738264,-1.923009333,-0.003593518722,-0.004392482137,-0.006190171608,-0.0003765578563,-0.1,-0.003478125245,-0.003708912199,
1612,-1.382860339,-1.346695459,-0.002710309062,-0.002705025432,-0.003304399248,0.003968104889,-0.9,-0.002900636422,-0.002519981702,
1613,0.205256402,0.4558098839,0.0005331559357,0.001251244201,0.001162104858,0.001622931876,0.2,0.0035981247,-0.002531812828,3.771230575
1614,-1.058793105,-0.9628493061,-0.002487775962,-0.00218608894,-0.001147445518,0.001312288485,-0.2,-0.004394231849,-0.0005813200752,
1615,-0.6396227316,-0.9805569484,-0.001557456679,-0.00241425352,-0.002672360244,0.007842642281,-0.4,0.002046385118,-0.005161298476,
1616,-2.403929379,-2.236212786,-0.005959098964,-0.006035765807,-0.003988187313,0.003412701784,-0.4,-0.002781673815,-0.009136524112,
1617,-1.272543921,-1.398430437,-0.002891734545,-0.003462602203,-0.004191495274,0.001864826278,-0.7,0.00099858693,-0.006782056021,
1618,-0.9446303388,-0.9932281714,-0.00221318949,-0.002451171856,-0.006526114998,0.008694093183,-0.8,-0.002563872264,-0.001862506717,
1619,1.128488466,0.9817187212,0.002670068569,0.00242418941,0.001013003269,-0.006715529084,0.2,0.002131005235,0.003209131904,0.6854489434
1620,-3.498628556,-3.987185734,-0.006882491512,-0.008146200746,-0.007139515438,0.004831546821,-0.2,-0.007150407112,-0.006614575912,
1621,-0.7935755726,-0.9457368964,-0.001909660811,-0.002309072594,-0.001284128432,0.003557855017,-0.8,0.001699838913,-0.005519160535,
1622,-0.3596108059,-0.8129578504,-0.0007652313917,-0.001827469296,-0.001723534385,0.004675778857,-0.1,-0.0007082746307,-0.0008221881527,
1623,-2.661362433,-2.534807912,-0.006318505804,-0.006324795138,-0.008674346158,0.0124042563,-0.4,-0.003088931201,-0.009548080408,
1624,0.4149215433,0.4367672072,0.0009898128817,0.001081961652,-7.10376583e-05,-0.0005568673112,0.0,0.002151217042,-0.0001715912786,0.6907074413
1625,-1.535989139,-1.401705116,-0.003859467871,-0.003562404772,-0.006156342202,0.002339142952,-0.2,-0.008431149847,0.0007122141051,
1626,0.3220890324,0.2382787453,0.0006531269273,0.00049964834,-0.002064414126,0.002915524369,0.3,-0.002240199248,0.003546453103,2.840250374
1627,1.135007189,1.039389474,0.002357028221,0.002245356059,0.004054158768,-0.009046499306,0.9,0.0008890788833,0.003824977558,0.6433915332
1628,-3.739076963,-3.667345334,-0.008700420782,-0.008985417904,-0.008652378862,0.01117150448,-0.9,-0.01383334482,-0.003567496746,
1629,-0.3668098542,-0.5439432738,-0.0008050831621,-0.001269045702,-0.0007893771258,0.004757213751,0.0,-0.007974985368,0.006364819044,
1630,-0.820649931,-0.8091042289,-0.001846898287,-0.001901197661,-0.001191171731,0.006497034281,-0.4,-0.003097082979,-0.0005967135953,
1631,-1.018897003,-0.9074672756,-0.002254807143,-0.0021952173,-0.002174302001,0.003715798262,0.0,-0.002831587671,-0.001678026614,
1632,1.259629215,1.579078955,0.002787789134,0.003559754801,0.002769097477,0.002468465229,0.4,-0.0004450044026,0.00602058267,0.6174042388
1633,-0.4323586185,-0.5637220073,-0.001116537575,-0.001428376763,0.003758285855,-0.001363227607,0.9,-0.003594612347,0.001361537198,
1634,1.422849033,1.558151287,0.003054656531,0.003354857721,0.004017019158,-0.008262160913,0.9,0.003740602856,0.002368710206,0.7637715547
1635,1.30852333,1.293162338,0.003054473582,0.003298811089,0.002439865644,0.002217961091,-0.1,0.003254513371,0.002854433794,0.6528210676
1636,0.6888924354,0.5526188887,0.001752314704,0.00145134941,0.00164976338,-0.002336082005,-0.4,-0.00093455527,0.004439184679,1.130341392
1637,-0.2375581185,-0.4842303525,-0.000448051864,-0.0009522752671,-0.0009840633807,0.005415232753,0.4,-0.002578703339,0.001682599611,
1638,-0.6966615191,-0.8596097991,-0.001436619702,-0.00186714905,-0.001952194027,-0.002796941269,0.1,-0.004100416638,0.001227177233,
1639,1.437792389,1.276288338,0.003393189909,0.003096289574,0.003951697178,-0.002088792226,0.3,0.004793799179,0.001992580639,0.3942280301
1640,0.02255318449,0.1808880524,4.945568121e-05,0.0004085721114,-0.0007026086832,-0.001315359605,-0.4,0.0009281603746,-0.0008292490122,22.12039118
1641,-0.5036920985,-0.5612755573,-0.00110043906,-0.001225795126,-0.001675482027,-0.003050480074,0.8,-0.001396866755,-0.0008040113655,
1642,-1.854863483,-1.686673668,-0.004183042346,-0.003993727349,-0.003953209942,0.006725487993,-0.2,-0.002472847135,-0.005893237557,
1643,-2.018734408,-1.92588215,-0.004651372976,-0.004631697722,-0.004168897401,0.005633674359,-0.8,-0.004070876113,-0.005231869839,
1644,-1.773758239,-1.476171014,-0.003908208716,-0.003358669553,-0.004936368149,0.002976080712,-0.9,-0.0008150464388,-0.007001370993,
1645,0.3638601923,0.493789562,0.0008167048375,0.001122620173,-0.002239028658,-0.00151410326,0.5,0.0002551125166,0.001378297158,2.063111433
1646,-0.2699973593,-0.2937960359,-0.0007296021042,-0.0008206771367,-0.003081351755,0.001756041099,-0.4,0.003883221107,-0.005342425315,
1647,-1.788027004,-2.010368643,-0.003600726238,-0.004301456793,-0.003740192291,0.007767746644,-0.3,-0.001009598156,-0.00619185432,
1648,-0.4570153887,-0.9928738737,-0.001043171407,-0.002464837572,0.0005452532462,0.001636909341,0.4,-0.0004939316953,-0.001592411118,
1649,-1.387304554,-1.449780665,-0.003118343183,-0.003376619983,-0.0003315679118,0.00618155472,-0.3,-0.007965180391,0.001728494024,
1650,-0.8443990134,-0.9055945925,-0.002180645364,-0.002422537882,-0.002391546946,0.001315667191,0.3,0.001035963231,-0.005397253959,
1651,1.179135051,1.175934784,0.002494526004,0.002602212728,0.00378528832,0.001871191312,-0.5,0.000396178824,0.004592873184,1.273135496
1652,0.07391476714,0.2152726245,0.0001598829012,0.0004698211473,-0.001449372377,-0.003388726877,0.8,-0.0014071398,0.001726905603,6.204657512
1653,-0.7827934658,-0.9865067055,-0.001699720257,-0.002211034089,0.0005430874279,0.005791799748,-0.4,-0.002698164023,-0.0007012764916,
1654,-1.45155896,-1.109209105,-0.003233649337,-0.002559861446,-0.003132165699,0.006596935003,0.3,-0.003820191493,-0.002647107182,
1655,-2.675837911,-2.89490852,-0.006287662298,-0.007150710267,-0.00869296113,0.0006306873633,0.0,-0.007169826104,-0.005405498493,
1656,1.765513167,1.627495097,0.003960029468,0.0037521369,0.001974254606,-0.003345223343,0.3,0.005348631276,0.00257142766,0.5735135731
1657,-1.323649897,-1.496506617,-0.003299308554,-0.003683027294,-0.007756844095,0.005727871786,-0.4,-0.002235821334,-0.004362795775,
1658,0.5803632788,0.3099085658,0.001407726036,0.0007610209601,-0.002695682148,-0.009326631199,0.8,0.008613671847,-0.005798219775,1.84105838
1659,0.4060696626,0.4016448769,0.0009383753246,0.0009299422945,0.004869633327,-0.001450569543,0.7,0.00252391679,-0.000647166141,1.127768442
1660,-1.053334763,-0.8150213181,-0.002309771803,-0.001852391787,-0.001295985495,0.00324985123,-0.2,-0.001595835668,-0.003023707938,
1661,-1.738527835,-1.772111844,-0.004248876922,-0.004279209584,-0.005644244844,-0.003529666652,-0.2,-0.002485833878,-0.006011919965,
1662,-1.534852862,-1.729271164,-0.003196153526,-0.00360691852,-0.00756948579,0.004692546267,-0.9,-0.002916276357,-0.003476030696,
1663,-0.6630194518,-0.685211632,-0.001767730643,-0.001871364078,0.0006320938783,0.001725653256,0.4,-0.0001569555919,-0.003378505693,
1664,-1.759694053,-1.878771963,-0.004293651176,-0.004653036772,-0.00742973298,0.007884924681,-0.7,-0.007226730081,-0.001360572271,
1665,-0.7930306396,-0.6590768624,-0.001521229673,-0.001358930122,-0.002885227004,0.0002199859132,0.3,-0.0004937367735,-0.002548722572,
1666,-1.09386348,-1.365498532,-0.002614353213,-0.003428080079,-0.0015496397,-0.001622400213,-0.2,-0.0003963388683,-0.004832367557,
1667,-0.5620616024,-1.000190699,-0.001263764016,-0.002339444894,-0.005506600907,-0.001853978923,-0.2,0.001096902566,-0.003624430597,
1668,-1.613578671,-1.894677933,-0.003435912275,-0.004246971524,-0.007564422868,0.004177664224,-0.2,-0.006476998446,-0.0003948261036,
1669,0.860228009,0.8608493195,0.001892408733,0.001985489481,0.007899704809,-0.001720516468,0.8,0.003765841262,1.897620282e-05,1.188446989
1670,1.611864816,1.574427318,0.003790367869,0.003869460476,0.003750098243,-0.003922174314,0.8,0.00287295769,0.004707778048,0.3754884161
1671,-0.6498205457,-1.00455095,-0.00146862892,-0.002378729524,-0.004862516003,-0.007454396599,0.1,-0.0002421829953,-0.002695074845,
1672,1.130279647,1.353867524,0.002856570166,0.003331728865,0.00285752792,-0.004927029186,0.7,0.003226206041,0.00248693429,0.7491226505
1673,0.1537753387,0.1128337335,0.0003266631572,0.0002531766876,0.000396398669,0.001734869822,-0.9,0.00103630886,-0.0003829825455,5.071634065
1674,-1.678540263,-1.401802559,-0.004027686249,-0.003479278765,-0.005998887242,-0.0004491074249,-0.2,0.001132612555,-0.009187985052,
1675,-0.5870021682,-0.4845160201,-0.001255055465,-0.001057401011,-0.001495195238,0.0009332570795,-0.1,0.002725603108,-0.005235714037,
1676,-0.331762785,-0.09584428475,-0.0008102439974,-0.0002379665808,-0.002590685345,-0.005091642702,0.6,-0.0003565206674,-0.001263967327,
1677,0.154740118,0.1229176323,0.0003589302766,0.0002969719295,-0.0009453068572,0.0004657376674,0.3,-0.002221860362,0.002939720915,4.076047819
1678,0.1438980061,0.2237431269,0.0003152405236,0.0005055553663,-0.0005285462945,0.000818882287,-0.2,0.001262730773,-0.0006322497261,1.042623047
1679,-0.4156856133,-0.9253708144,-0.0008938845241,-0.002075830773,0.002998795131,-0.003808855935,0.2,-0.00329164854,0.001503879492,
1680,-0.5570809266,-0.1401782524,-0.001220770283,-0.0003306766787,-0.001795752577,-0.001793452164,-0.2,0.00189252828,-0.004334068847,
1681,-1.725091038,-1.779858949,-0.004006291668,-0.004226709377,-0.003335011198,0.005695105524,0.3,0.000185261224,-0.008197844561,
1682,-0.4229158166,-0.4662289395,-0.001014254129,-0.001127585226,-0.002238537629,0.004919552231,0.3,0.0003657007599,-0.002394209019,
1683,0.1442872343,0.04958158495,0.0003137916489,0.0001134387407,-0.003084082634,0.001575895288,-0.2,-0.00109350849,0.001721091788,4.867528124
1684,-0.1879717858,-0.6615250292,-0.0004181914028,-0.001488855251,-0.003694374752,-0.00197637291,-0.9,-0.002848225526,0.00201184272,
1685,-1.467928963,-1.752191373,-0.00343794408,-0.004383842347,-0.00526477532,0.007173827807,-0.6,-0.003367139027,-0.003508749133,
1686,-1.507179216,-1.288756222,-0.003540626573,-0.00306044517,-0.005531038487,0.003990275501,-0.9,-0.0007703549736,-0.006310898173,
1687,-0.1358752727,-0.233874041,-0.0002839065904,-0.0005203899317,-0.0003021259474,0.004942546353,-0.9,-0.0007923251128,0.0002245119319,
1688,-1.337443803,-2.062319744,-0.002830865634,-0.004413652802,-0.004580525806,0.0003069971776,-0.9,-0.007167582646,0.001505851378,
1689,0.4407919388,0.1386876108,0.001007476342,0.0003285075057,-0.001328770646,0.007236547039,-0.5,-0.002142920542,0.004157873227,1.890190558
1690,-0.2514133695,-0.4110765722,-0.0005693714389,-0.0009570809623,-0.001808204093,0.004555254393,-0.1,0.003574807635,-0.004713550513,
1691,-1.762999337,-2.109328047,-0.004364187923,-0.00530908133,-0.002348566139,0.005010370292,0.4,-0.002344985755,-0.00638339009,
1692,-0.257004656,-0.08599445841,-0.0005994505608,-0.0002057564099,0.001743193118,-0.001146400357,-0.3,-0.003009990236,0.001811089115,
1693,-2.177877843,-2.062143403,-0.004941774505,-0.004771728999,-5.459914582e-05,0.00703577674,-0.8,3.784320441e-05,-0.009921392214,
1694,-2.569844999,-2.416032245,-0.005653303479,-0.00560481951,-0.0004155550022,0.0091962298,-0.6,-0.0050775367,-0.006229070259,
1695,-0.8439729911,-1.295398358,-0.002075996817,-0.003333286959,-0.00477069799,0.003461821295,-0.2,-0.002136488948,-0.002015504685,
1696,-1.276178413,-0.9320421198,-0.003088276086,-0.002334133517,0.001414068073,0.001910121801,-0.7,-0.00132671283,-0.004849839342,
1697,1.718226227,1.488822034,0.003501448902,0.003116626949,0.005060368588,-0.002482183594,-0.3,0.007237311185,-0.000234413381,0.5699347692
1698,-1.409482317,-1.211156688,-0.003259275708,-0.002933136557,-0.003252758036,0.002562898767,-0.9,-0.00771268854,0.001194137125,
1699,-1.060501646,-0.9757961543,-0.002334998111,-0.002176956229,-0.009664279697,0.01225720805,-0.8,-0.001041526687,-0.003628469536,
1700,-1.83148088,-1.699933875,-0.003997985963,-0.00384894218,-0.009288757213,0.0008023195828,0.5,-0.005285433493,-0.002710538433,
1701,0.2946948974,0.2664191215,0.0006882796732,0.0006344945171,-0.002120251346,0.005956260982,-0.3,0.002893915875,-0.001517356529,1.687924398
1702,0.6245309013,0.5087307461,0.001456165195,0.001215374936,0.0009754315038,-0.002237993599,0.3,0.001885176592,0.001027153799,1.347317207
1703,-0.4514450228,-0.5519304272,-0.0009549703389,-0.001212689788,-0.002224663141,0.007347842417,-0.9,-0.000440077172,-0.001469863506,
1704,-0.454939968,-0.5097792594,-0.001036315464,-0.001257189243,-0.006329069158,0.004536690848,-0.2,0.002650849094,-0.004723480022,
1705,-0.7537280927,-0.6547499837,-0.001765755105,-0.001619215216,-0.0007563245119,0.01186524842,-0.3,6.890686688e-05,-0.003600417076,
1706,0.3228917303,0.3074288353,0.0007445794029,0.0007039742378,-0.001991739919,0.005371943773,-0.3,0.0002112538535,0.001277904952,1.664255855
1707,1.523685478,1.409624887,0.00346420966,0.00330861967,0.006984172233,0.0008108556165,0.1,0.001167213572,0.005761205747,0.4535141389
1708,0.2798931901,0.3824924797,0.0006585856177,0.0009049490933,0.0001041795391,0.003767464186,-0.2,-0.002309797162,0.003626968397,3.584794844
1709,-1.152455238,-1.030543294,-0.002606558936,-0.002495093283,-0.003276217891,0.001108302238,-0.2,0.0005287236922,-0.005741841564,
1710,2.103164029,2.40409009,0.004577934,0.005354272744,0.00781768133,-0.01150132093,1.0,0.007184578671,0.001971289329,0.8005143111
1711,-0.1407677305,-0.4964577286,-0.0003426318425,-0.001226458596,0.0006853607246,-0.003475728951,0.1,0.002211111295,-0.00289637498,
1712,0.988612312,1.157809381,0.002298022412,0.002859106274,0.003116074386,-0.001989936555,-0.3,0.002395510884,0.00220053394,1.216221163
1713,-0.9057951556,-0.9997658912,-0.002038776138,-0.002383728555,-0.008360454353,0.004565009303,-0.6,-0.003358257953,-0.0007192943238,
1714,-0.09112324791,-0.277900724,-0.0002132376216,-0.0006643332481,0.002449453464,-0.003047581873,0.4,-0.002066585809,0.001640110566,
1715,0.3939386549,0.5089667259,0.0007806505067,0.001004260082,-0.001456818807,-0.002823249091,-0.4,0.002609935608,-0.001048634595,1.247298985
1716,3.418663084,3.174882495,0.007269389704,0.00698361412,0.005860162655,-0.008315956408,0.9,0.00725479738,0.007283982028,0.3095838861
1717,-0.2395320707,-0.06918386446,-0.0005646249133,-0.0001663526478,-0.001470546267,0.003723894039,-0.3,-0.004833050199,0.003703800373,
1718,0.01139185165,0.01453972412,2.731472773e-05,3.651774141e-05,-0.0002979122256,0.001858013338,0.3,-0.005107590893,0.005162220349,98.18175783
1719,0.4708904623,0.5126300014,0.001223291195,0.001396802886,-0.000661608764,-0.0008463667061,0.7,-0.004208324337,0.006654906727,1.784339387
1720,-0.5805753718,-0.1584731762,-0.001387897557,-0.0003985760764,-0.002716383114,0.00490224443,-0.6,-0.001474441383,-0.001301353731,
1721,-2.919163208,-2.814335633,-0.006879109658,-0.00690729445,-0.01009328477,0.004756801207,-0.7,-0.01035231506,-0.003405904256,
1722,-0.09978141298,-0.1175093451,-0.0002138075725,-0.0002588457751,-0.003105252443,-0.001288626412,0.0,-0.001270179232,0.0008425640869,
1723,-1.37317333,-1.443996519,-0.00318113901,-0.003359103479,-0.003899749278,-0.003997894665,0.5,-0.002901444306,-0.003460833715,
1724,0.529983864,0.4038446335,0.001189225179,0.0009700909913,0.003822443652,-0.001046122885,0.2,-0.001194638301,0.003573088659,1.448733087
1725,-0.7076540633,-0.939613121,-0.001708162802,-0.002312526006,-0.0004544336172,-0.003936452206,0.5,-0.006017034713,0.002600709109,
1726,-1.11102262,-0.8817722056,-0.002724480521,-0.002209925891,-0.0004278885397,-0.001082260235,0.8,-0.0003585553168,-0.005090405726,
1727,-1.172332916,-0.99667654,-0.002812056393,-0.002512847178,-0.00501685245,0.005321454331,-0.2,-0.003162625982,-0.002461486804,
1728,1.727522223,1.716577169,0.003587028434,0.003621358883,0.002407872573,0.0001140546977,-0.5,-0.0008727477436,0.008046804612,0.7457649387
1729,0.4727701144,0.4892096108,0.001272112138,0.001353944461,0.003506366076,-0.001797623761,0.9,-0.001127809989,0.003672034265,1.128098051
1730,-1.766422512,-1.906499744,-0.00418960597,-0.004636411566,-0.006232700709,0.007397530871,-0.9,-0.00237721337,-0.006001998569,
1731,2.415246716,2.609363014,0.005286461232,0.005921189769,0.004011881043,-0.002188556218,0.8,0.004580792869,0.005992129595,0.3445341945
1732,-0.6000736637,-0.4044367173,-0.001287022726,-0.0008933927001,-0.007909840835,0.001255174446,-0.2,0.0001100275479,-0.002684073,
1733,-1.028719959,-1.121508981,-0.002578709096,-0.002967248974,-0.002262172881,0.002477719329,-0.3,-0.003139971906,-0.002017446285,
1734,-1.542904984,-1.754543908,-0.003128649359,-0.00396257757,-0.006861706513,0.007670683512,-0.9,-0.002203209288,-0.00405408943,
1735,0.4431133155,0.4534102351,0.001167897632,0.001238958345,-0.001237731103,-0.001000230149,-0.2,-0.0005564420516,0.002892237315,2.065480102
1736,1.238001213,1.300041782,0.002919700979,0.003135208891,-0.0009745478722,-0.01112432032,0.8,0.004543414034,0.001295987923,0.7203242106
1737,-0.3172406011,0.2552115754,-0.0007806760918,0.0006670229372,0.0005437983803,-0.0002425566591,0.0,0.003174145204,-0.004735497387,
1738,0.4837088711,0.4998015589,0.001084342213,0.00117907967,-0.0002007831246,-0.001150623619,-0.3,0.001247790925,0.0009208935012,1.332799953
1739,-0.0807108685,-0.09304791935,-0.0002162306265,-0.0002567620202,-0.001348329788,0.00194653308,-0.2,0.001067667356,-0.001500128609,
1740,1.065421603,0.9076629384,0.002276177342,0.001983546198,0.004091691707,0.00101780765,0.0,-0.0002006700281,0.004753024712,0.6123289589
1741,-0.8794871565,-1.079415501,-0.002071619104,-0.002605347236,-0.003812945901,-0.003753614228,-0.5,-0.00253164914,-0.001611589068,
1742,0.2457988579,0.3299236394,0.0005904852083,0.0008138946597,-0.002387731838,-0.001935044906,0.1,0.002975234238,-0.001794263821,2.929010699
1743,-1.045547811,-1.14802076,-0.002361340302,-0.002680750462,0.002925235542,-0.00447181349,0.9,-0.005631090285,0.0009084096816,
1744,-1.031589562,-1.233078752,-0.002300783763,-0.002795189255,0.00121520805,0.005326359427,0.4,-0.002994548331,-0.001607019194,
1745,-1.54581707,-1.123390497,-0.003558138637,-0.002652115844,-0.001546952242,0.00132276092,0.0,0.0002634717589,-0.007379749032,
1746,-0.8641416404,-1.138924523,-0.001869490228,-0.002539301799,-0.00393260451,-0.001536843004,0.0,-0.001574732928,-0.002164247529,
1747,-1.074579457,-1.066660212,-0.00230938208,-0.00236092238,-0.002528419017,0.001005127747,-0.7,-0.005627708772,0.001008944611,
1748,-1.277275348,-0.673024659,-0.002581390085,-0.001430708368,-0.000612712194,0.001747252089,-0.1,-0.001337904003,-0.003824876168,
1749,-1.4334604,-1.554035841,-0.003262474347,-0.003692348162,-0.006800591201,-0.00165393649,0.5,-0.002447097588,-0.004077851106,
1750,0.3964962163,0.2521084986,0.0008542754367,0.0005421137584,-0.001750470902,-0.001813349278,0.3,-0.0004024694439,0.002111020317,1.804351017
1751,-0.6593148137,-0.7357681129,-0.001502914578,-0.001720266177,-0.002221019279,-0.0006026326945,-0.6,-0.001108969616,-0.001896859539,
1752,-2.547191365,-2.205264917,-0.005178386083,-0.004800554143,-0.01259044555,0.009371181013,0.1,-0.00764840226,-0.002708369907,
1753,-0.58139158,-0.7192999566,-0.001436164988,-0.001805114621,-0.003031830935,-0.002005656802,-0.7,-0.001643234632,-0.001229095344,
1754,-2.494236664,-2.95100859,-0.005260517715,-0.006451397398,-0.006717309592,0.007091297102,-0.7,-0.002701256267,-0.007819779163,
1755,-0.1755593748,-0.255368003,-0.0004060065048,-0.0006083332247,0.0009226408009,0.007337127149,0.4,-9.104433074e-05,-0.0007209686789,
1756,-0.3514313584,-0.2231770149,-0.0008744387134,-0.000558420458,-0.004313004802,0.001149618869,-0.6,0.003741702415,-0.005490579842,
1757,-1.520895672,-1.675217201,-0.003806172691,-0.004189246589,-0.005376154627,0.00195020132,-0.9,0.001608192362,-0.009220537744,
1758,-0.002142519728,-0.1990612397,-4.38611936e-06,-0.0004153869043,-0.000790190105,0.001506739048,0.5,0.0002485096069,-0.0002572818456,
1759,-1.738812054,-1.462360395,-0.003895781748,-0.003345190835,-0.003002476145,0.007450414302,-0.9,-0.00514297456,-0.002648588936,
1760,-0.1411070566,-0.4419949953,-0.0003268281031,-0.001048066211,-0.005251047726,-0.0001267889702,-0.7,-0.0007646098411,0.0001109536349,
1761,-0.7794565023,-0.725053075,-0.001955609066,-0.001892141274,0.000814182304,0.009637850545,-0.8,-0.004178724999,0.0002675068675,
1762,-0.308281084,-0.5335987445,-0.0007065982997,-0.001295828919,-0.004169421913,-0.0007838876267,0.3,-0.002222655306,0.0008094587069,
1763,0.640434489,0.1765775393,0.001301163817,0.0003721507418,0.001454483268,0.0006314188446,0.4,0.005312807986,-0.002710480352,1.472165014
1764,-0.7735820009,-0.6695766088,-0.001771294815,-0.001494306229,-0.00246123688,0.0002064209336,-0.7,0.002055276233,-0.005597865862,
1765,0.2217620037,0.029841091,0.0005638652429,7.678712996e-05,0.002219888959,-0.003241201364,0.4,0.005402075867,-0.004274345381,3.63721896
1766,-1.532935598,-1.642815172,-0.00391513105,-0.004542888806,-0.003180600897,0.01200537208,-0.2,-0.007210646621,-0.000619615478,
1767,2.746679577,2.503759542,0.006502324102,0.006200754325,-0.0003616144937,-0.01157863682,0.5,0.001730455091,0.01127419311,0.4435338121
1768,-1.86588119,-2.425514454,-0.004169067888,-0.005497768252,-9.218396741e-05,0.004150227636,-0.6,-0.002232825093,-0.006105310682,
1769,-1.801219199,-2.239151473,-0.004438793542,-0.005903937108,-0.005458088842,-0.001199105757,0.0,-0.002902628268,-0.005974958815,
1770,0.3088777159,0.2631238276,0.0007170990647,0.000646937426,0.002980712374,0.001208905055,-0.5,-0.002335576964,0.003769775093,3.000443373
1771,-0.6464413451,-0.6168568865,-0.001366093137,-0.001392195357,-0.004583541388,0.005207227719,-0.2,-8.121241285e-05,-0.002650973861,
1772,-0.988371318,-1.564239404,-0.002248026969,-0.003598078542,-0.005344320717,0.003000604716,-0.3,-0.004573423312,7.736937298e-05,
1773,1.258379475,0.7394312514,0.002634533366,0.001588725301,0.001245699816,0.004056581793,-0.3,0.003483450775,0.001785615957,0.3377439218
1774,-1.928932888,-1.935852852,-0.005032486657,-0.005175347346,-0.006442412762,0.01003519184,-0.4,-0.005079667785,-0.004985305529,
1775,3.146325407,3.358202618,0.008225006655,0.008718889081,0.01015163156,-0.002051858971,-0.3,0.007981888725,0.008468124584,0.4282113749
1776,0.8735254571,1.030383903,0.002150508515,0.002610768337,0.002274961803,-0.0001310070685,0.7,0.005200336935,-0.0008993199052,0.683760188
1777,-2.00810629,-1.938233527,-0.004277345429,-0.004335038647,-0.004693812663,0.004092873799,-0.2,-0.0004837970778,-0.008070893779,
1778,-1.067124944,-0.9358546419,-0.002500315018,-0.002208279683,0.0007580288254,0.003611331242,-0.6,-0.0002169721962,-0.00478365784,
1779,-0.8270624559,-0.7228191921,-0.001928724217,-0.001789690433,-0.007968230467,-0.0004033339635,0.0,-0.002081924671,-0.001775523763,
1780,0.9830219107,1.106197624,0.002097444865,0.002503300434,0.001756147127,0.002937365036,-0.8,0.002726915816,0.001467973913,0.6627393988
1781,-2.212044755,-2.054600913,-0.004994521615,-0.004681047314,-0.007398243763,4.102507693e-05,-0.2,-0.003372693235,-0.006616349995,
1782,0.8060276876,0.5974131198,0.001898855029,0.001447909764,0.003407617371,-0.001108705006,0.3,-0.002760948222,0.006558658279,1.833544258
1783,1.454868198,1.285838645,0.003402213897,0.003110472425,0.004751350824,-0.005251307838,0.3,0.005443001771,0.001361426023,0.6447860673
1784,-1.041458667,-1.436822034,-0.002547141242,-0.003540854801,-0.003193746655,0.0004485682143,-0.2,-0.002730092558,-0.002364189925,
1785,-0.6128089683,-0.06026193333,-0.001376031084,-0.0001345484353,0.0007665056994,0.0006408777057,-0.5,0.001450711937,-0.004202774105,
1786,0.3559323743,-0.1905226417,0.0008272173701,-0.0004592081413,0.001047836729,0.001694252522,-0.8,0.0002119318121,0.001442502928,2.893575212
1787,-2.546225832,-2.922688479,-0.004987436975,-0.005997637015,-0.003568682177,0.003125390878,-0.4,-0.008310322311,-0.001664551639,
1788,0.2782673764,0.3454414995,0.0005953043128,0.0007657299694,-0.0005528659478,-0.002896620485,0.3,-0.0006359827467,0.001826591372,1.575593739
1789,-1.217965469,-1.420623308,-0.002976685999,-0.00351337605,-0.003461887637,0.009551014732,0.1,-0.002220581176,-0.003732790821,
1790,-1.70160434,-1.904519363,-0.004095804957,-0.004710739649,-0.003974603492,0.003951474328,-0.1,-0.006172312897,-0.002019297018,
1791,-0.7633646013,-0.7850513839,-0.001761839328,-0.00185548941,-0.007033620819,0.00391660244,-0.9,0.001006850914,-0.004530529569,
1792,-3.859088236,-3.837850536,-0.009663168579,-0.009889177293,-0.009842780023,0.01127777931,-0.4,-0.007598744267,-0.01172759289,
1793,0.2917508506,0.3541712878,0.0005849592866,0.0007286523285,-0.000143795977,-0.0009050439222,0.7,0.002792658446,-0.001622739873,0.9393477647
1794,0.09172224605,0.1298712043,0.0002345860538,0.0003373096524,0.001063423453,-0.00120506267,0.2,0.0006596911058,-0.0001905189982,4.663486432
1795,-0.6023610243,-0.8782060406,-0.001338221449,-0.001954515639,-0.003407048586,-0.001512717849,-0.7,0.003040674071,-0.005717116969,
1796,0.0135776136,-0.6038038547,3.048636907e-05,-0.001412688062,-0.001074914185,0.003793001574,0.1,0.001462565442,-0.001401592704,74.07251498
1797,-2.562610944,-2.401077066,-0.005876264863,-0.005596883068,-0.004496921949,0.005552632345,-0.4,-0.005429662446,-0.006322867279,
1798,-1.325900258,-1.602575125,-0.003420249345,-0.004314593102,-0.001480775476,0.0007538338603,-0.4,-0.008014221025,0.001173722335,
1799,0.1109463682,0.04558591403,0.0002571643555,0.0001092488917,-0.0004801263935,-0.002799762605,-0.3,0.003690718869,-0.003176390158,4.830556665
1800,1.576081727,1.344830006,0.003716293625,0.003308353348,-0.002438271746,-0.002676424118,-0.5,0.005045310287,0.002387276963,0.7597654349
1801,-1.824911396,-1.719011645,-0.003937293307,-0.00391471404,-0.006829205599,0.006518767708,-0.4,-0.003187322902,-0.004687263711,
1802,-2.671543727,-2.247939673,-0.00585368054,-0.005008288636,-0.009453650215,0.01362262261,-0.9,-0.005307793594,-0.006399567486,
1803,0.173803997,-0.1704868176,0.0003841231024,-0.0004084474492,0.0003362097522,0.00072254082,-0.1,0.004491660658,-0.003723414454,4.288219394
1804,-1.502027113,-1.492623023,-0.003257836556,-0.003322737463,-0.003296874493,0.0003464780185,0.0,-0.002559153957,-0.003956519155,
1805,0.1235609511,0.3847305726,0.0002815791775,0.0008623693635,0.0026241143,0.001092623903,0.2,-0.0001174513127,0.0006806096678,4.19246165
1806,-0.3304746543,-0.2937515159,-0.0008445597735,-0.0007519722375,-0.001294145506,-0.0007950233426,-0.5,0.003107333197,-0.004796452744,
1807,-0.1846147675,-0.3253028834,-0.0003702566799,-0.0006791737123,0.0005670886543,0.009251436752,0.4,-0.003841296594,0.003100783234,
1808,0.620835537,0.3970634459,0.001348526683,0.0008931131399,-4.187496045e-05,-0.0005313615793,0.1,-0.0002520452031,0.002949098569,0.9057366435
1809,0.07750750403,-0.1243829629,0.0001941046478,-0.0003176951977,-0.000936060599,-0.0004199995146,0.0,0.00237116677,-0.001982957475,8.520057574
1810,-0.7790493558,-1.138651188,-0.001946511794,-0.003014268934,-0.004858576044,0.00335454543,-0.3,-0.003426718343,-0.000466305245,
1811,1.290903993,1.30899463,0.002890269013,0.003062644196,0.006782200556,-0.008369242838,0.0,0.00269677941,0.003083758615,0.6006158513
1812,0.1899592603,0.3445909018,0.0004089447824,0.0007242225445,0.006711917298,-0.00491569117,0.3,-0.002088471286,0.002906360851,2.137680581
1813,-0.08580042766,-0.4984915988,-0.0001738502397,-0.001088935601,0.002202748558,0.002767170942,-0.5,-0.0002874852279,-6.021525143e-05,
1814,0.4367810572,0.1281922057,0.0008815061567,0.000269993978,0.002275600379,0.003473861318,-0.3,0.001946222436,-0.0001832101226,1.00360494
1815,-0.404206708,-0.4761150571,-0.0008559987515,-0.001038069903,-0.001477719186,0.003282225742,-0.2,-0.0006058748177,-0.001106122685,
1816,0.179292655,0.3412221048,0.0004037863394,0.0007992696058,-0.005223600515,-0.001904593566,0.0,-0.002163888766,0.002971461445,5.464850191
1817,-0.3359128446,-0.4732565896,-0.0007592260813,-0.001092248364,0.000827056113,0.0004028074849,-0.5,-8.814953793e-05,-0.001430302625,
1818,-1.135293531,-0.9234835775,-0.002855540508,-0.002375895584,-0.005882691868,0.006375164578,0.3,-0.002754892308,-0.002956188709,
1819,0.1292351531,-0.2504989324,0.0002838391666,-0.0005638027343,-0.001252066625,-0.001138992814,-0.4,0.0001294368013,0.000438241532,2.107948367
1820,-1.723283946,-2.092240184,-0.003788491658,-0.004731454559,-0.0008517296385,0.003905652498,-0.1,0.001198644631,-0.008775627947,
1821,1.012531791,1.196134423,0.002150856699,0.002636061168,0.001053734505,-0.005453512606,0.3,0.0005883865291,0.003713326869,0.7802272894
1822,-2.218033091,-2.187161368,-0.004244992315,-0.004447003339,-0.003747500757,6.440093159e-05,-0.2,-0.005828403027,-0.002661581603,
1823,2.617758364,2.854311314,0.0055442639,0.006021527507,0.004682705475,0.0005071467644,0.7,0.002711923582,0.008376604218,0.4753949537
1824,0.7820049129,0.6739094567,0.001764037158,0.001584663382,0.001279959327,-0.001380349383,0.2,0.0004868388911,0.003041235424,1.058752282
1825,-2.961828048,-2.930564347,-0.006495769575,-0.006758673365,-0.003653274104,0.006470311777,-0.9,-0.003716296637,-0.009275242513,
1826,0.9462845682,0.9381071024,0.002026899845,0.002063451885,-0.0006157610282,-0.001315313001,0.6,-0.0001676856735,0.004221485364,0.8253637449
1827,-0.4820663477,-0.5585157263,-0.001086515438,-0.001262855583,-0.005128225685,-0.002364083702,-0.7,0.001669677774,-0.003842708651,
1828,0.432833733,0.6461623624,0.0009800115315,0.001540702903,0.005140707385,-0.0005945254644,-0.3,0.0009717352873,0.0009882877756,0.5716970696
1829,0.08565728785,0.1915316947,0.0001954503215,0.0004676470423,0.001252567213,0.001557752271,-0.1,0.005352940517,-0.004962039874,11.77367287
1830,-1.139056493,-0.7822721096,-0.002758630109,-0.001955855319,-9.917821737e-05,0.003251416316,-0.7,-0.00631837296,0.0008011127421,
1831,-2.272500982,-2.36266751,-0.005400439565,-0.005776674993,-0.004611765267,0.007069898729,-0.3,0.0005318212254,-0.01133270036,
1832,0.5699881204,0.466723423,0.00114070221,0.0009819619163,-0.002560323177,-0.003286375348,0.1,0.001961714962,0.0003196894576,0.7367479274
1833,-1.629162942,-2.04252404,-0.003871495015,-0.005052763935,-0.003498644628,-0.0006958945229,0.3,-0.002252356222,-0.005490633807,
1834,1.369809333,1.541609474,0.003140714318,0.003758046445,0.006153164579,-0.003762094751,0.8,0.003868684271,0.002412744364,0.4822095679
1835,-2.087910776,-2.241101385,-0.004780412584,-0.005450391185,-0.006123396637,0.01217070932,0.3,-0.002423860714,-0.007136964455,
1836,-2.355528657,-2.303206503,-0.006152338037,-0.006239727497,-0.007706048677,0.004133379579,-0.9,-0.008461617421,-0.003843058654,
1837,2.487774005,2.814979634,0.005839083841,0.006605635839,0.006427301364,-0.0134617066,0.3,0.006626751508,0.005051416174,0.4973772311
1838,-2.432370002,-2.422136836,-0.00517020885,-0.005295119205,-6.839480617e-05,0.001330917923,-0.2,-0.01061794264,0.0002775249417,
1839,-1.850494418,-2.184136939,-0.004709202702,-0.005625519395,-0.007729576266,0.006669015282,-0.4,-0.004182481133,-0.005235924271,
1840,-0.8256020154,-1.050645568,-0.001832456577,-0.0023505781,-0.005235211677,0.003978160233,-0.8,0.003115505011,-0.006780418165,
1841,0.6672683736,0.6842100276,0.001529186854,0.001595605999,0.0008712734947,-0.00722476056,0.1,-0.001788263537,0.004846637245,1.602946283
1842,-0.905462733,-0.8829170828,-0.00225400574,-0.002247796029,-0.004054490825,0.00639230254,-0.3,-0.0005602906826,-0.003947720797,
1843,0.04485460076,-0.3206577742,0.0001079035865,-0.0007870449943,-0.003796101683,-0.002093238699,-0.6,0.004958141313,-0.00474233414,27.86352775
1844,-1.638561684,-1.77300502,-0.004196140933,-0.004586616656,-0.0011630644,0.004547866403,-0.3,-0.00203908452,-0.006353197346,
1845,-0.04907788848,0.0949309373,-0.0001095762955,0.0002157082922,0.0006132186398,0.002592149423,-0.6,-0.001357382986,0.001138230395,
1846,0.8127495797,0.6346579349,0.001888577611,0.001540904415,-0.003299364097,-0.001194480538,0.3,0.002668704378,0.001108450845,1.084987619
1847,-0.8153317376,-1.09611882,-0.001807346465,-0.002466401511,-0.0002025940096,-0.0003549417708,-0.1,-0.006119773939,0.002505081009,
1848,-0.557443366,-0.6643016353,-0.001134453908,-0.001474094709,-0.00687713795,0.001014068204,-0.7,-0.005268704443,0.002999796626,
1849,0.6584706182,0.04748951541,0.001462398716,0.0001079462224,0.003949447086,-0.0007064764104,0.2,0.005259930365,-0.002335132933,1.221819846
1850,-0.601231137,-1.078920541,-0.001339672751,-0.002573001207,-0.003292099312,0.000605315512,-0.9,0.001960792345,-0.004640137847,
1851,-1.198550665,-1.809884197,-0.00275756147,-0.004312522035,-0.005145838656,0.005413414016,-0.7,-0.005286841025,-0.000228281916,
1852,-0.5466124125,-0.693760554,-0.001302838193,-0.001678179801,0.0008829590163,0.0004958330637,0.2,-0.003463089734,0.0008574133476,
1853,-0.4626077257,-0.5837991755,-0.001115253919,-0.001456899553,-0.007761100213,-0.003945369981,-0.2,-0.003919115356,0.001688607518,
1854,0.5590504436,0.1626841268,0.0013612804,0.0003867063159,0.0002450607153,0.0002837551756,-0.5,-0.001661061681,0.004383622482,2.124361024
1855,0.2115770941,0.5308125707,0.0004879761624,0.001258766359,-0.001800364552,-0.001930980487,-0.4,-0.001652368639,0.002628320964,5.128221174
1856,-1.640324835,-1.68857249,-0.003647977365,-0.003988023902,-0.005893579292,0.002421301612,-0.9,-0.006936958268,-0.0003589964617,
1857,-0.318038566,-0.4121191106,-0.0007688474462,-0.001081003905,-0.003271987852,0.004301263998,0.2,0.002578935675,-0.004116630567,
1858,-0.1761895467,-0.406582946,-0.0003867760905,-0.0009531093669,0.001856428095,-0.001538195947,0.6,-0.0005050035267,-0.0002685486543,
1859,-1.897966867,-2.004920967,-0.004384606673,-0.004539144959,-0.006545556849,0.008311991719,-0.4,-0.002551951613,-0.006217261733,
1860,-0.5094534479,-0.7135861289,-0.001134703183,-0.001676184947,-0.003160936488,0.00675964858,0.4,-0.0004566566756,-0.00181274969,
1861,1.128625902,1.004220813,0.002429826289,0.002187347812,-0.002184679787,-0.00220820939,-0.4,0.005064382549,-0.000204729972,0.8609742982
1862,0.8143388016,1.07473964,0.001813669675,0.002588180889,0.002503344417,-0.001911564717,0.1,-0.0006177590422,0.004245098392,0.6938479338
1863,-0.08180305613,-0.0009934627126,-0.0001953822063,-2.379051399e-06,-0.0009031472177,0.001873864008,-0.7,0.001194067215,-0.001584831627,
1864,-0.8882512144,-0.7821068337,-0.002159099906,-0.001932762891,-0.0007344584119,0.004586625987,-0.8,0.00219916535,-0.006517365162,
1865,-1.498973572,-1.634238759,-0.003114685947,-0.003400449154,-0.006900764569,0.002196584333,-0.7,-0.004060951691,-0.002168420203,
1866,1.486683187,1.240493407,0.003418583862,0.00290294773,0.0001967999219,-0.004796734204,0.4,0.004803095946,0.002034071778,0.8312983395
1867,2.044785823,2.239583419,0.003860556394,0.004487581442,0.00350697004,-0.009393917778,0.3,0.001901653178,0.00581945961,0.509249294
1868,-0.1164811966,-0.1580181018,-0.0002576762247,-0.0003695826139,-0.001414419753,0.001885337991,-0.3,-0.001114242293,0.0005988898432,
1869,0.6535955215,0.8634787929,0.001604247963,0.002239269646,-0.003511343065,-0.002252059404,-0.5,0.006126505358,-0.002918009432,1.019273574
1870,-2.37853186,-2.224503327,-0.005746922329,-0.005802569626,-0.004392542849,0.0008100114524,-0.6,-0.005016957931,-0.006476886728,
1871,-0.3523855601,-0.5924790621,-0.0007726511999,-0.001360026061,0.0004120767603,0.002935935265,-0.8,-0.003783239507,0.002237937108,
1872,-1.086087022,-0.6091361675,-0.002602512442,-0.001541320019,-0.00133588996,0.003104234546,-0.2,0.0009367812355,-0.00614180612,
1873,0.9550685395,0.792468559,0.002282706014,0.001981759113,0.003343045303,-0.003050002577,-0.3,0.003683349776,0.0008820622518,0.6166658296
1874,0.2664219072,0.4599168503,0.0006027202561,0.001055496907,0.004219086112,0.001683770937,-0.5,-0.0002478206296,0.001453261142,3.497836421
1875,0.7258947309,0.5491085157,0.001671084447,0.001287526979,-0.0003227055843,-0.004985720569,0.0,0.005088400972,-0.001746232077,0.8846170895
1876,0.290752936,0.4928367255,0.0006694156407,0.001174729053,-0.0004727990828,0.008473219311,-0.8,0.003443215352,-0.00210438407,2.325221502
1877,-0.819699727,-1.129181718,-0.00174784549,-0.002519204033,-0.00287619206,0.004268278177,-0.8,0.0009969664854,-0.004492657465,
1878,-1.369128912,-1.778827873,-0.003137267336,-0.004183511027,-0.004956521422,0.001515519236,-0.7,-0.007224373955,0.0009498392837,
1879,-0.2533693788,0.183955595,-0.0004965220884,0.0003772785502,-0.0001937447093,-0.00152117817,-0.1,0.004257791133,-0.00525083531,
1880,1.334385986,0.9828879151,0.003192522237,0.002363609961,0.002145666836,-0.004686405532,0.2,0.00528813139,0.001096913085,0.5642870289
1881,1.332972011,1.457771722,0.003366135399,0.003767209908,9.676740721e-05,0.001938345902,0.4,-0.002493832971,0.00922610377,0.8083331383
1882,-1.032835227,-0.7696960042,-0.002348097733,-0.001871330815,-0.002373464088,0.002622301293,0.0,-0.003187659437,-0.00150853603,
1883,1.207367478,1.10868328,0.002959783732,0.002745226472,0.004207744248,-0.005750945965,0.4,0.001292509296,0.004627058168,0.8655741753
1884,-1.014411407,-1.124427559,-0.002398739197,-0.002708792878,-0.004285341818,0.002900041229,0.3,-0.0004623907761,-0.004335087618,
1885,-0.3667298844,-0.3825283508,-0.0007808598476,-0.0008071969963,-0.004514613829,-0.001647867002,0.0,0.0002568377242,-0.001818557419,
1886,0.04044961124,-0.3260478981,0.0001036205902,-0.0008821390421,-0.001186697844,0.001639513614,-0.1,-0.00403759577,0.004244836951,24.50163148
1887,-1.551661187,-1.949141885,-0.003784918938,-0.004986589755,-0.006743312973,0.002971429009,-0.9,-0.0008178230819,-0.006752014793,
1888,-0.1001159701,-0.07332343685,-0.0002393687167,-0.0001866740646,0.002389582484,0.003620722057,-0.8,-0.002572985744,0.00209424831,
1889,-0.5520384031,-0.7797850004,-0.00147242673,-0.002121049551,-0.002434722607,-0.002501429241,-0.1,-0.005352562047,0.002407708587,
1890,-0.03597849226,-0.2713893101,-7.921805884e-05,-0.0006143736681,-0.003042057335,-3.876432815e-05,0.3,-0.001960165782,0.001801729664,
1891,1.165547794,1.206638087,0.002682451599,0.002999901362,0.001028227308,-0.0006506882923,0.2,0.004255307424,0.001109595774,0.7909750708
1892,-0.2028163944,-0.5888559683,-0.0004531619505,-0.001355435848,0.005290500904,0.001940225548,0.7,-0.001009476876,0.0001031529755,
1893,-0.6506408886,-0.625276379,-0.001557210453,-0.00151460618,-0.002431363663,0.001634907721,0.3,-0.000286478323,-0.002827942582,
1894,0.7542128563,0.7831934353,0.001793820014,0.001958990364,0.004142880483,-0.001035634937,0.9,-0.001041966656,0.004629606685,1.032777696
1895,0.8340768364,0.5361601895,0.002116796421,0.00142494432,0.001540922279,-0.001468348414,0.8,0.000979009801,0.003254583041,1.496972961
1896,-0.4137493503,-0.1814702718,-0.0008501888106,-0.0003968755175,-0.00188914972,0.00707128007,-0.8,-0.001289581294,-0.0004107963269,
1897,-1.174964316,-1.063688515,-0.002498809931,-0.00237372518,-0.002433201405,0.0001134898455,0.5,-0.002244447473,-0.002753172388,
1898,1.555130766,1.472706617,0.003218130183,0.00319378848,0.002042417548,0.00485279372,0.4,0.005307158859,0.001129101507,0.4771505454
1899,-0.6352041452,-0.7970220811,-0.001659606823,-0.002132220681,7.353837446e-05,0.0001746161728,0.4,0.002053291038,-0.005372504684,
1900,-1.233682622,-1.434936484,-0.002690738768,-0.003200993002,-0.001680276179,0.004808695894,-0.1,0.001931747002,-0.007313224537,
1901,-2.071401697,-1.734566536,-0.003816045325,-0.003281062362,-0.005210817687,0.001653344437,0.0,-0.006201439866,-0.001430650784,
1902,0.3939645696,0.1044709125,0.0008464405214,0.0002323605718,-0.001221542144,0.001178050791,-0.7,0.0009189725416,0.0007739085012,0.904218344
1903,0.5218623363,0.641040659,0.00121019701,0.001556308892,-0.000271913126,-0.001274971584,0.1,0.006885030553,-0.004464636532,1.63320617
1904,-1.049359347,-1.234204694,-0.002254351975,-0.002710383788,-0.0002865974271,0.0102740675,0.0,0.001067090871,-0.005575794821,
1905,-1.860846869,-2.03651125,-0.003760696812,-0.004061364181,-0.001445803174,0.002524467642,-0.8,-0.0003896404217,-0.007131753202,
1906,-0.3831479793,-0.3947558234,-0.0008208478127,-0.0008818978274,0.0002183519392,-0.0007501885769,0.4,-0.002717027323,0.001075331697,
1907,0.9255441139,0.8043555106,0.00214996089,0.001894201077,0.004488507349,0.0005173521726,0.2,-0.004130083171,0.008430004952,2.032257793
1908,-0.3243660761,-0.09897689948,-0.0007400246497,-0.0002315114221,0.0005474125777,0.004603283654,0.1,0.0003391217502,-0.00181917105,
1909,0.9318483011,0.8080109103,0.002357004817,0.002169728129,0.003662819122,-0.004937494781,-0.3,0.00815813741,-0.003444127775,1.071126919
1910,0.6682563316,0.6574880762,0.001533975402,0.00157140678,0.004040959736,-0.00534197817,0.9,0.004924619206,-0.001856668402,0.9764271583
1911,0.005474911056,0.07928439391,1.213639136e-05,0.0001821085838,0.001444032162,-0.0003083486499,0.7,0.001951075412,-0.00192680263,80.12908132
1912,-0.8802698376,-1.114397633,-0.001811544876,-0.002352131144,-0.005465522394,0.007167613299,-0.9,-0.0009579502319,-0.002665139521,
1913,0.08143355971,0.3980701343,0.0001857676835,0.0009450214273,-0.001538171055,0.004027700263,-0.9,-0.0004102505803,0.0007817859472,9.62176419
1914,-2.136670476,-2.321315713,-0.005333313874,-0.005974141194,-0.00780910153,0.009307312998,-0.7,-0.005329699274,-0.005336928474,
1915,-0.5074018305,-0.2532134537,-0.001057988388,-0.0005479529791,-0.002829813159,0.003191478469,-0.1,0.001752727318,-0.003868704093,
1916,0.3492703353,-0.2484494308,0.000795343873,-0.0006014465661,-0.0005038142332,-0.001041635543,0.8,0.001369520538,0.0002211672081,1.891534905
1917,-0.5618714409,-0.8903464818,-0.001330424748,-0.002269231837,-0.0005436788163,0.002432818263,-0.8,0.0009458566569,-0.003606706153,
1918,0.278520649,0.5171342721,0.0006256755262,0.001230403599,-0.003572494833,-0.004769961307,0.1,0.0077544933,-0.006503142248,4.674138566
1919,-0.4894541858,-0.486360257,-0.00122537704,-0.00127651464,-0.002736370407,-0.005048408235,-0.4,-0.006417237259,0.003966483179,
1920,-3.457748218,-3.357282128,-0.007287289404,-0.007803717285,-0.005623717138,0.008102980587,-0.3,-0.01118927266,-0.003385306143,
1921,-0.02062902321,0.05295554729,-4.334287972e-05,0.0001209956235,-0.001660029548,-0.0006447711455,-0.7,-0.001491003799,0.00140431804,
1922,-0.2740646927,-0.2972452663,-0.0005819669521,-0.0006711635116,-0.00160515341,-0.0005104804306,-0.7,-0.002386719928,0.001222786023,
1923,-1.290206828,-1.22757143,-0.002933712272,-0.002924007818,-0.003407707135,0.007426022251,-0.8,-0.003458602008,-0.002408822536,
1924,-0.9483776215,-1.013755495,-0.002226138976,-0.00252090124,0.002870808267,0.002238076253,0.9,-0.00343887813,-0.001013399822,
1925,-0.1337750812,-0.6510940641,-0.0003278646393,-0.001667422973,-0.00555713253,0.0002554097296,-0.9,-0.001127104065,0.0004713747862,
1926,-1.504766665,-1.196528612,-0.003290119688,-0.002706466379,-0.0004775343003,0.003437086847,-0.3,-0.002471931106,-0.00410830827,
1927,0.03482130949,0.2528932979,7.822807791e-05,0.0005872290354,0.001420172172,0.002635107299,-0.2,8.892293611e-05,6.75332197e-05,24.82795363
1928,-0.5516506462,-0.4543723744,-0.001312769515,-0.001161575076,-0.0006648709246,-0.0009537153371,0.0,-0.00342096777,0.0007954287403,
1929,-2.768417933,-2.907448342,-0.006541870422,-0.007289528784,-0.008373599772,0.005684380603,-0.7,-0.007123825837,-0.005959915007,
1930,-0.345689902,-0.1569672536,-0.0008209128419,-0.0003983154202,0.003190452447,0.0002716227799,0.2,0.003515774417,-0.005157600101,
1931,0.1418274396,0.4302991661,0.0003128882679,0.0009319056477,-0.001895232667,-0.003153955018,0.1,0.002995480444,-0.002369703908,5.682595018
1932,-1.870652541,-1.641659312,-0.004034028621,-0.003647859223,-0.004335572316,0.006610994317,-0.8,-0.00301395607,-0.005054101172,
1933,-0.0188619044,-0.02006114555,-3.984058181e-05,-4.493059893e-05,-0.004191827621,-0.007268549139,0.1,-0.0003053706974,0.0002256895338,
1934,1.007285631,0.6336147153,0.002211582422,0.001404222664,-0.0002601536501,-0.00359670977,-0.3,0.002381926035,0.002041238808,0.6835041467
1935,-1.491362743,-1.508239093,-0.003745194527,-0.003877139931,-0.007852271461,0.001605404708,-0.3,-0.002478595897,-0.005011793157,
1936,-1.442910217,-1.05923633,-0.003029786064,-0.002318910632,-0.003321091447,0.0009882240586,-0.5,-0.003645477977,-0.002414094151,
1937,-0.5492766407,-0.6318091882,-0.001299014791,-0.001613590156,-0.004643629698,0.0003797930889,-0.2,-0.001849647908,-0.0007483816741,
1938,0.02242146849,-0.07963079152,5.042949607e-05,-0.0001782534495,0.001837183295,0.002697607967,0.4,-0.004502952545,0.004603811537,26.94223779
1939,-2.591324632,-2.559604746,-0.005483691981,-0.005764520359,-0.005924573401,0.005458736772,-0.9,-0.0005663534782,-0.01040103048,
1940,1.150677605,0.6864394216,0.002513819336,0.001528781957,0.002679924711,0.003429324795,-0.3,0.005242919125,-0.0002152804521,0.8545194912
1941,1.123852795,1.132691236,0.003184348043,0.003167213718,0.001371383066,-0.006730715669,0.2,0.001862893128,0.004505802959,0.6276183478
1942,-1.401197432,-1.426083999,-0.002857220622,-0.003032605518,-0.0008577894944,0.006303726775,-0.1,-0.00195528042,-0.003759160824,
1943,-1.502774167,-1.456601667,-0.003950291517,-0.004024063401,-0.002783118475,0.004228864603,-0.3,-0.006501399343,-0.001399183691,
1944,3.728604178,3.384216193,0.00826208898,0.007873510265,0.008445815971,-0.01068798307,0.4,0.008550986708,0.007973191253,0.2758932748
1945,0.08983073578,0.26127304,0.0001944510382,0.0006041513929,0.001497322136,0.0003216205837,0.2,0.0020574557,-0.001668553623,5.947016836
1946,1.202899537,1.253639205,0.00285107466,0.003003697351,-0.0007969498231,-0.008223304853,0.8,0.003332715316,0.002369434003,0.3770508944
1947,-1.682393439,-1.195488933,-0.003487511949,-0.002521913109,-0.00349086477,0.0003561361758,0.5,-0.004469732758,-0.002505291139,
1948,0.9215909336,0.7830150024,0.002000490288,0.001767254328,0.0004662523335,-0.002914007124,0.8,0.003130345279,0.000870635298,0.7244198872
1949,-1.342278997,-1.020708442,-0.002909822989,-0.002310953905,-0.002666055209,0.003502832716,0.3,-0.001383626752,-0.004436019226,
1950,0.01430910819,-0.4563601341,3.202819094e-05,-0.001036969547,-0.000342287937,0.002403216818,-0.1,0.0003404990749,-0.000276442693,45.84734551
1951,-0.3564832523,-0.4366905914,-0.0008732735426,-0.001170383823,0.005604913964,0.003274548091,0.2,-0.003062471134,0.001315924049,
1952,0.8069354688,0.777251916,0.002044556954,0.002004157961,-0.0004569467916,-0.004136561575,-0.4,0.004293779348,-0.0002046654399,0.7871654516
1953,-0.899310592,-0.8923111615,-0.001975850156,-0.001947550124,-0.007963474563,-0.0001945543371,-0.2,-0.002627862096,-0.001323838216,
1954,-1.046197632,-1.304723832,-0.002229298313,-0.002762334299,-0.003890260196,-0.003921508929,0.0,-0.002773138342,-0.001685458284,
1955,-1.625907646,-2.009197301,-0.0036066758,-0.004576090001,-0.005323591732,0.002069756155,-0.1,-0.004747534883,-0.002465816716,
1956,-2.755192972,-3.232074376,-0.006052045085,-0.007103308653,-0.005876359192,0.002095489487,-0.6,-0.01131611721,-0.0007879729636,
1957,-0.3204112915,-0.2679248033,-0.0007574341905,-0.0006504834023,-0.002439102034,-0.001677247277,-0.2,-0.003385776229,0.001870907848,
1958,1.914666423,1.72128115,0.003827688674,0.003429100693,0.001225581023,0.0007901633543,-0.4,0.003045206926,0.004610170421,0.4757724847
1959,-2.015818386,-2.020071769,-0.004580137687,-0.004786547392,-0.009578060011,0.008258306524,-1.0,-0.003034809292,-0.006125466081,
1960,-1.497542706,-1.41360426,-0.003467560688,-0.003262776733,-0.001969653772,0.004967842985,-0.8,-0.001174693054,-0.005760428322,
1961,-1.304319838,-1.353678993,-0.003042207712,-0.003255337501,-0.001744448021,0.004274056448,-0.8,-0.0003608938895,-0.005723521534,
1962,-2.808542614,-2.765927053,-0.006983776428,-0.006876260112,-0.003234989036,0.00927919262,-0.8,-0.007872278048,-0.006095274808,
1963,0.05030467166,-0.57069602,0.0001237256273,-0.001566222565,-0.001810990289,-0.001138429059,-0.3,-0.002401984073,0.002649435327,11.21421133
1964,-1.735021625,-1.632637414,-0.004170878726,-0.004036316558,-0.006401324731,-0.001307173218,0.5,-0.006485202675,-0.001856554777,
1965,-0.8621767525,-1.068174099,-0.002124938709,-0.002708874497,-0.005133552593,0.009204983439,-0.4,0.001240733643,-0.00549061106,
1966,-3.067613146,-3.25613949,-0.007146170265,-0.007751489067,-0.004054531263,0.008253577622,-0.1,-0.006915625378,-0.007376715151,
1967,-1.585581628,-1.581099137,-0.003569754884,-0.003633908272,-0.00333670336,0.004202502978,-0.2,-0.006233379023,-0.0009061307457,
1968,1.620327125,1.95114798,0.004377335231,0.005340123691,0.006141699367,-0.00333670142,0.3,0.00874514449,9.525971257e-06,0.8322788712
1969,-1.006759648,-1.461259416,-0.002479454865,-0.003601618115,-0.004910884052,-0.001892386925,0.5,-0.002536184315,-0.002422725416,
1970,-1.103606796,-0.907191258,-0.002669766632,-0.002262971309,0.0006152685833,0.005115079943,-0.6,-0.003685585396,-0.001653947867,
1971,0.612704082,0.5964707567,0.001432090434,0.00149654778,-0.001039066878,-0.006516952758,0.8,-0.0003232821016,0.00318746297,0.9001786735
1972,0.9624429213,0.5074851152,0.002283594397,0.001256029077,-0.001950140029,0.001756250884,-0.8,0.00294502793,0.001622160864,0.579354861
1973,-0.9478240387,-0.5617771931,-0.002345430972,-0.001417719226,-0.003220266751,0.0005098862802,-0.7,1.803582364e-05,-0.004708897767,
1974,-1.399812183,-1.527215257,-0.003503217175,-0.003865253952,-0.007685791536,0.003941990365,0.0,-0.006526809489,-0.0004796248608,
1975,-1.132025455,-1.210928629,-0.002607801339,-0.002890911914,-0.003548829574,-0.0001409794391,-0.7,-0.002192785745,-0.003022816933,
1976,-0.5832539827,-0.8429739423,-0.00131314528,-0.001954526217,-0.00179155446,-0.004080956375,0.6,-0.0008473177895,-0.001778972771,
1977,-2.285619763,-2.527494284,-0.006021089945,-0.006892862592,-0.008828262146,0.009256196522,-0.9,-0.005134031097,-0.006908148793,
1978,1.14074717,1.100085775,0.002738642521,0.002631048779,0.0001320980775,0.001306917935,-0.3,-0.0008146840548,0.006291969097,1.179304244
1979,-1.300429665,-1.614057719,-0.002982624269,-0.003908846604,-0.006040965899,0.002064841061,-0.3,-0.00369003024,-0.002275218297,
1980,0.4751640572,-0.254354459,0.0010069049,-0.0005797121855,0.0007684792425,0.001281385321,0.2,-0.001826195891,0.003840005692,1.476210228
1981,-0.338944318,-0.6106882919,-0.0007790032139,-0.00148484213,4.256290433e-05,-0.0007034393921,0.0,-0.0006866647674,-0.0008713416603,
1982,-0.3082124057,0.06815269992,-0.0006596799436,0.0001551633217,-0.0001304116444,0.001756712756,0.3,0.0005892158055,-0.001908575693,
1983,-0.9244089906,-1.106434827,-0.002233774005,-0.002752490621,-0.003074885937,0.006508282911,-0.9,-0.004588995489,0.0001214474801,
1984,0.9342067481,0.8160012573,0.002409897701,0.002093280955,-0.003691163084,0.00179640693,-0.8,0.009157134175,-0.004337338774,1.925198861
1985,0.8372093374,0.5534567594,0.001896898755,0.001287182021,-0.00146764187,-0.0002409562983,-0.4,0.003624491211,0.0001693062982,0.9888573122
1986,-0.1180721211,-0.0341035115,-0.0002563746165,-7.684947893e-05,0.001065519147,0.003196680771,-0.5,-0.001471681407,0.0009589321742,
1987,1.495334081,1.430082309,0.003257453619,0.003224927768,0.006175803901,-0.004434415795,0.0,0.008122234258,-0.00160732702,0.8218131716
1988,-1.359923407,-1.455894339,-0.00275678579,-0.002930696896,0.004123475861,-0.001654216876,0.2,-0.00193667435,-0.00357689723,
1989,-0.5273582163,-0.4866043912,-0.001143951963,-0.001097039794,-0.005550147452,-0.0008826893656,-0.5,0.003734841688,-0.006022745615,
1990,-1.531807871,-1.745112444,-0.003714798318,-0.004354256936,-0.00620967994,0.0004014187547,-0.2,-0.00472834316,-0.002701253476,
1991,0.2230239029,0.3966308767,0.0004585964065,0.0008124376882,0.0009405148234,0.001541679283,-0.3,-0.000141816879,0.001059009692,1.62294792
1992,-1.915135527,-2.183708632,-0.00462597208,-0.00558664757,-0.001557317616,0.004616819382,-1.0,-0.005996969331,-0.003254974829,
1993,-1.324171473,-1.763129287,-0.003151861307,-0.004236740241,-0.001033427401,0.003709150884,0.4,-0.004446789526,-0.001856933087,
1994,-1.680001139,-1.944090767,-0.003527811612,-0.004026842702,-0.004706775492,0.007425072997,-0.9,-0.007350844715,0.0002952214899,
1995,1.657880897,1.401506667,0.003932408287,0.00355886007,-0.001723190839,-0.005047323076,0.8,0.0007016368007,0.007163179774,0.6062850456
1996,0.4345987177,0.2620445051,0.0009101984316,0.000577686185,0.002716240272,0.001110345386,0.8,0.002035955749,-0.000215558886,2.307394841
1997,-1.112405552,-0.821789298,-0.002671484535,-0.002022398689,-0.001783482133,0.003365431056,0.3,0.0004932649618,-0.005836234032,
1998,-0.4691612939,-0.3249453994,-0.001140446882,-0.0008302300676,-0.00562321622,0.000118492926,-0.7,-0.003308174958,0.001027281193,
1999,-0.8048955055,-0.9750061059,-0.001601250651,-0.001992903847,-0.002987093177,0.005821526952,-0.9,-0.0009864186226,-0.002216082679,
2000,-0.07217756035,-0.32886622,-0.0001709993313,-0.0007985035632,-0.0002111407178,-0.0003896606523,0.7,0.008213678526,-0.008555677188,
2001,0.4988300642,0.6988495636,0.0011295752,0.001576242328,0.00233317614,0.0009184759147,-0.3,-0.0002797976059,0.002538948006,1.153232152
2002,-0.06592583462,0.02696201767,-0.000173716418,7.270956588e-05,-0.002283713614,-0.002541355019,0.1,0.002143249013,-0.002490681849,
2003,-0.9678250311,-1.305086951,-0.002025802939,-0.0027930515,-0.0005765790669,-0.0004231247481,-0.4,0.0007963309081,-0.004847936786,
2004,0.4580050285,0.3403768369,0.0009081782862,0.0006699266907,-0.001248283492,0.002353306094,0.4,0.0004349794399,0.001381377132,1.371605547
2005,-0.2394044518,-0.4371169189,-0.0005373747882,-0.001001654176,-0.0008481368174,-0.004043119188,0.2,0.0002122531377,-0.001287002714,
2006,-1.945757813,-2.006523377,-0.00496990053,-0.00535336668,-0.00819427144,0.009780715464,-1.0,-0.003144932191,-0.006794868868,
2007,-1.839772004,-1.714076632,-0.00429308519,-0.004074336561,-0.005835467204,0.001068169898,-0.4,-0.004549185194,-0.004036985187,
2008,0.7205321651,0.6265693263,0.001726132476,0.001505109831,0.005145210359,-0.001559890311,0.7,0.008479352466,-0.005027087515,1.367299665
2009,-1.15587068,-0.8748912081,-0.002894143706,-0.002320433872,-0.001221088551,0.005809391239,-0.2,-0.003875983873,-0.00191230354,
2010,1.815262082,1.913349702,0.004047402365,0.004401363533,0.003554470569,-0.01081317004,0.3,0.004496625611,0.00359817912,0.4355529391
2011,-1.058265862,-1.800365916,-0.002507957584,-0.004504002533,-0.003304304448,-0.002247378736,-0.3,-0.00284751491,-0.002168400258,
2012,-1.244216889,-1.488136342,-0.002987224492,-0.003515091326,0.0003739061732,0.006998244833,0.4,0.0002254851402,-0.006199934124,
2013,-1.216535564,-1.528463362,-0.002686761125,-0.003481819819,-0.002626592724,0.008767488474,-1.0,-0.001136399748,-0.004237122502,
2014,0.641317915,0.5635956547,0.001472088138,0.001348040433,0.003578326238,-0.001512897188,0.7,0.001401529731,0.001542646546,0.6385518814
2015,1.230198599,1.14309319,0.002793512187,0.002676066504,0.006986513504,-0.001948815006,0.7,0.00319568657,0.002391337803,0.9013811264
2016,0.277936108,0.6388816996,0.0006674600994,0.001595969325,-0.001034587197,-0.001799050677,0.1,-0.0002169479381,0.001551868137,1.457330395
2017,-1.183552268,-1.563971775,-0.002571022534,-0.003544116778,-0.003095717935,0.003008391245,-0.2,-0.002565263459,-0.002576781609,
2018,-0.6191412795,-0.5149468814,-0.001188026767,-0.001025774557,-0.002054622599,0.004566686009,0.1,0.0006667041953,-0.00304275773,
2019,-1.033622817,-1.474566784,-0.002397586122,-0.00349685755,0.0001623020459,-0.000978611042,0.3,-0.005534878419,0.0007397061746,
2020,-0.09980207196,-0.2899317716,-0.0002571481585,-0.0007638883199,-0.001103168568,-0.002350774382,0.8,0.002562250779,-0.003076547096,
2021,-0.7797122631,-1.007702553,-0.001788630747,-0.00234924953,-0.005391220469,-0.0004560317309,-0.8,0.002978271352,-0.006555532846,
2022,-0.310173767,-0.2971811432,-0.0006779285485,-0.0006714563427,-0.00316285268,-0.002974263729,-0.2,-0.001617635738,0.0002617786413,
2023,-2.19574827,-2.288007791,-0.004747531758,-0.005240760675,-0.004876901331,0.005957869431,-0.9,-0.009174065488,-0.000320998027,
2024,0.004691911868,-0.5018990093,1.128771125e-05,-0.001231168459,-0.001342453468,0.000534962288,0.5,-0.0002215442113,0.0002441196338,38.07291741
2025,-1.047644477,-0.8453944726,-0.002012349243,-0.001682338437,-0.002228180078,-0.001445097725,0.0,0.0005498045036,-0.00457450299,
2026,-2.003154,-1.894055465,-0.004530472438,-0.00441101287,-0.003647318781,0.007615346011,-0.9,-0.005772227035,-0.003288717841,
2027,1.681729699,1.477402823,0.003576528272,0.003227294434,0.009096421089,-0.003950526923,0.2,0.00963393168,-0.002480875136,1.062039807
2028,-3.014219037,-3.062837778,-0.005928092535,-0.006357606522,-0.006712268801,0.005130672214,-0.9,-0.002117951999,-0.00973823307,
2029,0.2030259299,-0.02955781591,0.0004826272043,-7.253097157e-05,-0.001419055407,-0.0004811071055,-0.7,0.001213124526,-0.0002478701169,0.7125386471
2030,0.05571789614,0.2447730065,0.0001277182491,0.000569316133,0.00161432008,6.896520924e-05,-0.5,0.0008701494149,-0.0006147129166,7.853803455
2031,0.4283590162,0.4624796683,0.001003698249,0.001094813053,0.0004392793629,0.001055863178,-0.3,0.002557150483,-0.0005497539857,1.461625172
2032,0.746152146,0.3333486143,0.001729964137,0.0007936278524,-0.00180614,-0.005613502057,0.3,0.001886952401,0.001572975873,0.54168515
2033,-0.3767128802,-0.7083181345,-0.0008268002962,-0.001618253986,-0.006700075487,0.002747610343,-0.1,-0.0005533438451,-0.001100256747,
2034,-1.073873994,-1.127756649,-0.002594102334,-0.002785544897,-0.002288897901,0.006721065614,-0.3,-0.0005990720767,-0.004589132592,
2035,1.927505925,1.69338641,0.004598649328,0.004174633327,0.01021585064,-0.00472648995,0.7,0.003878450688,0.005318847968,0.8220175569
2036,-1.035173813,-1.011994893,-0.00258344897,-0.002601064396,-0.005747936358,0.00138722457,-0.2,0.001049897619,-0.006216795558,
2037,0.2546829739,-0.2302998551,0.0006161747162,-0.0005975992308,-0.002978050821,-0.003540552235,-0.2,0.004316152402,-0.00308380297,2.173581322
2038,-2.657398013,-2.67201022,-0.006261218663,-0.00622058589,-0.0020958495,0.006494789129,0.0,-0.008329894635,-0.004192542692,
2039,0.5921284144,0.5329066527,0.001448141043,0.001311772157,0.00155432831,0.002312628918,-0.1,-0.0005390066637,0.00343528875,0.7318808104
2040,1.407594167,1.207184568,0.003531200458,0.003183648781,0.002699949179,-0.0009151893992,0.7,0.008280872319,-0.001218471404,0.661766647
2041,-0.7422614992,-1.118456878,-0.001864901074,-0.002834912769,-0.001207453678,-0.001458686521,0.4,-0.003492301525,-0.0002375006231,
2042,-1.904257621,-2.136946039,-0.004086683074,-0.004649175969,-0.002815651457,0.000605881924,-0.7,-0.004878947779,-0.003294418369,
2043,0.6577415287,0.6164438948,0.001540355178,0.00147059406,-0.001118509904,-0.0009149810465,-0.4,-0.0008974152391,0.003978125594,0.8306014872
2044,-0.3818130892,-0.3763091911,-0.000923952913,-0.0009469308424,-0.0003517817996,0.006505757404,-0.5,0.001486068817,-0.003333974643,
2045,0.9687775004,0.9322974136,0.002182822772,0.002205831228,0.002564891435,-0.01021146648,0.8,0.003763339469,0.0006023060743,0.7589703653
2046,-0.7518470624,-0.7996711848,-0.00183235178,-0.002021123442,0.0006327040105,0.002955487209,-0.3,-0.005355249451,0.00169054589,
2047,0.2497263239,-0.1532144452,0.0005510334698,-0.0003480781453,-0.004838228335,0.0001096255429,-0.2,-0.002191648245,0.003293715184,2.499790138
2048,-0.9873151742,-0.7012833927,-0.002322675668,-0.001729831536,-0.001824734447,0.008981425098,-0.9,-0.003322862512,-0.001322488824,
2049,-1.842696132,-1.986836587,-0.004026903464,-0.004442720758,-0.00350055282,0.004875006329,-0.2,-0.005517669154,-0.002536137774,
2050,1.276206006,1.004680192,0.002798443497,0.002208501644,0.0009964284707,-0.005360948943,0.3,0.003480119255,0.002116767739,0.7887205091
2051,0.84242093,0.883355985,0.001611700323,0.001748321948,0.002179332158,0.004641489729,-0.2,-0.002057804234,0.005281204881,1.151102867
2052,-1.393797204,-2.141759018,-0.003147205721,-0.00467821061,-0.001041963625,0.008952177098,-0.8,-0.001431124417,-0.004863287024,
2053,-1.241010444,-1.395270411,-0.002981318802,-0.00341116134,-0.003573950319,0.004776033871,-0.2,-0.004930625149,-0.001032012456,
2054,0.7371610396,0.7883554215,0.001884339749,0.002084877064,-0.005619090645,0.0005541331037,-0.8,0.002807845504,0.000960833994,0.5558776573
2055,-1.325320249,-1.14729157,-0.003254556629,-0.002916180477,-0.003685173411,0.005645982293,-0.9,0.002469761979,-0.008978875238,
2056,-1.386300791,-1.278972972,-0.003217799868,-0.003047200928,0.001543950614,0.002532021022,-0.8,-0.006387215637,-4.838409907e-05,
2057,-1.778124707,-2.076776859,-0.004056190516,-0.004925487276,-0.0012130504,0.0007672363061,0.5,-0.001574327786,-0.006538053246,
2058,-0.05756832916,-0.1481783277,-0.0001313541122,-0.0003510603804,-0.002218326029,0.003425829097,-0.4,0.001663554225,-0.00192626245,
2059,-2.097922325,-2.058131509,-0.004813782459,-0.004734409346,-0.005783635695,0.002494625195,-0.4,-0.006679335,-0.002948229919,
2060,-1.152355699,-1.250370079,-0.002489872455,-0.002769014113,-0.0005497893232,-0.0005966786643,0.0,-0.004031715284,-0.0009480296266,
2061,-0.2874251618,-0.3197148322,-0.0007049812786,-0.000828548349,-0.005217071271,-0.0009800053777,0.5,-0.005725169926,0.004315207369,
2062,-1.650253934,-1.892206039,-0.004103180612,-0.004749106713,-0.001614175992,0.001591578418,-0.7,-0.008175473136,-3.088808675e-05,
2063,-0.1102403088,-0.4090882481,-0.0002542159759,-0.0009879022829,-0.003141551031,-0.00599451126,-0.4,0.001454262848,-0.0019626948,
2064,-2.486241803,-2.539659623,-0.005665565988,-0.006108955379,-0.003254116186,0.01021901133,-0.6,-0.006363631607,-0.00496750037,
2065,-1.021943549,-1.190347517,-0.002149970984,-0.002608296337,-0.01017321788,0.0007131402984,-0.7,-0.0008374821553,-0.003462459813,
2066,0.3512728026,0.3338652521,0.0009108774074,0.0008919744773,-0.0005013884468,-0.004293656296,0.3,0.0018569169,-3.516208568e-05,1.372621279
2067,0.3985355292,0.2628125639,0.0007873455913,0.0005333291245,0.001974413192,0.004265299763,-0.6,-0.0007599903266,0.002334681509,1.247290494
2068,0.7393306525,0.9717406593,0.001789114258,0.002502652652,0.00134841603,-0.005994088826,-0.2,0.002034162399,0.001544066118,1.037161597
2069,-3.238029068,-2.88031454,-0.007214285307,-0.006923375277,-0.009636160774,0.002416597633,-0.8,-0.007905649896,-0.006522920717,
2070,-2.03738367,-2.021582301,-0.004625261797,-0.004718794629,-0.00442523913,0.001532284912,-0.9,-0.001968369728,-0.007282153867,
2071,-0.5925880783,-0.4517229071,-0.001552984624,-0.001231553537,0.003454178453,0.003970433173,-0.3,-0.005779063483,0.002673094235,
2072,-2.389004967,-1.796934822,-0.005286984547,-0.004243435811,-0.004022888647,0.003979716569,0.3,-0.007832523732,-0.002741445362,
2073,-1.273855184,-1.072784314,-0.002780372409,-0.002377707966,-0.002090734423,0.000254733692,0.5,-0.003054914015,-0.002505830804,
2074,-2.892037417,-2.911439949,-0.006446950883,-0.006659238534,-0.01032559618,0.01136948868,0.1,-0.00874838615,-0.004145515617,
2075,0.2166829205,-0.1304401895,0.0005005889318,-0.0003059253697,-0.0004562854466,1.362026005e-05,-0.5,0.0004813318101,0.0005198460534,1.145491523
2076,-0.7993366297,-0.7020781139,-0.002084279934,-0.001900009345,-0.001487913799,0.002903391995,-0.4,0.001456286317,-0.005624846185,
2077,-1.176395887,-1.460565241,-0.002580074323,-0.003369226844,-0.004595425054,0.004503494689,0.3,0.001058589876,-0.006218738523,
2078,-0.8247141122,-0.8786081635,-0.00193484026,-0.002119593996,-0.003359599559,0.005187331126,-0.2,-2.742791542e-05,-0.003842252605,
2079,-2.97205877,-3.345821712,-0.006687035629,-0.008097844756,-0.007307257106,0.009010947455,-0.9,-0.01049230484,-0.002881766416,
2080,-1.292810074,-1.67536862,-0.002919581906,-0.003897182484,0.003383999822,0.001238359314,0.7,-0.006513884906,0.000674721093,
2081,-0.6842729266,-0.777096665,-0.001692726176,-0.002019097314,0.001215068987,0.0008844564959,-0.5,-0.005115926078,0.001730473727,
2082,-1.10311497,-1.501839023,-0.002537813971,-0.003573690631,-0.005212619115,0.003381767572,-0.8,-0.00103651027,-0.004039117672,
2083,1.113822416,0.9713004303,0.00253212262,0.002189399795,0.0003535501217,0.003095756925,-0.2,-0.0002169558005,0.00528120104,0.5576895156
2084,-0.7124442314,-0.7031992385,-0.001643096604,-0.00172827425,-0.0073616617,-0.001267740765,-0.7,0.0009010397443,-0.004187232951,
2085,-1.449161243,-1.598371081,-0.003174463372,-0.00371624468,-0.002651603651,0.003254606727,0.3,-0.001755492255,-0.004593434488,
2086,-0.8802264439,-0.9861120032,-0.001931352699,-0.002321700349,0.002903085835,-0.001610939701,0.2,0.0001420928142,-0.004004798213,
2087,-0.4924399015,-0.5149434848,-0.001069295633,-0.00115233818,-0.001248264338,0.001726083791,-0.1,-0.001740409621,-0.0003981816439,
2088,-2.554142608,-2.78576964,-0.005668573861,-0.00623880274,-0.008347513151,0.006229026644,-0.2,-0.00670421597,-0.004632931752,
2089,1.020989558,0.9088433501,0.002342732237,0.002163587757,0.001242790756,-0.005106590254,0.6,0.003061184475,0.001624279999,0.6574356849
2090,0.1650275554,0.2548054112,0.0003672447056,0.0005551959927,-0.001222005212,-0.003419893691,0.3,-0.004042400642,0.004776890053,5.942448582
2091,-0.2172254896,-0.5220618331,-0.0004652396538,-0.001171126214,-0.003564077739,0.00344190927,-0.2,-0.001236954713,0.0003064754054,
2092,-0.8441480891,-0.6674263898,-0.002029289177,-0.001624426839,-0.004095981469,0.006590631167,-0.6,0.002199585604,-0.006258163959,
2093,-0.9664879667,-0.7196870252,-0.002247630597,-0.001686914443,-0.003241312515,0.00875612234,-0.9,-0.00888655297,0.004391291776,
2094,0.3465997568,0.3507978031,0.0008194505537,0.0008714115426,-0.0002208825268,-0.005927907083,0.1,0.003667834897,-0.00202893379,1.246396586
2095,-1.128887243,-1.600173437,-0.002472290359,-0.003718674634,-0.003517189577,0.01060033152,0.0,-0.004093716203,-0.0008508645141,
2096,-3.506879749,-3.528968607,-0.007950939052,-0.00830298547,-0.007410432694,0.01232683748,-0.8,-0.006092837895,-0.00980904021,
2097,-0.6900794147,-0.3541648222,-0.001540978504,-0.0008015895245,-0.001994629573,0.003308087642,-0.1,0.001072326422,-0.004154283429,
2098,1.107578427,1.065098765,0.002609917129,0.00253524701,0.005044081671,-0.004291008747,0.9,0.004095077182,0.001124757075,0.946549496
2099,-0.5973305361,-0.4451012619,-0.001273119394,-0.0009799812861,-0.002004790097,0.002549582476,-0.1,0.003489361942,-0.006035600731,
2100,0.5517977592,0.8592310495,0.001224193419,0.002040580157,0.003612644952,0.001353168517,0.0,0.004870521512,-0.002422134674,1.800912863
2101,-0.9960737622,-1.175626234,-0.002472533578,-0.003068655583,-0.002456893786,0.002503601111,-0.1,-0.004496047107,-0.0004490200494,
2102,-3.301120148,-2.779593967,-0.006965063679,-0.006160317826,-0.005861640001,0.001959614437,-0.9,-0.01114225032,-0.002787877035,
2103,1.502650195,1.203125665,0.003656589804,0.003090510329,0.003797665395,-0.005150203095,0.4,0.001400825892,0.005912353716,0.6341460108
2104,0.6930709348,0.6343978831,0.001492963933,0.001380890478,-0.0006865385119,0.001765456775,-0.2,0.003102704321,-0.0001167764549,0.5528970604
2105,-0.5385358183,-0.7126027391,-0.00139072902,-0.00189974491,-0.0038277383,0.003307524736,-0.7,0.0006339335388,-0.003415391579,
2106,-0.4788168536,-0.2615906401,-0.001148323596,-0.0006171504027,-0.001461310217,8.233509211e-06,-0.7,0.004324034956,-0.006620682148,
2107,-0.4194307591,-0.684639942,-0.001092345183,-0.001820553317,-0.002980501392,-0.000345385655,-0.2,0.003222724061,-0.005407414428,
2108,0.3158687408,0.6373191059,0.0007141640145,0.001485995839,-0.0003463904069,0.002698340284,-0.9,0.003356987281,-0.001928659252,3.871593133
2109,1.503473714,1.592383195,0.003786474361,0.004210115626,0.007681861806,-0.003763710002,0.1,0.008197685206,-0.0006247364844,0.7106636191
2110,1.222434766,0.5925246669,0.002743750991,0.001368882833,0.001944335405,0.0001606666969,-0.3,0.0009342999893,0.004553201993,0.665390407
2111,-3.204620054,-2.885621682,-0.007213693248,-0.006820907612,-0.004018912561,0.009535178122,0.3,-0.007096267924,-0.007331118573,
2112,-2.893855947,-2.492065889,-0.006120373285,-0.005584042214,-0.005592831915,0.004163505343,0.1,-0.003150490033,-0.009090256537,
2113,0.8025156623,1.156544453,0.001928129648,0.003019690384,0.002715378295,-0.003475920851,0.6,0.004020045794,-0.0001637864971,0.7549899985
2114,-0.5579220032,-0.5730641174,-0.001348890636,-0.001381111663,-0.001322294273,0.0009229292711,-0.1,0.001027475742,-0.003725257015,
2115,1.002618218,0.8687861365,0.002374645723,0.002101257164,-0.001407501392,0.0008225132913,-0.6,0.003547066107,0.001202225339,0.4770806782
2116,-1.933753098,-1.218464514,-0.004172840849,-0.002820402488,-0.001913979051,0.004343470854,0.1,-0.004371664154,-0.003974017545,
2117,-3.026487333,-3.093208224,-0.006321954436,-0.006606453738,-0.006785702588,0.009799730299,0.0,-0.01109193337,-0.001551975502,
2118,0.6776269175,0.246320925,0.001668809405,0.000619012425,-0.0006702255955,-0.003292629832,0.8,0.005129368326,-0.001791749516,0.8664330474
2119,-2.512792334,-2.750537184,-0.005401334415,-0.006092020206,-0.004632805005,0.007634540704,-0.6,-0.005766714999,-0.005035953831,
2120,1.170949739,0.9682087261,0.002622502145,0.002196552123,0.007440401683,-9.786553856e-06,0.2,-0.0003673040652,0.005612308356,0.6126181811
2121,-0.8904625293,-0.6166791393,-0.002235398785,-0.00158371601,0.000884003568,0.004454157062,-0.8,-0.006259239306,0.001788441736,
2122,1.00183993,1.331828915,0.002500004546,0.003481934889,0.001801350565,-0.004677382808,0.9,0.000808975413,0.004191033679,0.488297769
2123,-1.336588278,-1.352548708,-0.003023871409,-0.00317682373,-0.003107059606,0.006596591626,-0.3,-0.004250325727,-0.00179741709,
2124,-1.6816643,-1.461072914,-0.003891562177,-0.00357463478,-0.005528369712,0.007798498839,0.3,-0.001328357601,-0.006454766753,
2125,-1.103446894,-0.7977905923,-0.002528655527,-0.001872803451,-0.003584840947,0.005509730269,0.3,-0.007740693001,0.002683381946,
2126,0.1541133315,0.4267198603,0.0003644623531,0.001019699939,-0.003145752221,0.005591224669,-0.3,0.002507021495,-0.001778096789,5.716566127
2127,-1.27170889,-1.297941455,-0.002934477492,-0.003070383921,-0.002079974056,0.001439545775,-0.3,-0.0003173037832,-0.0055516512,
2128,-2.494968608,-2.516736147,-0.005389302596,-0.005613777667,-0.005698713229,0.005760439505,-0.9,-0.009908499998,-0.0008701051939,
2129,-1.239382098,-0.9408673774,-0.003169671812,-0.00248711422,-0.00340476745,0.006154841094,-0.3,-0.002018912029,-0.004320431595,
2130,-0.2946432897,-0.07374936119,-0.0007211964508,-0.0001912412669,-0.002137259583,0.002632049259,0.3,0.008682992576,-0.01012538548,
2131,-0.9961463443,-1.319808193,-0.002357704523,-0.003217789067,-0.0006617385623,0.005086249352,-0.3,-0.002613016167,-0.002102392878,
2132,-1.899953024,-1.689033201,-0.00395860424,-0.003575655716,-0.0008062643608,0.001638776217,0.4,-0.003398073754,-0.004519134726,
2133,0.5159909105,0.3619313979,0.001250806816,0.0009206643939,0.0001769397221,-0.00441895124,0.8,0.00543794415,-0.002936330517,1.733376402
2134,0.4725625036,-0.0347268116,0.001043104246,-7.701798953e-05,-0.001919298535,0.003259225458,-0.2,0.0002296319311,0.001856576561,2.000175126
2135,-1.028612254,-1.273211939,-0.002590837236,-0.003191792264,-0.00423278773,0.0008866624035,-0.7,-0.0001246201452,-0.005057054326,
2136,-2.537682676,-2.340181875,-0.006222394223,-0.00605696551,-0.006360851502,0.01042100809,-0.9,-0.00979777827,-0.002647010176,
2137,2.286671461,2.496176272,0.005194130406,0.005726727626,0.007808256352,-0.003706540741,0.2,0.002514750747,0.007873510065,0.4951803957
2138,-0.9510881532,-0.5531502136,-0.001994504725,-0.001171454721,0.001378162171,0.003058720273,-0.1,-0.003237944928,-0.0007510645219,
2139,-1.593734088,-1.292599293,-0.003712454299,-0.003234787389,0.0006674766628,0.001469986243,-0.5,-0.007227022648,-0.0001978859514,
2140,0.02812315745,-0.009056036799,6.691358841e-05,-2.255968553e-05,-0.002850939579,-0.002787390665,-0.7,0.001157667227,-0.00102384005,30.23528683
2141,0.1421258586,0.1166865204,0.0003381381053,0.0002786606524,0.000794828398,0.0026309631,0.0,-0.004936556774,0.005612832984,4.150185591
2142,-0.7029084846,-0.6129623517,-0.001769220357,-0.001555417939,0.001598065954,0.004128617936,0.4,-0.002710518189,-0.0008279225249,
2143,2.487782127,2.704504315,0.00594869476,0.006671251695,0.005666178163,-0.002935942983,0.7,0.00594128721,0.005956102311,0.3803838021
2144,1.436163121,1.882520092,0.003023950519,0.004046738092,-0.0004046871182,-0.007591403206,0.3,0.003966960379,0.002080940659,0.6156426146
2145,-1.093501537,-0.6607295325,-0.002604926787,-0.001609487661,0.002856949686,0.0008766949639,0.2,-0.003718980557,-0.001490873017,
2146,-1.490590894,-1.471162417,-0.003370933161,-0.003507275064,-0.005885762758,0.004983030192,-0.4,-0.003606815987,-0.003135050335,
2147,-1.452737983,-1.635452562,-0.003349327294,-0.003985844035,-0.005686467201,0.002323358901,-0.7,-0.00559884258,-0.001099812008,
2148,-1.475726261,-1.848484052,-0.003472395813,-0.004777073504,-0.006740423724,0.006205292455,-0.5,-0.004138805093,-0.002805986532,
2149,-1.368415624,-1.276861589,-0.003240575786,-0.003071866705,-0.004373779397,0.005103175809,-0.5,-0.002546891888,-0.003934259683,
2150,-0.8516344104,-0.8728267915,-0.001910345768,-0.002068705784,-0.00629758041,0.0001337252192,-0.7,-0.002333396403,-0.001487295133,
2151,-1.837541185,-1.79943738,-0.003944309474,-0.00404330948,-0.002507102229,0.005300953803,-0.3,-0.004240260498,-0.003648358449,
2152,-0.3788909143,-0.6308405431,-0.0007911669344,-0.001372027275,-0.0008906723974,0.002638051222,0.1,0.001342256354,-0.002924590223,
2153,-0.3037720131,-0.5011829387,-0.0007646219057,-0.001273272925,-0.003204939695,0.00557319196,-0.8,-0.001762734674,0.0002334908628,
2154,-0.5350386546,-0.7513525068,-0.001336269681,-0.00190111026,-0.003884051279,-0.00260433341,-0.7,-0.0002357553556,-0.002436784007,
2155,-1.156387143,-1.077921736,-0.002722983539,-0.002664072262,-0.003064749203,0.0093695319,0.0,-0.002993066164,-0.002452900915,
2156,-0.787273695,-0.4944740032,-0.001600506912,-0.001062392433,0.00228471577,0.003936290251,-0.3,-0.002576290162,-0.0006247236612,
2157,-0.7368134399,-0.4853363237,-0.001826568031,-0.00122956492,-0.0007225162002,0.0006033415415,0.5,0.0008655795352,-0.004518715598,
2158,-1.310092115,-1.554891785,-0.002956146759,-0.003516096708,-0.009944122645,0.01176920559,-0.9,-0.003238135354,-0.002674158164,
2159,-0.5603608544,-0.8317651207,-0.001230050743,-0.001878395404,-0.002394806708,0.004418546224,0.4,-0.0002675642988,-0.002192537186,
2160,1.85784826,1.884061804,0.003572367108,0.003813348324,-9.757618076e-06,-0.004593407598,-0.4,0.003019952833,0.004124781383,0.4107125501
2161,-0.4322382322,-0.259660327,-0.0008946820403,-0.0005490623247,-0.003468328054,0.002522038185,-0.1,0.001678968878,-0.003468332959,
2162,-0.3515480467,-0.1543730707,-0.000759968171,-0.0003636767992,0.002144315078,0.003281735216,-0.8,0.0001774108204,-0.001697347162,
2163,-1.197418919,-0.6656906537,-0.002553847806,-0.001471012918,-0.004164932596,0.009991399212,-0.2,0.0005545529474,-0.00566224856,
2164,-1.706474365,-1.84658863,-0.004037729123,-0.004453689,-0.006826609405,0.004370772347,-0.9,-0.005370598436,-0.00270485981,
2165,-1.385785194,-1.627066843,-0.003380737364,-0.003838520527,-0.002922469545,0.002550795388,-0.4,0.0005319969804,-0.007293471709,
2166,-1.032613214,-0.7893573268,-0.002233713208,-0.001808091731,-0.002662993577,0.01060827524,0.4,-0.002364612472,-0.002102813943,
2167,-1.250977039,-0.9930465321,-0.003093903461,-0.00244325057,-0.002827241616,0.008091800874,-0.2,0.001303119336,-0.007490926258,
2168,-0.8386338565,-0.6095208647,-0.002121504473,-0.001545344981,-0.001651808987,0.003661111644,-0.1,-0.002568868543,-0.001674140402,
2169,-1.384953278,-1.147909956,-0.002904371303,-0.002553323217,-0.003308936873,-0.001656839033,-0.6,-0.0008615838805,-0.004947158726,
2170,-0.9803029926,-0.8952705215,-0.002003296746,-0.001958684982,-0.003929158553,0.004750382618,-0.7,0.0005621441224,-0.004568737614,
2171,1.41725896,1.198024669,0.00310919695,0.002687851052,0.0004323296327,0.001388817149,-0.6,0.004177449942,0.002040943958,0.6403814397
2172,-0.1604245374,-0.5954668527,-0.0003824480109,-0.001469255576,-0.005797333904,0.001158763647,-0.4,0.0008607149754,-0.001625610997,
2173,1.877893425,2.00184378,0.004896374833,0.005287056563,0.002624850676,-0.007001021814,0.7,0.007993697704,0.001799051963,0.7025966617
2174,-2.147676345,-1.977511241,-0.005343710422,-0.005190087598,-0.005681795732,0.009734880497,0.4,-0.002587458582,-0.008099962262,
2175,-0.9871794759,-0.8834872557,-0.002397526781,-0.002175363313,-0.00201505903,0.005426950477,-0.8,-0.003374811112,-0.001420242449,
2176,0.7982960876,0.3774707513,0.001928471105,0.000947903336,-0.002727144434,-0.006889908307,0.1,0.004622382496,-0.0007654402863,0.6580433252
2177,-1.029284252,-1.337860429,-0.002139069826,-0.00272830449,0.001633595396,0.002883204546,-0.6,-0.001561776309,-0.002716363343,
2178,1.424401331,0.8611734129,0.003278926565,0.002017096659,0.005587696194,-0.006082526361,0.9,0.002072836113,0.004485017017,0.8516894787
2179,-1.493764506,-1.551924056,-0.003867577603,-0.004121533448,-0.005136269983,0.0003873235374,-0.7,-0.004518068828,-0.003217086379,
2180,-1.08124801,-0.7208121241,-0.002433109488,-0.001678210442,-0.003387485804,0.001997347705,-0.7,-0.002764514265,-0.002101704712,
2181,0.6558856974,0.9573328167,0.001607244472,0.002385627686,0.0004524022768,-0.005426463809,0.3,0.004250032316,-0.001035543371,2.064591598
2182,0.7071068189,0.6670052598,0.001693696509,0.001710599863,0.005707659155,-0.004898151012,0.9,0.003979068012,-0.000591674993,0.9552742682
2183,0.3149004105,0.4315513259,0.0007729391234,0.00111483854,-0.0006387563725,0.005394059659,-0.2,0.0001613689088,0.001384509338,2.824143748
2184,-1.150966975,-1.252964295,-0.002681831547,-0.002977117142,-0.003851003568,0.004313875011,-0.9,-0.00109681793,-0.004266845164,
2185,1.21750687,1.34755381,0.002923189153,0.003318800701,0.003319209177,-0.003393108796,0.7,0.005906587802,-6.020949683e-05,1.13588776
2186,-0.1782868448,0.07233319733,-0.0004426693666,0.0001896658282,-0.005327362922,0.004165656003,0.3,0.003072402152,-0.003957740885,
2187,0.161592379,-0.05982882008,0.0003728713721,-0.0001410864475,-0.001210718219,0.003347888161,-0.3,0.006121975669,-0.005376232925,7.325828489
2188,0.7214240355,0.4355651383,0.001537073361,0.0009338984737,0.003597847536,-0.001159221508,0.9,-0.001148459747,0.00422260647,1.393301329
2189,0.06325375759,0.2963521762,0.0001414369369,0.0006894375882,0.002310815471,-0.002902888299,0.2,0.004274548934,-0.00399167506,12.4735063
2190,-0.3211522766,-0.4916530898,-0.000799888325,-0.001298491761,0.001143263077,0.00312670482,-0.8,-0.005199091862,0.003599315212,
2191,-0.598322017,-0.8949901534,-0.001469069281,-0.00226328772,-0.003281669269,0.002104821809,-0.7,-0.001858896194,-0.001079242369,
2192,-0.5844427973,-0.5683582066,-0.001382404276,-0.001445087507,-0.002623871716,0.0004773546509,-0.2,0.004244322355,-0.007009130908,
2193,1.926635143,2.194930932,0.004661308693,0.005506463992,0.01159656708,-0.008958994981,0.8,0.002451047353,0.006871570034,0.7463734969
2194,-2.068509872,-2.268610385,-0.00453012189,-0.0049588608,-0.002577305735,0.002717394982,-0.7,-0.004863037129,-0.004197206651,
2195,1.299301563,1.237436904,0.002629662643,0.002710224897,0.002642961138,-0.004695354749,0.4,0.007370205191,-0.002110879905,0.9046968532
2196,-0.004873313047,-0.5461657667,-1.157251052e-05,-0.001317270631,0.005535894744,-0.00147593112,-0.3,0.001989647335,-0.002012792356,
2197,-1.630893863,-1.726519882,-0.004253701888,-0.004620098049,-0.008314302669,0.005967714903,-0.9,-0.001981586295,-0.006525817482,
2198,-0.4819290284,-0.7809175448,-0.001203210357,-0.002090007129,-0.004759586777,-0.001596255421,0.0,0.003488612385,-0.005895033098,
2199,2.184999499,2.278183966,0.005096335701,0.005330318855,0.007685411544,-0.004364094462,0.7,0.005729737607,0.004462933795,0.5797204436
2200,-2.909320769,-2.747204377,-0.007287973765,-0.00719724614,-0.004211745306,0.009652543845,0.1,-0.01013105563,-0.004444891898,
2201,-0.103943727,0.1770561279,-0.0002562970131,0.0004605075139,-0.002004557062,0.004817639121,-0.3,0.002941137249,-0.003453731275,
2202,1.167300901,1.007438187,0.002802382827,0.002559211125,0.001648329376,-0.005781344251,0.1,0.009515049357,-0.003910283703,1.34818859
2203,1.025406782,0.3148693566,0.002461008612,0.0007820787757,0.0006702665871,-0.003186724145,0.0,0.00525239634,-0.0003303791161,0.795211808
2204,0.4786092742,0.6702704204,0.001102367359,0.001598786846,-0.0006023537848,-0.004757760733,0.3,0.001550163201,0.0006545715165,1.478636538
2205,0.08114938901,0.2552002243,0.0001846822852,0.0005876347188,3.230039661e-05,0.001128070305,-0.8,0.003754494947,-0.003385130377,7.192080958
2206,0.05101643803,-0.2065757118,0.0001142033213,-0.0004746111796,-0.0004836842092,-0.006803034373,-0.3,0.0008825179526,-0.0006541113101,9.751013257
2207,0.2824241377,0.3823133138,0.0006043180179,0.0008433799711,0.00389447332,0.004663357486,0.4,-0.001651004788,0.002859640824,1.203895748
2208,0.6477804608,0.5932393368,0.001377477381,0.00127998696,-0.002418125417,0.004851348224,0.3,0.005538599181,-0.002783644419,1.468724278
2209,0.09057194455,-0.2165029636,0.000198709322,-0.0004920388578,-0.00621241477,0.007230530457,-0.8,-0.00361113894,0.004008557584,8.958788696
2210,-0.7574300019,-0.8300606132,-0.001747282519,-0.001889114723,-0.0009254274148,0.0001229734908,-0.8,0.001418225862,-0.004912790901,
2211,0.1051087299,-0.3763632497,0.0002509712453,-0.0009179067215,-0.00373022796,0.0018140986,0.3,-0.001462072727,0.001964015218,2.509174216
2212,0.5876330927,0.6981342536,0.001532515058,0.00192169745,0.004637415578,-0.001644489807,0.3,0.001178749515,0.001886280601,1.218320693
2213,-0.7753014716,-0.7280230801,-0.00161532346,-0.001568441728,-0.0004678310058,0.003986697825,-0.2,0.001393641828,-0.004624288748,
2214,-0.8993204925,-1.53742643,-0.001938325553,-0.003433432417,-0.00591583498,0.001700901755,-0.7,-0.002104539797,-0.001772111309,
2215,0.3102606263,0.03574353609,0.0007576098102,8.908845918e-05,-0.00073811178,-0.001819725243,0.6,0.004489362927,-0.002974143307,1.818905179
2216,0.9735786061,0.5215000537,0.002115502783,0.00115737569,-0.003014696466,-0.008769346797,0.0,0.002797377063,0.001433628504,0.9420779087
2217,-1.387802703,-1.466263151,-0.003611115122,-0.003953789881,-0.007633652866,0.002791388253,0.5,-0.0006791113021,-0.006543118942,
2218,-0.4593095014,-0.8072043158,-0.0008739451291,-0.001591470037,-0.00323375416,-0.003784677827,0.1,-0.001957513486,0.0002096232273,
2219,-0.9394398197,-1.068572597,-0.002024820283,-0.00237048489,-0.0009757408712,0.004571958157,-0.3,0.0002195788947,-0.004269219461,
2220,0.6496746688,0.3976783707,0.001498970728,0.0008990671001,-0.002330086264,-0.00319005571,0.0,0.004976103159,-0.001978161703,1.011291887
2221,-0.5157255055,-0.2462466571,-0.001010040779,-0.0005039144388,-0.001963016102,-0.0002624271584,-0.8,-0.0009836587205,-0.001036422838,
2222,-0.5986955034,-0.5067149175,-0.001215839378,-0.001079325817,-0.002430549689,-0.001435640937,-0.2,0.002075487255,-0.004507166011,
2223,-0.552541325,-0.308676026,-0.001178362466,-0.000706353861,-0.001040017469,-0.002071024046,0.7,-0.001100496021,-0.001256228912,
2224,-1.282944054,-1.496215696,-0.00282729764,-0.003469390388,-0.003874240058,-0.001044581545,0.0,-0.0002537265293,-0.00540086875,
2225,-1.950414488,-2.210614478,-0.004748165548,-0.005525817093,-0.006692738666,0.005149199667,0.3,-0.008728473542,-0.000767857554,
2226,0.5024075239,0.4057193949,0.00121948063,0.0009993763975,0.002839303342,-0.003579910155,0.4,0.001592214075,0.0008467471844,1.289535942
2227,0.5874754897,1.176345416,0.001306279789,0.002738765952,0.004133952117,-4.367833405e-06,0.2,0.0008518177571,0.001760741821,0.7085825439
2228,-0.05466471546,-0.08840977421,-0.0001120662593,-0.0001871974765,0.001554077612,-0.003328334147,0.2,-0.003102284698,0.00287815218,
2229,-1.493167091,-1.89360404,-0.003265520766,-0.004331508197,0.0006806676039,0.004179639191,0.0,-0.002879247287,-0.003651794245,
2230,-0.08132929662,-0.4583092943,-0.0001853501484,-0.001111404289,-0.002779146109,0.00599949548,-0.5,0.005902804623,-0.006273504919,
2231,-0.3664467247,-0.2462830421,-0.0008869282085,-0.0006197764373,0.0001195456368,0.004335802031,0.3,-0.002033746112,0.0002598896951,
2232,0.2295857895,0.2402867332,0.0005115985807,0.0005462937237,0.003005567452,0.0002566312526,0.7,0.0004377861593,0.0005854110021,2.536493182
2233,0.5198025185,0.1706477707,0.001120959587,0.0003742393656,-0.002793746236,0.003265259087,-0.9,-0.001565437518,0.003807356693,1.084989672
2234,-1.439108093,-1.725543292,-0.00338515656,-0.004017488254,-0.008992318942,0.002681874922,-0.7,-0.001989910853,-0.004780402267,
2235,0.367294219,0.4780540479,0.0007890106993,0.00109533509,-0.0008880754757,0.0005258173299,0.3,0.00194887108,-0.0003708496816,0.8105488873
2236,-2.704785212,-3.073509846,-0.005738175259,-0.006670924187,-0.004845457183,0.00372550594,-0.1,-0.008358113164,-0.003118237355,
2237,-0.2235640063,-0.1369438808,-0.0005878100297,-0.0003740413403,-0.000899775861,0.0004144727649,-0.1,0.00356988769,-0.00474550775,
2238,0.09708151517,0.1553102803,0.0002100643478,0.0003446418571,0.002934586787,0.003307329886,0.4,0.001599874049,-0.001179745353,3.717469023
2239,-0.3931947009,-0.6303146553,-0.0009088878895,-0.0015418441,0.0003472548552,0.001425816689,-0.1,-0.001456687361,-0.0003610884184,
2240,0.5705768514,0.5851283601,0.001365252519,0.001447140546,0.004129374444,-0.002835373022,0.4,0.004533166255,-0.001802661217,1.601206162
2241,-1.183223073,-1.433650007,-0.002765628335,-0.003546589464,-0.006020653256,0.002648650157,-0.9,0.002830151758,-0.008361408427,
2242,-1.685555575,-2.261139727,-0.003771779114,-0.005149094064,-0.004860220675,0.007452897489,0.3,-0.002847202739,-0.00469635549,
2243,1.355786761,1.710798334,0.002809063456,0.003604405607,0.002641026708,-0.001015502865,-0.5,0.006562880506,-0.0009447535933,0.8768695804
2244,-2.879968731,-2.861030938,-0.006865238238,-0.00714883347,-0.003616622696,0.007536348352,-0.3,-0.006006877565,-0.00772359891,
2245,-1.345027429,-1.458213032,-0.003307223997,-0.003655322494,0.0005818847348,0.005056722228,-0.1,-0.001652738119,-0.004961709875,
2246,0.6504104052,0.1629400173,0.001521769071,0.000387139455,0.003478554571,-7.043978068e-05,0.7,-0.002003347927,0.00504688607,1.030059136
2247,0.304699364,0.4431968334,0.0006916057815,0.001010230721,-0.003191554758,-0.00481312755,0.6,0.003704999471,-0.002321787908,1.501879083
2248,-0.04568887448,-0.3459017457,-0.0001036133841,-0.0008197725107,-0.004301910264,0.0005851221909,-0.4,-0.001320734128,0.001113507359,
2249,0.3267218373,0.341374237,0.000733822143,0.0008218331262,0.005644374659,-0.007482414437,-0.1,-0.001039624945,0.002507269231,2.02238571
2250,-1.877146567,-2.334433856,-0.003844078271,-0.00511381855,-0.006167495,0.004021515208,-0.1,-0.003520903771,-0.00416725277,
2251,0.4447739038,0.1151684097,0.001010137279,0.0002644692751,-0.0002867460963,-0.002765301405,0.8,0.0008759891304,0.001144285428,1.863444325
2252,-1.528405593,-1.278027156,-0.003247211359,-0.002773428511,-0.003599388486,0.002699732524,-0.2,-0.004151206702,-0.002343216016,
2253,-1.342441569,-1.609026841,-0.003330356596,-0.003955555938,-0.001233175433,0.0003137943301,0.3,-0.003613476987,-0.003047236205,
2254,-0.3107326513,-0.4425610173,-0.0007140928513,-0.001031317581,-0.0009322896845,-0.002613113474,0.1,0.001209389001,-0.002637574704,
2255,0.1455024322,0.1018172206,0.000309075897,0.0002401594628,0.001607771245,-0.004604644875,0.4,-0.004283690338,0.004901842132,4.667828926
2256,-2.064546625,-2.167782473,-0.004823502345,-0.005322469411,-0.01059207033,0.004467276578,-0.6,-0.0007383850003,-0.00890861969,
2257,-1.462612574,-1.638685101,-0.003600910333,-0.004167001026,-0.002732310519,0.005164237523,0.3,-0.003203484505,-0.003998336161,
2258,-3.347405263,-2.926982621,-0.006821231733,-0.006203971248,-0.005015015792,0.01157845605,-0.5,-0.004045309521,-0.009597153945,
2259,-0.3939713894,-0.4058917637,-0.0008011958146,-0.0008536796961,-0.00011117129,0.00590438417,-0.6,-0.002681974367,0.001079582738,
2260,0.7539998454,0.8342208493,0.001899819933,0.002179121816,-0.000593972986,-0.00767419258,0.4,0.007267590134,-0.003467950268,1.548051528
2261,-1.186887645,-1.394420951,-0.002743336446,-0.003351093569,-0.002131428759,-0.00025188883,-0.2,-0.002071471829,-0.003415201063,
2262,-0.2447566168,-0.3718178875,-0.0004693630757,-0.0007619577651,-0.001081690028,-0.002027790326,0.2,0.0007576924525,-0.001696418604,
2263,-1.793234555,-2.098880854,-0.004149888389,-0.005094435744,-0.003927736027,0.006210609574,-0.3,-0.0006527941985,-0.007646982579,
2264,0.4316222988,0.3571873126,0.0009907122563,0.0008705215586,-0.008442777455,-0.00419591384,0.5,0.003614389698,-0.001632965185,1.388853108
2265,-0.685158524,-0.7557437501,-0.0014909076,-0.001722213649,-0.003688010991,0.001464230887,-0.1,0.002897496429,-0.005879311628,
2266,0.4025894343,0.426277642,0.001001556876,0.001050320249,0.003988210357,-0.002400290898,0.7,2.182029603e-05,0.001981293456,2.073858246
2267,0.2000358382,-0.02259369366,0.0004398580411,-5.199832821e-05,0.003186264367,0.002322617676,0.7,6.244463678e-05,0.0008172714453,3.333669651
2268,-0.3528680252,-0.6627570026,-0.0009155290589,-0.001715605195,-0.0003392865849,-0.005377629932,0.3,0.004636919677,-0.006467977795,
2269,-1.212696677,-1.395039567,-0.002925284581,-0.003615888348,-0.002984760199,0.005145224502,-0.9,-0.000142024233,-0.005708544929,
2270,-0.8061995037,-1.106229591,-0.001762725717,-0.00250017835,-0.003197595169,0.007665527998,-0.8,-0.0009775496467,-0.002547901786,
2271,1.871754732,2.122585215,0.004125077457,0.005003896861,0.004414005037,-0.00515141111,0.4,0.006017967589,0.002232187324,0.5291482861
2272,-0.6095784177,-0.1591170005,-0.001328513485,-0.0003582460762,0.002337878257,-0.004501694012,0.3,-0.00122579419,-0.001431232779,
2273,-1.200599588,-1.182371898,-0.002468524727,-0.002492713266,-0.004562844558,0.003396241324,-0.7,-0.0061178317,0.001180782247,
2274,-2.240567682,-2.390776462,-0.004998474936,-0.005512702241,-0.004923120871,0.004703720656,-0.9,-0.00911027088,-0.0008866789909,
2275,-2.083139723,-2.203522729,-0.004708889888,-0.004912663149,-0.001173638203,0.001129232832,0.4,-0.006090208428,-0.003327571348,
2276,-0.5794976449,-0.9753365119,-0.001445569702,-0.002506303908,-0.003533763103,-0.0004428700835,-0.9,-0.002385450646,-0.0005056887581,
2277,0.9019237699,1.302101064,0.002318347281,0.003415481044,0.001649561441,-0.00279828534,0.8,0.007641505313,-0.003004810751,0.8472471309
2278,-1.770234078,-1.895224133,-0.003770594699,-0.004286078575,-0.008047461176,0.0004331789713,-0.2,-0.005029787731,-0.002511401668,
2279,2.397911568,2.19668794,0.004922201807,0.004423902759,0.00118102468,-0.003015313472,0.4,0.004354708661,0.005489694954,0.7333298039
2280,-0.889434972,-0.6921824353,-0.001831822683,-0.001502587191,-0.006475380464,0.007471122875,-0.2,-0.0008342087499,-0.002829436617,
2281,0.524459366,0.797374655,0.001209772776,0.001898000434,0.006287296495,-0.004503067347,0.1,0.001709582994,0.0007099625583,1.290983648
2282,1.362566962,1.258152587,0.003440928665,0.003188740951,0.006753074616,-0.007857654377,0.2,0.007185462847,-0.0003036055166,1.029571103
2283,-0.5803721274,-0.556250346,-0.00136709196,-0.001349022299,0.002461842709,0.008311952433,0.2,-0.0007063720485,-0.002027811872,
2284,-1.021474191,-1.211714313,-0.002285345492,-0.002832667098,-0.005760144942,-0.002013792149,0.0,-0.0007797073394,-0.003790983644,
2285,0.1005399849,-0.374885891,0.0002553767366,-0.0009284018861,4.034918031e-05,0.003480227409,-0.1,-0.0004037982918,0.000914551765,10.20513002
2286,0.2029440918,0.3741472997,0.0004650119406,0.0009165525349,-0.0002522929871,-0.002216638917,0.3,-0.001577479822,0.002507503703,4.45617819
2287,0.8329007681,0.8127568975,0.001818947338,0.001794557583,0.004939243326,-0.0005725292563,0.9,0.003967447633,-0.000329552957,1.291408311
2288,-1.797474398,-1.655197719,-0.003377958807,-0.003135070632,-0.0024412623,0.01217317876,0.3,-0.004572628047,-0.002183289567,
2289,0.8290130403,0.8240490755,0.001872949023,0.001971301898,0.002640661405,-0.0006688261948,0.1,0.002289475933,0.001456422113,0.5225861588
2290,-2.751816682,-2.611512388,-0.00575462946,-0.005801218358,-0.006137778428,0.01037073526,-0.7,-0.007047981246,-0.004461277674,
2291,-1.218053639,-1.146029187,-0.002616894228,-0.002528783282,-0.002616802513,0.005248284464,-0.3,-0.001669885257,-0.003563903198,
2292,-1.13109415,-1.271437457,-0.002740441299,-0.003235602174,-0.003932403283,-0.001766018513,0.3,-0.001173761314,-0.004307121285,
2293,1.186646934,1.303096257,0.002641824677,0.002956729033,0.001482529409,3.332450767e-05,0.6,0.004949017885,0.0003346314695,1.11695873
2294,-1.071887708,-1.089274563,-0.002395194379,-0.002521781943,-0.001199111028,-0.000718375075,-0.5,-0.003618108433,-0.001172280325,
2295,0.9576673559,0.793882708,0.002389128733,0.002045417953,-0.000897021211,-0.004972475022,0.9,0.0008447932508,0.003933464215,0.5077056897
2296,0.006728799026,-0.2786102467,1.825773212e-05,-0.0007860259092,0.001200335569,0.004969129186,-0.3,-0.00300868809,0.003045203554,147.0336062
2297,0.3597318728,0.2515483934,0.000868668999,0.0006245875157,0.001864714718,-0.001551863794,0.7,0.008689237639,-0.006951899641,4.393545505
2298,0.08484610839,0.01603114762,0.0002081596389,4.008714364e-05,-0.001022430961,-0.004747870455,0.3,0.002242714448,-0.00182639517,3.433597582
2299,-3.236095932,-3.110367928,-0.007654600117,-0.007642403393,-0.00860150668,0.007010078191,-0.4,-0.01380793973,-0.0015012605,
2300,-1.606186749,-1.120677917,-0.003564411476,-0.002562411455,-0.0002686488646,-0.003256942962,-0.4,-0.003356172251,-0.0037726507,
2301,-0.2810289013,-0.2511726898,-0.00063979253,-0.0006084781129,0.0004365780765,-0.00751123308,0.3,0.0001566676817,-0.001436252742,
2302,0.8095369123,0.5758223672,0.002089891,0.001526625498,0.002335909324,-0.003220948708,0.8,0.005557071058,-0.001377289058,0.9909111955
2303,-0.3796069924,-0.5349113195,-0.000914604296,-0.001357792139,0.0008405423553,0.008545490041,0.4,-0.0004133407701,-0.001415867822,
2304,-0.08527093126,-0.5213006102,-0.0002198382844,-0.001300119435,-0.0005102548742,-0.008725001862,0.8,-0.001968701637,0.001529025069,
2305,1.058773027,1.278401933,0.002255369579,0.002643705735,0.001162465929,-0.009330927844,0.8,-0.0007775558789,0.005288295038,0.9356007441
2306,-1.309572437,-1.167860116,-0.003304849759,-0.002998397342,-0.003202184522,-0.001343341791,-0.2,-0.001082711637,-0.00552698788,
2307,0.2351500794,0.2043435556,0.0005629790791,0.0005036990113,-0.003695566298,0.004172286316,0.3,0.0005724344566,0.0005535237017,1.501137104
2308,-3.209787589,-3.10770675,-0.007969893564,-0.007911805427,-0.007446877143,0.01132727195,-0.1,-0.009732153504,-0.006207633623,
2309,-0.3766538474,-0.5477135401,-0.0008275321763,-0.001285377304,-0.002279317294,0.006166193702,-0.8,-0.002940527089,0.001285462736,
2310,-0.9120806033,-0.8135610126,-0.002124061732,-0.001979943081,-0.005117024302,0.00508281329,-0.9,-0.0001745995595,-0.004073523904,
2311,-1.607365769,-1.504142144,-0.00302727764,-0.002845057665,-0.001659660054,0.00567677834,0.1,-0.001984740106,-0.004069815174,
2312,0.408645483,0.4873100802,0.000798826942,0.0009908759759,0.003818092929,0.0006004286359,0.5,0.002154897661,-0.000557243777,1.493023671
2313,-1.43753289,-1.683632233,-0.003388703444,-0.004056012985,-0.004806735075,-7.182591201e-05,0.0,-0.001856942107,-0.00492046478,
2314,-1.736348842,-1.761576643,-0.004210449314,-0.004429429699,-0.01161056136,0.001990001749,-0.2,-0.005940420002,-0.002480478627,
2315,-0.6789529633,-0.3151066772,-0.001528178366,-0.0007546815335,0.0001609261844,0.001753293862,0.4,2.587363021e-05,-0.003082230361,
2316,-1.27607482,-1.288855797,-0.002848607129,-0.00299893453,-0.005974504775,-0.007359709038,0.8,-0.006528831509,0.0008316172506,
2317,-0.08775187675,0.07894235359,-0.0001931422471,0.0001744630582,0.003944012037,-0.002007477931,0.9,0.0007070779568,-0.001093362451,
2318,0.9737017198,1.304922138,0.002122433089,0.002950262398,0.004895985756,-0.002919215823,0.9,0.001504868847,0.002739997331,0.3788898813
2319,-0.1060570731,-0.344087107,-0.0002529396747,-0.0008251193806,-6.481021132e-05,0.002575622928,0.4,-0.00102138259,0.0005155032404,
2320,-0.769801087,-0.9527850198,-0.001849652786,-0.002430806614,-0.001714620021,-0.001685466973,0.6,-0.00214472671,-0.001554578861,
2321,-0.9309985109,-0.8526238633,-0.00233105684,-0.002305257665,-0.004740699812,0.005314334923,0.3,-0.001698488152,-0.002963625527,
2322,0.1978153819,0.5833074951,0.0004029531343,0.001196706456,0.0008648596443,0.0003246496238,0.2,0.004828685064,-0.004022778795,5.295659787
2323,1.576205283,1.259040646,0.003489446734,0.002896218397,0.006905157071,-0.001835771137,0.9,0.003726204591,0.003252688878,0.4791237654
2324,-2.676887784,-3.154466076,-0.005729558033,-0.007070684266,-0.006497618121,0.01427283909,-0.9,-0.007027348954,-0.004431767111,
2325,0.8903201818,0.9495959277,0.001998616741,0.002196712028,0.003431471537,0.002265262876,0.7,-0.000342028873,0.004339262354,0.6153676266
2326,0.9033342703,0.7086815407,0.001954789279,0.001572069791,0.001382649645,-0.003659269993,0.2,0.0003515262155,0.003558052343,1.109360916
2327,-0.2896544668,-0.3359080672,-0.0006880023436,-0.0008206049369,-0.001334888896,-0.001810552362,-0.2,-0.001974440523,0.0005984358357,
2328,-1.165284809,-1.149898721,-0.002403369949,-0.002426953012,-0.002267170147,0.00319705001,0.3,-0.001689183394,-0.003117556504,
2329,0.8817697365,0.7362662082,0.001961543518,0.001699600472,0.004812149832,-0.004107291879,0.2,8.367548821e-05,0.003839411549,1.023308756
2330,-0.8645843402,-1.471012215,-0.001745556458,-0.002989794346,-0.006426358513,0.002440247618,-0.2,-0.0006786922009,-0.002812420716,
2331,-0.7495529941,-1.202972507,-0.001636585777,-0.002686947477,-0.003766759811,-0.001209159374,-0.9,0.00090414631,-0.004177317864,
2332,0.5651705574,0.8687454475,0.001341846233,0.002179678685,0.002327486258,-0.0001410037166,0.2,0.006607066854,-0.003923374388,2.499005806
2333,-1.134625702,-0.8982829137,-0.002473952531,-0.001960924497,-0.003898758031,-0.002490515157,-0.2,0.0007871270386,-0.0057350321,
2334,2.36089435,2.264744985,0.005243957307,0.005488951552,0.004902394724,-0.004402130465,0.8,0.009752513059,0.0007354015545,0.5061464086
2335,-2.376481183,-2.260798777,-0.00493667499,-0.004992672115,-0.007094432932,0.003448255779,0.0,-0.001953065526,-0.007920284455,
2336,0.8444824945,0.7421333448,0.002021417602,0.001875759519,0.006159103935,-0.0006688450822,0.1,-0.002358080341,0.006400915546,0.9224165293
2337,-1.130341501,-1.790843815,-0.002411163783,-0.003794097188,-0.004889709829,0.0009121283844,-0.2,-0.003477358553,-0.001344969013,
2338,0.6008657257,0.415389533,0.001264492986,0.0009072168456,0.002821958354,-0.002206975397,0.7,0.006326902415,-0.003797916443,2.329807725
2339,1.132865406,0.8732138832,0.002561349084,0.002084167493,0.002205489572,-0.001360210575,0.1,0.003630701698,0.00149199647,0.6447791801
2340,-2.595719472,-3.277014594,-0.005351504465,-0.006957322092,-0.003736334553,-0.00099518755,-0.7,-0.008492946907,-0.002210062023,
2341,0.3348307039,0.3451416503,0.0007748034573,0.0007855045968,-0.0002181419558,-0.0004422984804,0.4,0.006141808972,-0.004592202057,3.599899272
2342,-0.9366452603,-0.985495793,-0.002013016274,-0.002228351974,0.001480613044,-0.002365050369,0.3,-0.00282154662,-0.001204485929,
2343,-0.9580335569,-0.8660934092,-0.002386429542,-0.00221256108,-0.001604608372,0.002028792287,0.4,0.001286160268,-0.006059019353,
2344,-0.5880820992,-0.4472080901,-0.001285425029,-0.0009509082333,-0.004104481007,-0.003749807952,0.5,-0.003432978521,0.0008621284641,
2345,-0.8753584562,-0.8506773238,-0.002145999107,-0.002159217411,-0.004122003263,0.00135697691,-0.3,-0.001115816843,-0.00317618137,
2346,-2.177050443,-2.278302935,-0.004800449996,-0.004950894564,-0.004165979724,0.002721878697,-0.1,-0.003375411304,-0.006225488689,
2347,-1.509361867,-1.274139077,-0.002897743736,-0.002625565729,-0.008233443034,0.0008116289342,-0.9,7.315915253e-05,-0.005868646625,
2348,-0.4432376738,-0.2300015619,-0.001008652164,-0.000555880208,0.0002987127874,-0.00318796875,0.1,-0.00505366518,0.003036360851,
2349,-0.7653431787,-0.8117319258,-0.001788636798,-0.001917778605,-0.001966536524,0.003828045851,-0.8,0.001409822615,-0.00498709621,
2350,1.363820201,1.462036059,0.00313667145,0.0034023278,0.005324205305,-0.002661981421,0.8,0.0006802731471,0.005593069754,0.5621399467
2351,-2.161663809,-2.059179028,-0.004478978098,-0.004440331875,-0.007010051806,0.009446328521,-0.4,-0.002013541087,-0.006944415109,
2352,0.02957923016,-0.111623361,7.361307222e-05,-0.0002870680184,-0.0004205226493,-0.00432935142,0.3,0.002557169609,-0.002409943465,29.40775287
2353,1.145522253,0.7682323379,0.002753958162,0.001989415637,-0.002641385675,0.0008086595315,-0.9,0.002602493626,0.002905422698,0.6310794602
2354,1.343107496,1.230568621,0.002996632568,0.002797370145,0.002027483816,-0.001713958605,0.8,0.001995293377,0.00399797176,0.823828807
2355,-0.047030761,-0.6055608535,-0.0001062143267,-0.001396641343,-0.002044809333,0.001015042408,0.2,-0.0003296323013,0.0001172036479,
2356,-0.3121145977,-0.3933429062,-0.0006786697847,-0.0009121289843,0.001418379262,0.001649311369,-0.3,-4.27392631e-05,-0.001314600306,
2357,0.5783223766,0.7812501247,0.001312668157,0.001861338656,0.00503061216,-0.003911499065,0.9,0.001547013686,0.001078322628,0.9367786841
2358,-0.3096127076,-0.4763065965,-0.0007503786729,-0.001157118771,0.002701086707,0.001922358171,0.0,-7.775882543e-05,-0.00142299852,
2359,-1.025273587,-1.199777727,-0.002248097017,-0.002735362552,-0.008256415215,0.001356260238,-0.7,0.0006845911063,-0.005180785141,
2360,0.8295786477,0.9858495369,0.001933732475,0.002449728553,0.004028656898,-0.006123393369,0.4,0.003274069067,0.0005933958825,0.9824247913
2361,1.589128287,1.208042001,0.003190432517,0.002588317351,0.003645058978,-0.0007790922916,0.0,9.403254407e-05,0.006286832489,0.6268312068
2362,-2.380976043,-2.149432286,-0.005397307229,-0.00506965294,-0.006121410478,0.006682286027,0.3,-0.004322525586,-0.006472088872,
2363,1.212068881,1.644694194,0.002669887002,0.003773830161,0.002425671438,-0.006454487585,0.0,0.002418191233,0.002921582771,0.6889927826
2364,-0.1973060886,-0.1482647975,-0.0004333782275,-0.0003448443099,-0.001834085116,0.005149108828,0.4,0.001140471494,-0.002007227949,
2365,0.08051372834,-0.02051000344,0.0001960780804,-5.176129195e-05,-0.0008642200266,-0.003219020971,0.2,-0.0003043579123,0.0006965140731,4.473002998
2366,0.01324069674,-0.04001621995,3.075712142e-05,-9.598318518e-05,-0.001437937639,0.004512900193,0.3,-0.0006668944367,0.0007284086795,12.32523555
2367,2.112359129,2.043757874,0.004670019766,0.004633958931,0.001661003465,0.002230103416,-0.5,0.007089484234,0.002250555299,0.5446861501
2368,-1.488300286,-1.825444835,-0.003701193425,-0.004568834062,-0.003108560212,0.006664856573,-0.5,-0.007963941078,0.0005615542274,
2369,-0.5795347392,-0.204524918,-0.001341695954,-0.0004860104266,-0.001873351919,9.792901566e-05,0.5,-0.002995575037,0.0003121831291,
2370,-0.9676336032,-0.9653129501,-0.002232960756,-0.00227968035,0.001608936395,0.0005072253126,-0.5,-0.0005597443323,-0.003906177179,
2371,-0.3244322381,-0.3964306111,-0.0007298552605,-0.0009387382157,-0.001723025612,0.0006507153563,-0.3,0.0008927828854,-0.002352493406,
2372,1.043276403,1.217525799,0.002456772979,0.003026868627,0.001694995928,-0.002451349631,0.9,0.004300678691,0.0006128672669,0.6408089001
2373,-0.9306742871,-1.064981699,-0.002168027209,-0.002596295643,-0.001189823825,0.005321113816,-0.1,-0.0009030494936,-0.003433004925,
2374,-1.199095626,-1.252395234,-0.002415948137,-0.002686723795,-0.003085847539,0.005498112228,-0.9,-0.004097018006,-0.0007348782684,
2375,0.2468791236,0.1885735391,0.0005281498193,0.0004292470168,0.003299259594,0.0005269207128,0.2,0.002505766914,-0.001449467276,2.928793524
2376,0.2325303659,0.1749418179,0.0004996234328,0.0003836807474,0.002189326953,-0.003348273779,0.2,0.0006294306983,0.0003698161672,4.521381825
2377,-0.5603404645,-0.483683202,-0.001348585123,-0.001165643621,-0.0005909020311,0.005210415327,-0.4,-0.00515030357,0.002453133324,
2378,-0.7552858178,-0.5707480503,-0.001713305077,-0.001314801734,-0.00416248965,0.005551939076,-0.4,-0.006508575486,0.003081965332,
2379,0.7804458897,0.7416034657,0.001921928667,0.001868625723,0.005171621341,-0.005207687631,0.3,0.0001469376502,0.003696919684,0.9401236134
2380,-0.2716678576,-0.5390314191,-0.0005783143269,-0.001249758083,-0.003751849063,-0.00182672864,-0.7,-0.001782134399,0.0006255057447,
2381,0.470297076,0.5812544757,0.001168608728,0.001495103197,0.003197921276,-0.003423320884,0.2,0.00162960274,0.0007076147161,0.8220658875
2382,-1.132398465,-1.013130807,-0.002825583719,-0.002614664947,-0.003321693002,-0.001423728345,-0.2,-9.051636989e-05,-0.005560651069,
2383,-0.4622898723,-0.6634150523,-0.001089272313,-0.001619374646,-0.0004369164486,0.003798887128,-0.6,-0.001114270675,-0.001064273952,
2384,0.3431745449,-0.05907372028,0.0006969599763,-0.0001230749888,0.003077809451,-0.0007019128682,0.6,0.002939625729,-0.001545705777,1.204664376
2385,-1.179137634,-1.038864343,-0.002796940872,-0.002709713198,-0.002847758397,0.006204137182,-0.2,-0.0007534140179,-0.004840467727,
2386,0.02187916855,-0.2612615202,4.974520555e-05,-0.0006004296358,-0.006922571509,-0.004066252211,-0.6,-0.001736110764,0.001835601175,22.70737992
2387,1.047669269,1.193408998,0.002185476278,0.002558330831,-0.001631182319,-0.0006607056994,-0.1,-0.0007731300812,0.005144082637,0.7036435131
2388,-0.2379326873,-0.536517584,-0.0005632512683,-0.001291873084,-0.007146783921,0.002354481767,-0.9,-0.003779067502,0.002652564966,
2389,1.051720945,0.6927253636,0.00250124051,0.001646449637,3.992286041e-05,-0.00618727445,-0.3,0.00289353136,0.002108949659,0.5146862065
2390,-0.3774577788,-0.3028867502,-0.0009001131997,-0.0007300173761,-0.0001759368698,-0.0001355418605,-0.3,-0.0006274714929,-0.001172754907,
2391,-0.003491484686,-0.2594773623,-8.02883508e-06,-0.0006118835971,-0.001568565013,-2.976897511e-05,-0.2,0.0001055376351,-0.0001215953052,
2392,0.7702688926,0.8129283194,0.001688012463,0.001831304335,0.001576622785,0.001321649015,-0.1,0.002455474517,0.0009205504104,0.7920257728
2393,-0.9026249205,-1.498133009,-0.002091487788,-0.003667343984,-0.004262606614,0.002687762085,0.4,-0.006064355732,0.001881380157,
2394,-1.595266611,-1.757962515,-0.003542042912,-0.004137979668,0.0001612978379,0.009575797141,-0.1,-0.006402114155,-0.0006819716698,
2395,-0.5174042563,-0.7272983406,-0.001077810001,-0.001547794806,0.0005896571173,-0.0008067618721,0.9,-0.004150362791,0.001994742789,
2396,-0.62432293,-0.9244255592,-0.001595435571,-0.002485735837,-0.001795052062,0.0002932558328,-0.8,0.00102428767,-0.004215158812,
2397,2.606744821,2.100931975,0.006172150969,0.004920800283,0.002091463825,-0.007431465444,-0.3,0.006863683339,0.005480618599,0.4549211742
2398,0.02453619478,-0.2831473501,5.919655297e-05,-0.0007101280602,-0.002078905266,0.001810401196,-0.7,-0.001720319421,0.001838712527,32.97980826
2399,-1.368131337,-1.446154194,-0.003605758547,-0.003992370976,-0.006317578315,0.00532231828,-0.1,-0.001022460804,-0.00618905629,
2400,1.290175678,1.177823743,0.002844713149,0.002690034008,0.003240242266,-0.002586029569,0.7,0.004500672555,0.001188753742,0.6617762449
2401,-2.107128497,-2.439366698,-0.005065844835,-0.005954922171,-0.005346211227,0.0002267729456,-0.7,-0.004078485214,-0.006053204455,
2402,1.751955926,1.267408926,0.003871899682,0.002857136689,0.001542574613,-0.001818184438,0.2,0.003820579545,0.00392321982,0.5797824902
2403,-0.1561060002,-0.3551855928,-0.0003718249894,-0.0008617742429,-0.003367574868,0.0003606968223,-0.7,-0.001846870401,0.001103220423,
2404,1.414361706,1.428230213,0.003258599567,0.003359594036,0.005338570977,-0.007711255255,0.4,0.002588736765,0.003928462368,0.7205212756
2405,-0.000524282785,0.1194088915,-1.177013053e-06,0.0002791244717,0.0004426326391,0.0004660463527,0.4,2.242259258e-05,-2.477661868e-05,
2406,0.2447537622,0.09528079012,0.0005101579244,0.0002020136652,0.0007338683046,0.0006888029276,0.3,-0.005321167834,0.006341483683,5.372469997
2407,0.6943539073,0.8074682885,0.001746531789,0.002058170346,0.006385026524,-0.003546964441,-0.3,-0.005603902003,0.009096965581,1.906020727
2408,0.408728168,0.6605107228,0.0009554114296,0.001593255293,0.00556101156,0.003766328022,0.2,-0.001150667359,0.003061490218,1.429527774
2409,-1.980111128,-2.055511486,-0.0051990388,-0.005702976316,-0.006705371074,0.00509722832,-0.9,-0.003469086692,-0.006928990907,
2410,0.346206173,0.6840439555,0.0007938931814,0.001645502148,0.001783082306,0.001611421402,-0.5,0.001947702229,-0.0003599158663,1.121393175
2411,0.1599548059,-0.262143172,0.0003358492812,-0.0005582077191,-0.003991223554,-0.002236834453,-0.7,0.002813446381,-0.002141747819,3.400413842
2412,0.2990469226,0.3286139281,0.0007262594542,0.0008162210106,0.002807995402,0.004854421355,-0.1,-0.0002302486084,0.001682767517,2.085229631
2413,0.477806409,0.4532549224,0.001172427348,0.001131393443,0.001633531108,-0.004495053938,0.7,-3.75333208e-05,0.002382388016,1.477886831
2414,-0.5826012038,-0.5928098875,-0.001278623465,-0.001421789839,-0.002438946254,0.003183868335,-0.8,0.001356238562,-0.003913485492,
2415,1.609418736,1.694614509,0.003760453552,0.004158213135,0.002245976142,-0.008002508395,-0.3,0.00346451895,0.004056388154,0.4183092181
2416,2.599765517,2.405934404,0.00528573119,0.005207570108,0.005276175378,-0.005743229765,0.7,0.004046995813,0.006524466567,0.5090977106
2417,-2.896509354,-2.651782096,-0.006676060694,-0.006386879475,-0.005393523074,0.006250135319,-0.4,-0.0090379877,-0.004314133687,
2418,0.7608235907,0.6693779046,0.001868808381,0.001746301186,0.004629815446,-0.007017362896,0.4,0.007713745301,-0.00397612854,1.327748125
2419,-1.071617718,-1.152198053,-0.002481771532,-0.002819107174,-0.001326499256,0.0003975451111,0.3,-0.00588103097,0.0009174879054,
2420,-1.026157614,-0.7252567061,-0.002329620223,-0.001645923556,0.001852902668,0.007078938272,-0.1,-0.004390214807,-0.0002690256379,
2421,-0.244749666,-0.2637027658,-0.0005324497275,-0.0005843869233,0.001561468955,-0.0063187624,0.9,-0.00270174535,0.001636845895,
2422,-0.7482670592,-0.8397764803,-0.001747104676,-0.001958640574,0.001018727896,0.005308960047,0.4,0.001824250222,-0.005318459573,
2423,-0.7495617195,-0.9568905575,-0.00192134427,-0.002549437741,-0.00347342335,0.002426893576,0.3,0.002133201482,-0.005975890021,
2424,0.5911577143,0.3589862183,0.001366893504,0.0008458568902,0.001927325955,-0.005670566446,0.1,-0.0007150146352,0.003448801644,1.278486282
2425,-0.8208490583,-0.6314553101,-0.002008473005,-0.001575693879,0.0007901898715,0.001575430661,-0.2,-0.0008733973512,-0.003143548658,
2426,-0.3138175304,-0.09801820393,-0.0007331500017,-0.00022536501,0.001271257318,0.009180302041,-0.3,-0.001280291045,-0.0001860089587,
2427,-2.01938848,-1.775497123,-0.004798941516,-0.004369558022,-0.004075400588,0.005445677046,-0.6,-0.01130481409,0.001706931054,
2428,-0.0356115332,-0.1291699913,-9.138101607e-05,-0.0003397651799,-0.001512540444,0.006485531411,-0.8,0.006152579866,-0.006335341898,
2429,-0.2339132246,-0.3305287121,-0.0005162125506,-0.0007371084644,-0.001081343918,-0.000959959663,0.6,-0.002953067839,0.001920642738,
2430,0.7048307627,0.5399608211,0.00137908618,0.001107381145,0.002675415343,-0.004124915178,-0.3,0.001473624914,0.001284547446,0.6977269931
2431,0.7630192874,0.7447997522,0.001618312908,0.001701858594,-0.00120838747,0.001773523583,0.5,0.002873665863,0.0003629599531,1.324086466
2432,1.270370343,1.39197783,0.003159773574,0.003564159323,0.006960892884,-0.004785733905,-0.5,0.009428343136,-0.003108795987,1.166463084
2433,0.1895031932,-0.03454702842,0.0004701604182,-8.536392076e-05,-0.0005740088466,-0.004124328491,0.8,0.004428383783,-0.003488062946,2.682077271
2434,0.989660528,0.8898338592,0.002166271443,0.00197698144,0.0003953408701,-0.00198082309,0.4,0.003735170545,0.0005973723403,0.7965368002
2435,-0.8048125993,-0.7721044582,-0.001940484017,-0.001894291597,-0.0007919548157,0.006212198502,-0.8,-0.0001657333777,-0.003715234656,
2436,0.5174292574,0.4901336765,0.001321950247,0.00130361498,0.0004179135843,-0.00355203999,0.5,0.003631221389,-0.0009873208938,1.174270209
2437,-0.0009616138789,-0.1741455152,-2.22337872e-06,-0.0004112991444,-0.001234571217,-0.0005445762851,0.4,-0.0008646669014,0.0008602201439,
2438,-2.457062257,-2.275857138,-0.005589156127,-0.005509539058,-0.000488771311,0.003948728465,-0.7,-0.01066149462,-0.0005168176369,
2439,-1.054583337,-1.156263145,-0.002223461878,-0.002514550045,-0.006554202707,-0.00145439349,-0.7,-5.904238773e-06,-0.004441019517,
2440,-1.052162289,-1.063447195,-0.00241955445,-0.002477933225,-0.00596975449,0.00281654056,-0.5,-0.00229535467,-0.002543754231,
2441,-1.709430133,-1.952382316,-0.003755539318,-0.004567664226,-0.006904574136,-0.001086130012,0.3,-0.002974516619,-0.004536562016,
2442,-0.3137348326,-0.4583676532,-0.0007224430749,-0.001038226399,-0.001848600022,-0.001305216424,0.1,-0.002820828672,0.001375942523,
2443,0.8134208278,0.7689473526,0.001708989161,0.001686495802,0.001409544027,-0.002255281254,0.2,0.002707281127,0.0007106971946,1.044574492
2444,-0.5494241567,-0.8186789483,-0.001365309964,-0.002105955274,-0.005078876222,0.005221253123,-0.4,-0.003978021877,0.001247401948,
2445,3.014561161,2.7230416,0.006767309722,0.006305497381,0.006139357043,-0.01023840258,0.9,0.01242279716,0.001111822283,0.636460451
2446,0.2366921685,-0.08286971055,0.0005853965154,-0.0002211272071,-0.0004879383481,-0.00361493202,0.9,0.001340031784,-0.0001692387536,2.210142432
2447,-1.128204979,-1.034097677,-0.00269028829,-0.00244085598,-0.006624446519,1.13864627e-06,-0.7,0.00311458332,-0.008495159901,
2448,1.632440219,1.604367174,0.003739523126,0.003860682024,8.200926793e-05,-0.001715375534,0.8,0.004344418919,0.003134627333,0.7685181884
2449,-0.6421086097,-0.7559737504,-0.001505997182,-0.001836352975,0.001564448416,0.005380709368,0.0,-0.00323272936,0.0002207349966,
2450,-2.746459369,-2.161434846,-0.005994255913,-0.004895373741,-0.002981841319,0.00674016642,-0.9,-0.003961725516,-0.00802678631,
2451,0.3298849816,0.4144142447,0.0006931076769,0.0008953465139,-0.00173400266,0.001532434337,0.3,0.001136955115,0.0002492602386,1.062645349
2452,-2.158401805,-2.207371602,-0.004983464257,-0.005149742541,-0.00812071536,0.003292822802,-0.2,-0.002326252748,-0.007640675766,
2453,-0.8559822757,-0.9035038948,-0.001801355104,-0.001930475729,-0.00241921068,0.002337598703,-0.9,-0.006198970194,0.002596259987,
2454,1.810998964,1.495815108,0.004272545438,0.003652693011,0.001349087096,-0.007874200103,0.4,0.006072968263,0.002472122613,0.6941896943
2455,0.4537031781,0.467501568,0.001088445801,0.001175796631,-0.003523589054,-0.005308047947,0.7,0.00228745783,-0.0001105662269,1.313838918
2456,-1.442896652,-1.459566461,-0.002830349908,-0.002995343959,-0.006615115302,-0.005135975797,-0.7,-0.006728189466,0.001067489649,
2457,-0.5328098583,-0.8323407098,-0.001302832103,-0.002250289178,-0.0004172198708,0.001072080733,-0.2,0.001554774447,-0.004160438654,
2458,-0.8571787218,-0.5419801301,-0.002096680384,-0.001360689193,-0.001590072604,0.007154306932,-0.6,-0.001715744567,-0.002477616202,
2459,-0.9305073527,-0.9010143459,-0.001873375739,-0.001864709052,0.001641992583,0.00445010729,-0.7,-0.004717275315,0.0009705238374,
2460,-2.391567895,-2.346817339,-0.005298094339,-0.005282887262,-0.006685618037,0.003640495986,-0.4,-0.003716504943,-0.006879683736,
2461,-1.842963214,-2.286824352,-0.004606005439,-0.00601490333,-0.00587449708,0.003638857311,0.3,-0.01012462516,0.0009126142824,
2462,1.237238031,0.8777120234,0.002920522152,0.002060358848,0.001360886019,-0.004034037634,0.9,0.005667784002,0.0001732603007,0.834271425
2463,1.954198723,1.777387353,0.004540300987,0.004331932564,-0.0002348243452,-0.00139769496,0.0,0.00531254542,0.003768056553,0.4723193659
2464,-0.9527331853,-1.083258384,-0.001880885102,-0.002245112644,-0.002607489197,-0.001053697622,-0.7,-0.003198700258,-0.0005630699466,
2465,0.006773772683,-0.1127479935,1.493598127e-05,-0.0002621620793,-0.004203480786,-0.003293877919,-0.2,0.000577008688,-0.0005471367254,21.47157454
2466,-1.008066373,-0.5759215449,-0.002269200826,-0.001341305259,-0.0006824769192,-0.001241261536,0.1,-0.006036095961,0.001497694309,
2467,-3.054619501,-3.054795279,-0.007407367492,-0.007277764624,-0.00754464508,0.01032710596,-0.9,-0.008090348034,-0.00672438695,
2468,1.488204178,1.40258243,0.003307861397,0.003234901424,0.004371840711,-0.009279904551,0.1,0.00516695892,0.001448763874,0.7592383684
2469,-1.2720591,-1.108653014,-0.002821732871,-0.002644498841,-6.825518717e-06,0.01376368283,-0.5,-0.001278115983,-0.004365349758,
2470,0.8630980004,0.9079358876,0.00184354529,0.002000610991,4.563166154e-06,-0.001163107581,-0.4,0.001096533889,0.002590556692,0.9637035624
2471,0.2504291085,0.08216286313,0.0005188259489,0.0001773353014,0.002488089237,0.008028843391,-0.5,-0.002894723875,0.003932375773,2.497154957
2472,-1.097902592,-1.152071726,-0.002421807656,-0.002665528371,-0.003841563407,0.002654913951,-0.4,3.495538898e-05,-0.004878570701,
2473,-1.648842981,-1.516160495,-0.003732146281,-0.003553494132,-0.0008547941199,-0.001091472834,-0.4,-0.0005479331644,-0.006916359397,
2474,1.868479629,1.784428452,0.004610197771,0.004536851405,0.006940002651,-0.00375541052,0.7,0.005612300424,0.003608095118,0.4315515048
2475,1.174387415,0.8713705754,0.002687318682,0.002041768038,-0.0008943147013,-0.004129556129,0.3,0.003990496923,0.001384140442,0.6784018392
2476,-0.1706840219,-0.0461454673,-0.0003986352779,-0.0001103123305,-0.002892114684,0.0003384069044,-0.7,-0.003765100009,0.002967829454,
2477,-1.424771863,-1.673013681,-0.003241315683,-0.004087989375,-0.003674382275,0.005712716312,0.3,0.002581157011,-0.009063788377,
2478,1.01616367,0.888417184,0.002199377164,0.001923571072,-0.002437056805,-0.001709300937,0.0,0.0001489609067,0.004249793422,0.6197393637
2479,1.146607503,1.007153074,0.002841172631,0.002518041955,-0.003268193294,-0.009091491947,0.0,0.002638356207,0.003043989054,0.3661751176
2480,-0.07451854211,-0.2762956862,-0.0001892457981,-0.0007124456364,0.0002853294372,0.002553389032,-0.6,-0.000862643908,0.0004841523119,
2481,-1.290615055,-1.327620031,-0.002535464189,-0.002699358938,-0.001191528948,-0.001296968189,0.1,-0.002031138415,-0.003039789964,
2482,-0.7966660396,-0.6891252627,-0.001826350506,-0.001677788569,-0.005445639356,0.002980814778,0.3,-0.001123703676,-0.002528997336,
2483,-2.672742016,-2.477066239,-0.005686392398,-0.005717307591,-0.01112947422,0.003553493399,-0.7,-0.01050874576,-0.0008640390362,
2484,-1.595545123,-1.539252614,-0.004022002124,-0.00401747354,-0.005697884246,0.0009042153995,-0.2,-0.002207690404,-0.005836313845,
2485,-0.1629327522,-0.5388817859,-0.0004295784118,-0.001482555562,4.783877386e-05,0.0002847260128,0.4,0.004339850272,-0.005199007096,
2486,-0.7852509302,-0.09862693752,-0.001716574334,-0.0002138824285,-0.001573253073,0.0008889307421,-0.4,-0.000480555001,-0.002952593666,
2487,-2.413213129,-1.760325445,-0.005079117117,-0.003969868216,-0.007581052914,0.01588488731,-0.5,-0.002917672451,-0.007240561783,
2488,-1.809404697,-2.29824134,-0.004314593788,-0.00559205,-0.004742910444,0.003582966967,-0.9,-0.004221025107,-0.004408162469,
2489,-0.06053217274,-0.02722677985,-0.0001477794121,-6.882438014e-05,0.0001512941078,-0.0005233352906,0.1,0.002935704235,-0.003231263059,
2490,-0.3688881698,-0.7321781826,-0.0009044014807,-0.001837411781,-0.003643863681,0.0003141068806,-0.9,-0.003838014331,0.002029211369,
2491,-1.706013812,-1.924679098,-0.003751251966,-0.004337094365,-0.0009086677106,0.003949531913,-0.6,-0.002762507371,-0.00473999656,
2492,-2.182148917,-1.77418628,-0.004497873548,-0.003656947321,-0.0008843163181,0.005229389626,0.4,-0.0006558633916,-0.008339883705,
2493,0.3546287192,0.2545953077,0.0008327035754,0.0006013070379,0.0002273579979,0.002299100417,-0.8,0.003918556822,-0.002253149671,1.493501685
2494,-1.699613934,-1.723739613,-0.004117476567,-0.004258725418,-0.006484577885,0.000784855043,-0.5,-0.00740907786,-0.0008258752732,
2495,1.107749591,0.9657477987,0.002463117041,0.002172558417,0.00211801269,-0.005696346765,-0.3,0.002899277343,0.002026956738,0.6945004311
2496,-1.161880865,-0.3964746681,-0.002723773069,-0.0009722389491,0.001995113799,0.004570991236,-0.6,0.0001063667131,-0.005553912851,
2497,0.9138112608,0.837707815,0.002322298891,0.002144864173,0.0002924753468,-0.003422982882,0.1,0.0003923243513,0.004252273431,1.11386448
2498,0.2863945493,0.02878902876,0.000636472693,6.461478056e-05,0.001068187303,-0.003685061499,0.9,0.001846570406,-0.0005736250204,2.492688061
2499,0.06691257092,-0.4375406866,0.000141599752,-0.0009262805832,-0.001560964029,0.002116624135,0.5,0.001530049893,-0.001246850389,8.118518952
2500,0.8222432282,0.7781468366,0.001938157275,0.001921150602,-0.0001888825247,-0.002045293458,0.7,0.006487665474,-0.002611350923,2.030418409
2501,1.171648935,1.268162197,0.002601003351,0.002930890121,0.0007804010815,0.001148767665,-0.3,0.004964380984,0.0002376257176,0.9363669007
2502,-1.291470304,-1.739507958,-0.00330502849,-0.004639373691,-0.001154569339,0.002568670213,-0.2,-0.004847167575,-0.001762889404,
2503,0.8145634356,0.962267167,0.002043193578,0.002512119115,0.007456900517,0.004040891108,0.7,0.005233790208,-0.001147403051,0.9169057781
2504,0.8097664727,0.6393357261,0.00207763983,0.001720064616,0.002973783333,-0.006290563579,-0.3,0.002736277952,0.001419001707,0.3559021319
2505,-0.6698367504,-0.6998696466,-0.001523105928,-0.001629471618,-0.0003092076535,0.0008444819402,-0.2,-0.0008491431951,-0.00219706866,
2506,-1.650524992,-1.656689751,-0.003695509979,-0.003996839644,-0.002941576,0.002371633966,-0.9,-0.00145372157,-0.005937298389,
2507,1.802871711,1.608754674,0.004005213899,0.003693912609,0.002440715983,-0.006067525415,0.8,0.004019430723,0.003990997075,0.72883898
2508,0.7490019652,0.5674762656,0.001684030771,0.00128909444,0.003202266992,-0.002622387142,0.7,0.003381781817,-1.372027373e-05,1.303273028
2509,-1.08567967,-0.6122669431,-0.002350820004,-0.001361843369,-0.002696623496,0.003055355213,-0.2,-0.002420874752,-0.002280765255,
2510,0.7514288593,0.5377644087,0.001828067083,0.001349759364,-0.0007871691021,-0.00177997898,-0.3,0.002267362452,0.001388771715,1.150129251
2511,0.816818904,0.6378236936,0.002011208919,0.001610077347,-0.001069791052,-0.003343526803,0.3,0.003994441824,2.797601395e-05,0.8982307608
2512,-1.605647458,-2.07069021,-0.003853173583,-0.005159218546,-0.005808858875,0.004582296683,-0.9,-0.006589984025,-0.00111636314,
2513,-2.553505868,-2.672851913,-0.006476320698,-0.006777505651,-0.009923091161,0.006332312993,-0.8,-0.00606548901,-0.006887152387,
2514,2.322521601,2.254453091,0.005189814419,0.005172206848,-0.0009409513267,-0.006078262972,-0.4,0.005794720219,0.00458490862,0.4655131286
2515,-0.6044196711,-0.4885163666,-0.001372597008,-0.001135542061,-0.004270743808,0.0004510182728,-0.8,-0.003776717347,0.001031523332,
2516,-1.80173045,-1.598286251,-0.003958481378,-0.003585159659,-0.01098522496,0.002947230374,-0.9,-0.006671705533,-0.001245257223,
2517,-0.9907624942,-1.222515589,-0.002426249972,-0.003047968542,-0.003024685115,0.001723958281,-0.8,-0.0053325341,0.0004800341555,
2518,-0.238944644,-0.529180667,-0.000531282742,-0.001219134458,-0.00485283279,-0.003890794888,0.3,0.006244880615,-0.007307446099,
2519,-1.233845148,-1.336605834,-0.002490107386,-0.002792510196,-0.002120145118,0.005341064477,0.3,-0.004554899969,-0.0004253148035,
2520,-0.4248898479,-0.8098352892,-0.0009722739258,-0.001966472299,-0.0002727337439,-0.00403347005,-0.1,0.002794068622,-0.004738616474,
2521,0.4339229251,0.4833814112,0.0009633361597,0.001103155071,0.0005755272343,0.002469010502,-0.8,0.000999811345,0.0009268609744,1.218557257
2522,-0.2889265667,-0.4149189294,-0.0006979738245,-0.001007129386,0.0001639272704,0.002708459671,-0.8,-0.0041127361,0.002716788451,
2523,-0.1381009062,-0.4874468401,-0.0002957267241,-0.001080053659,-0.001009456412,0.008996029262,-0.6,-0.0001571874607,-0.0004342659875,
2524,-0.8243643919,-0.7546605753,-0.001869608797,-0.001789023167,-0.00585922792,0.008924378234,-0.4,-0.001223612663,-0.002515604932,
2525,-0.6867843004,-0.9678434277,-0.001780846319,-0.002618666271,-0.005505836296,0.002338497328,0.0,0.0006481427048,-0.004209835342,
2526,0.2050749643,0.09394318592,0.0004739103431,0.0002227354519,0.002304607859,0.004732336656,0.4,0.002795904925,-0.001848084239,3.272510135
2527,0.2024887439,-0.2192119744,0.0004892348332,-0.0005310558413,0.003669772224,0.003991884636,0.2,0.00127009254,-0.0002916228738,1.226318635
2528,-0.1005065817,-0.06280968727,-0.0002366647742,-0.0001526975185,0.001005634383,-0.0004202479408,-0.2,-0.0006047522615,0.0001314227131,
2529,-0.333647545,-0.2588171645,-0.0006896044651,-0.0005460941288,0.0001433598237,0.0007431027713,0.2,-0.002903701516,0.001524492586,
2530,1.778939646,1.670361991,0.003346940838,0.003348030334,0.001935284712,-0.004369985255,0.0,0.002729078163,0.003964803514,0.5009865112
2531,0.1598774942,0.02434915333,0.0003858055111,5.526460458e-05,-0.002862630086,0.005013200704,-0.2,-0.0004320982021,0.001203709224,1.789992222
2532,-0.4096952443,-0.3703134085,-0.0008444628166,-0.0008270452284,-0.002282417392,-0.002450783311,0.9,-0.002102421757,0.0004134961237,
2533,0.9278830858,0.9349878784,0.002196424628,0.002302979357,-0.002005472586,-0.009066955013,0.8,0.006973407387,-0.002580558131,1.328164625
2534,-1.792175205,-2.123419226,-0.004070590976,-0.004647757447,-0.002168414049,0.002155867156,-0.9,-0.008197866845,5.668489349e-05,
2535,2.06426083,2.135599745,0.004361513986,0.004738807543,0.0006535684281,-0.005932784718,0.1,0.005659822014,0.003063205957,0.4533376808
2536,1.115859678,0.780546613,0.00255066255,0.001854804865,-0.001952005141,-0.008873103897,0.5,0.006475789165,-0.001374464065,1.001461076
2537,1.587945502,1.92543782,0.003371837445,0.004100339185,0.00292787027,-0.001363725893,0.0,0.005284662034,0.001459012857,0.8556738608
2538,0.6653765843,0.1117831929,0.001666273902,0.0002854803406,0.001361196411,-0.001968104109,0.2,-0.0002689319672,0.003601479771,1.481283182
2539,-0.543921161,-0.4774503702,-0.001229076732,-0.001111945121,-0.001404299233,-0.001617897034,0.7,0.002483732864,-0.004941886329,
2540,-1.032026372,-0.9375227201,-0.002321186687,-0.002151683793,-0.004078162088,-0.002050136723,0.0,-0.001607301579,-0.003035071795,
2541,0.4407715388,0.1142208513,0.0009436235109,0.0002626817206,-0.003571105742,0.002823861003,-0.4,0.001681826758,0.0002054202634,0.7898076196
2542,1.844187607,1.251723549,0.003748581473,0.002662535924,-0.001936472586,-0.006227147479,-0.4,0.003601246695,0.00389591625,0.3227861653
2543,-0.01309719696,-0.2814688053,-2.992219447e-05,-0.0006791226337,-0.00122230162,-0.002360708177,0.1,-0.0008218107553,0.0007619663663,
2544,0.7557560492,0.4968688268,0.001673289386,0.0011187301,-0.00291425209,-0.002709071047,0.6,0.005716466686,-0.002369887913,2.07266108
2545,-2.194992355,-2.492752794,-0.005463708067,-0.006254098477,-0.005441242483,0.009957344465,-0.9,-0.005412219908,-0.005515196227,
2546,-1.819427369,-1.795394272,-0.00482824766,-0.00492805121,-0.006103961171,0.006987248639,-0.6,-0.007757966344,-0.001898528975,
2547,1.330925853,1.552493984,0.00295871461,0.003513594773,0.005094582084,7.028404372e-05,0.2,0.008586604217,-0.002669174997,0.9889882066
2548,-0.02119171087,-0.2430048667,-5.071529631e-05,-0.0006133794688,-0.003674271637,0.00504498127,-0.6,2.102065082e-05,-0.0001224512434,
2549,-1.56105665,-1.698134397,-0.00334455991,-0.00370757168,-0.005717039791,-0.001911889204,-0.7,-0.004109949526,-0.002579170294,
2550,0.8774669294,0.670774765,0.002107237493,0.001689203319,0.002271079925,-0.008137445038,0.9,0.0007979037667,0.003416571219,0.6296619936
2551,-0.5466651976,-0.3119992338,-0.001303945658,-0.0007826431195,-0.00225474789,0.003139944121,-0.6,0.001054183841,-0.003662075158,
2552,-1.123759028,-1.048850943,-0.002541886287,-0.002518191162,0.00163328138,-0.001038850393,0.3,-0.003681810542,-0.001401962031,
2553,-1.534352931,-1.64226308,-0.003906204359,-0.004177924049,-0.006083087816,0.006441812066,0.3,-0.001786637074,-0.006025771643,
2554,0.2454301755,0.2406750482,0.0006472254158,0.0006509923086,-0.002709846916,0.003588589277,-0.5,0.002584713668,-0.001290262836,1.502332318
2555,0.9785054521,1.376879408,0.00222019016,0.003334556883,0.002890809274,0.004946667295,-0.1,0.005499676954,-0.001059296634,1.437595362
2556,-0.1309368883,0.1886231481,-0.0002824860034,0.0004416571037,0.0005042561654,0.001080985932,0.5,0.0003507862545,-0.0009157582613,
2557,-0.4821745693,-0.2384068524,-0.001023849662,-0.0005479006506,-0.005616192528,0.002150140672,-0.2,0.002579891227,-0.004627590551,
2558,1.103073531,0.7432870595,0.00255374482,0.001791907208,-0.0009317316149,-0.006457388201,-0.4,0.009790310189,-0.004682820548,1.040193573
2559,-0.5429989522,-0.2665210561,-0.001215535513,-0.0006309416728,-0.001398776917,0.001596330365,-0.3,-0.00408404505,0.001652974023,
2560,1.933206801,1.688801926,0.004526577442,0.004007696998,0.005911349542,-0.005222942152,0.4,-0.0002637682904,0.009316923174,0.5353490075
2561,0.2520285743,0.4522965199,0.0005759653019,0.001039996576,0.0004496475236,0.003937916431,-0.2,0.002256244376,-0.001104313772,1.593713543
2562,-1.379994146,-1.557630847,-0.002855211359,-0.00355367694,-0.005706176353,0.007247450665,-0.8,-0.001190708871,-0.004519713848,
2563,0.5645703056,0.6710364677,0.001433902384,0.00167783337,0.002196656095,-0.00460978461,0.9,0.006006764843,-0.003138960076,1.400783524
2564,0.8472029446,1.016347933,0.001878465769,0.002294232673,0.00270860114,-0.001231186925,-0.3,0.006057302127,-0.00230037059,0.8428791358
2565,0.1770554703,-0.3278144881,0.0003267296885,-0.0006273062197,-0.005946458179,-0.005676053357,-0.7,0.0007695986669,-0.0001161392898,1.8166105
2566,-0.118819535,-0.05656990362,-0.0002815926739,-0.0001354063792,-0.00122274868,-0.004730363296,0.1,-0.0001848351257,-0.0003783502221,
2567,-0.7215643812,-0.843712287,-0.001820929606,-0.002139028885,-0.003524082083,0.002599854448,-0.2,-0.003247438352,-0.0003944208593,
2568,0.7711555644,0.5264841349,0.001654564232,0.001202077046,-0.0001095056202,-0.005276758316,0.1,0.004958445864,-0.001649317401,1.978171353
2569,1.448669109,1.086540379,0.00302710292,0.002357090849,0.00236209757,-0.00581217242,-0.1,0.001771817771,0.004282388068,0.900725677
2570,-0.5044783225,-0.3864560264,-0.001276431808,-0.0009927875824,-0.002392436116,0.002985862676,-0.4,-0.002270460662,-0.0002824029542,
2571,0.1900355852,0.3274211253,0.0004866424094,0.0008479609224,-0.004120854173,0.004714203053,-0.9,0.002580659045,-0.001607374226,3.618641392
2572,1.100747028,1.005279216,0.002545019191,0.002381318645,-0.0004811873141,-0.004493505121,0.6,0.00247334108,0.002616697302,0.5397564729
2573,1.193959553,1.149194851,0.00301792404,0.00292523729,0.003400495681,-0.005761882778,0.1,0.005736120132,0.0002997279474,0.5694802024
2574,-0.8293500617,-0.8973135988,-0.001881448696,-0.002053592412,-0.001137113247,-0.0001972306633,-0.4,0.0008870629446,-0.004649960337,
2575,1.309330064,1.306852682,0.002899623572,0.003088989645,0.004267408534,-0.005768440896,0.1,0.004425670373,0.001373576771,0.4109285335
2576,0.7831799445,0.8202750208,0.002045619279,0.00219225673,0.001309348884,-0.001739742247,0.1,0.008158728476,-0.004067489917,1.118126644
2577,0.07342964397,-0.4112987149,0.0001580931387,-0.0009436984066,-0.004150736717,-0.003062024735,-0.3,0.0004627332267,-0.0001465469494,4.520773231
2578,-0.7166603012,-0.7262006695,-0.001733157687,-0.001789923393,-0.00215443395,0.008599507475,-0.4,-0.0004745198084,-0.002991795566,
2579,-0.8131563122,-1.034083391,-0.001781589033,-0.002384575179,0.000793207994,0.007469709225,-0.1,-0.002562991313,-0.001000186753,
2580,-1.6567551,-1.569377476,-0.00404747096,-0.00404120364,-0.007916414373,0.01080842082,-0.9,-0.005641620732,-0.002453321189,
2581,0.04569278111,-0.02441005432,0.0001052635297,-5.632624734e-05,-0.0003762923127,-0.003496753067,0.3,0.003989832783,-0.003779305724,19.33610525
2582,0.8176982945,0.929284976,0.001858232046,0.002176291553,0.009960536529,-0.001664396576,0.7,0.003544031131,0.0001724329597,1.0996158
2583,-0.5516760928,-0.9138331943,-0.001207060755,-0.002103994111,-0.004151051934,0.003976706666,-0.3,-0.002528058068,0.0001139365576,
2584,-1.203500188,-1.438578049,-0.003028663203,-0.003536560972,-0.001959960363,0.001482348204,-0.5,-0.001342787553,-0.004714538852,
2585,0.4140719775,0.5785035503,0.0008893026592,0.00133954216,0.00348189788,0.002340590515,0.4,0.001311080617,0.0004675247016,1.46846769
2586,-0.9109599406,-1.077886319,-0.002220625514,-0.002677343233,-0.0004215117492,0.004666769219,-0.6,0.0007321376737,-0.005173388701,
2587,-0.3044767043,-0.5312437038,-0.0007979505628,-0.001409594637,0.0007036345998,0.003883684902,0.4,0.001654822128,-0.003250723253,
2588,-0.1141156294,-0.09738014934,-0.0002626040801,-0.0002239592324,0.0003260587529,-0.004459325514,0.6,0.0005153740641,-0.001040582224,
2589,0.1071437806,0.3767837819,0.0002709809657,0.001003616558,-0.002003985651,0.0001545193621,-0.2,0.0008204862753,-0.000278524344,6.658337468
2590,-0.03519812871,-0.170475426,-8.528046003e-05,-0.00042954562,-0.005329277734,-0.0009699120459,0.0,0.0005191744273,-0.0006897353474,
2591,1.862458736,1.587422932,0.004084415197,0.003616047878,0.003217580106,-0.002363116774,0.1,0.00658482761,0.001584002784,0.6475072387
2592,-0.4190214081,-0.2606516165,-0.00100059465,-0.0006324996934,0.001396740939,-0.003739130554,0.9,0.002695230996,-0.004696420296,
2593,0.09076006982,-0.6760722883,0.0001953946819,-0.001540366002,-0.001694738413,-0.004537981869,0.2,0.003462991207,-0.003072201843,12.74829636
2594,0.1499825584,-0.1287797611,0.0003191148204,-0.0002854807902,0.0004843877322,0.002843012476,-0.3,0.004454516255,-0.003816286615,5.153977021
2595,0.2520750244,0.4277511164,0.0006728478155,0.001183029769,-0.001571832002,-0.000656763543,0.3,0.001669547845,-0.0003238522137,1.623473098
2596,0.0770085141,0.01845195478,0.0001738369688,4.253468078e-05,9.352531232e-05,0.005978372062,-0.8,0.003183008217,-0.00283533428,10.78263504
2597,0.6583832865,0.5657163168,0.001321352713,0.001135251412,-0.003774484612,-0.001003910833,-0.7,0.002318488164,0.0003242172623,0.9220353568
2598,1.023303075,1.301696178,0.002406094643,0.003200191189,0.003673644959,0.005022872005,-0.3,0.002312006418,0.002500182868,0.750123334
2599,-1.399813926,-1.163901008,-0.003131920963,-0.002605902487,-0.002452202376,7.956025066e-05,-0.7,-0.004764530026,-0.0014993119,
2600,0.2986716248,0.06502378283,0.0006796350628,0.0001558455646,-0.001151110567,0.0007712458625,-0.7,0.006400773421,-0.005041503295,3.547242279
2601,0.8129570666,0.4742274244,0.001811693715,0.001099172983,0.0001067853003,-0.0006000883319,-0.3,0.003286281702,0.0003371057285,0.9432405848
2602,-0.1793790766,-0.1257409905,-0.0004038274809,-0.0002932026857,-0.00643184447,0.001026488668,-0.9,-0.0015320021,0.0007243471377,
2603,-1.673436273,-1.814892667,-0.003740111652,-0.004007737373,0.0001442349285,-0.0004821943676,0.5,-0.0003054888844,-0.007174734419,
2604,-1.01539389,-0.8948598495,-0.002236195179,-0.002037993271,-0.009084747241,0.008980820402,-0.9,0.0003102515463,-0.004782641904,
2605,-2.509324331,-2.417968074,-0.005258061029,-0.005074289043,-0.00603253321,0.005652365236,0.1,-0.006157256048,-0.00435886601,
2606,-1.043727435,-1.122520638,-0.002582061187,-0.002828112251,-0.004398493481,0.003202312596,-0.7,-0.0004542192808,-0.004709903093,
2607,0.3061899527,0.2562665185,0.0007351833681,0.000633856498,9.452001157e-05,-0.002968809402,0.8,-0.005707000325,0.007177367062,4.680837765
2608,0.4139567283,0.4436951473,0.0009919760186,0.001082848042,-0.00331742177,-5.674193287e-05,0.0,0.00428578762,-0.002301835582,1.311309616
2609,0.2225034627,-0.3132928201,0.000499030633,-0.0007137275194,-0.0008550306633,-0.001384031071,0.1,-0.002094731258,0.003092792524,4.96900081
2610,0.7054326254,0.6489312441,0.001575787329,0.001508030227,0.002637831891,-0.003261201484,0.5,0.004615506947,-0.001463932289,1.144099953
2611,0.1981589694,-0.06538190282,0.0004744200942,-0.0001594689156,0.0005761206959,-0.001111709542,0.7,0.0005597873506,0.0003890528378,4.110157436
2612,-0.05627111749,-0.0792307164,-0.0001264175303,-0.000187014435,-0.002518649999,-0.002111712514,-0.2,0.005400962096,-0.005653797156,
2613,-1.682182776,-1.984282277,-0.004196428085,-0.005027191938,-0.008175043144,0.003439356338,0.1,-0.0005333536846,-0.007859502485,
2614,-0.2687454012,-0.1939196669,-0.0006725640836,-0.0005107805518,-0.003835881613,0.00463494836,-0.7,0.003619914396,-0.004965042563,
2615,-0.7801301537,-1.095459236,-0.001851557677,-0.002669154363,0.002689195006,-0.000368585453,0.0,-0.003762583209,5.946785537e-05,
2616,0.1812682138,-0.2704561078,0.0004336975845,-0.0006610170803,-0.00193292067,0.000777296079,0.3,-0.0001401727575,0.001007567926,2.323546295
2617,-2.339269605,-2.273451353,-0.004860291432,-0.004747461885,-0.003991213592,0.006112177914,-0.9,5.754137562e-05,-0.00977812424,
2618,0.1383566582,-0.2015496965,0.0002953942356,-0.0004417680477,-0.003096791233,-0.001995313676,-0.2,0.004925104283,-0.004334315811,6.988382744
2619,0.426470908,0.2109383073,0.0009954669717,0.0005089203628,-0.0004258659466,-0.001044546117,-0.5,0.003082190317,-0.001091256374,0.9913997792
2620,-0.310363585,-0.6812248187,-0.0007191095069,-0.001621656868,-0.001888608242,0.001058112438,-0.3,0.001857335429,-0.003295554442,
2621,-0.3070187984,-0.04864683756,-0.0006762754341,-0.0001109836849,0.001056610463,0.001215877171,-0.1,0.0005003023872,-0.001852853255,
2622,-0.2215037533,-0.102520905,-0.0005847560896,-0.0002785150005,-0.005917252483,0.005194578316,0.3,-0.002477052775,0.001307540596,
2623,0.1417727753,-0.2138375882,0.0003095832866,-0.0004977734916,-0.0008740019332,0.001369914267,0.3,0.0006710713131,-5.190473994e-05,3.318192085
2624,-0.6197952918,-0.6420984942,-0.001312541383,-0.001409985438,-0.001052346522,0.003023117134,-0.4,-0.0008955397505,-0.001729543015,
2625,-0.1867496592,-0.1609435915,-0.0004280628324,-0.0003912129319,-0.002022094226,-0.008424201474,-0.2,-0.002118245003,0.001262119338,
2626,-0.9167925601,-0.91221157,-0.00224088302,-0.002344526407,-0.004929672333,0.002153227392,0.3,0.002930815844,-0.007412581885,
2627,-1.487502789,-1.118539019,-0.003411806698,-0.002684881773,-0.003105043491,0.005030065094,-0.7,-0.001163486058,-0.005660127338,
2628,-1.153290461,-1.148475581,-0.002415285932,-0.002447629018,-0.003627672089,0.00447072615,-0.9,-0.002141902699,-0.002688669164,
2629,0.3714476841,0.2043559651,0.0008891603414,0.0005132364471,0.001047974688,-0.001094969797,0.1,0.002730294534,-0.0009519738514,1.636446755
2630,0.4195734812,0.2099862623,0.0009970988949,0.0005166378972,-0.005935671896,0.003131044107,-0.8,0.001732199846,0.0002619979439,0.6066074582
2631,1.095676737,0.7650406633,0.002541795942,0.001832610695,0.002844554493,-0.004065867554,0.3,0.004233333683,0.0008502581997,0.6239841421
2632,-1.741117886,-1.920606784,-0.003577785637,-0.003992259741,-0.004582579791,0.000215970861,-0.1,-0.001026916932,-0.006128654342,
2633,-0.7466120697,-0.2647271961,-0.001541993465,-0.0005644951064,-0.002395489909,0.002024741504,0.4,-0.00188455767,-0.001199429259,
2634,-0.4544400353,-0.8735100474,-0.0009666911673,-0.001919958249,-0.0004149836623,0.0004844012318,0.4,-0.00128068179,-0.0006527005445,
2635,-1.001799125,-1.350531639,-0.002277013658,-0.003194463635,-0.001589668083,0.002197623978,-0.9,0.0004365222476,-0.004990549563,
2636,-0.5363503577,-0.6266436322,-0.001352698174,-0.001599325198,0.001776155906,0.003112912469,-0.1,-0.01001058943,0.007305193086,
2637,-0.4974618144,-0.6691298359,-0.001195888884,-0.001618301009,-0.002339480505,0.007613517506,-0.8,-0.003099041064,0.0007072632967,
2638,0.2614564461,0.1333681601,0.000610631015,0.0003189435788,-0.0003209458099,0.0003303076781,-0.6,0.002260963072,-0.001039701042,2.017177349
2639,-0.895217263,-0.6767674953,-0.002061040283,-0.001614709179,0.0007066226871,0.006550061872,-0.5,-0.00767168548,0.003549604913,
2640,1.204202572,1.304437186,0.002557509663,0.002944491461,0.002749372319,-0.0005484891082,0.7,0.005470953376,-0.0003559340504,0.8525807165
2641,-0.5396882526,-0.6538026926,-0.001353872533,-0.001619167846,-0.002387930945,0.008056895828,-0.2,-0.0006446772092,-0.002063067856,
2642,-0.09470817408,-0.1406238874,-0.0002397441106,-0.0003696811086,-0.001631874916,0.003792036739,-0.8,0.002625253264,-0.003104741485,
2643,1.202906214,0.7467872325,0.003063981363,0.001904542852,-0.001581963235,-0.006775573373,0.1,0.006224629267,-9.666654219e-05,0.6866935593
2644,-0.3631445782,-0.238153691,-0.0008645325193,-0.0005860558534,0.0001982071264,0.002481659969,0.4,-0.001641262524,-8.780251436e-05,
2645,-0.94700589,-0.7161941789,-0.002147881018,-0.001709870363,0.000319906665,-0.0002138447338,0.2,-0.002125437515,-0.00217032452,
2646,0.7298384506,0.5364166452,0.001701611183,0.00126670573,-0.001013793144,-0.004327940289,0.2,0.009683971141,-0.006280748776,1.466488512
2647,-0.8862627714,-0.8747072733,-0.002104852988,-0.002174711338,0.001304700183,0.001140178422,-0.3,-0.0007244487283,-0.003485257247,
2648,-0.4163077972,-0.6305241034,-0.001118810853,-0.001705044817,-0.004593903045,0.006335155756,-0.1,-0.003992414328,0.001754792621,
2649,0.6622027444,0.1795368223,0.00157443536,0.0004468970149,-0.001235145788,-0.009275828358,0.8,0.002187685238,0.0009611854827,0.705394407
2650,-0.581433902,-0.7438896711,-0.001456138487,-0.001967983792,-9.540890363e-05,-1.541183039e-05,-0.1,-0.007145508846,0.004233231873,
2651,-0.7695023242,-1.001427558,-0.001822921724,-0.002433627074,-0.001542100017,-0.0003273860713,-0.2,-0.001589895847,-0.002055947601,
2652,-0.1510278836,-0.1870128038,-0.0003383204038,-0.0004219649274,0.003034655954,-0.002397806628,0.1,0.002556507898,-0.003233148706,
2653,-1.720272052,-1.653472629,-0.003924922518,-0.004074111256,-0.004078462757,0.004565556179,0.3,-0.002718481495,-0.005131363542,
2654,0.1733624728,0.150378556,0.0003614251711,0.0003225575358,0.0006726321122,-0.006019791707,0.8,-0.001916563875,0.002639414217,2.884145983
2655,-0.5695581818,-0.6712706782,-0.001415607867,-0.001735756522,-0.003040953388,0.002966639639,0.3,0.0004543571615,-0.003285572896,
2656,1.045792463,0.6762514203,0.002477456775,0.001709807765,0.0005295397026,0.0005211407907,-0.5,0.006201796646,-0.001246883096,0.723657584
2657,-0.1379107137,0.2558737845,-0.0003048561665,0.0006191088407,0.004402979842,0.001683430527,-0.5,0.003878096389,-0.004487808722,
2658,-1.316610908,-1.761371745,-0.003018685203,-0.004191513541,-0.00244140056,0.005247430385,-0.4,-0.002085781072,-0.003951589333,
2659,-0.8578801568,-0.803954393,-0.001924181046,-0.001857034837,-0.004834544156,0.01183257414,-0.8,-0.002104410581,-0.00174395151,
2660,2.1131193,1.925657901,0.004745517227,0.004452450263,0.0006680628626,-0.003394083213,0.1,0.001198287497,0.008292746957,0.6966097224
2661,0.4179682708,0.1357991075,0.0009874196525,0.0003279031349,0.002202366691,0.005071248202,0.4,0.000589130857,0.001385708448,1.511468191
2662,-0.130500759,-0.4571770525,-0.0002946783363,-0.001065122088,-0.002308529434,-0.001377003059,0.0,0.0007802063124,-0.001369562985,
2663,-0.4843829796,-0.9458638853,-0.001183996575,-0.002410917981,-0.005710377622,-0.001447398244,-0.7,-0.001926610942,-0.0004413822087,
2664,-0.9533226575,-0.8732005315,-0.00215638836,-0.002063128824,-0.005399003412,-2.299769997e-05,-0.7,-0.003219291976,-0.001093484744,
2665,0.4851822704,0.431295473,0.001169015692,0.001106899548,0.002456592849,0.0005430941341,0.7,-0.004899520172,0.007237551556,2.136921432
2666,-1.496367465,-1.631333411,-0.003129295873,-0.003557306126,-0.002608187652,0.006833212822,-0.8,-0.004006192627,-0.002252399119,
2667,1.090523839,0.690803058,0.002701111104,0.001743755999,0.0008060303723,-0.001577031439,0.9,0.0007449532967,0.004657268912,1.06070339
2668,-2.473065569,-2.523139806,-0.005658678968,-0.00591907804,-0.006044329053,0.007698020137,-0.9,-0.006988508376,-0.004328849561,
2669,0.08809662012,0.2088754686,0.0002394189056,0.0005900898989,-0.002922882399,0.001629830155,-0.5,-0.001221388132,0.001700225943,9.018253025
2670,-1.239576323,-1.344673802,-0.002726917904,-0.002986654824,-0.002450674103,0.0149941839,-0.1,-0.001241622022,-0.004212213785,
2671,-1.971803655,-2.265190849,-0.003797980573,-0.004354745226,-0.001246958243,0.002779972068,-0.3,-0.007316627923,-0.0002793332236,
2672,-0.7146110081,-0.6181998793,-0.001660962026,-0.00149545176,0.0002028059587,-0.002277165014,0.6,0.002044650867,-0.00536657492,
2673,0.06826999378,-0.2973837248,0.0001704391184,-0.0007740428138,0.0001135536497,-0.001451804438,0.2,0.0007858450747,-0.0004449668378,8.196445569
2674,-0.1856943293,0.3612273204,-0.0004191579532,0.0008818055564,-0.002812588948,-0.005396609798,0.3,0.0007431633518,-0.001581479258,
2675,0.172130098,0.06846250792,0.0004330016331,0.0001757907469,0.001480195593,-0.0005583999358,0.0,-0.0006057118251,0.001471715091,4.267744796
2676,1.189848976,0.8909874048,0.002587924268,0.001944372494,-0.00153803464,0.001250245812,-0.7,0.00163624496,0.003539603576,0.8696228429
2677,-0.6803648374,-0.5528613936,-0.001433580386,-0.001224070214,-0.001692142891,0.002087648342,-0.7,-0.003597254881,0.0007300941082,
2678,-0.8377355317,-0.8503184816,-0.00187091566,-0.001933125445,-0.00339763262,-0.00307681412,-0.4,0.001579230653,-0.005321061973,
2679,-0.3173697313,-0.3978031686,-0.000688986909,-0.0008693979458,-0.002894947069,-0.004863609523,-0.4,-0.001069134369,-0.0003088394492,
2680,-1.080437506,-1.075432345,-0.002281146091,-0.002402403121,-0.003950090396,0.002296178947,-0.4,-0.00589562764,0.001333335459,
2681,0.4845972282,0.2636594382,0.001222085026,0.0006980851972,0.0003122271291,-0.003389618777,0.4,0.0008704747607,0.001573695292,0.8214433709
2682,-0.3069886118,-0.2696671405,-0.0006949857096,-0.000625371205,0.0009574111317,9.831769523e-05,0.3,-0.002143340592,0.0007533691725,
2683,-0.07883213673,-0.2664231478,-0.0001761445617,-0.0006207330528,0.002252161565,-0.001663402217,0.7,-0.001012049909,0.0006597607852,
2684,-0.9000674973,-0.7526658344,-0.002119102176,-0.001818486034,-0.003620732324,0.003026979577,-0.9,-0.0008539206422,-0.00338428371,
2685,-0.1087565194,-0.04130299052,-0.0002355352603,-9.244311379e-05,0.00365822625,-0.000490839928,0.7,0.004777749919,-0.00524882044,
2686,-0.5720305546,-0.5801989906,-0.001257268637,-0.001330655121,-0.002209325252,0.0005770752484,0.1,-0.00587413719,0.003359599916,
2687,-0.853543533,-0.6414167961,-0.001678863369,-0.001328785449,0.0002371459067,-0.0002330843788,-0.4,-0.0009732850741,-0.002384441664,
2688,-1.370821364,-1.498588737,-0.003088569786,-0.003606387977,-0.007190383891,0.003171289979,-0.9,-0.004314861226,-0.001862278345,
2689,-0.1509856113,-0.1496756525,-0.0003383898727,-0.0003468260796,0.003443655622,-0.003961561368,0.6,0.002886749283,-0.003563529028,
2690,1.267868761,1.498190505,0.002721143414,0.003261167374,0.002037273444,-0.005670216995,0.3,0.002738341974,0.002703944855,0.4684800461
2691,-0.06696011078,-0.2547360321,-0.0001583667354,-0.0006324004501,-0.001653150239,-0.0009305500539,0.1,0.001794415629,-0.0021111491,
2692,-1.598706036,-1.660414571,-0.003594755084,-0.003783282637,-0.003572823768,0.00461071602,-0.8,-0.0009586697185,-0.006230840449,
2693,-3.014571128,-3.131413645,-0.006572438427,-0.007044097319,-0.01178450077,0.002025274955,-0.2,-0.008524801201,-0.004620075654,
2694,0.7742633282,0.672343544,0.001698675372,0.001492449422,0.002588891591,0.001955623035,0.1,0.00291967066,0.0004776800842,0.8417550268
2695,-2.838109445,-2.796436245,-0.006102924451,-0.006251847163,-0.006309074065,0.003413070383,-0.2,-0.008790642284,-0.003415206618,
2696,-0.7478129917,-0.8551722852,-0.001679703806,-0.002032725086,-0.003565421915,0.009384897287,-0.1,-0.000773817946,-0.002585589666,
2697,0.4656619669,0.7276437438,0.001130583893,0.001805366418,0.001093911094,0.0011940826,-0.2,0.001929078445,0.0003320893411,1.335107353
2698,-1.50770429,-1.881439005,-0.003539984462,-0.004446214654,-0.007147893998,0.001575436782,0.0,-0.004454923209,-0.002625045715,
2699,-1.05410586,-1.204775468,-0.002445323474,-0.002875341904,-0.003943773879,0.005685008116,0.4,0.002853459062,-0.00774410601,
2700,-1.336090156,-1.367903901,-0.002836011677,-0.003201592352,-0.004408811766,0.007820545171,-0.2,-0.006170295915,0.0004982725604,
2701,-0.7981971521,-0.6851780339,-0.002078332997,-0.001815901205,-0.002995122018,-0.00115468136,-0.3,-0.000332741735,-0.003823924258,
2702,-2.87847916,-2.779503304,-0.006285920208,-0.006370048728,-0.008121054167,0.01027627334,-0.8,-0.004628973031,-0.007942867385,
2703,-1.93590725,-1.819091644,-0.004154096416,-0.004079814875,-0.003419701511,0.009182092989,-0.4,-0.006846436236,-0.001461756596,
2704,-1.952568535,-1.970003842,-0.004644090061,-0.004697670045,-0.001606765223,0.009163205092,-0.9,-0.007220483143,-0.002067696979,
2705,-1.115970479,-1.542124894,-0.00232612865,-0.00343394859,-0.003380985734,0.002290236699,-0.9,-0.001301908635,-0.003350348665,
2706,0.4631314852,0.3077470415,0.001186107533,0.0008208404932,0.003707358873,-0.002757698184,0.7,0.006299443275,-0.003927228208,1.507375924
2707,-0.4139735296,-0.3971255282,-0.001061135635,-0.001089530114,-0.003746328879,0.002136689664,-0.6,-0.001411064923,-0.0007112063473,
2708,-1.193380162,-1.309472039,-0.00288695879,-0.003171529562,-0.004698187968,0.00995266449,-0.5,-0.001261067807,-0.004512849773,
2709,0.05951578615,-0.1739825326,0.0001419095605,-0.0004370194387,0.001741915051,0.0006256837116,-0.5,0.006106473264,-0.005822654144,13.99415397
2710,1.798394674,1.606285378,0.004439272181,0.00416405618,0.007883185306,-0.002650708538,0.6,0.007739940594,0.001138603768,0.4607604721
2711,0.3267669911,0.2315237382,0.0007885337081,0.0005734222897,-0.006949862326,0.00341307691,0.3,0.001600559096,-2.349167953e-05,1.895022856
2712,-0.6250196439,-0.4767717557,-0.001263640431,-0.001009921761,0.002093018991,0.007913682366,0.4,0.001419352087,-0.003946632948,
2713,-2.060581516,-2.187114199,-0.005188974226,-0.005545910024,-0.008919054498,0.003655020582,-0.9,-0.006208974797,-0.004168973655,
2714,-0.5618836978,-0.7186574282,-0.00118381398,-0.001600562435,0.001269704579,0.002657527888,-0.1,0.003953268583,-0.006320896542,
2715,-0.5920018201,-0.5686931543,-0.001319341016,-0.00133113283,-0.001601522893,0.002898852412,0.5,-0.004299167038,0.001660485006,
2716,0.268085553,0.2056194258,0.0005990926121,0.0004752598386,-0.002140561789,0.001088981593,0.5,-0.0009806728679,0.002178858092,2.948821451
2717,0.495442591,0.8572510751,0.001095018098,0.001923306189,0.000372607589,-0.005728312867,0.1,0.002157481673,3.255452278e-05,0.8077933102
2718,0.184440286,-0.03820844977,0.0003662552023,-7.822057644e-05,-0.0008729958229,0.0023998512,0.4,-0.0007924974923,0.001525007897,4.323809123
2719,-1.341268304,-1.472789625,-0.002918874115,-0.003283458844,-0.002238061563,0.004190680947,-0.2,-0.001380780056,-0.004456968173,
2720,-0.4814611791,-1.120632437,-0.001211548799,-0.002888710177,-0.00380960206,0.003440593697,-0.2,-0.0005275669991,-0.0018955306,
2721,0.6766801359,0.7629578791,0.001571966693,0.001846568928,0.006850921709,-0.00358085143,0.4,0.001422111575,0.001721821812,0.9378056629
2722,0.3405654855,0.3165068223,0.0009407718509,0.0009192834256,-0.00337524997,0.0006440373256,-0.3,0.002688089356,-0.0008065456547,1.557259186
2723,0.391821105,0.3999603652,0.000883539334,0.0009034569148,-0.0037909813,0.003083499906,0.3,0.003028409225,-0.001261330557,0.9866164485
2724,-0.6341303406,-0.6162016858,-0.001583427576,-0.001562697295,0.0008293649063,-0.00184071481,0.1,-0.0009830230352,-0.002183832116,
2725,0.1948058574,-0.162442529,0.0004199536407,-0.0003580532113,-0.002765215833,-0.002754265536,-0.3,0.004835853415,-0.003995946133,3.402901292
2726,0.6617997217,1.24430632,0.001364755017,0.002861199067,0.005719102045,0.003317993154,0.7,0.002638549041,9.096099358e-05,1.325588916
2727,0.1599602304,0.3763082473,0.000367985978,0.0009102417235,0.001082895424,-0.003348762519,0.1,-0.002541136707,0.003277108663,4.903444063
2728,-0.4125382395,-0.445230844,-0.0008292070187,-0.0009350507101,-0.003150812121,0.006933415542,-0.9,-0.003280448118,0.001622034081,
2729,-1.04089259,-1.145012885,-0.002449740447,-0.002816269226,-0.004179964369,0.0007865408859,-0.8,-0.0002727334369,-0.004626747458,
2730,-0.5213061289,-0.5679187196,-0.001337557817,-0.001505265421,-0.001618118109,0.003420780095,0.3,-0.006168868073,0.003493752438,
2731,-1.017787592,-1.454433212,-0.002307421841,-0.003482501753,-0.003579011518,0.003134024224,-0.4,-0.003606351354,-0.001008492328,
2732,0.4348554521,0.3935215805,0.001117738168,0.001042136293,-0.001113792083,0.006154213094,-0.1,-0.0006021277539,0.002837604089,1.031354783
2733,-0.4849618229,-0.5764054662,-0.001041279006,-0.001321593583,-0.001052919493,0.002758462745,0.5,-0.004096726067,0.002014168054,
2734,-0.1997613036,-0.1101562851,-0.0004737027566,-0.0002642786261,-0.0002978725741,-0.004377479658,0.6,4.956274474e-05,-0.000996968258,
2735,0.6508485797,1.115697586,0.001445795255,0.002611168176,0.005518703015,-0.004105675961,0.9,0.0009246683154,0.001966922195,1.342027038
2736,0.1511632928,-0.08178360686,0.0003561600016,-0.0001985434227,0.0004352190405,-0.00419587482,-0.3,0.002650105703,-0.0019377857,7.907728393
2737,-0.2792793881,-0.1121549923,-0.0006196575304,-0.0002579275201,0.003092050818,0.001895204114,-0.5,-0.002055864419,0.0008165493582,
2738,-1.57175913,-1.551935458,-0.003492835319,-0.003412604886,-0.006806084362,0.003466100927,-0.9,-0.001416462917,-0.005569207721,
2739,-0.988041039,-0.8982267198,-0.00233558271,-0.002152020727,-0.004171615058,-0.0003397397856,-0.7,-0.003222401455,-0.001448763964,
2740,-1.976687191,-1.556231921,-0.004504605991,-0.003662389886,-0.004177051474,0.0007018554233,-0.7,-0.003284187596,-0.005725024387,
2741,-0.6625023854,-0.792892731,-0.001677496856,-0.0021488619,0.002074291299,-0.0009250542864,0.2,-0.004049946155,0.0006949524419,
2742,0.1508013157,-0.1825325146,0.0003681369445,-0.0004483792294,0.001087973622,-0.002125721137,0.7,0.005141335936,-0.004405062047,4.14507404
2743,-0.5731610225,-0.2528223653,-0.001341568121,-0.0006163933176,-0.002861480926,-0.001877212439,-0.2,-0.004597993528,0.001914857286,
2744,-0.7236507633,-0.8415182524,-0.001677269461,-0.001886754978,-0.004762356311,0.005916948728,-0.8,-0.002702552758,-0.0006519861641,
2745,-2.243290654,-2.238358677,-0.004829041975,-0.005102900138,-0.004698363382,0.007444195495,-0.9,-0.005715328378,-0.003942755573,
2746,-1.164882601,-1.292714198,-0.002561348466,-0.00297646559,-0.004942552624,0.000256124993,0.1,-0.002211778908,-0.002910918024,
2747,-2.780859404,-2.923626575,-0.005793103831,-0.006582713433,-0.00868277422,0.008355307407,-0.3,-0.005382904775,-0.006203302887,
2748,-0.8492911044,-1.016997653,-0.001973720553,-0.00232152659,-0.0043550549,0.002059238102,-0.2,-0.002188889296,-0.00175855181,
2749,-1.634365997,-1.993861261,-0.003861197509,-0.004915111539,-0.003749129516,0.003687447872,-0.8,-0.003787973425,-0.003934421592,
2750,-2.544642411,-2.482657153,-0.00652632077,-0.006517670328,-0.001137502853,0.0102002693,-0.8,-0.01432687021,0.001274228667,
2751,-0.4801032,-0.3678045414,-0.001106591976,-0.0009155456664,-0.002132330435,-0.002477616464,-0.2,-0.001343277549,-0.0008699064042,
2752,-1.159455766,-0.8269266484,-0.002335788378,-0.001739273754,-0.005070749796,-0.001506797998,-0.2,-0.00435698944,-0.0003145873156,
2753,0.07309215843,0.1095404177,0.000161052969,0.0002441738451,-0.001605849662,0.001166727213,0.5,-0.0004392199579,0.000761325896,1.275800953
2754,-1.082295042,-1.104718185,-0.002518564727,-0.002604149523,-0.002074786388,-0.002886963101,0.3,-0.002702717273,-0.002334412182,
2755,0.5686250335,0.606535283,0.001271628903,0.001405927755,0.003607786444,-0.004346547534,0.9,-0.002055005278,0.004598263084,1.726721668
2756,-1.283389968,-1.252914821,-0.002783303425,-0.002778894547,0.0002998544162,-0.005599078422,0.9,-0.0004244581551,-0.005142148695,
2757,-2.019448325,-2.18000122,-0.005061922131,-0.005592229702,-0.005378054263,0.00353713951,-0.7,-0.006176960359,-0.003946883903,
2758,-0.172467496,-0.1707899148,-0.0004465049811,-0.0004610937257,0.0004963233384,-0.002227100562,0.6,-0.0005224874064,-0.0003705225557,
2759,-0.1890122523,-0.2270011208,-0.0004964038727,-0.0006061088142,0.002117007077,-0.001538479239,0.8,0.006123681939,-0.007116489684,
2760,-0.9907257507,-0.881454623,-0.002330692185,-0.002209097145,-0.007359890788,0.004122449872,-0.4,0.0005007018834,-0.005162086254,
2761,-2.201006296,-2.285664593,-0.005107008118,-0.005378823377,-0.003513727234,0.00804031895,-0.2,-0.005803034989,-0.004410981246,
2762,-1.698913374,-1.547570399,-0.003934329183,-0.003778712795,-0.003163359272,0.00317721785,-0.9,-0.003128901158,-0.004739757208,
2763,0.505908154,0.7393054222,0.001202738505,0.001791753761,-0.003299898956,0.001266215693,0.0,0.004124334071,-0.001718857061,2.253995259
2764,0.1271668141,0.4596335358,0.0003000290669,0.001122715417,0.002244029655,0.002675794862,0.4,0.003666805022,-0.003066746888,4.350193018
2765,-0.2598342122,-0.2225342562,-0.0006291818614,-0.0005738548454,0.0004230580838,-0.0002854171616,0.5,0.0006623048026,-0.001920668525,
2766,-0.6598084646,-0.4492667277,-0.001508312876,-0.001079255826,-0.0003819983818,-0.0002945484065,0.5,-0.005733619008,0.002716993256,
2767,0.97457667,0.9708047944,0.002310982946,0.002308748646,0.001966536594,-0.00332218417,0.1,0.005613624194,-0.0009916583012,0.644771425
2768,-2.312103037,-2.285120997,-0.004044050664,-0.00394690521,-0.007849295802,0.006739144165,0.3,-0.0005546284258,-0.007533472902,
2769,-0.4195045002,-0.2094057752,-0.0009525799814,-0.0004900847332,0.005781003778,0.003126272077,0.2,-0.0008385901661,-0.001066569797,
2770,-1.904734917,-2.65524373,-0.00416995117,-0.005793856458,-0.001897649401,0.006477611976,-0.1,-0.004888876352,-0.003451025987,
2771,0.1176318108,-0.05651349419,0.0002676257289,-0.0001353188183,0.0003234785163,0.001578261446,-0.8,0.0002678467998,0.000267404658,8.048234057
2772,0.4618338312,0.2590261729,0.001161620239,0.0006408461898,0.001030514331,-0.004526090928,0.8,0.0002090722515,0.002114168226,1.642198533
2773,-1.41847589,-1.577180386,-0.003440142006,-0.003759544919,-0.003035025672,0.004905287883,-0.3,-0.01101703616,0.004136752149,
2774,-0.9252125875,-0.9545437051,-0.002125976823,-0.00239035459,-0.007782716742,-0.001043514546,0.1,-0.001491680133,-0.002760273513,
2775,1.412696535,0.9655469386,0.003409030167,0.002340147341,0.002742917655,-0.007098102657,0.6,0.002841226814,0.00397683352,0.4578441006
2776,0.6978904537,0.6233553471,0.001498595875,0.001344428927,-0.001073289451,0.005377519321,-0.9,0.002634207011,0.000362984738,0.5622530216
2777,-2.822050215,-2.77540465,-0.006341344085,-0.006608146869,-0.006839445077,0.008552444401,-0.3,-0.008125590734,-0.004557097435,
2778,-1.408672237,-1.546958373,-0.00283446524,-0.003364900238,-0.005305086908,0.006052134467,-0.4,0.0002701177223,-0.005939048202,
2779,-1.928698218,-2.098341569,-0.004354886476,-0.004917874405,-0.002986070737,0.004095588126,0.3,-0.009836764393,0.00112699144,
2780,0.4338332001,0.2070673304,0.001022576392,0.0005052660434,0.003956441108,0.00113501434,0.7,0.002161526177,-0.0001163733917,0.5459254036
2781,1.334679094,1.502776445,0.002871498303,0.003269247349,0.002599839851,-0.003241026417,-0.3,0.001460045925,0.004282950681,0.4079626521
2782,1.836565589,1.527864031,0.004321410205,0.003872897574,-0.0006060519036,-0.003878239386,-0.4,0.006552668461,0.002090151949,0.683019929
2783,-1.108563102,-0.663868271,-0.002178417451,-0.001320843262,-0.001291303335,0.004002932352,0.3,-0.002749395261,-0.001607439641,
2784,1.249753462,1.092008561,0.002693314776,0.002533013895,-0.0003461651573,0.003311472718,-0.8,0.004581613702,0.0008050158497,0.5169834384
2785,-1.281590155,-1.679225166,-0.003065126311,-0.0041449165,-0.002511378512,0.001835038896,0.0,-0.002540364677,-0.003589887945,
2786,1.326612656,1.636659507,0.002854235176,0.003569651944,0.003399693297,-0.008189100347,0.6,0.00376126619,0.001947204163,1.015525932
2787,-2.323853155,-2.418780019,-0.005546744898,-0.006181769211,-0.004623824382,0.01018469124,-0.3,-0.008870246442,-0.002223243353,
2788,0.9920597513,0.8903029,0.00210074428,0.001980137347,0.00230975854,-0.0009556390761,0.2,0.003189178983,0.001012309577,0.6776160374
2789,-1.677572359,-1.654402598,-0.003701706799,-0.003759797398,-0.004493790507,0.007275582963,-0.2,-0.003891647291,-0.003511766307,
2790,0.4828154176,0.4974261298,0.00101137837,0.001114669342,0.0006723825437,0.0009091088929,0.0,0.001088931628,0.0009338251116,1.07469073
2791,-1.786914798,-2.147996446,-0.004371331527,-0.005498728924,-0.001915460809,0.004476217901,-0.9,-0.004384891737,-0.004357771316,
2792,0.5658499529,0.628418107,0.001265118345,0.00146109753,0.0006661862325,-0.007609745429,0.8,0.001751707285,0.0007785294039,1.010772706
2793,-0.8299244258,-0.7119191413,-0.001955562622,-0.001665952303,-0.0003641774143,-0.001186694929,-0.3,0.001818163173,-0.005729288416,
2794,-1.727878964,-1.343459418,-0.003636393969,-0.002968063323,-0.0007476380434,0.001608005469,-0.3,-0.001097844422,-0.006174943516,
2795,-0.6507905556,-0.4727191582,-0.001418814658,-0.001054220391,-0.001344708359,-0.001538675403,0.5,0.00070808035,-0.003545709666,
2796,0.2760583571,0.2557125245,0.0006423923079,0.0006072869543,0.0006589501607,0.003035034977,-0.1,0.003544534993,-0.002259750377,3.829290814
2797,-0.06004618523,-0.03654488684,-0.0001447257853,-8.926284072e-05,-0.002237883192,0.001813322558,-0.3,-0.0001091850991,-0.0001802664716,
2798,-1.636999254,-1.594597713,-0.003496193649,-0.003532297983,-0.008353523986,0.004857319688,-0.2,-0.00779792691,0.0008055396123,
2799,-0.1577001867,-0.2093182262,-0.0003376550755,-0.0004591569653,-0.003882228748,0.002783350118,-0.7,0.002563163246,-0.003238473397,
2800,-2.033621417,-1.649084744,-0.004703149566,-0.004011003152,-0.001860424885,0.00685942098,-0.8,-0.001362915863,-0.008043383269,
2801,-0.07551691855,0.08345996223,-0.0001936997427,0.0002234400038,0.001782830512,-0.004932386894,0.5,-0.003737303379,0.003349903894,
2802,0.1767143623,0.4968170578,0.0004100736818,0.001181421941,-0.0004861124828,0.001159105674,-0.2,-0.002194988853,0.003015136217,2.450364601
2803,0.2457313686,0.04988050047,0.000531409622,0.0001141423878,4.121400215e-05,0.0008361509182,-0.3,-0.0002350791401,0.001297898384,1.388025173
2804,-2.817921322,-2.381795279,-0.006410573554,-0.005561839305,-0.00920454406,0.003292621223,-0.1,-0.005336623126,-0.007484523982,
2805,-0.9294198832,-1.223032631,-0.002185769005,-0.00297700321,-0.0005632555042,0.003543103329,-0.4,0.002023067615,-0.006394605625,
2806,0.9834868152,1.07776732,0.002388889321,0.002679908751,-0.0002497475574,-0.004278677314,0.0,0.00484510995,-6.7331309e-05,1.012315501
2807,-0.6118406315,-0.4306687643,-0.001532007449,-0.001124170456,0.002513774808,-0.002318101576,0.4,-0.003131084753,6.706985413e-05,
2808,1.074620892,0.9353210475,0.002063839318,0.001879576408,0.002180785526,-0.003416675251,0.2,0.005769363942,-0.001641685307,1.258851562
2809,-0.3133408491,-0.09752072812,-0.0006745973369,-0.0002274738224,-0.001619410688,0.0001360927172,0.5,0.00119623289,-0.002545427564,
2810,0.323322679,0.4352900651,0.00072628733,0.00102570905,-0.0001493643205,-0.003898685285,0.8,0.0008386323515,0.0006139423086,1.929268869
2811,-0.9627651394,-1.178325129,-0.00216051733,-0.002813357231,-0.005855845107,0.002330022648,0.3,-0.0008022623769,-0.003518772282,
2812,-0.1111818491,-0.1556078569,-0.0002604497485,-0.0003866654785,-0.003678770152,0.0004805522,-0.7,0.00380374231,-0.004324641807,
2813,0.1865847225,-0.2856615621,0.000468059891,-0.0007245266849,-0.002187581573,0.0006698619763,-0.9,0.003514546421,-0.002578426639,3.943027663
2814,-0.145656465,-0.7033293507,-0.0003581975771,-0.001728792846,-0.008084971293,-0.005614593006,0.0,-0.0007917199452,7.532479102e-05,
2815,-0.3886257897,-0.499771008,-0.0009506848633,-0.001235023898,-0.001137286162,-0.003678698033,0.1,1.355345548e-05,-0.001914923182,
2816,1.559607497,0.9745331514,0.003717756428,0.002487964908,-0.0004619124995,0.002799715348,0.4,0.006657939938,0.0007775729174,0.8940213675
2817,1.108305617,0.9461912708,0.002550066602,0.002274497872,-0.001943953206,0.001382497283,-0.3,0.003341534785,0.001758598418,0.4546990095
2818,0.9781166254,1.280482854,0.002299775145,0.003274421806,0.004190038514,0.003326306364,0.4,-0.0002890005711,0.004888550862,0.701977941
2819,-0.4848815995,-0.1253016282,-0.001109491556,-0.0002930603327,-0.003712529485,0.007057479875,-0.9,4.024436989e-05,-0.002259227481,
2820,-3.350243081,-3.233759485,-0.006611374073,-0.006501732234,-0.0006865964706,0.008027834718,-0.1,-0.007651660099,-0.005571088046,
2821,-2.549262795,-2.646263322,-0.005499928079,-0.006350643286,-0.007107592318,0.007169476601,-0.3,-0.006310555704,-0.004689300454,
2822,-0.5336165509,-0.3080114926,-0.001333515112,-0.0008099363976,-0.0005309164648,-0.001819912787,0.3,-0.001296579848,-0.001370450377,
2823,-0.5616907185,-1.076485533,-0.00110838582,-0.002173623385,-0.00132965751,8.824626715e-05,-0.4,0.001116779023,-0.003333550664,
2824,-0.3322450042,-0.2248187619,-0.0007342215798,-0.0005057270578,-0.001517017554,-0.001243924719,0.1,0.0001568668788,-0.001625310038,
2825,-2.03663322,-2.053454192,-0.004810186022,-0.004927633356,-0.004002995486,0.006474774757,-0.1,-0.01062028692,0.0009999148747,
2826,-2.177190317,-2.111159556,-0.004912756766,-0.005034762816,-0.009984656165,-0.002904449757,-0.6,-0.002907990815,-0.006917522717,
2827,-0.8288112985,-0.721447307,-0.001830510729,-0.001645321893,-0.0004630677387,-0.001085869529,0.8,-0.002956551279,-0.0007044701791,
2828,-0.9194176073,-0.6643345473,-0.002167667563,-0.001553428679,-0.003201309495,0.0004726966136,0.0,-0.002721150175,-0.00161418495,
2829,-2.422256766,-2.232493998,-0.006029410088,-0.005785120472,-0.002459967327,0.003058299019,-0.3,-0.006574567865,-0.005484252311,
2830,-0.353300341,-0.5345173707,-0.0007876720537,-0.001327007527,-0.003302891673,-0.003683438496,0.5,-0.0003097226097,-0.001265621498,
2831,0.3701700336,0.1499096313,0.0009160306847,0.0003796154993,-0.00363716297,0.002851696606,-0.4,0.0009440752374,0.000887986132,1.215352109
2832,-0.9255931459,-0.897431613,-0.002186788945,-0.00218515278,-0.001130547558,0.002927859796,-0.3,-0.001402517256,-0.002971060634,
2833,-0.9562506028,-1.14410318,-0.002252126184,-0.002832955121,-0.001902829927,0.001211914294,0.0,-0.002560996532,-0.001943255835,
2834,0.1778275868,0.1891098172,0.0004133568936,0.0004501135951,-0.002256400829,0.001442420708,0.0,0.0009472723766,-0.0001205585893,3.093403697
2835,-0.9963047506,-1.122859428,-0.00212979897,-0.002475863123,-0.005244612638,0.002977138214,-0.6,-0.002468645989,-0.001790951951,
2836,2.8692016,2.708676805,0.006211911398,0.006179546257,0.0007140052078,-0.002205755783,0.2,0.007102809569,0.005321013227,0.3311789143
2837,1.134819071,1.037563956,0.002446319572,0.002327197978,0.001388066639,-0.0060014516,0.9,0.00109398506,0.003798654083,1.018250388
2838,0.5622505353,0.4711040534,0.001411810165,0.001207052883,0.001423058109,-0.003294237775,0.1,0.002766603686,5.701664368e-05,1.390193704
2839,-0.03112589703,-0.3718891006,-7.56723127e-05,-0.0009265045312,-0.0005581022375,0.001967828459,-0.3,0.001388089224,-0.00153943385,
2840,-1.015507595,-1.412907963,-0.002097357615,-0.002818340809,-0.0008893265161,0.003106561055,-0.6,-0.003173689147,-0.001021026082,
2841,-1.692044218,-1.615467717,-0.003992380906,-0.004044996025,-0.005029530063,0.003529633724,-0.8,-0.003823191142,-0.00416157067,
2842,-1.212711754,-1.415762852,-0.0025156161,-0.003092511982,-0.003208615023,0.001408506175,-0.4,-0.004287983303,-0.0007432488966,
2843,-0.7335318315,-0.861113287,-0.001658253535,-0.002030350603,-0.00197975996,-0.002084369553,0.4,0.000202120077,-0.003518627146,
2844,-2.259754636,-2.243958502,-0.004946671617,-0.005259747882,-0.003516013588,0.00580533702,-0.9,0.0005572022953,-0.01045054553,
2845,-0.5246482468,-0.6526005827,-0.001120334254,-0.001471189888,0.0008178276631,0.005352629771,-0.6,-0.00126512278,-0.0009755457286,
2846,0.5705042139,0.387813199,0.001332467549,0.0009493009372,-0.001376999481,-0.006881424609,-0.4,-0.0004691478829,0.00313408298,1.223798256
2847,-0.7856049481,-1.06684879,-0.001864125684,-0.002688781454,-0.004007765951,0.0007037913531,-0.7,-0.004245696413,0.000517445044,
2848,-1.149761021,-1.361762394,-0.002550168357,-0.003075330105,0.001308592928,0.001448300719,0.0,-0.007025129592,0.001924792879,
2849,-1.724115428,-1.888406435,-0.003947063969,-0.004624899257,-0.008057739596,0.001028786148,0.0,-0.005463062559,-0.002431065379,
2850,-1.309347337,-1.316492646,-0.003344057643,-0.003358405631,-0.006104591846,0.005548284832,-0.7,-0.0004200376809,-0.006268077605,
2851,0.113664205,-0.3626970428,0.0002517495912,-0.0008501180457,-0.00111524091,0.001808761251,-0.2,0.0009726022273,-0.0004691030449,5.816344001
2852,0.0735595156,0.34574939,0.0001721882814,0.0008303448922,-0.0011568699,-0.0008950361679,-0.7,-0.001251211605,0.001595588168,5.857434568
2853,-0.2385812154,-0.1102054199,-0.0005689762058,-0.000277562885,0.001993745623,1.120296895e-05,-0.5,-0.003310910781,0.002172958369,
2854,-1.747590077,-1.639350193,-0.004179499627,-0.004158205654,-0.002191977036,0.005963340422,-0.2,-0.003675562451,-0.004683436802,
2855,2.223803265,1.686200862,0.005221242934,0.00409957568,-0.001865989883,-0.004035401809,-0.2,0.006069820826,0.004372665042,0.6411655938
2856,-0.9590833359,-0.8524400165,-0.002324068626,-0.002096621287,0.0002207154615,0.0008124885689,0.5,-0.003874383678,-0.0007737535739,
2857,0.7726200862,0.7995205863,0.001554241862,0.001711883467,-0.002210619431,-0.004562569069,0.8,-0.0004331367553,0.00354162048,1.522555528
2858,-1.827845869,-1.691255443,-0.004377836769,-0.004288308981,-0.003697309265,0.005265675334,-0.4,-0.00619344628,-0.002562227259,
2859,1.461792108,0.7504156464,0.003249571449,0.001699292787,0.001938282809,-0.006881692444,-0.2,0.004705680716,0.001793462183,0.4301357829
2860,-1.090620285,-0.9434079057,-0.002444520847,-0.002212206675,-0.002700183391,0.004963808705,-0.9,-0.002857439155,-0.00203160254,
2861,0.2956513627,-0.1440973848,0.0007555128411,-0.0003830786853,-0.002707129022,-0.0004000641662,0.4,0.005316557188,-0.003805531505,2.021859954
2862,1.004432185,0.6618904754,0.002398888474,0.001611385683,-0.001787201207,-0.002538302686,0.7,0.0009431643901,0.003854612558,0.4903309803
2863,0.2796468094,-0.05013240328,0.0006738609509,-0.0001285792844,-0.001188401044,0.001101341096,-0.8,-0.002056335248,0.00340405715,3.218426186
2864,-0.2433999972,-0.147686311,-0.0005847139644,-0.00037287643,-0.004056317352,0.009949737135,-0.6,0.001430781535,-0.002600209464,
2865,-1.125045642,-1.541717927,-0.00241657952,-0.003369519553,0.0003954542883,0.005817756267,-0.5,-0.005188008379,0.0003548493387,
2866,-0.959972535,-1.208671524,-0.002089085421,-0.002722292108,-0.0003632024594,-0.00194897485,0.3,-0.003973009997,-0.0002051608442,
2867,0.4378630435,0.2640581931,0.0009455376742,0.0006087734591,0.005950087319,0.002893430683,0.2,-0.001231687153,0.003122762502,1.165524377
2868,-0.7130730839,-0.7609988205,-0.001718520252,-0.001840886355,-0.001517304281,0.01529502145,-0.1,-0.003290213665,-0.0001468268391,
2869,-1.405219262,-1.356046142,-0.003519384774,-0.003559781804,-0.0005180300035,0.003341852135,-0.8,-0.003390510074,-0.003648259474,
2870,1.148879507,0.9864716331,0.00239763808,0.002196506503,0.004639741252,0.00167271105,0.2,0.002072157783,0.002723118376,0.9452493485
2871,0.4515045488,-0.07444272366,0.001075417431,-0.0001772446157,0.001123550367,0.002191583761,-0.1,0.001976321495,0.0001745133681,1.338887602
2872,-0.4561270382,-0.7264908022,-0.001106319111,-0.001799746578,-0.002089183039,-0.006476876675,0.5,-0.001293309685,-0.0009193285379,
2873,-1.617193017,-1.485490999,-0.003260110984,-0.003077187464,-0.005701486947,0.007719189544,-0.4,-0.000782003781,-0.005738218187,
2874,-0.7297417425,-0.6711668042,-0.001665061506,-0.001608422156,-0.004533713875,0.004258369859,-0.1,-0.001162096676,-0.002168026337,
2875,-0.9442725353,-1.094605063,-0.002024653573,-0.002370182359,0.0002514025661,0.008764080042,-0.5,-0.0008972711076,-0.003152036039,
2876,-0.8621150915,-1.219508908,-0.002212968999,-0.003304685201,-0.00281941194,0.002516768799,0.4,-0.005510992636,0.001085054638,
2877,1.243843056,1.096122584,0.002921102672,0.002666038323,0.001535348476,-0.008235515244,0.1,-0.0005834846024,0.006425689947,0.7028928327
2878,-0.4454674467,-0.7402451125,-0.0009054340707,-0.001558863433,-0.003434303161,-0.0014111726,-0.7,-0.005688898074,0.003878029933,
2879,0.4886700021,0.1010017787,0.001102111134,0.0002310637529,-0.0001538928217,-0.002012859034,0.5,0.007113771114,-0.004909548845,2.671831273
2880,-2.176267486,-2.236102671,-0.004935929412,-0.005364492976,-0.004872238503,0.009763391918,-0.8,-0.003794470065,-0.006077388759,
2881,-1.129252407,-1.082950902,-0.002523506568,-0.002513264799,-0.002942440951,0.003458545412,-0.6,-0.0002345101471,-0.00481250299,
2882,1.018145088,0.6179120757,0.002627862709,0.001670030457,-0.001175723278,-0.002023276656,0.2,0.00457617308,0.0006795523386,1.054530968
2883,2.713447306,2.282994287,0.006326705953,0.005532811617,0.002607702429,-0.0109986363,0.3,0.0031705626,0.009482849306,0.5538627775
2884,0.6220602426,-0.001502230051,0.001355640415,-3.383977562e-06,0.001392074948,-0.001031221516,0.6,0.005540895029,-0.002829614199,1.097202125
2885,0.0774004559,-0.1988265731,0.0001731046757,-0.0004721666145,0.0005965065248,-0.004364690522,-0.1,0.003435156018,-0.003088946667,15.23142749
2886,-0.6906369682,-0.7144922245,-0.001353245905,-0.001435728295,-0.000891417275,0.0004009058338,0.0,-0.002218670241,-0.0004878215679,
2887,2.003561318,2.216310318,0.004613054237,0.005169649752,0.004361375704,-0.008058318641,0.4,0.009244893823,-1.878534869e-05,0.5279851637
2888,1.607793698,1.534054088,0.003757090474,0.003707610496,0.006270161834,-0.006489974385,0.2,0.00901216343,-0.001497982482,0.7329405904
2889,1.1432526,0.4396372086,0.002641961172,0.001056380635,0.0007655685459,-0.001925441471,0.1,0.003396352641,0.001887569704,0.7544063693
2890,-0.6783353484,-0.9401642863,-0.001609274609,-0.002318879348,-0.005329738937,0.005721320874,-0.9,-0.005714742151,0.002496192933,
2891,0.01204978686,0.1837321242,2.952502028e-05,0.0004511624873,0.002418246384,0.0040057665,-0.1,-0.0006889342605,0.000747984301,24.03992904
2892,-0.2830689002,-0.07451312628,-0.0006647330368,-0.0001906185721,0.001790933985,0.001815524003,-0.3,0.001161805762,-0.002491271836,
2893,0.08327835119,-0.1602042747,0.0001952793624,-0.0003913689831,0.0007522924435,-0.001384544909,-0.5,-0.0001178056336,0.0005083643583,7.496865848
2894,0.1832310989,0.2730144895,0.0004255051018,0.0006431889829,-0.003815851068,0.001631278314,-0.8,0.003651292815,-0.002800282611,2.452193866
2895,-1.599431582,-2.110164889,-0.003619180786,-0.004818707778,-0.004459788485,0.002253376375,0.3,0.0006148099558,-0.007853171527,
2896,-2.376774826,-2.126840735,-0.005404129858,-0.0049375998,-0.01026438846,0.006896417042,0.0,-0.00349514574,-0.007313113975,
2897,-1.125337966,-0.9352984293,-0.002295724548,-0.002076851814,-0.00229324235,0.002246404466,-0.2,-0.003709675602,-0.0008817734935,
2898,-2.105682204,-2.384594902,-0.00471022768,-0.005562631691,-0.005234441692,0.009551172867,-0.9,-0.001948516387,-0.007471938973,
2899,-2.15105721,-2.273858447,-0.005512280841,-0.006278608327,-0.008126969359,0.007419462655,-0.8,-0.009666516182,-0.0013580455,
2900,-1.679905296,-2.194945545,-0.003887117486,-0.005198465644,-0.002053347684,0.004946089312,-0.3,-0.003286348902,-0.00448788607,
2901,0.4399975936,0.7150366874,0.001101281468,0.001816869572,0.006901300905,-0.004189745366,0.1,0.005170709836,-0.002968146901,1.512592548
2902,0.7317636236,0.7270474222,0.001603267874,0.001622081446,0.004692286466,0.002370513065,0.5,0.005664284538,-0.002457748789,1.020924668
2903,-0.8321031967,-0.8303809579,-0.001820309799,-0.001919030394,-0.003759344717,0.0004038738812,-0.9,-0.005505084775,0.001864465177,
2904,2.15836719,2.197471681,0.004503752965,0.004793702019,0.002425270898,-0.006324212328,0.8,0.002935968611,0.006071537319,0.3748041391
2905,0.3007052459,0.6320103488,0.0007858909313,0.001678434236,0.004015069807,0.0002225019387,0.5,0.002870756136,-0.001298974273,1.385861984
2906,-2.020524008,-1.860697596,-0.004991784987,-0.004836693698,-0.00313165858,0.005603882538,0.4,-0.005343435828,-0.004640134147,
2907,0.4381897199,0.5741325115,0.001023593932,0.00140341005,0.0001108755612,-0.00492030013,0.3,-0.002396464531,0.004443652394,2.066574523
2908,-1.266346851,-1.405210439,-0.003065698576,-0.003518340037,-0.001910465792,0.000633298531,0.5,-0.005187481865,-0.0009439152866,
2909,-0.9529681709,-1.076018835,-0.002337969154,-0.002744668635,-0.003060819146,0.003755760425,-0.2,-0.002807274356,-0.001868663953,
2910,0.7319350845,0.3129596888,0.001608406717,0.0007238048111,0.0004026320595,-0.005294700487,0.4,-0.0008478548645,0.004064668299,0.8843760223
2911,-0.2314287173,-0.5747125215,-0.0005479617498,-0.001390436879,0.0002922640533,0.005063996393,0.3,-0.001545993058,0.0004500695586,
2912,2.31117652,2.472513854,0.004683204606,0.005142160008,0.0001810113211,-0.003014187761,0.8,0.0007970213898,0.008569387823,0.4476923253
2913,-0.8431579415,-1.011265066,-0.001921301446,-0.002306482435,0.00151907386,0.00448025059,-0.8,-0.002158898721,-0.001683704171,
2914,-1.2602506,-1.411239251,-0.002561411412,-0.003015931434,-0.002364287229,0.003141249845,-0.9,-0.00425155284,-0.0008712699843,
2915,-0.2279838668,-0.3951074884,-0.0005506322748,-0.0009795127216,-0.005871961477,-0.004870614412,0.0,-0.00084359636,-0.0002576681896,
2916,-0.15891154,-0.2708451366,-0.000384850512,-0.0006771795967,0.0008504864249,-0.003232919044,0.3,-0.006092729343,0.005323028319,
2917,-1.31967502,-1.354476051,-0.003098377551,-0.003185558565,-0.002940520085,0.004016945175,-0.9,-0.00390043186,-0.002296323243,
2918,-0.6351780868,-0.6732097578,-0.001405049087,-0.001528372341,-0.0001583169772,0.005720738731,-0.9,-0.003630919142,0.0008208209677,
2919,-1.607670598,-1.753016852,-0.0035219813,-0.004215186424,-0.005908460014,0.00188886001,0.0,-0.009372495697,0.002328533098,
2920,0.7525974256,0.9553235084,0.001731043862,0.002353429813,-0.0002760607729,-0.003779132813,0.1,-0.00131678402,0.004778871745,0.6852298152
2921,1.418700685,1.501337391,0.0034550135,0.003721345148,0.008277122421,0.002910338342,0.0,-0.001192130321,0.008102157321,0.9607193018
2922,-0.951632788,-0.6362835878,-0.002069251536,-0.001507947322,-0.002714662665,-0.002090368526,-0.2,0.002666926329,-0.006805429401,
2923,0.9128575433,0.2776291573,0.002177166385,0.0006728254594,0.000235596863,-2.572795658e-05,-0.3,0.001843991075,0.002510341695,0.4468134613
2924,-0.5138425443,-0.6554678849,-0.001165755339,-0.001562624152,-0.0003526678262,0.002194921131,0.4,0.0002979717304,-0.002629482407,
2925,-0.104341325,-0.2825547442,-0.0002829288284,-0.0007891813774,-0.006874750524,9.112685411e-05,-0.6,-0.003114702326,0.002548844669,
2926,-0.1006283931,-0.1967246539,-0.0002400768062,-0.0004767658549,-0.0029397195,-0.000519270038,0.0,-0.004984893309,0.004504739696,
2927,-0.6751623367,-0.5880527832,-0.001605608767,-0.00146951079,-0.004129331043,0.005479161915,0.3,0.001818624449,-0.005029841983,
2928,0.6623948806,0.7180419226,0.001450348174,0.00158145241,-0.002758486037,0.003070385661,-0.8,-0.001831061248,0.004731757596,1.353540607
2929,0.8563376131,0.7249681125,0.001655726768,0.001435154137,0.002922759949,-0.005391830801,0.1,0.001803642414,0.001507811122,0.6713729099
2930,-0.004205717573,-0.02889106319,-1.02790493e-05,-7.354808023e-05,-0.0004339379387,-0.000580808804,-0.4,0.004053520446,-0.004074078545,
2931,-0.7494396705,-1.228928851,-0.00195507477,-0.003152263054,-0.002713289732,0.006272942675,0.4,-0.006710229067,0.002800079528,
2932,0.5833766415,0.1340921008,0.001645444957,0.0003829341044,-0.001813265385,-0.004360669607,0.1,-0.001552008335,0.00484289825,1.183194919
2933,0.7531056345,0.9849170028,0.001772381265,0.00238141467,0.001727519878,0.006901819762,-0.5,0.0005844444678,0.002960318063,0.5014513977
2934,0.1700945411,0.6425303726,0.0003592306575,0.001327813751,-0.001627601004,-0.00190002151,0.1,0.001591625137,-0.0008731638223,3.681598844
2935,-0.7636811178,-1.114060744,-0.001683465986,-0.002565554592,-0.003162927389,0.006955350902,-0.9,-0.004727996737,0.001361064766,
2936,-2.00844972,-1.598205405,-0.004940310228,-0.004154469574,-0.005001119568,0.009280282096,-0.7,-0.00138482037,-0.008495800085,
2937,0.6654256572,0.6539778741,0.001436876968,0.001471683542,-0.002210438299,-0.001400808292,-0.1,0.00326812974,-0.0003943758043,0.6509770037
2938,-1.297126198,-1.239504333,-0.00296967679,-0.002891679696,-0.0002435118498,0.003554523565,0.3,-0.002019935079,-0.003919418501,
2939,-1.640490332,-1.883622486,-0.003932552906,-0.004706254793,-0.004679691974,0.007857703217,-0.9,-0.009448286608,0.001583180796,
2940,-2.586665163,-2.95231257,-0.005948344462,-0.006803552858,-0.001715832255,0.01170027355,-0.5,-0.01081812379,-0.001078565131,
2941,1.648265543,1.507546383,0.003768804873,0.003574983301,0.007006468882,-0.002822095065,0.4,0.00664735221,0.0008902575357,0.5081263039
2942,-2.295853062,-2.334748406,-0.004716243998,-0.004970874333,-0.008397852451,0.009976870451,-0.9,-0.006894666603,-0.002537821392,
2943,-0.2502711117,-0.482792241,-0.0005475850089,-0.001060466889,-0.004899736519,-0.0006802992556,-0.2,-0.001220721941,0.0001255519231,
2944,-1.49537375,-1.886156709,-0.003244561668,-0.004161839135,-0.003576302761,0.0019678753,0.0,-0.004169824024,-0.002319299313,
2945,0.8096075995,0.624700385,0.001996645789,0.001584889517,0.001479547428,-0.004262706603,0.9,0.004532364939,-0.0005390733598,0.7964020597
2946,-0.3778566507,-0.1304524784,-0.0009660280323,-0.0003438897548,-0.001842280299,0.00389013724,-0.7,0.002988476684,-0.004920532749,
2947,-0.5374624692,-0.4372075256,-0.001168735432,-0.0009664208119,-0.0005304248808,0.001581944339,0.4,0.002759022638,-0.005096493503,
2948,-1.129159916,-0.8824504369,-0.002966592672,-0.002383083081,0.001322656688,0.005027270686,-0.3,-0.001907486197,-0.004025699146,
2949,0.7398445964,0.5674043313,0.001559983452,0.001266624595,0.001516698284,8.221024656e-05,0.0,0.0004923159476,0.002627650957,0.7007801521
2950,0.1522386134,-0.1519148744,0.0004050938936,-0.0004093870367,-0.002128512826,-0.0003594532853,-0.7,0.0005935600007,0.0002166277866,4.092946678
2951,1.760044099,1.846195609,0.003958342226,0.00413362024,0.0004621950736,-0.00476672279,0.1,0.005178018475,0.002738665978,0.414059501
2952,-0.1076816735,-0.0008894534226,-0.0002445278009,-2.074334315e-06,0.005664337442,-0.000566451831,-0.5,0.0008430963029,-0.001332151905,
2953,0.0465491867,0.5537927962,0.0001040263061,0.001242132865,0.007210673736,0.002944661256,0.2,0.0002370534445,-2.900083223e-05,4.061454532
2954,0.1763789001,-0.001707512852,0.0004459590368,-4.42784284e-06,-0.001977489039,0.001274376357,-0.8,0.00131554065,-0.0004236225761,1.161556513
2955,-0.2610112828,-0.4724020955,-0.0005811066385,-0.001075890771,-0.0009553880913,-0.005077269968,-0.4,0.00342897812,-0.004591191397,
2956,-1.432066457,-1.875005547,-0.003293636139,-0.004300308133,-0.006205428264,0.002687507821,-0.9,-0.003656506751,-0.002930765527,
2957,1.093433277,0.518632553,0.002690651597,0.00129319394,0.0001657301095,-0.0007119803158,0.7,0.002123379125,0.003257924069,0.3241556206
2958,-0.2976038709,-0.8019485474,-0.0006422370853,-0.001710061968,0.003521985869,-0.0006129373636,0.6,0.001497355519,-0.00278182969,
2959,1.452312898,1.581086118,0.003200930224,0.003484952181,0.004223318744,-0.009560557882,0.1,-0.0005067009131,0.006908561362,0.7018598204
2960,-2.835392313,-2.880952022,-0.005975269061,-0.006439190833,-0.0007202281149,0.009181832485,-0.7,-0.003377388797,-0.008573149326,
2961,0.7307080717,0.8352821048,0.001774627684,0.002151269188,0.002477399171,0.0005034293335,0.9,0.004638606897,-0.001089351529,2.0018448
2962,0.03234969871,0.1931429676,7.67894452e-05,0.0004833150464,0.003380099114,0.002217361901,0.0,8.204467234e-06,0.0001453744232,3.393380528
2963,0.8315986817,1.178392172,0.002067006404,0.003032567992,0.002718968897,-0.001670662206,0.3,0.005279140628,-0.00114512782,0.8485826921
2964,-0.7826121845,-1.075012235,-0.001598544085,-0.002219607592,-0.002403604109,0.005377898943,-0.4,-0.001573786425,-0.001623301745,
2965,0.9814468605,0.6438429105,0.002235649914,0.001529397328,0.0008353289917,-0.003543024748,0.1,0.005884554618,-0.00141325479,0.7352816544
2966,-0.5227134623,-0.6567550803,-0.00112486112,-0.001463751829,0.0005811310825,0.0005979828937,0.0,-0.0002755952217,-0.001974127018,
2967,-1.239915351,-1.337584557,-0.003052155076,-0.003320236227,-0.003066113527,0.004910018635,-0.6,-0.006555099579,0.0004507894259,
2968,-1.550067309,-1.576419437,-0.003239155932,-0.003391839204,-0.004076000011,0.007539971293,0.4,0.0002416458506,-0.006719957714,
2969,0.1307140651,-0.1088504983,0.0002865389203,-0.0002541994112,-0.002078151189,-0.001531882288,-0.7,0.001157095109,-0.0005840172682,2.571374073
2970,-0.9773802922,-0.9919316983,-0.002284757191,-0.00249523527,-0.0009876473998,0.00395498783,-0.6,-0.002678408217,-0.001891106164,
2971,0.3130359896,0.4082149769,0.0007433202221,0.0009773260822,-0.003516156732,-0.001331358143,-0.7,0.003033077571,-0.001546437126,2.994722391
2972,-2.576674246,-2.874232787,-0.005590043469,-0.006130799702,-0.0003165058109,0.003474739997,-0.3,-0.005467316296,-0.005712770641,
2973,-1.150062673,-1.291569156,-0.002696753237,-0.003137205724,-0.008123859232,0.007412320281,0.3,-0.004218963814,-0.00117454266,
2974,0.6077124159,0.5335297604,0.001401489804,0.001282420163,-0.0006671635573,-0.006369167341,0.7,-0.00108799379,0.003890973397,2.153327702
2975,-1.136290131,-1.397854263,-0.002655484519,-0.003377910993,-0.002816434395,-0.001495076034,0.5,-0.004603860732,-0.0007071083049,
2976,-2.037219453,-2.492728953,-0.004501675264,-0.005653686881,-0.005362006565,0.003065028015,-0.2,-0.004175372262,-0.004827978267,
2977,-1.52008651,-1.836492135,-0.003463206912,-0.004337320923,-0.0024011963,-0.0008478063861,-0.4,-0.003483162484,-0.00344325134,
2978,-0.4158997638,-0.3788742873,-0.001048175831,-0.0009781103633,-0.003090169856,0.0002229820678,-0.2,-0.001360596347,-0.0007357553143,
2979,0.3002784552,0.7299492741,0.0005907378276,0.001472664356,0.003434052732,1.275033362e-05,0.0,0.001722275472,-0.0005407998172,2.016945729
2980,0.07714358754,-0.04870246355,0.0001681513712,-0.0001114772099,-0.005070770221,-0.006112162192,-0.4,0.002410946802,-0.00207464406,5.342756021
2981,0.3171113122,-0.04000994652,0.0006737056646,-8.688161285e-05,0.0006924730066,-0.0001119014934,0.2,0.001025884975,0.0003215263544,1.821101607
2982,-1.436106865,-1.769802637,-0.003132587214,-0.004089113077,-0.006751925449,0.002178830112,-0.8,0.0007747055111,-0.007039879938,
2983,-0.2668835059,0.1149070657,-0.000601933975,0.0002627286798,-0.003500376365,0.004121681747,-0.4,0.004029592097,-0.005233460047,
2984,1.156120138,1.33162461,0.002406923064,0.002988172774,0.001641942104,-0.003212506475,0.4,0.00187687111,0.002936975017,0.6862946391
2985,-1.367455136,-1.128477879,-0.002931526404,-0.002506669187,-0.001575397103,0.005046328153,0.0,-0.001969408574,-0.003893644234,
2986,1.403386092,1.618576793,0.003365848433,0.004017186259,0.006938840139,-0.00054122716,-0.5,0.006062583759,0.0006691131071,0.4967431596
2987,-1.213556006,-1.110283206,-0.002896971652,-0.00282067691,-0.005514264198,0.005944695971,-0.8,-0.00515541032,-0.0006385329848,
2988,-0.1971579751,-0.3668281142,-0.000453947492,-0.000866266279,-0.001986489915,0.003476420716,0.3,-0.000510682855,-0.000397212129,
2989,-1.134868706,-1.190501803,-0.002949346616,-0.003007606211,-0.007239688277,0.001466853008,0.3,-0.001711066301,-0.004187626931,
2990,0.08143692573,-0.1765016188,0.0001854012057,-0.000419717505,-0.0006835575009,-0.004067275116,0.1,0.003484909758,-0.003114107347,6.853474622
2991,-0.1676488003,-0.2728820954,-0.000407081274,-0.0006822936252,-0.006702668104,0.006459164452,-0.4,0.002322693739,-0.003136856287,
2992,-0.1810128785,-0.298620734,-0.000433656372,-0.0007155964887,0.0002028894376,0.0007704555313,-0.5,0.00242117065,-0.003288483394,
2993,1.544625549,1.757354805,0.003415574808,0.004027794562,0.003205632995,-0.003386964919,0.2,0.007064076152,-0.000232926536,0.605193133
2994,-0.2270397524,-0.1742963045,-0.000578376055,-0.0004582278189,0.005706785399,0.001936497059,0.5,-0.002033021217,0.0008762691069,
2995,-0.735942075,-0.8964831361,-0.001989145845,-0.002432949747,-0.004258223381,0.00247269952,-0.7,0.005102465398,-0.009080757088,
2996,0.01456798772,-0.08142566719,3.683332839e-05,-0.0002233066398,-0.001181488792,-0.00324357225,0.6,-0.003142170501,0.003215837157,57.75698434
2997,1.180041606,1.179902325,0.002984976855,0.003190777124,-0.0005307712976,-0.004120720913,0.1,0.003829555231,0.002140398478,0.7751047266
2998,-0.5983172407,-0.5038241158,-0.001415044282,-0.001259980654,0.003128925679,-0.003008336071,0.5,-0.001394554964,-0.001435533599,
2999,-0.9740588906,-0.9925126301,-0.002277408184,-0.002382351877,-0.003461617534,0.0007886090914,-0.7,0.00174329105,-0.006298107419,
3000,-2.444190124,-2.359240101,-0.005561663626,-0.005375128296,-0.003834675126,0.004025987788,-0.6,-0.005956095481,-0.005167231771,
3001,2.282797473,2.296638912,0.005238796403,0.005338177235,0.005412899829,-0.002980153237,0.0,0.006870477395,0.003607115411,0.3860039773
3002,-1.372836521,-1.105348947,-0.003132201011,-0.002611663888,0.001521289546,0.004923001088,-0.1,-0.002563558826,-0.003700843196,
3003,-1.021785929,-1.050111424,-0.00238301471,-0.002555890123,-0.003882201389,0.006456300783,0.0,-0.003896779111,-0.00086925031,
3004,-0.6776044848,-0.3669318606,-0.001579061484,-0.000872989517,-0.004829962558,0.002549879594,-0.7,0.003098421404,-0.006256544372,
3005,1.207864387,0.8272122957,0.002856155261,0.00206794737,-0.0008642670723,-0.001585975584,0.5,0.002575773163,0.003136537358,0.9844576928
3006,0.3410796248,0.07182790955,0.0007735676222,0.0001684439422,-0.001370938345,-0.004549985867,0.1,0.0005790143337,0.0009681209108,0.9812507464
3007,0.6138628717,0.3308202588,0.00137181502,0.0007283811116,0.003361378356,-0.001603699822,0.8,-0.001021686908,0.003765316947,1.025819197
3008,-0.1686208427,-0.2631456271,-0.0004281138757,-0.0006832071168,0.0007491923494,-0.004677470733,-0.3,0.001647673905,-0.002503901657,
3009,1.123040474,1.014370948,0.002671458465,0.002433391202,-0.00211092659,-0.005930285358,0.1,0.002623262397,0.002719654534,0.7584052692
3010,-1.401470731,-1.584482319,-0.003097772549,-0.00362824972,-0.006348363105,0.004267851223,-0.9,-0.006519909491,0.0003243643941,
3011,-1.452848411,-1.460333087,-0.003324144233,-0.00348249377,-0.003606891211,0.01260486898,-0.9,-0.007435800169,0.000787511703,
3012,-0.8925411117,-0.9394820454,-0.002224468773,-0.002380828774,0.0004962705185,0.002962883456,-0.2,0.0002897266853,-0.00473866423,
3013,-1.051075813,-1.473586998,-0.002247874604,-0.00334261929,-0.002364901871,0.002542798065,-0.9,-0.007083843242,0.002588094033,
3014,-1.491219144,-1.559985104,-0.003311128438,-0.003628220695,0.0003443065666,0.008097506687,-0.6,-0.005233653433,-0.001388603443,
3015,-1.537191058,-1.35771706,-0.003552455952,-0.003310345809,-0.002845690979,0.002165771014,-0.4,-0.002682846996,-0.004422064907,
3016,-1.223679934,-1.123649967,-0.003027404069,-0.002874032928,-0.003296863358,0.0009351527872,0.5,-0.002394457774,-0.003660350364,
3017,-2.123423806,-1.987454836,-0.004991089045,-0.004823122418,-0.001451936441,0.004778414185,-0.6,-0.004601558674,-0.005380619415,
3018,-0.6150201966,-0.3266821943,-0.001274828773,-0.0006937411967,-0.001657549107,-0.003868618108,-0.4,-0.002229909108,-0.0003197484383,
3019,0.9218853826,0.9369331877,0.002259910399,0.002439342724,0.003389730902,0.001723633918,0.2,0.0006182017137,0.003901619085,0.8716123733
3020,0.6788644011,1.104183222,0.001498453143,0.0025911558,0.004256628906,-0.0003751863177,0.6,0.005497509563,-0.002500603276,1.038331657
3021,-0.2612233014,-0.2450797567,-0.0006711502326,-0.0006417000214,-0.002272720963,-0.002217481895,0.4,0.003263518574,-0.004605819039,
3022,-0.156980368,-0.6238268736,-0.0003354843862,-0.001358105282,-0.001609413092,0.001615814238,-0.2,-0.001486104597,0.0008151358242,
3023,1.778573469,1.834625482,0.003894752721,0.004144521689,0.005861408114,-0.007268250582,0.9,0.00692710402,0.0008624014227,0.6557051561
3024,1.765570616,2.103526184,0.004272445368,0.005096540256,0.004386268653,-0.008573390675,1.0,0.007073372888,0.001471517848,0.664243813
3025,-0.948389291,-0.8838654856,-0.002307854009,-0.002198259774,-0.001482601794,0.007013570123,-0.1,-0.001220515759,-0.003395192259,
3026,-0.2692646709,-0.4119958894,-0.0006317212401,-0.001007650768,-0.001474991981,-0.001116884319,-0.3,0.001490366133,-0.002753808613,
3027,-1.844937659,-1.899116093,-0.004227905803,-0.00485175417,-0.006324992986,0.005090689878,-0.9,-0.005883608685,-0.00257220292,
3028,0.08480988663,0.04774603821,0.000212029061,0.0001225128182,-0.003689285176,-0.001984960459,0.0,-0.002736472487,0.003160530609,6.907969262
3029,-0.9287707636,-0.9574062745,-0.00206962541,-0.002139911845,-0.002611567492,-0.001023936277,-0.9,-0.006584066523,0.002444815703,
3030,-1.796643434,-1.741302247,-0.004286053376,-0.004414710477,-0.005011634727,0.00445504904,-0.9,-0.01186610693,0.00329400018,
3031,-1.256679027,-1.589374745,-0.002934948365,-0.003803687792,-0.004045307537,0.006521236846,-0.3,-0.007682115521,0.001812218792,
3032,0.3504500703,-0.1608997285,0.0007818790446,-0.0003635955119,-0.003362182658,-0.0009661920715,-0.7,0.001511458418,5.229967148e-05,1.546483813
3033,-1.594884849,-1.807986645,-0.003424551317,-0.003963265668,-0.005359276241,0.002357886654,-0.7,-0.00145797282,-0.005391129813,
3034,-0.7667862146,-1.194751159,-0.001753973097,-0.002741741049,-0.005103832951,0.004311064572,0.3,-0.002230621624,-0.00127732457,
3035,-1.308604712,-1.742048802,-0.002772197381,-0.003817559849,-0.003732974349,0.004017794834,-0.1,-0.004775455286,-0.0007689394751,
3036,-1.343849438,-1.310383786,-0.003163362557,-0.003179878819,-0.004234508618,0.001858242375,-0.7,-0.005050374072,-0.001276351043,
3037,-1.331624895,-1.621349038,-0.002953324159,-0.003618744701,-0.002340155447,0.002021343879,-0.3,-0.0008753039268,-0.005031344391,
3038,-1.930815379,-1.661233819,-0.003916507892,-0.003584993551,-0.003083124652,0.003061452811,-0.9,-0.00331175667,-0.004521259113,
3039,-0.5083087121,-0.4107351405,-0.00124987558,-0.001053586337,-0.001927258193,-0.00607676023,0.4,0.0007220892214,-0.003221840381,
3040,-1.798374474,-1.770157379,-0.004321047582,-0.004463401034,-0.005511388139,0.01050092716,-1.0,-0.002248969682,-0.006393125482,
3041,-1.110333211,-1.295707508,-0.002252461243,-0.002790673557,6.486168241e-05,0.01059001247,-0.1,-0.003652759995,-0.0008521624916,
3042,1.185307479,1.572336523,0.002799807767,0.003887692045,0.006154147831,-0.0001891181049,-0.3,0.006288141133,-0.0006885255986,0.885932667
3043,-0.6946315964,-0.3392776635,-0.00168076582,-0.0008538546117,-0.002681308074,0.001606704765,-0.6,5.862697614e-07,-0.003362117911,
3044,-1.182086414,-1.088488293,-0.002716148222,-0.002629167862,-0.006397048502,0.004961985994,-0.3,-0.001370691647,-0.004061604797,
3045,0.8109803129,1.075628756,0.001824316652,0.002425101333,0.001171755523,-0.002098602826,-0.3,-0.001626750765,0.00527538407,1.523377195
3046,0.0171605769,0.03377812053,4.050658101e-05,8.119275386e-05,-0.002603080744,-0.001045789114,-0.2,0.002525714366,-0.002444701204,39.72727256
3047,-0.8851156106,-0.8412315332,-0.002041537324,-0.002016556684,0.001685981141,0.001700312382,0.2,-0.001284985811,-0.002798088838,
3048,0.1647568449,7.544558244e-05,0.0003601555413,1.665384813e-07,0.001272181072,0.00268981488,0.4,-0.003446421669,0.004166732752,8.074305723
3049,-1.357786396,-1.406328857,-0.002907717499,-0.003257131749,-0.002713724714,0.00412013154,-0.3,-0.005708385307,-0.0001070496908,
3050,-0.2961710031,-0.5921528107,-0.0006873418317,-0.001382620899,-0.002574563121,-0.0002943254957,-0.2,-0.001551842267,0.0001771586033,
3051,0.5455159077,1.120317375,0.00122923851,0.002543925118,0.001423673756,-0.004419166392,0.1,0.002110412244,0.0003480647755,1.078690312
3052,0.118149455,0.09240128112,0.0002735227265,0.0002195670931,0.00158504872,-0.002025067166,0.8,0.001054334584,-0.0005072891307,2.776799918
3053,-0.1178414172,-0.3619572503,-0.0002590578535,-0.0007962250123,-0.0002845999783,-0.003568901473,0.6,0.002493750878,-0.003011866585,
3054,1.660627351,1.506585486,0.003920324623,0.003755300515,0.004307167453,-0.002842930856,0.3,0.003984797092,0.003855852153,0.7569972718
3055,-0.01967606604,-0.02526941645,-4.448437681e-05,-5.807048785e-05,0.002351648125,0.002074931807,0.4,-0.00160081019,0.001511841436,
3056,0.7185727568,0.617616476,0.001637834776,0.001474255299,0.004535426111,0.004548304551,-0.1,0.0001791715824,0.00309649797,0.8578278467
3057,0.3671343568,0.2475259943,0.0008439267468,0.0005769080194,0.0006784283358,0.001645959505,-0.7,-0.0004120301639,0.002099883657,0.7890867904
3058,2.371330282,2.018575006,0.005497703558,0.004680757898,0.002789164472,-0.006709810746,0.9,0.00658742993,0.004407977186,0.3906942535
3059,1.487701085,1.797820927,0.003417325237,0.004239139857,0.001015358824,-0.007222764119,0.9,0.002085249888,0.004749400586,0.4529684937
3060,-1.367644609,-1.224643009,-0.00307475755,-0.002853385442,-0.0001536805431,-0.001077077041,0.1,-0.003698144341,-0.002451370759,
3061,-0.4882070609,-0.6561516011,-0.001075967183,-0.001531707955,0.0007343159157,-0.0006306320211,0.4,0.001349019763,-0.003500954129,
3062,-1.072760183,-0.9972165737,-0.002564062249,-0.00248217767,-0.0001457405941,0.002834608359,0.4,-0.001713348058,-0.003414776441,
3063,-0.01706221935,-0.3740400106,-3.988713639e-05,-0.0009028663619,0.001985689309,-0.001731385049,0.4,0.002331838212,-0.002411612485,
3064,-0.942370116,-1.084952928,-0.002112228991,-0.002474205186,-0.0005597392772,-0.00162075841,-0.2,-0.004630091813,0.000405633831,
3065,-2.079365368,-2.102422806,-0.005141967667,-0.005376893267,-0.004360542422,0.003906780696,0.1,-0.00865089509,-0.001633040243,
3066,-1.141754154,-1.4948939,-0.002683257413,-0.003628493206,-0.006166375918,0.001030855172,0.3,-0.001142193742,-0.004224321083,
3067,-0.9325441398,-1.02479729,-0.002094029507,-0.002326900578,-0.001882467309,0.005024521173,-0.3,-0.0003444367715,-0.003843622243,
3068,-1.906177804,-2.210286726,-0.00448324349,-0.005320628017,-0.005456856601,0.008929741477,-0.4,-0.001626025959,-0.00734046102,
3069,-0.09131414872,0.04350058625,-0.0002172045933,0.0001056649791,0.003572078931,-0.005438032786,0.4,0.002955830423,-0.003390239609,
3070,-0.5841284638,-0.3982002088,-0.001448740706,-0.001060850639,0.001863864639,-0.0005150699709,-0.5,-0.0002184358554,-0.002679045557,
3071,-3.766971382,-3.702008744,-0.007628134203,-0.007799764582,-0.005510931961,0.007972228156,-0.2,-0.008950036604,-0.006306231801,
3072,-0.07570923851,-0.4787534579,-0.0001717429962,-0.00113309789,-0.003870370559,-0.003916043253,0.1,0.0008234638038,-0.001166949796,
3073,-2.013231327,-1.76819513,-0.004824418283,-0.004324218054,-0.008554666626,0.008740660981,-0.7,-0.004440623976,-0.005208212591,
3074,1.887780001,1.694061625,0.004536928833,0.004054995504,0.0007448165802,-0.006677827419,0.4,0.004990575542,0.004083282125,0.5690572975
3075,0.318809859,0.2873570157,0.0007148518763,0.0006677430638,0.003934624562,-0.0005162058617,0.9,0.002255597987,-0.0008258942346,2.138808171
3076,1.800987605,1.6430423,0.004491692831,0.004283545431,0.004086026055,-0.001116294892,0.0,0.005649779765,0.003333605897,0.3616190624
3077,0.6254599182,0.3686805762,0.001511139834,0.0009136575321,0.0009547507423,-0.001897001339,-0.5,0.005144663917,-0.002122384248,1.1034512
3078,-0.01313789493,-0.3211226191,-3.067685158e-05,-0.0007688658736,-0.003064163128,0.007251589439,-0.9,0.002963773891,-0.003025127594,
3079,-0.3545929631,-0.3401890035,-0.000757711456,-0.0007634450692,-0.002085296574,0.00265237877,0.3,-0.003083388995,0.001567966083,
3080,-1.325925597,-1.477462993,-0.002990494792,-0.003538696276,-0.002245740997,0.0004325126835,0.3,-0.005535200379,-0.0004457892044,
3081,-1.307705771,-1.375854935,-0.002757901834,-0.003052560581,0.0009307165769,0.003282451098,-0.3,-0.0007509057489,-0.004764897919,
3082,-0.3806505495,-0.831196846,-0.0009903017666,-0.002144967807,-0.002253184972,0.002258024511,-0.1,0.001690689002,-0.003671292536,
3083,-0.1547596818,-0.2445844352,-0.0003828172667,-0.0006385374326,0.001979930116,0.00173150084,0.2,-0.003689465628,0.002923831095,
3084,-0.7301874083,-0.8768940136,-0.001597640739,-0.00194872928,-0.005817620354,-0.00610149095,0.1,-0.003450870732,0.0002555892544,
3085,-0.8657542327,-0.7033597994,-0.001949979094,-0.001649113665,-0.001172391627,0.006800959129,0.0,-0.002181152205,-0.001718805984,
3086,0.4251929925,-0.2751041093,0.0008575406069,-0.0005529703538,-0.002226931126,-0.004178415582,0.3,9.413126579e-05,0.001620949948,1.651324831
3087,2.212394972,2.333876049,0.005203314437,0.005597726553,0.005973813989,-0.0007642508753,-0.4,0.002289584128,0.008117044745,0.4431608659
3088,-2.107555961,-2.416049092,-0.004482731348,-0.005262953552,-0.003199673068,0.003187999709,0.0,-0.003587396761,-0.005378065935,
3089,-0.7875638575,-0.7150391162,-0.001821983702,-0.001778752133,-0.002284221139,-0.0003093250642,0.3,-0.003064097289,-0.0005798701149,
3090,-3.181552861,-3.160527155,-0.007372509835,-0.007683312298,-0.005417209839,0.009267982858,-0.2,-0.008274482441,-0.006470537228,
3091,0.8819501414,0.9145023434,0.002033008725,0.002242248964,0.002049497575,-0.003564035817,0.7,0.006021919516,-0.001955902065,0.9270012392
3092,-1.803593286,-1.992138636,-0.003824555423,-0.004207627939,-0.0003028304056,0.003672151464,-0.8,-0.008061074662,0.0004119638165,
3093,-0.1260568836,-0.4891898434,-0.0002684279004,-0.001045186028,-0.003825800199,-0.001401433426,0.5,-0.00168021855,0.001143362749,
3094,-0.0762627682,-0.2382816348,-0.0001953517865,-0.0006159810181,-0.005198096119,-0.002218932727,-0.2,-0.001760985116,0.001370281543,
3095,-2.31556651,-2.065705539,-0.004860754996,-0.00459307944,-0.0003533947124,0.005212128841,-0.5,-0.004893430253,-0.004828079739,
3096,0.3044661023,0.01249212693,0.000716297208,2.998649546e-05,-0.001348656951,-0.004805577554,-0.4,0.002145640129,-0.0007130457129,0.8942324245
3097,1.603265213,1.801881258,0.003368140436,0.004068487838,0.004575313175,-0.009120063673,0.3,0.006440125028,0.0002961558437,0.9317700313
3098,-2.240326786,-1.748174611,-0.004949198667,-0.00406730584,-0.006109250878,0.007438449797,-0.9,-0.008947866115,-0.0009505312193,
3099,-1.391605387,-0.9760103199,-0.002963900945,-0.002130079415,-0.002529138031,0.007452301305,-0.6,-0.003499653178,-0.002428148711,
3100,0.101370392,-0.06460973848,0.0002188568033,-0.0001458225891,0.0006312990093,-0.001847219373,0.2,2.695188128e-05,0.0004107617253,6.454700393
3101,0.4408973031,0.5876236729,0.0009690953514,0.001342825927,0.006074903677,-0.002902388161,0.4,-0.003571575454,0.005509766157,1.62258497
3102,-0.3554727079,-0.2996835524,-0.0007720425437,-0.0006633458902,-0.001079203001,-0.0008154968808,0.4,-2.282653625e-05,-0.001521258551,
3103,-1.72598231,-1.825847771,-0.003871979404,-0.004290392257,-0.00333757696,0.01156983491,-0.6,-0.0006618720736,-0.007082086734,
3104,0.9118674623,1.089740134,0.002187007539,0.002716835361,0.002426558137,-0.0008518010147,-0.3,0.004452455143,-7.844006431e-05,0.8503744115
3105,-0.4623861724,-0.5164599573,-0.001017801803,-0.001154104843,0.00316980057,0.00303590179,-0.5,-0.0001267636473,-0.001908839959,
3106,-0.7898887686,-1.180300734,-0.001968602971,-0.002926546307,-0.001186601166,0.003313155226,-0.2,-0.001713558872,-0.00222364707,
3107,0.3073364712,0.01292973433,0.0007258440556,2.987701774e-05,0.004056800245,0.002504398215,0.2,0.0002431499618,0.001208538149,3.426240457
3108,-1.366080272,-1.61309868,-0.003132991073,-0.003806409357,0.0002320999874,0.003396997488,0.4,-0.002293915956,-0.00397206619,
3109,-0.6113694448,-0.2210664257,-0.001322262498,-0.0005181823385,-0.001242299402,0.003672969045,-0.4,-0.004225892677,0.00158136768,
3110,0.6164724998,0.4686277581,0.001487172314,0.001185162035,-0.004900227257,-0.005302632483,0.0,-0.0008834322027,0.003857776831,2.112372382
3111,-0.9544467879,-0.6117542568,-0.002011972332,-0.001326993253,0.002274415898,0.006303016579,0.2,0.0001616126992,-0.004185557364,
3112,1.522869544,1.387743997,0.003555243152,0.003472874089,0.005098604804,0.004371885016,0.2,0.008267438614,-0.001156952311,0.6637705727
3113,-0.6376531715,-0.6381579275,-0.001534574026,-0.001551329506,-0.001744468554,0.007102006618,-0.1,-0.00339350017,0.0003243521178,
3114,0.4129180642,0.2321014011,0.0009264558082,0.0005454422127,-0.004465647126,0.002044534883,-0.2,0.0007287791981,0.001124132418,0.7209410742
3115,-1.541685472,-1.691825263,-0.003544659717,-0.003955039486,-0.002950515067,0.001533522061,-0.9,-0.002906528694,-0.00418279074,
3116,0.08508109119,-0.1734155939,0.0001733583357,-0.0003678665304,-0.0007513170485,-0.00268305425,0.9,-0.00353959789,0.003886314561,9.972265348
3117,-0.06898927849,0.1268484644,-0.0001781254624,0.000339040433,-0.003715258196,0.001104358774,0.5,0.004577341732,-0.004933592657,
3118,0.6169610168,0.5106925557,0.001455131131,0.001247599818,0.0002107116544,-0.003425534959,0.7,0.001300416546,0.001609845717,1.161627452
3119,0.4753460213,0.5727256039,0.001079209551,0.001327346296,-0.001273784202,0.002116711225,0.1,0.003751616164,-0.001593197063,2.694888711
3120,-0.6124045612,-0.4435313379,-0.001380111513,-0.00102916767,-0.0009373816183,0.00368197303,0.4,0.0004524233593,-0.003212646385,
3121,1.547107165,1.435588209,0.003528309184,0.00320677539,0.001795025366,-0.00887679754,0.4,0.006217086342,0.000839532026,0.7962620005
3122,0.6868409848,0.7412615529,0.001712013528,0.001850942691,0.001783009886,-0.003164193285,-0.1,0.006181310735,-0.00275728368,0.9458451024
3123,0.4891871486,0.2232140171,0.001059200253,0.0004996388861,-0.001686947429,-0.005295541622,0.3,0.003513808731,-0.001395408224,1.974272803
3124,-1.069442031,-0.8409697447,-0.002619588938,-0.002067705821,-0.006400069697,0.00732271872,-0.9,-0.008403906614,0.003164728738,
3125,-0.366576703,-0.5889805588,-0.0007543203074,-0.001303712416,0.0007735417876,0.002935246189,-0.3,0.004941207911,-0.006449848526,
3126,-1.2248052,-1.662128799,-0.002869094194,-0.003831276605,-0.002907512439,0.0009906463487,-0.1,-0.001325951197,-0.004412237191,
3127,-1.043062043,-1.340327929,-0.00246000574,-0.003293283566,-0.007477103667,0.0005617256872,-0.5,0.002887247066,-0.007807258546,
3128,-1.263942845,-1.613669591,-0.002812821851,-0.003654804163,-0.003312199752,0.001658900412,0.5,-0.005108447816,-0.0005171958858,
3129,1.307384732,1.417385943,0.002721519479,0.003062798396,0.004715623767,-0.006450473898,0.2,0.001183082069,0.004259956888,0.5817766325
3130,-2.10196177,-2.090157994,-0.004344813941,-0.004689302846,-0.007382026221,0.003465777593,-0.7,-0.004755694462,-0.00393393342,
3131,1.773714155,1.551580321,0.003835645165,0.003445728927,0.002814610376,-0.002686245465,-0.3,0.002885950676,0.004785339653,0.5313327108
3132,-0.210451676,-0.1597965114,-0.0004421288234,-0.000338528977,0.002289182892,0.002916844546,-0.1,0.003040578969,-0.003924836616,
3133,-0.2299075881,-0.3838789715,-0.0005406165244,-0.0009231202156,-0.002007455715,-0.002699179648,-0.5,-0.0005814407809,-0.000499792268,
3134,-0.3214340359,-0.4452744873,-0.0008547457375,-0.001232250232,-0.002285665335,0.001645106962,0.3,-0.001168933368,-0.0005405581073,
3135,-2.009450485,-1.82473434,-0.00443607139,-0.004203560756,-0.004016043568,0.008473305928,0.4,-0.00470826432,-0.00416387846,
3136,1.75469068,1.472444693,0.004081468228,0.003488517143,0.005481365711,-0.007690273145,0.4,0.004473806851,0.003689129606,0.6107573756
3137,0.05870942069,0.04862787253,0.0001381060082,0.0001159271744,-0.004835181379,0.001600362217,-0.7,0.005947472091,-0.005671260075,11.86162791
3138,-1.427002949,-1.389691992,-0.003069834585,-0.003154961078,-0.005188463899,0.003212850498,-0.6,-0.002058233072,-0.004081436098,
3139,0.33362021,0.2815660356,0.0008610313082,0.0007336743612,0.006430721105,0.0006157858822,-0.3,0.002628220278,-0.0009061576617,1.550127609
3140,-1.186390294,-0.7312821999,-0.002698497653,-0.001764225762,-0.001200226013,-0.003631798191,0.5,-0.005543329876,0.0001463345694,
3141,1.413032869,1.581633461,0.0034892571,0.004171643516,0.006531196593,0.0006554426768,0.0,0.001534692806,0.005443821395,0.5526484335
3142,0.1599372569,0.06431322579,0.0003715746134,0.0001534388463,0.002496794607,-0.0009363671972,0.7,0.004215526944,-0.003472377718,5.646483953
3143,-0.9744705404,-0.9415709167,-0.002218329382,-0.002119373604,-0.00326788052,0.003301315114,-0.9,0.001565516044,-0.006002174809,
3144,0.5678490561,0.6582254123,0.001408653141,0.001674797191,0.005190043807,-0.0008882534889,0.9,0.003212919515,-0.0003956132324,0.7453078611
3145,1.693406511,1.767722783,0.003879065494,0.004281816329,0.005529910351,-0.007560429335,0.9,0.006376797439,0.001381333549,0.7979285801
3146,-0.6560523592,-0.6768674532,-0.001418304091,-0.001575030091,0.001274345483,-0.003678273733,0.9,-0.004702621102,0.001866012919,
3147,0.7676694336,0.1116547508,0.001595953672,0.0002435181584,-0.0009600861392,-0.00329290426,0.1,-0.002293670939,0.005485578283,1.35945324
3148,-0.6571622951,-0.7657114808,-0.00152287646,-0.001866580939,-0.003699778488,-0.001694315347,0.0,-0.004768583603,0.001722830683,
3149,1.246024733,1.161824049,0.002428140461,0.002310465189,-0.001863633769,0.003388941033,-0.6,0.003668725013,0.001187555909,0.7249132446
3150,0.265522407,0.2151517657,0.0005835435386,0.0004997591965,0.006477168446,0.002577558794,0.7,0.001141761486,2.53255914e-05,0.5189215807
3151,-0.3237062317,-0.41957825,-0.0007642722683,-0.001096945091,-0.001118994775,-0.001803579733,-0.5,-0.003158102867,0.001629558331,
3152,-0.9108966452,-1.155447362,-0.002069475013,-0.002796639782,-0.001367780571,0.0008879906446,0.3,-0.004699791664,0.000560841637,
3153,-0.001792408732,-0.5621836295,-4.039166766e-06,-0.001308572601,-0.003085245202,0.007202691783,0.2,0.00115580335,-0.001163881684,
3154,-2.348827102,-2.077522101,-0.00511235928,-0.004622372367,-0.003065866688,0.00989130099,-0.8,-0.004213394074,-0.006011324485,
3155,-0.7603708748,-0.8073000053,-0.00171752751,-0.001879864564,-0.003892110207,-0.001184820814,-0.2,0.004442958272,-0.007878013292,
3156,-0.7998488731,-0.7567273581,-0.001980674524,-0.001886320899,-0.0008616266167,0.0006057541527,-0.2,0.000987661707,-0.004949010755,
3157,-0.7780664879,-0.9111150055,-0.001873289141,-0.002287714,-0.004355167033,-0.001357504779,0.0,-0.002869479764,-0.0008770985188,
3158,-0.2491073112,-0.00391732448,-0.0005897035339,-9.375996612e-06,-0.0002413114074,-0.002286711302,-0.4,0.003284683733,-0.004464090801,
3159,1.39137827,1.131723001,0.00302153673,0.002636255857,-0.001944763372,-0.00329440583,0.3,0.004748602377,0.001294471082,0.6171891222
3160,0.1216698359,0.02804005957,0.0002891637732,7.166195591e-05,0.002823910056,0.0003532447779,0.2,-0.004133211071,0.004711538618,5.277479053
3161,2.000005185,2.315843177,0.004035644433,0.004952060952,0.004663395044,-0.003801926732,1.0,0.005724945426,0.00234634344,0.7140535863
3162,1.335189718,1.241178823,0.003040679775,0.002822703529,0.002421520983,-0.0002005454281,0.0,0.003661592515,0.002419767036,0.6646709302
3163,0.2142264305,0.7155131425,0.0005214548878,0.001838393092,0.004665202976,-0.0001800914234,0.4,0.0009967817583,4.612801737e-05,3.426921892
3164,0.32626792,0.2680071704,0.0007852718012,0.0006838414595,0.002768126368,0.001933453893,0.2,0.001354415156,0.0002161284464,1.290938507
3165,0.5367300038,0.7138230132,0.001366685472,0.001877860663,0.003377047343,-0.0004076340644,-0.3,-0.0005939610023,0.003327331947,1.188748372
3166,-1.219622928,-1.227386371,-0.002605782075,-0.002593314609,-0.002390376769,0.003769944298,-0.1,-0.004809093255,-0.000402470895,
3167,0.2757934687,-0.1102732181,0.0006408908082,-0.0002629462285,0.0002853355305,0.001178619091,-0.1,-0.002872900826,0.004154682442,2.250116715
3168,0.4724650092,0.908311751,0.001104859376,0.002192576005,0.004113038626,-0.0003917718308,0.0,0.001029388511,0.00118033024,0.5372736945
3169,-0.5095690455,-0.6671420511,-0.001282814571,-0.001782937172,-0.0009353394907,0.002655792524,-0.8,0.002753707635,-0.005319336777,
3170,-3.322985249,-3.574272502,-0.007084734058,-0.007739930554,-0.004486121096,0.01150036725,-0.6,-0.01031674712,-0.003852720992,
3171,1.030335219,1.099754215,0.002478136493,0.002659890204,0.001299257291,-0.004444725081,0.9,0.003503934419,0.001452338566,0.7403909683
3172,-1.266142116,-1.63477674,-0.002829473858,-0.003728869962,-0.00584616012,0.006705247622,-0.6,-0.004644429058,-0.001014518659,
3173,-1.179817615,-1.135429774,-0.002643589687,-0.002618966054,-0.001757915473,0.005258442456,0.3,-0.004358303444,-0.0009288759302,
3174,-1.160883801,-0.5207666025,-0.002430997558,-0.001151641452,-0.003147866868,0.005162004608,-0.2,-0.001168735355,-0.003693259762,
3175,-1.581187896,-1.393151065,-0.003589750745,-0.003250816685,-8.105815982e-05,0.005597750778,-0.3,-0.005399492904,-0.001780008587,
3176,-1.235012165,-0.9883870023,-0.003162690904,-0.00261267294,-0.005103526501,-0.0005463765942,-0.7,-0.001059371881,-0.005266009927,
3177,-0.4977373905,-0.7943144032,-0.00121263418,-0.001921351776,-0.002698265559,-0.006819959812,0.3,-0.0005258271825,-0.001899441178,
3178,-0.475491148,-0.5548522459,-0.001075652056,-0.001259645482,-0.004675184605,-0.003929910286,0.5,0.003312567326,-0.005463871439,
3179,1.480860148,1.755510699,0.002587136933,0.003209434368,0.0005482058317,-0.004267835581,-0.4,0.001588404974,0.003585868892,0.6383454137
3180,1.412034839,1.333734051,0.00272911244,0.002677980402,0.003045100414,-0.007709932378,0.1,0.003147038817,0.002311186062,0.7250572268
3181,-0.7194152081,-0.75423826,-0.001790282411,-0.001907873539,-0.0005859396177,0.002563526296,0.2,-0.0009383141892,-0.002642250632,
3182,-1.426409855,-1.437009772,-0.003590843064,-0.003659822639,-0.003520352635,0.00482156756,-0.8,-0.003379996876,-0.003801689252,
3183,-0.2980723485,-0.5535338612,-0.0006612770715,-0.001250824894,0.0001399968414,-0.005540872756,-0.4,0.002869830062,-0.004192384205,
3184,-0.6687482512,-0.5962920987,-0.001453003877,-0.00135694564,0.001536903593,0.008843310621,0.1,0.002234900499,-0.005140908252,
3185,-0.7664861071,-0.9899765447,-0.001812383762,-0.002376234762,-0.00583474298,-0.003977837034,-0.5,0.0009203851263,-0.004545152651,
3186,0.740779708,0.4996042147,0.001878757756,0.001321391324,-0.005492538561,0.001991559734,-0.6,-0.001914822085,0.005672337597,1.051810747
3187,0.1464354256,-0.2089963244,0.0003219618408,-0.0004612527517,-0.003988832341,-0.002659643776,-0.7,-0.0004143453539,0.001058269035,6.072163773
3188,0.5629040883,0.4151107362,0.001110944055,0.0008723940423,0.0002634974824,-0.002384582177,-0.3,0.001088655745,0.001133232365,1.414830522
3189,1.271282491,1.103556095,0.002937042144,0.002696501164,-0.00072252058,-0.004175790497,0.9,0.005129515878,0.0007445684113,0.6140692124
3190,-0.3778150326,-0.535003942,-0.0008412529455,-0.001210221697,-0.002983773376,0.001582099404,-0.2,0.001103979006,-0.002786484897,
3191,-1.103170232,-1.23567463,-0.002634578543,-0.003016223303,-0.006392884845,0.009457094102,0.3,-0.009471342408,0.004202185321,
3192,1.359710635,1.267449243,0.002802913707,0.002691766532,0.002995006421,-0.003102113226,-0.3,0.003962844953,0.001642982461,0.7143659998
3193,-2.666019488,-2.53314075,-0.006354235391,-0.006169911465,-0.007498339217,0.01366245284,-0.6,-0.002562369961,-0.01014610082,
3194,-0.6380569255,-0.8242561499,-0.001469696112,-0.001978658812,-0.001107067306,0.0034656212,-0.2,-0.001315701881,-0.001623690343,
3195,-0.7703990023,-0.9690993191,-0.00179610011,-0.002317686243,-0.003673508754,0.001389776633,-0.6,-0.003914161554,0.0003219613338,
3196,-0.1403774414,-0.1793089212,-0.000311719288,-0.0004120837761,0.0009325957065,-0.002502459912,0.9,0.002627919051,-0.003251357627,
3197,-1.420676949,-1.300105489,-0.003646960005,-0.003336049985,-0.008841822149,0.003263629096,-0.2,-0.006857387578,-0.0004365324324,
3198,1.679806305,1.550138099,0.003277778012,0.003236841469,0.0001759761888,-0.007011208937,0.1,0.006287896792,0.0002676592326,0.8434767458
3199,0.920651805,1.161612839,0.002098517865,0.002612268362,-0.0009757380866,-0.004701066688,-0.4,0.006630940714,-0.002433904984,0.9159017305
3200,-1.03202138,-1.553733311,-0.002537858479,-0.003991852352,-0.003371717387,0.004569887405,0.3,-0.004272431996,-0.0008032849631,
3201,1.312673631,1.158728033,0.002944698523,0.002738120573,-0.0008266585383,-0.006673061454,0.5,0.002921112216,0.00296828483,0.6192331602
3202,0.1302972761,0.3485140293,0.000288382545,0.0007928086052,-0.001866863685,0.001243840683,-0.2,-0.001735343121,0.002312108211,5.820264793
3203,0.3830875844,0.2123180336,0.000941879524,0.0005377790516,-0.002941460181,-0.001244123572,0.0,-0.0006927955756,0.002576554624,1.752753057
3204,0.9789162776,1.033181576,0.002162209734,0.002312067328,0.0006702554598,-0.001070772791,0.0,0.0009046539221,0.003419765546,0.5966841562
3205,-0.8992957033,-0.990123896,-0.002265447631,-0.002620165651,-0.003517401044,0.005471039956,-0.3,3.435403552e-05,-0.004565249297,
3206,-1.452387496,-1.815728586,-0.003395214992,-0.004686799322,-0.002946172148,0.004646933375,0.4,-0.004454945592,-0.002335484392,
3207,-3.269177439,-3.322583356,-0.007594505529,-0.008042039983,-0.01017306633,0.01563941019,-1.0,-0.01233430985,-0.002854701207,
3208,0.4597376879,0.1562084969,0.001159156118,0.0004127525301,-5.782550393e-05,-0.008519565008,0.9,0.00486750923,-0.002549196994,2.713571715
3209,-1.701821433,-1.936302565,-0.003917970291,-0.004479893045,-0.003687034177,0.003562764096,-0.3,-0.003171645498,-0.004664295084,
3210,-0.08359375894,0.1592819783,-0.0001899387825,0.0003938681317,0.002554874385,-0.003801510519,-0.3,-0.005313885413,0.004934007848,
3211,0.7388174527,0.8650618473,0.001541789778,0.001899579818,0.003217475199,-0.003450905439,0.9,0.003548880579,-0.0004653010228,1.004308407
3212,1.024168461,0.6682607216,0.002025726783,0.001395580597,0.004039954296,-0.005326733764,1.0,1.902912986e-05,0.004032424436,0.8389826706
3213,-0.04706322248,-0.02681761797,-0.0001071976265,-6.392516748e-05,-0.002992967618,-0.008373889152,-0.3,0.004444638182,-0.004659033435,
3214,-1.327536374,-1.305688689,-0.003117702898,-0.003251643423,-0.003972891159,0.007017991593,-0.4,-0.0004721857413,-0.005763220054,
3215,2.227539059,2.267505317,0.004435287426,0.004665755617,0.001912049183,-0.006560089805,0.0,0.005564686603,0.00330588825,0.4423595041
3216,0.5949017011,0.9590122673,0.001391510617,0.002290569092,0.002145207124,-0.003563196173,0.2,0.006004563882,-0.003221542648,1.60136974
3217,-0.4565190645,-0.5446502914,-0.001049596127,-0.001268029667,-0.004350152241,0.002603934709,-0.8,-0.001290726635,-0.0008084656188,
3218,-0.2686094951,-0.3604700997,-0.0006022250187,-0.0008346634991,0.0004135733311,-0.00570921206,0.2,-0.000586681681,-0.0006177683564,
3219,-2.765398142,-3.01449919,-0.006121177672,-0.006528549107,-0.00429527241,0.00590170392,-0.9,-0.003408489053,-0.00883386629,
3220,-1.001160434,-1.227569817,-0.002478342719,-0.003168899153,-0.005250517879,0.002416923284,-0.4,-0.002629876378,-0.002326809059,
3221,1.966327306,1.950596329,0.004541467739,0.004510391712,-0.0007454856013,-0.004577193024,-0.4,0.003254568068,0.00582836741,0.3688217064
3222,0.137998847,0.1547096069,0.0003567929624,0.0004116145687,0.004845826717,-0.003863332528,0.7,-0.003729235436,0.004442821361,7.117930386
3223,0.9329787154,0.9426791343,0.002090697054,0.002148914335,0.002789879532,-0.002114134786,0.7,0.003663727906,0.0005176662026,0.883825475
3224,-2.095468412,-2.328577017,-0.004561531147,-0.00544567558,-0.005422063542,0.007634497385,-0.8,-0.01083096981,0.001707907515,
3225,-1.211907635,-1.211776635,-0.002584403679,-0.002661389033,-0.002884152392,0.002978353335,0.3,-0.002389846672,-0.002778960687,
3226,-0.4688776154,-0.5381357076,-0.00120258562,-0.001456947245,-0.001822559681,0.0009339022124,0.4,0.001135748042,-0.003540919281,
3227,-4.504515596,-4.610728026,-0.009388783686,-0.009831970243,-0.007655847856,0.007879390414,-0.4,-0.007526858859,-0.01125070851,
3228,1.855047271,1.850052323,0.00394908056,0.004051000431,0.002740774773,-0.005627853674,0.9,-0.0006253569437,0.008523518064,0.5394264398
3229,-0.5036019438,-0.4928767272,-0.001173344363,-0.001213154665,-0.005080168302,0.005627020618,-0.9,-0.000716279977,-0.001630408749,
3230,-0.4516205227,-0.2066822635,-0.001141097703,-0.000514410763,-0.0008432430571,-0.001568222101,-0.5,-0.0006014130673,-0.00168078234,
3231,-0.6842874207,-1.145395309,-0.00158278083,-0.002735826177,-0.002940187405,0.00627001677,0.3,-0.00396782029,0.0008022586305,
3232,0.2258684323,0.006085357156,0.0005334403332,1.516469858e-05,0.002751619883,-0.0002583093185,0.7,0.003041864507,-0.001974983841,2.009005573
3233,-1.871962634,-2.050327027,-0.004371348171,-0.005011785841,-0.006220193778,0.006609892645,0.0,-0.003006001312,-0.00573669503,
3234,-2.046312232,-1.921071065,-0.004653119284,-0.004391855348,-0.002579168819,0.00743497439,-0.8,-4.342214495e-05,-0.009262816423,
3235,0.1794204511,-0.3348711452,0.0003655696107,-0.0007209360228,-0.001411954265,-0.001754415426,-0.5,-0.001521526853,0.002252666074,3.025998737
3236,-1.062863071,-1.450969337,-0.002515873204,-0.003494503804,-0.00455727179,-0.001337777176,-0.7,-0.004806485578,-0.0002252608311,
3237,-1.697378974,-1.922496249,-0.003862546025,-0.004420732667,-0.003876291522,0.005630601157,0.0,-0.003743081517,-0.003982010534,
3238,-1.403019464,-1.428910046,-0.00292794227,-0.002971063032,0.003169963984,-0.0004754608131,0.2,-0.00320449956,-0.002651384979,
3239,-1.952233739,-2.066381293,-0.004201873236,-0.004452442443,-0.004067825535,-0.0008407563632,-0.6,-0.0001716039168,-0.008232142556,
3240,-1.962496694,-1.902686221,-0.004813041441,-0.004699042978,-0.001208774862,0.0009809105361,-0.7,-0.009801613754,0.0001755308718,
3241,2.351053435,2.314082969,0.005918466335,0.005940949231,0.007285389858,-0.00981292127,0.4,0.004112969286,0.007723963383,0.564671973
3242,1.031056422,0.402651618,0.002182014307,0.0008644930179,0.001710562323,-0.0008701192691,0.2,0.001103939665,0.003260088948,0.6428476669
3243,1.142218747,0.9906899577,0.002718413864,0.00237046564,0.001101414548,0.001060575756,-0.4,0.003277597646,0.002159230081,0.5629375113
3244,0.09258709969,0.3156439109,0.0002067152243,0.0007062686342,-0.0008964317146,0.005478738162,-0.1,-0.005970099965,0.006383530413,10.82680274
3245,0.1455343649,-0.291386595,0.0003381241908,-0.0006911571788,0.0004287409141,0.00041587857,0.5,0.001882510817,-0.001206262436,3.084245435
3246,-1.558064078,-1.720361915,-0.003973047618,-0.004665670659,-0.002553242106,0.009818730623,-0.1,-0.002342417988,-0.005603677248,
3247,-0.4020558769,-1.088380595,-0.0009122999027,-0.002473692586,-0.007194794271,0.001751166254,-0.2,0.002147312198,-0.003971912003,
3248,0.2829794744,0.07443573911,0.0006519383579,0.0001830687436,-0.001377071929,0.002516108302,0.0,0.003832548467,-0.002528671751,2.628908275
3249,-1.941344922,-1.525591147,-0.004542709705,-0.003669458721,-0.003832440257,0.005205862902,-0.3,-0.001543508645,-0.007541910765,
3250,-0.4397553146,-0.4133278521,-0.001070833378,-0.001018647522,-0.003728236412,0.001276547589,-0.9,-0.001467540439,-0.0006741263171,
3251,0.6109435641,0.6689078494,0.001452771502,0.001655685463,0.004214558201,-0.001339740698,0.9,0.000882891115,0.002022651889,0.784821289
3252,-1.594435906,-1.642088611,-0.003475106971,-0.003696808111,-0.007040831916,0.004723813465,-0.4,-0.005323008187,-0.001627205755,
3253,0.4289548574,0.1847034924,0.001064479495,0.0004573649639,0.0005288309405,8.963933639e-05,0.1,-0.002303576482,0.004432535471,1.660075656
3254,1.898212046,1.515388768,0.003918911415,0.003473920511,0.003709976939,-0.001547193267,0.9,0.006504217315,0.001333605515,0.5467466336
3255,-0.1396612529,0.256441643,-0.0002901367237,0.0005517588126,0.003745688693,-0.001903931889,0.2,-0.003540939309,0.002960665861,
3256,-1.804884545,-1.839408551,-0.003995546905,-0.004295888384,-0.001102025442,0.002931807607,0.4,-0.006330682991,-0.00166041082,
3257,-0.6193984453,-0.6547224724,-0.001648212698,-0.001871049129,-0.0008338023714,-0.0008124014744,-0.5,-0.0008274526078,-0.002468972788,
3258,0.2050347145,0.2766023659,0.0004851399899,0.0006711366748,0.002530927178,0.0002512697406,0.0,0.002822939702,-0.001852659722,2.967766738
3259,-1.138229785,-1.935684881,-0.002646575798,-0.004551822249,-0.006985461987,-0.002204998738,0.5,-0.003109603255,-0.002183548341,
3260,-1.502985664,-2.000919646,-0.003296078319,-0.00469355545,-0.003639102199,0.002584331997,0.4,-0.005062284195,-0.001529872443,
3261,-2.062504952,-2.053648936,-0.004707679006,-0.004745565351,-0.005430165529,0.005888280572,-0.9,-0.007434935048,-0.001980422964,
3262,-1.687543712,-1.581626286,-0.004272352804,-0.004130163493,-0.002482473534,0.0009680379717,0.0,-0.007308010337,-0.001236695272,
3263,-1.868087542,-1.885420825,-0.004023583748,-0.004082928749,0.002072635353,0.0004246752858,0.6,-0.00262023664,-0.005426930856,
3264,-0.6825761405,-0.7106794471,-0.001557591974,-0.00165312154,-0.00334414333,0.003331527969,-0.7,0.001447216464,-0.004562400411,
3265,0.4556766663,0.3513503039,0.001090932665,0.0008756587394,-0.005552312125,-0.002818103653,0.0,0.0001154388612,0.002066426468,0.6187767524
3266,-0.6762270296,-0.7817491604,-0.00156686956,-0.001871036939,-0.001297105083,0.001135697553,-0.3,-0.002232477443,-0.0009012616762,
3267,-1.493341141,-1.376124778,-0.00304077774,-0.002876621228,-0.003994045068,0.004653080016,0.1,-0.0002193681692,-0.005862187311,
3268,-0.9319904139,-0.7766478308,-0.002042658757,-0.001759367995,-0.002076355281,0.003573704004,-0.1,-0.0003658098908,-0.003719507624,
3269,-2.417059426,-2.681593201,-0.005172447372,-0.006007795403,-0.005954125482,0.006008483371,0.0,-0.003189752246,-0.007155142498,
3270,-0.7189496976,-0.7096933896,-0.001624453196,-0.001677766099,-0.003285342377,0.004043892621,-1.0,-0.003547033858,0.0002981274662,
3271,1.986142445,1.833248561,0.004307080409,0.004142984707,0.003635255461,-0.005132860812,0.8,0.003756403895,0.004857756922,0.480461931
3272,-2.183386669,-2.027868117,-0.005221740404,-0.005253237628,-0.005564579429,0.003775029329,-0.2,-0.000857943206,-0.009585537601,
3273,-0.3862059116,-0.6238540535,-0.000859842641,-0.001371795197,-0.0005992873422,0.00402578435,-0.4,-0.005050953656,0.003331268374,
3274,-2.622196976,-1.949301785,-0.005948678229,-0.005020015196,-0.002594358744,0.0003326331532,-0.5,-0.008460027959,-0.003437328498,
3275,1.802854234,2.223995452,0.003701994099,0.004841077028,0.00814539866,-0.0005106424362,0.6,0.000151232071,0.007252756127,0.5948838335
3276,0.1238935255,-0.0551423271,0.0002610958072,-0.0001223908783,-0.001496768661,-0.003722220602,0.8,0.002993825149,-0.002471633535,4.27789707
3277,-0.8874484858,-0.9196228304,-0.002005028479,-0.002138768953,-0.003256784491,0.003470652668,-0.2,-0.002340435965,-0.001669620992,
3278,0.1840998646,0.002690189322,0.000389869114,6.027007956e-06,-0.004424965442,0.00277097271,0.0,0.001148963733,-0.0003692255048,2.794549082
3279,-2.73717452,-2.634941659,-0.0059055412,-0.005818792353,-0.009039327188,0.003488764082,-0.9,-0.0006923861342,-0.01111869627,
3280,-1.715795373,-1.320615204,-0.003687183481,-0.002896607237,-0.001906617723,0.002721514019,0.0,0.0007967222781,-0.008171089241,
3281,-0.09656583829,-0.1763335375,-0.0002348989392,-0.0004429063951,-0.003902677933,0.00792781633,-0.2,0.002123717471,-0.00259351535,
3282,-1.165637897,-1.282065335,-0.002671098883,-0.003124103931,-0.004641297286,0.006344309607,-0.1,-0.004423160956,-0.0009190368103,
3283,-0.704807406,-0.856990102,-0.001485436746,-0.001828757629,-0.0007726969292,0.002722975632,0.1,-0.001046636947,-0.001924236545,
3284,-2.138162923,-2.365312681,-0.00454856507,-0.005350537026,-0.003222900919,0.005986113226,0.3,-0.004758496903,-0.004338633236,
3285,-0.4073557071,-0.6498033513,-0.0008690708132,-0.001406311399,0.001360670987,0.001374909685,-0.1,-0.0009505514966,-0.0007875901299,
3286,1.889956091,1.375364423,0.003768477499,0.002850738558,0.001269586129,-0.004562684947,0.3,0.004043722253,0.003493232746,0.7894127431
3287,0.8367844421,0.5925726195,0.001869291392,0.001318514607,-0.002035596014,-0.007183415033,0.5,0.002162303943,0.001576278842,0.5972272956
3288,-2.065516802,-2.00827358,-0.004601656815,-0.004461748404,-0.004727945935,0.002400635403,-0.8,-0.00612388369,-0.00307942994,
3289,0.2813511466,0.541032959,0.0006983798684,0.00134680531,-0.001114399709,-0.003102431779,0.2,0.002205270551,-0.0008085108143,1.611760394
3290,0.1321238118,-0.02272912355,0.0003090853597,-5.575263642e-05,-0.004322659948,0.0003363003533,0.3,-0.0001637776347,0.0007819483541,6.405765333
3291,0.4450900143,0.08822018944,0.0009924991565,0.0002099344102,-0.002406266877,-0.0008614405095,0.5,0.0008643437972,0.001120654516,2.280064729
3292,0.5771108054,0.4243578975,0.001435945415,0.00109180849,-0.001136262973,-0.001945112937,-0.5,0.006567793397,-0.003695902567,1.392646769
3293,-0.6858395554,-0.6730196259,-0.00173107501,-0.00176256804,-0.002187879956,0.002070061301,-0.7,0.005512586921,-0.008974736941,
3294,-2.113018225,-2.349087818,-0.005668060827,-0.00673279307,-0.004514984161,0.004405709456,-0.5,-0.004652432127,-0.006683689527,
3295,-1.568722801,-1.434436215,-0.003646760547,-0.003554528509,-0.002006153892,0.006127369336,-0.6,-0.001916124427,-0.005377396668,
3296,0.446035511,-0.1530318345,0.0009421090128,-0.0003365016554,-0.001805618523,0.003893870949,-0.3,-0.0003821992819,0.002266417308,0.8702571462
3297,-0.6338356022,-0.7835732534,-0.001436166418,-0.001843528258,-0.001314539649,-0.0006541530582,0.5,-0.006166547509,0.003294214672,
3298,-1.41799532,-1.256733211,-0.003708029229,-0.00337668752,-0.005047065027,0.0009677867646,-0.2,-0.003365510928,-0.004050547529,
3299,-1.473425626,-1.405720847,-0.003357080442,-0.003329443893,-0.0003910519673,0.002928395459,-0.3,-0.004145841288,-0.002568319596,
3300,0.5933065878,0.4069373698,0.001474830921,0.001051983009,-0.001291763901,0.002520307157,-0.3,0.009714832374,-0.006765170531,2.376085513
3301,-1.769123486,-2.191283611,-0.003724852115,-0.004648023934,-0.001067573206,-0.0005051257501,0.0,-0.003700743182,-0.003748961047,
3302,-0.7424536614,-0.7534120055,-0.001688783801,-0.001758732917,-0.002643108881,-0.001656348386,0.5,0.002831069218,-0.006208636821,
3303,0.5734396169,0.5119649438,0.001399852091,0.001282371546,-0.004372249393,-0.003568362021,-0.7,0.005583696855,-0.002783992673,2.149040703
3304,0.4437113823,0.4069524212,0.001121756112,0.001021250041,0.00439908433,-0.002595634435,0.6,0.0007053486466,0.001538163577,0.8573595459
3305,-0.9218511874,-1.128609038,-0.002329340233,-0.002942050995,-0.002005913031,0.001915266872,-0.4,-0.0004496615386,-0.004209018928,
3306,-1.7973874,-2.069808448,-0.003671736975,-0.004450920406,-0.0006111774903,0.001484261035,0.2,-0.007012654588,-0.0003308193624,
3307,-1.691182701,-1.785792986,-0.004280611376,-0.004626708281,-0.003424545236,0.002768545346,-0.2,-0.008007412305,-0.0005538104468,
3308,0.187969441,-0.1697743638,0.0004371730398,-0.000408037499,-0.001330439639,-0.006401964584,0.5,0.002835086328,-0.001960740249,3.397830783
3309,0.7620199025,0.3476831392,0.001657255719,0.0007837935355,0.001669195582,-0.004482519974,0.3,0.004085804783,-0.0007712933458,1.934342112
3310,-1.736484279,-1.671249154,-0.004053061284,-0.004084610636,-0.005100503537,0.00201241638,-0.7,-0.002535267775,-0.005570854793,
3311,-1.213988324,-1.455221821,-0.002347178892,-0.002934071697,-0.003868359295,0.004958404442,0.1,-0.002088180288,-0.002606177495,
3312,-0.1152282696,-0.2347725973,-0.0002456444875,-0.0005240620096,-0.004977529688,0.003899568677,-0.5,0.001810454438,-0.002301743413,
3313,-0.1596743208,-0.3405653277,-0.000440612335,-0.0009307763433,-0.004162709649,0.001414989296,-0.3,-0.002891143583,0.002009918913,
3314,-0.72481305,-0.9586014508,-0.001647673534,-0.002140177844,-0.001528817187,0.001611562429,-0.2,0.001032584411,-0.004327931479,
3315,0.6375381019,0.4186240979,0.001590890899,0.001098897827,0.001107549143,0.002479855222,0.4,0.00247379804,0.0007079837586,2.24187777
3316,-1.73084716,-1.985962942,-0.003839821643,-0.004408484162,-0.001698640992,0.007485451482,-0.6,-0.006442924706,-0.00123671858,
3317,0.008073547253,0.129986281,1.975876145e-05,0.0003253685182,-0.001798162762,0.00165216301,0.3,0.0006326841584,-0.0005931666355,72.68152766
3318,-2.096093499,-2.503550385,-0.00473793035,-0.005921339803,-0.005661188158,0.008864541663,-0.1,-0.004139327236,-0.005336533465,
3319,-0.3104599492,-0.2934019197,-0.0007994602651,-0.0007680598398,-0.0006794649875,0.004078830252,-0.4,-0.004691858991,0.003092938461,
3320,1.303334674,1.436578428,0.002867676328,0.003292760428,0.0008591653169,0.001193399033,0.4,0.001533949746,0.00420140291,0.492855283
3321,-0.1501853626,-0.364848491,-0.0003502997339,-0.0008710449808,-0.0003691410407,0.0006769311093,-0.2,-0.001884716718,0.001184117251,
3322,1.157341147,1.199839483,0.002700411773,0.002802491011,-0.00393884044,-0.0040361035,0.2,0.01210458183,-0.006703758283,1.128494943
3323,-0.4149062163,-0.5990832047,-0.000973865573,-0.001435441679,0.0003710787316,-0.002828943653,0.2,0.004105555992,-0.006053287138,
3324,0.3264812317,0.4144586264,0.0007913837399,0.001046128338,-0.005020207881,0.0007931324058,-0.7,0.004335233931,-0.002752466451,4.761128658
3325,0.6309565667,0.4129689157,0.001425708216,0.001020762693,0.0007451022494,-0.003006180542,0.9,0.003008754505,-0.0001573380722,1.72163838
3326,0.1565127901,-0.4269538356,0.0003662275821,-0.00102670705,-0.002937683816,0.001055345577,-0.2,0.006391855714,-0.00565940055,4.474423164
3327,0.7367116686,0.5375852234,0.00175471976,0.001294296081,0.006845548175,0.0002155473334,0.2,0.006879055025,-0.003369615504,1.255964967
3328,0.5746451497,0.2967113815,0.001259195763,0.0006718487614,0.002121625693,-0.005742590962,0.1,0.004596272469,-0.002077880943,1.848003341
3329,0.1347235476,0.3940265413,0.0002906692425,0.0008542693605,0.002692285148,-0.003263541112,0.0,-0.001996772909,0.002578111394,3.465849578
3330,-1.120735429,-1.02224654,-0.002815235086,-0.002620656665,-0.003087586116,0.002752706636,-0.1,-0.00268189741,-0.002948572761,
3331,0.4709145943,0.2443146505,0.001052606228,0.0005751262435,0.004191073205,-0.007003933095,0.8,-0.002682279584,0.004787492041,1.637718814
3332,1.099006813,0.8964837111,0.002334538814,0.001995957435,5.303983666e-05,-0.004597744063,-0.3,0.004468063742,0.0002010138857,1.234352486
3333,-0.002185868413,-0.06152321094,-4.636688173e-06,-0.0001342722767,-0.00299540576,0.001814070228,0.3,0.001176989548,-0.001186262925,
3334,-2.154358174,-2.475688385,-0.004914172881,-0.005884635707,-0.00163409982,0.003609249324,-0.1,0.001256240373,-0.01108458613,
3335,0.3646336352,0.386444424,0.0009901081316,0.001079412041,0.001984043909,-0.003915135768,0.4,-0.0005339989345,0.002514215198,2.724108203
3336,0.8903990373,0.774765719,0.001871295069,0.001725158028,0.001971590316,-0.001031395378,0.0,0.003416653126,0.0003259370109,0.6102022136
3337,1.511291287,1.313295073,0.003270485528,0.002936228074,-0.002470494518,0.001114597429,0.3,0.003926156767,0.002614814289,0.5019948147
3338,1.613379355,1.238246057,0.003770499814,0.003090540078,0.004163380704,-0.002468341943,0.5,0.004626356501,0.002914643126,0.4258546048
3339,-1.520049901,-1.540538461,-0.003485797419,-0.003783996037,-0.003685394407,-0.002729805963,-0.7,-0.00268360579,-0.004287989049,
3340,-0.3512155719,-0.4710687564,-0.0007905249136,-0.001070439092,-0.0006240623799,-0.0004822848036,0.4,-0.003610013837,0.00202896401,
3341,-1.355064041,-1.584979829,-0.003222554413,-0.003953254549,-0.004676435011,0.001557718163,0.3,-0.003616576564,-0.002828532261,
3342,0.1080434437,0.1562039964,0.0002752573443,0.0004110695497,-0.0005175241346,0.001419827487,-0.7,0.000202365389,0.0003481492995,3.416931771
3343,-0.2191939278,-0.3219149229,-0.0005344721148,-0.0008106569531,-0.001946693869,-0.000688665201,-0.7,0.0006975315937,-0.001766475823,
3344,0.6554434182,0.290374673,0.001511996703,0.0006822992908,0.004675243322,0.003299867618,0.6,-0.002868867101,0.005892860507,1.036331524
3345,-1.353590609,-1.078042387,-0.002932471249,-0.002505261232,-0.002695461415,0.003163276708,-0.4,-0.0009126586668,-0.004952283831,
3346,-1.02501786,-1.182675434,-0.002193954344,-0.002592407965,-0.003782225954,-0.0004370266989,0.0,-0.003417015685,-0.0009708930043,
3347,-1.260171938,-1.766072471,-0.002893309644,-0.004193620789,-0.002736812146,0.0008846544566,0.4,-0.002964039214,-0.002822580075,
3348,-1.18071607,-1.304967435,-0.002686769549,-0.003052364755,0.0001341141384,-0.0004567783637,-0.4,-0.005259610885,-0.0001139282117,
3349,-1.039206691,-1.431386258,-0.002195550432,-0.002982738717,-0.001132105774,0.001642859122,-0.6,-0.003538562644,-0.0008525382209,
3350,-0.5497005089,-0.5172467339,-0.001214986534,-0.001233997864,0.0004754780763,0.004203316608,-0.3,-0.006888578036,0.004458604967,
3351,-0.142252717,-0.4278441929,-0.0003264633502,-0.001019785812,-0.0007489364926,0.004645151066,-0.3,-0.001300666238,0.0006477395377,
3352,0.2219141893,0.5307410804,0.0005739558029,0.001415899654,0.004394355098,-0.0002889123378,0.7,0.005805131326,-0.00465721972,2.57735155
3353,0.2619840743,0.0624283629,0.0006279710572,0.0001562744844,0.000591890803,0.000810241774,0.4,0.001111518245,0.0001444238699,1.878095002
3354,-0.9634939419,-1.130630781,-0.002184309999,-0.002614380664,-0.006115769914,0.002259467273,-0.1,-0.005554102919,0.00118548292,
3355,-0.148058079,-0.1711037989,-0.0003272212254,-0.0004062929189,-0.0006795629717,0.004534968472,0.3,0.0006712179258,-0.001325660377,
3356,0.7640932444,1.017294759,0.001883876082,0.002508505903,0.001978964823,-0.001797210106,0.0,0.007780175436,-0.004012423273,1.171455805
3357,-0.1076002228,-0.5319036273,-0.0002196860792,-0.001108711451,0.001221661691,0.001904094782,0.3,0.000220230749,-0.0006596029073,
3358,-0.1344958669,-0.07577554553,-0.0003056116952,-0.0001820765948,0.001526590403,0.0024243284,0.4,-0.001181986741,0.0005707633505,
3359,-1.623438013,-1.742410767,-0.003743973653,-0.004213945485,-0.006872881549,0.004479590694,-0.9,-0.002356406922,-0.005131540385,
3360,0.4691583235,0.4844270516,0.001004714881,0.001031342788,0.002931506917,0.0002321033777,-0.4,-0.0009321119632,0.002941541726,2.649313576
3361,-0.2829434342,-0.3472908189,-0.0006735179531,-0.0008497361814,-0.004069173792,0.0002098942062,-0.1,-0.0008258819912,-0.0005211539149,
3362,-1.864172404,-2.033483744,-0.003989891555,-0.004347353149,-0.003394130144,0.00449854398,-0.1,-0.01051090639,0.002531123275,
3363,0.5331603835,0.3460777975,0.001146317986,0.0007841425701,0.000292551602,-0.002603877456,-0.2,0.002550229618,-0.0002575936464,1.098109665
3364,-1.738024084,-1.991666015,-0.003832086865,-0.004524158176,-0.004700872225,0.009867793854,-0.9,-0.003906257109,-0.00375791662,
3365,0.4174446816,0.2863361432,0.001101459634,0.0007401677189,0.002295370869,0.001794993774,0.1,0.0005231662997,0.001679752969,1.108575558
3366,0.05689431444,-0.006230813592,0.0001394671498,-1.628507482e-05,0.001149549965,0.0003463361567,0.2,-0.0007661169774,0.001045051277,4.381727257
3367,-0.5459139583,-0.4672113793,-0.001340301107,-0.001218819573,-0.003650311421,-0.0005265945575,-0.7,0.0006666438943,-0.003347246109,
3368,0.8108366004,0.307146428,0.001927246339,0.0007328939414,-0.001490721813,-0.001256616306,0.5,0.005593769419,-0.001739276741,1.100248827
3369,-1.889120115,-1.753169014,-0.004140733029,-0.003939921259,-0.002393428183,0.004432930646,0.0,-0.002708971742,-0.005572494317,
3370,-3.566582707,-3.806405548,-0.009086453684,-0.009759423519,-0.006634144831,0.01259588195,-0.4,-0.006408127394,-0.01176477997,
3371,0.5454038323,0.283123703,0.001192567,0.0006285360867,-0.002040247885,-8.823487447e-05,0.0,-0.0002355624314,0.002620696431,1.088874568
3372,-0.4164616247,-0.6613311486,-0.0009640931631,-0.001560144128,-0.006333072581,-0.001401038284,-0.7,-0.005954036157,0.00402584983,
3373,-0.6874516243,-0.5949888602,-0.001565382646,-0.001365398368,-0.002292683642,-0.004039183853,0.3,-0.001425931825,-0.001704833468,
3374,-1.527072249,-2.000970253,-0.003270878551,-0.004514442967,-0.002070645976,0.005801713102,0.4,-0.00474987621,-0.001791880892,
3375,1.039646767,1.167111626,0.002392348555,0.002853569428,-0.001122560625,-0.004323738069,0.6,0.00616071784,-0.00137602073,1.016296176
3376,-1.680661123,-1.774907279,-0.003794384852,-0.004044201848,-0.007836350899,0.008246367162,-0.9,5.904044106e-06,-0.007594673748,
3377,-0.3798671778,-0.1629587168,-0.0009615475148,-0.0004374100186,-0.0009894606909,0.001274684836,0.4,-0.001093459087,-0.0008296359429,
3378,1.073436818,1.133805581,0.002250817922,0.002435805645,0.0003552885757,0.0009486522472,-0.7,0.003125346233,0.00137628961,0.7441469019
3379,-0.5764669952,-0.925967678,-0.001496629033,-0.00240766467,0.002130004658,0.004296246556,-0.1,-0.004188041173,0.001194783108,
3380,-0.494376922,-0.2026261182,-0.001273093647,-0.0005278542522,0.004333730249,0.003139480865,0.7,-0.002501628483,-4.455881131e-05,
3381,2.485292957,2.224945055,0.00564071317,0.005195124732,0.006637072231,-0.008084416974,0.3,0.006388201523,0.004893224817,0.4195012065
3382,-0.3673887327,-0.7381116918,-0.0007296426937,-0.001598568818,-0.006317870116,0.0007197327342,0.3,-0.00027727226,-0.001182013127,
3383,0.2450805794,0.4037994448,0.0005963302119,0.001013688257,0.0003490916146,-0.0007086174661,0.7,0.004554624791,-0.003361964367,5.198867986
3384,-2.307212461,-2.378066333,-0.005412300262,-0.005717276248,-0.007668261388,0.007816161541,-0.1,-0.001013334859,-0.009811265665,
3385,-1.01962991,-1.027277115,-0.002620076505,-0.002729453971,-0.005605520779,0.002059505588,-0.9,0.004290942222,-0.009531095232,
3386,-1.220634117,-1.472921404,-0.002629480298,-0.003350255034,-0.00551862235,-0.0009747733803,-0.5,0.0005093830099,-0.005768343605,
3387,-0.3036306572,-0.2120894605,-0.0007260463172,-0.0005486340151,0.001556440196,0.0005848263531,0.6,-0.003584712673,0.002132620038,
3388,-1.366852832,-0.8470223217,-0.002893336634,-0.001781680499,0.00280119103,0.007400414739,-0.3,-0.0020818007,-0.003704872567,
3389,0.1664144932,0.1028375016,0.0003731832928,0.0002372939403,0.001614963854,-0.001457491206,0.8,-7.599394298e-05,0.0008223605285,1.556855489
3390,0.417702885,0.1046419529,0.0008916776721,0.0002404484126,0.002482526219,-0.003414066832,0.2,0.005300894763,-0.003517539419,1.921680506
3391,0.153559375,-0.07392852311,0.0004550064881,-0.0002190720422,-0.006178209041,-0.002359123647,-0.2,0.001518429565,-0.0006084165886,6.177263257
3392,-0.9347371427,-1.05087614,-0.002367133289,-0.002835770943,-0.004064493163,-0.003508503461,0.1,-0.003183120474,-0.001551146105,
3393,-1.77102503,-1.720477663,-0.00376897904,-0.003757986822,-0.006028004173,0.005195729114,-0.6,-0.004644843716,-0.002893114364,
3394,0.518689988,0.3876051624,0.001131987712,0.0008998120364,0.001310700486,-0.003249961577,0.4,0.001245675289,0.001018300136,0.3715192336
3395,-1.268715548,-0.9392051879,-0.00288635696,-0.002248714663,-0.002428523045,0.0003762872063,-0.2,-0.001220044463,-0.004552669457,
3396,0.6036145546,0.7203470641,0.001358723655,0.001658050916,0.002865208889,-0.00421436026,0.7,0.0006089143643,0.002108532945,1.244184763
3397,-1.743777897,-1.881656827,-0.004307063996,-0.004917885945,-0.00627954566,0.007388803556,-0.9,-0.0058688925,-0.002745235491,
3398,-1.434189876,-1.653005854,-0.003336689241,-0.003914330469,-9.444998616e-05,0.007703784711,-0.1,0.0001417680413,-0.006815146524,
3399,-0.9908162405,-0.8773158514,-0.002371820773,-0.002164636693,-0.001603992177,0.007038281659,0.0,-0.001559743579,-0.003183897966,
3400,0.01645801754,-0.03013207677,4.111485988e-05,-7.789162162e-05,0.0003677594127,-0.00369815377,-0.3,0.003025836933,-0.002943607213,61.2933013
3401,0.2921864634,0.1361647388,0.0006358334009,0.0002991744076,0.001476685629,0.002401081725,-0.8,-0.0008861568923,0.002157823694,1.378287651
3402,-0.8376802647,-0.7440638204,-0.001930039318,-0.001822808266,-0.001034388556,0.004258511368,-0.4,-7.44883195e-05,-0.003785590317,
3403,-2.886804271,-2.767097403,-0.005468546003,-0.005399511884,-0.005436800663,0.005227573723,-0.4,-0.004081944263,-0.006855147743,
3404,1.354677592,1.339575915,0.003207470846,0.003285980268,0.004128549832,-0.003052652629,0.0,0.001490408862,0.004924532831,0.8452481493
3405,-1.950111367,-1.932782085,-0.004179092204,-0.004210803596,-0.00460473036,0.001140041093,-0.7,-0.007569086656,-0.0007890977527,
3406,-0.6850384825,-0.4437974227,-0.001702800099,-0.001107143963,-0.002387145626,0.0007064091043,0.3,-0.004004078579,0.0005984783818,
3407,-1.890233302,-1.978179826,-0.004175339286,-0.004598898895,-0.004139785468,0.006430533605,-0.1,-0.001505425347,-0.006845253224,
3408,-2.310975061,-2.306323942,-0.005245040124,-0.00552780931,-0.004963718416,0.005280421415,-0.4,-0.00927470344,-0.001215376807,
3409,-1.025715898,-1.348299541,-0.002439341281,-0.003226259143,-0.003833913117,0.006834675025,-0.4,-0.000435571614,-0.004443110947,
3410,-2.167608541,-2.445608815,-0.00468311883,-0.005471603835,-0.007685622215,0.009843176379,-0.9,-0.003173863736,-0.006192373925,
3411,0.6808346731,0.9436673184,0.001651333807,0.002556285177,0.003239900899,-0.003615404748,0.1,0.002057831711,0.001244835903,0.6203040021
3412,1.284655881,1.337367443,0.003090185957,0.003377693746,0.001718797165,-0.007943410879,0.1,0.006666683855,-0.0004863119422,0.6531941354
3413,-0.01880333413,0.02159997432,-4.223250163e-05,5.049456449e-05,-0.000518850454,0.003021548549,-0.6,0.003714866492,-0.003799331495,
3414,1.829390485,1.849147545,0.004267353016,0.004355640371,0.002899817142,-0.005499848454,-0.3,0.006836101646,0.001698604386,0.8098362154
3415,-0.9939659255,-1.025218138,-0.002210413394,-0.00229337309,-0.001827795746,0.005563184219,-0.1,-0.0005401096886,-0.003880717099,
3416,-1.275368065,-1.372481723,-0.002722699472,-0.00299367722,-0.005909610914,0.0006976354077,-0.9,-0.002952724229,-0.002492674714,
3417,-1.587370792,-2.048636434,-0.003460244489,-0.004570256964,-0.007212600079,0.003918391976,-0.6,-0.004656378855,-0.002264110123,
3418,-0.09679974587,-0.04903556639,-0.0002502688015,-0.0001298182004,-0.005498935358,0.006792765635,0.0,0.0008984086204,-0.001398946223,
3419,0.6072934769,0.6879107968,0.001266938251,0.001501492087,0.004220625132,-0.001864929937,-0.3,-0.0006040258308,0.003137902333,1.000110294
3420,-0.213338307,-0.8882875692,-0.0004578198977,-0.00185635826,0.0009819712943,0.002098222223,0.4,-0.000449639276,-0.0004660005195,
3421,-1.974232354,-2.1152301,-0.00435026951,-0.004881304256,-0.002810248955,0.005804267751,0.2,-0.005742338127,-0.002958200893,
3422,0.336536577,-0.2085743223,0.0006839383384,-0.0004363958941,-0.00705788689,-0.002713760001,-0.6,-0.001915176562,0.003283053239,1.620455901
3423,-0.9713371431,-1.049630646,-0.002123082137,-0.002373956981,-0.004586195438,0.00338566769,0.1,0.0009436248823,-0.005189789157,
3424,-1.341499026,-1.124001599,-0.00344639064,-0.002903154975,0.0008016851458,0.004620302286,-0.4,0.0001411008673,-0.007033882148,
3425,0.3009976787,-0.1973933403,0.0007320723029,-0.0004767664639,-0.001518214141,-0.00202779794,-0.3,-0.001115209046,0.002579353651,0.9488522558
3426,-1.422813388,-1.19941186,-0.003062737183,-0.002684452452,-0.002823194859,0.008886244297,-0.1,-0.003857924398,-0.002267549969,
3427,0.1589071217,0.3957717181,0.0003344903266,0.0008344498827,-0.002799181134,0.0002330996691,0.5,0.001749182126,-0.001080201473,1.61620493
3428,-0.3153162596,-0.753568259,-0.0007286561737,-0.001812175695,-0.001402105763,-8.92004564e-05,0.4,0.0009688647253,-0.002426177073,
3429,-0.1467179812,0.009650580074,-0.0003700516108,2.517079657e-05,0.002810167933,0.002126003165,0.0,-0.003692811522,0.0029527083,
3430,1.396897306,1.344584255,0.003307963414,0.003279231174,0.001135290398,-0.004990123127,-0.3,0.004188612643,0.002427314184,0.5480763611
3431,-1.655890993,-1.695250688,-0.003562311334,-0.003710447497,-0.0009253108187,0.00495704875,-0.1,-0.0004651468905,-0.006659475777,
3432,-1.476637053,-1.972412281,-0.003336742164,-0.00464959488,-0.006901233313,0.0001621433576,-0.6,-0.001929424444,-0.004744059885,
3433,-2.521575167,-2.23253038,-0.005013957726,-0.004396650849,-0.006486572232,0.008306722145,-0.3,-0.003558765251,-0.006469150201,
3434,0.08794036293,-0.3882595082,0.0002034989657,-0.000925682783,0.000992237472,0.002755983475,-0.1,-0.001397711461,0.001804709393,7.22246321
3435,-0.6083743196,-0.5155301934,-0.001396400037,-0.001254189931,-0.000405981942,0.006469524057,-0.8,-0.0009484179069,-0.001844382168,
3436,-0.09371222682,0.09161189093,-0.0002164246785,0.0002249808235,0.0004326851363,-0.001158124546,0.1,-0.002076925035,0.001644075678,
3437,-1.1393007,-1.256147924,-0.002690047595,-0.003072147354,-0.005172172104,-0.0009884559214,0.0,-0.008150840946,0.002770745757,
3438,-1.163451119,-1.082641758,-0.002560580246,-0.00251679635,-0.001490980501,0.003925069269,-0.9,-0.00684988077,0.001728720278,
3439,2.239914007,2.129719931,0.005703243076,0.00552719738,0.002065006231,-0.008811675057,-0.3,0.006135939054,0.005270547097,0.4945026295
3440,-1.141922204,-1.04750319,-0.002506716358,-0.002374269875,-0.005978857261,0.003301216224,0.0,-0.0002221974263,-0.004791235289,
3441,-0.1310598491,-0.2211318288,-0.0003172833617,-0.0005733812975,0.00121295087,0.003440095709,-0.8,0.001807990268,-0.002442556991,
3442,-1.612151721,-2.030943684,-0.003493296407,-0.004645172884,-0.004655801646,0.008211289785,-0.9,-0.005092084253,-0.00189450856,
3443,-0.9762448147,-0.8195586693,-0.002084527678,-0.001849228632,-0.002666332045,-0.001505676762,-0.7,0.001674863409,-0.005843918765,
3444,-1.468488108,-1.486082801,-0.003529329769,-0.003630288599,-0.006206930851,-0.001649404053,-0.7,0.001801626863,-0.008860286401,
3445,-1.337671661,-1.679190088,-0.003269331344,-0.004408698598,-0.001564150009,0.006520289044,0.3,-0.004644529005,-0.001894133683,
3446,-0.3584760271,-0.6058872795,-0.0008074635686,-0.001314098685,-0.000985473812,0.001837482647,-0.6,-0.0006108506182,-0.001004076519,
3447,0.8338123265,0.3916571766,0.001964086658,0.0009248270248,0.002569330726,0.003557235171,0.4,-0.005180114155,0.009108287472,1.500390663
3448,0.5309526957,0.7221486068,0.0013488218,0.001985607475,0.003078743358,0.001393196199,0.8,0.007058738196,-0.004361094597,3.092144043
3449,-2.794344416,-2.919299474,-0.006907681563,-0.007449688728,-0.01401443246,0.01296023993,-0.6,-0.004306961315,-0.009508401811,
3450,-0.5265905023,-0.5710322713,-0.001245737335,-0.001405842883,-0.0004363007485,0.001393762035,-0.3,0.002126013904,-0.004617488574,
3451,-0.5082416529,-0.3200597888,-0.00117674154,-0.0007843879625,-0.002730001702,-0.0002689288162,-0.7,-0.002343968176,-9.514904496e-06,
3452,1.458293032,1.50076067,0.003147072791,0.003380485051,0.002449763586,-0.001179851704,-0.3,0.005574346783,0.0007197987986,0.5572224274
3453,0.7401211212,0.4567893417,0.00176274956,0.001107498039,-0.005083569049,-0.002668242056,-0.5,0.006327429195,-0.002801930074,1.019942818
3454,1.444965017,1.262512035,0.003282569483,0.002965110432,0.002183030483,-0.005346767805,0.7,0.0007327408608,0.005832398105,0.7193981444
3455,-0.01180459112,0.2229070998,-2.438474836e-05,0.000469221821,0.001388853675,-0.001721304129,-0.2,0.0002145541826,-0.0002633236793,
3456,-0.2164664286,-0.5419142557,-0.0005122290602,-0.001250308725,-0.005175260593,-0.001686679044,-0.2,-0.003869168671,0.00284471055,
3457,-0.8705297434,-1.145558135,-0.002086991811,-0.002841437704,0.0005145565697,0.004902653242,-0.1,-0.005409718183,0.001235734561,
3458,0.4944352656,0.8015946615,0.001241812271,0.001997983236,0.002177818378,-0.0001705905809,0.8,-0.001635687157,0.004119311699,1.733621462
3459,-1.81272298,-1.008371834,-0.003780850247,-0.002179179197,-0.000551065768,0.01356870894,-0.5,-0.00664725657,-0.0009144439234,
3460,0.3940135585,0.3983077988,0.0009682597488,0.001024959827,0.0005478761058,-0.0009138655421,0.3,-7.774592539e-06,0.00194429409,2.118850578
3461,-0.5984936115,-0.6007477545,-0.001374308092,-0.001454318619,-0.006149113141,0.004042757162,-0.2,-0.001181285984,-0.0015673302,
3462,-3.931146214,-3.788759424,-0.007955381537,-0.008104295704,-0.005599924044,0.008004074001,-0.9,-0.009906755991,-0.006004007083,
3463,-0.4058580766,-0.5213886048,-0.0009420717834,-0.001263642827,-0.00164829957,0.001322171564,0.5,1.06653379e-05,-0.001894808905,
3464,-0.009858503553,-0.2626645879,-2.341067221e-05,-0.0006618210815,-0.001326432903,-0.007142740422,-0.4,0.004696692383,-0.004743513727,
3465,-0.9642824154,-1.588701249,-0.002233999681,-0.003710248502,-0.004093840077,0.003623020933,-0.5,-0.001097024927,-0.003370974436,
3466,-0.5962707266,-0.5235370384,-0.00143077741,-0.001273520112,-0.00101111132,0.0009223499897,0.3,-0.0001772047246,-0.002684350096,
3467,1.166353289,1.335714435,0.002648172234,0.003098799597,0.005440133891,-0.002820277968,0.9,-0.002037558962,0.007333903431,0.8864503881
3468,0.5888201013,0.3887192444,0.001466241152,0.0009820667102,0.0009556799935,-0.006078129715,0.5,-0.001363628541,0.004296110845,2.273783957
3469,1.710867629,1.830186958,0.003805718781,0.004200838301,-0.002255909425,-0.003825487101,-0.2,0.006591554968,0.001019882593,0.6313672457
3470,-0.6560385577,-0.5583526376,-0.001442727758,-0.001281639629,0.001987751262,0.004607179021,-0.8,0.0003392263204,-0.003224681837,
3471,-3.421526863,-3.594677384,-0.007913504835,-0.008512651124,-0.00986001368,0.004188146472,-0.2,-0.01166012116,-0.004166888507,
3472,0.6981754743,0.4514453851,0.001718996982,0.001194152297,0.0007737792711,0.002423899745,-0.1,0.001941423125,0.001496570839,1.065977083
3473,-1.762841835,-1.941370904,-0.004392181988,-0.004981302672,0.0009822525319,0.006141566777,-0.8,-0.00670874707,-0.002075616906,
3474,0.02702234042,-0.1667644852,7.079507357e-05,-0.0004419328003,-0.001664858013,-0.005667608372,0.8,-1.938388973e-05,0.0001609740369,19.23504183
3475,-0.8179583362,-0.9041321175,-0.001870426123,-0.002212092759,-0.001491995164,0.005696201222,-0.3,-0.002793975038,-0.0009468772085,
3476,1.137039065,1.220106315,0.002410953064,0.002763465987,0.002629497931,-0.01138498559,0.0,0.007925797126,-0.003103890997,1.257025945
3477,-0.1475665167,0.4172644662,-0.0003083920291,0.0009261365183,0.001279925326,0.007230581604,0.2,0.0001233308923,-0.0007401149506,
3478,-0.07474480077,0.001139593615,-0.000193555877,3.08573457e-06,0.001188386071,0.005494667976,-0.1,0.0002293136738,-0.0006164254278,
3479,-0.146267607,-0.4458438645,-0.000320215193,-0.001011798532,-0.0009772315648,0.003491752712,-0.1,-0.00111726262,0.0004768322339,
3480,0.06915861814,-0.1569629275,0.0001594003683,-0.000395063435,-0.001544750373,-0.001943893275,-0.6,0.001558358001,-0.001239557265,3.164297341
3481,1.001872952,0.6193598151,0.002087874163,0.001381268593,0.0006990647012,0.0007817461772,0.2,0.001509170919,0.002666577407,0.5449891479
3482,0.7637039818,0.685789059,0.001725250697,0.001538080628,0.002069890101,-0.001561111923,0.3,-0.0006826431971,0.004133144591,0.7437631548
3483,-1.314713162,-1.303380976,-0.002854840449,-0.002895938793,-0.002125887563,0.0005586608371,-0.1,-0.0008680891781,-0.00484159172,
3484,1.440154814,1.343949653,0.003329160038,0.003104486312,0.001569814578,-0.002355819986,0.7,0.001477526611,0.005180793464,0.6967505596
3485,0.470440697,0.0757634619,0.001066046362,0.0001813224035,0.002750432087,0.003397717756,-0.1,-0.0008632213959,0.00299531412,0.8633871758
3486,1.377406237,1.32963908,0.003063238324,0.003105852255,0.005063310719,-0.009967065493,-0.3,0.003508763266,0.002617713382,0.4705879086
3487,0.4330116162,0.3584731154,0.001054629854,0.0008746339216,0.004134646993,-0.004685925911,0.4,-0.001626928759,0.003736188468,2.774161521
3488,-0.659784918,-0.8011402196,-0.001764188386,-0.002105832786,-0.002600894042,-0.002704036674,0.0,0.000160847723,-0.003689224494,
3489,-2.817406306,-2.842677977,-0.006388298926,-0.006705974335,-0.007640867282,0.006085317871,-0.9,-0.004020109214,-0.008756488638,
3490,0.6007192747,0.3272396863,0.001389102969,0.0007797004156,-0.002331728263,-0.005290801762,0.5,-0.002013831191,0.004792037128,1.970368168
3491,-0.2382767382,-0.3006337306,-0.0005486275404,-0.00072332782,-9.002317332e-05,0.003507796431,0.4,0.0004659112313,-0.001563166312,
3492,-0.9817256785,-0.7153257613,-0.002313945265,-0.001739347708,-0.0007186738788,0.002738377848,-0.4,0.002445067425,-0.007072957954,
3493,0.5603382207,0.6008965673,0.001176193617,0.001276912751,-0.0006681653023,0.001783292931,0.4,0.003310976137,-0.0009585889034,1.495329379
3494,-1.05346604,-1.124815995,-0.002384845858,-0.002572273825,-0.002119561145,0.004200104367,0.3,-0.003920941369,-0.000848750346,
3495,-0.9639958728,-1.11401697,-0.002025833611,-0.002475442456,-0.002843976449,-0.002409080381,0.5,-0.004091611632,3.994440931e-05,
3496,-0.1410472662,-0.09789641522,-0.000328332524,-0.0002365186508,-0.002625060233,1.926100896e-05,-0.9,0.001412713536,-0.002069378584,
3497,-0.1781449575,-0.5180835694,-0.0004204420655,-0.001257220839,-0.005211347963,-0.0005653198094,-0.2,-0.00385733736,0.003016453229,
3498,1.52102152,1.20960011,0.003213169921,0.002798856477,0.005221290975,-0.002761616844,0.3,0.005943144068,0.0004831957745,0.6319390842
3499,0.6936765771,0.5698459865,0.001700440629,0.001474193214,-0.002500824769,-0.000139587912,0.3,-0.0003621323736,0.003763013631,1.02095578
3500,-0.2779882248,-0.2758383366,-0.0006106016122,-0.0006179454135,-0.006639230891,0.002199935429,-0.2,0.00328842755,-0.004509630774,
3501,1.618561397,1.182119321,0.003446251744,0.002636524373,0.004177175058,-0.003709190189,0.9,0.005249901781,0.001642601707,0.7510263639
3502,1.076991099,0.6748425532,0.002248799376,0.001398067338,-0.003411093536,-0.002264130121,0.0,0.002462763287,0.002034835466,0.3706072774
3503,0.7335953915,0.7817649217,0.00152636271,0.001750871849,0.0002955984093,-0.005790713036,0.1,0.00360535472,-0.0005526292993,0.7890456232
3504,0.5625360122,0.4708697157,0.001342481295,0.001139755516,0.003134489267,-0.004912048977,0.9,0.0001262376177,0.002558724972,1.346060438
3505,0.6045319496,0.9876176481,0.001338957211,0.002356318562,0.002328548876,0.001767107778,0.1,-0.0001974400386,0.002875354461,0.741291765
3506,-0.9593965724,-0.7921486732,-0.002381326106,-0.001950357032,-0.004096964677,0.007396085197,-0.5,0.002285483324,-0.007048135536,
3507,-1.633060954,-1.97388097,-0.004047812628,-0.005032316395,-0.0004920971822,0.00712046962,-0.5,-0.009169799856,0.0010741746,
3508,0.6332075647,0.4064213983,0.001560308449,0.001056964328,-0.001050391634,-0.0008708316945,-0.4,4.211902423e-06,0.003116404996,0.7342211725
3509,-2.188379407,-2.761696655,-0.005250626282,-0.006766121798,-0.004852695705,0.006280930841,-0.3,-0.007725701677,-0.002775550888,
3510,2.319749485,2.022503754,0.004881543475,0.004367520707,0.004773521898,-0.005761327684,0.3,0.007917869385,0.001845217565,0.6506434928
3511,-0.8831698566,-1.333723159,-0.001910071321,-0.002975355001,0.001174930514,0.001923268401,-0.3,-0.008847408057,0.005027265415,
3512,-0.1213480066,-0.3684567553,-0.0003114549778,-0.0009956738824,0.0005721825965,-0.002416139925,-0.5,-0.005182487174,0.004559577218,
3513,-0.9041152356,-0.9038108085,-0.002022337043,-0.002058251743,-0.002333075542,0.001113018208,0.0,-0.004717389976,0.0006727158895,
3514,-0.3328537736,0.0122873441,-0.0006923359276,2.502712278e-05,-0.001615739133,0.002739038997,-0.2,-0.0002072999586,-0.001177371897,
3515,0.178373115,0.5305933587,0.0003900888842,0.001200366481,-0.001947953711,0.008440507669,-0.5,0.0001719649568,0.0006082128116,2.344179028
3516,-0.9966198465,-0.9566593787,-0.00259188553,-0.002538886679,0.0005464348425,0.004132147324,-0.6,-0.00121698036,-0.0039667907,
3517,0.6776045326,0.6659077207,0.001450587857,0.001538485657,-0.0001422228093,-0.001588294875,0.6,0.003667540648,-0.0007663649337,1.129560499
3518,0.1080245942,0.1278842575,0.0002366025545,0.0002839999406,0.0007413055304,0.007244056585,-0.3,0.001204685547,-0.0007314804379,7.028479274
3519,-1.824069087,-1.887138924,-0.003571037292,-0.003760124571,0.0009023045692,0.002937322279,-0.1,-0.002562885889,-0.004579188695,
3520,-0.2962360577,-0.4520378459,-0.0006674862821,-0.001073605897,-0.0006400631665,0.0001511431749,-0.3,0.0008526948843,-0.002187667448,
3521,-0.2770335983,-0.5268245353,-0.0006248032452,-0.001195341967,-0.002478224674,0.003641357559,-0.8,-0.003280764826,0.002031158336,
3522,0.5005477554,0.4623865032,0.001274456526,0.001186169153,0.003722301452,-0.00249955464,0.9,0.002256164208,0.0002927488433,1.531756996
3523,0.1568123713,0.2028168024,0.0003928557975,0.0005249936161,0.0007276619958,-9.057405184e-05,-0.5,0.003082355009,-0.002296643414,3.781529128
3524,-1.249819638,-1.48016284,-0.002575746145,-0.003169649215,-0.00212388725,0.0009057590643,0.3,0.0009917307511,-0.006143223041,
3525,-1.351828103,-1.202754714,-0.00331299763,-0.003238477215,-0.002837079794,0.000676014642,-0.9,-0.001651413775,-0.004974581484,
3526,0.8353547621,0.6255366189,0.001901156786,0.001487331213,0.001632060146,-0.0002682036192,0.2,-0.003129072464,0.006931386035,1.34789035
3527,-1.849320062,-1.546895495,-0.004303320647,-0.003669393798,-0.007192875358,0.01046956302,-0.8,-0.003413667144,-0.005192974151,
3528,-0.06426658139,-0.2360577522,-0.0001527360419,-0.0005619930835,-0.001141404229,-0.004703369494,0.3,0.0004826747471,-0.000788146831,
3529,0.7181658951,0.8230203347,0.001764238248,0.001959891229,0.004207661776,-0.0007661349614,0.7,0.004549405752,-0.001020929256,1.077666425
3530,-0.7372696761,-0.6333055572,-0.00156540358,-0.001396641999,-0.002586815855,-0.001237555216,-0.8,-0.001258307538,-0.001872499622,
3531,-1.700710161,-2.185324422,-0.004287780006,-0.005757506999,-0.007513812565,0.00701247694,-0.6,-0.002390285857,-0.006185274154,
3532,-1.044770379,-1.091941352,-0.002687241386,-0.002907249946,-0.00452925514,-0.003734986048,-0.7,-0.004284333335,-0.001090149437,
3533,1.633108704,1.635345694,0.003927829691,0.004076900565,0.001624276302,-0.002113828099,-0.5,0.002240323471,0.005615335911,0.5753460172
3534,-0.2109828696,-0.3489052445,-0.000417050242,-0.0007146753717,-0.004569986173,0.001048557444,-0.2,-0.003879762614,0.00304566213,
3535,0.05091274515,-0.07356097055,0.000120296801,-0.0001792859069,0.002276684512,0.001964468341,0.4,-0.002611874591,0.002852468193,12.12102906
3536,0.4241017107,0.2979202591,0.001039037614,0.0007399124351,-0.0007938994966,-0.002947164138,-0.4,0.003327051648,-0.00124897642,2.974272764
3537,-0.1319505108,-0.1243847658,-0.000316934345,-0.0003116232827,-0.003277317164,0.0003108331728,0.3,0.001945855819,-0.002579724509,
3538,-0.1632366597,-0.3316803551,-0.0003631070412,-0.0007724116586,0.001267160538,0.0001747486109,-0.4,0.005074510983,-0.005800725066,
3539,-0.7625358226,-0.6827807844,-0.001613408945,-0.001407328862,-0.006430898509,0.006089735322,-0.2,-0.000672536018,-0.002554281872,
3540,-0.4217774312,-0.6036168334,-0.0009634323019,-0.001457754777,-0.0002796404607,0.007121986424,-0.9,-0.004181413363,0.002254548759,
3541,2.470728758,2.550493337,0.005241135181,0.005688810505,-0.0006167121085,-0.005684356121,-0.4,0.008575191724,0.001907078637,0.4356097763
3542,0.2703044546,-0.1946410427,0.0006526011228,-0.0004887467657,0.002678127409,-0.003085098288,1.0,-0.001485017697,0.002790219943,1.692459394
3543,-1.129908328,-1.07951588,-0.002781769785,-0.002675487202,-0.0009539063355,0.002955466832,-0.4,-0.006762353715,0.001198814145,
3544,-0.6885829223,-1.056987856,-0.001517283565,-0.002337165545,-0.004988841322,0.01079039078,-0.4,0.001413656569,-0.0044482237,
3545,-1.673548169,-1.541356737,-0.003771688198,-0.003659373951,-0.00692741077,0.002942998161,-0.9,-0.001396171104,-0.006147205292,
3546,0.876707426,1.128007996,0.002206543593,0.002917996266,0.001074922576,-0.0037842195,0.8,0.003782383655,0.0006307035304,1.64648239
3547,1.131817148,0.9010533328,0.002746566589,0.002245000734,0.0005682444857,-0.001951361761,0.4,0.001680772039,0.003812361139,0.4594704362
3548,-1.524200942,-1.279661756,-0.003528816578,-0.003039333864,-0.001924222023,0.005031466394,-0.9,-0.004969921052,-0.002087712104,
3549,0.6986856741,0.7898327913,0.001634259861,0.001861471506,0.003112027694,0.0008470187877,-0.5,-0.000733041819,0.004001561541,0.5495318187
3550,-0.0516016617,-0.2617498946,-0.0001041637305,-0.0005546677373,0.002922133106,0.005402858702,0.4,-0.0005394181929,0.0003310907319,
3551,-0.1711533584,-0.1705087509,-0.0004434913799,-0.0004315809198,-0.0001223409531,0.0007609091766,-0.4,-0.001329344134,0.0004423613737,
3552,-1.34441167,-1.869812179,-0.003431650714,-0.004871771891,-0.0004804196679,0.00347804538,-0.7,0.0007743524783,-0.007637653905,
3553,0.5707465562,0.2167077403,0.001361381313,0.00053005217,0.002492656751,-0.006896003711,-0.3,0.002454859299,0.0002679033281,0.6116083326
3554,-0.7415423748,-0.9782014884,-0.001617043778,-0.002216717499,-0.005197846663,0.002527967974,-0.9,-0.00214839526,-0.001085692295,
3555,-0.3657547364,-0.1216660287,-0.0008020138487,-0.0002702026927,0.001207275469,0.001074479602,-0.1,-0.003758393577,0.00215436588,
3556,-1.111771481,-1.418497487,-0.002185009695,-0.002849940164,0.001351578513,0.003674307669,-0.3,-0.001096123909,-0.003273895481,
3557,0.3143433474,0.1164720686,0.0007870907388,0.0003014683808,0.005385823707,-0.004142534585,0.7,0.002851360007,-0.001277178529,3.770801618
3558,-1.053651575,-1.42754743,-0.002478135151,-0.00341858924,-0.004312160846,-0.001472397853,-0.2,-0.004303478062,-0.0006527922396,
3559,-1.277517357,-1.637902362,-0.002661599304,-0.003421120908,-0.002246643928,-0.0005948076681,0.2,-0.00498996221,-0.0003332363979,
3560,-1.783199933,-1.165161045,-0.004140601632,-0.002826972363,-0.00331394478,0.001324490818,-0.7,-0.00268299612,-0.005598207144,
3561,-0.795195722,-0.5332141061,-0.001868069693,-0.001297173577,0.002323701119,0.000104831947,-0.5,-0.002108956513,-0.001627182873,
3562,0.4011656015,0.2528667113,0.0008967498884,0.0005755165058,0.001484443914,0.0007750345455,-0.3,-5.29854599e-06,0.001798798323,1.439227588
3563,-0.3120144485,-0.5402604022,-0.0007639934952,-0.001375113963,-0.004099988922,0.003685899157,-0.2,-0.00582788897,0.004299901979,
3564,-0.1234468054,-0.01695624364,-0.0002662238831,-3.830741715e-05,-0.005222764474,0.004634931977,-0.7,0.001821807066,-0.002354254832,
3565,-0.3411659888,-0.4751309749,-0.0008481309643,-0.001227100026,-0.001910069102,0.004224302774,-0.9,-0.003439466015,0.001743204087,
3566,-0.1297134664,0.06688248555,-0.0002984702375,0.0001576125736,-0.0008380650403,-9.040604434e-05,-0.2,0.005177175643,-0.005774116118,
3567,-1.367214528,-1.513794825,-0.002893675731,-0.003336033902,-0.004158381522,-0.004297746351,0.1,-0.002700281034,-0.003087070428,
3568,-0.7301500991,-0.7689503739,-0.001696269003,-0.001836230708,-0.003623642054,0.0004880756916,-0.7,0.0007362569057,-0.004128794912,
3569,1.164215289,0.8871388589,0.002721353843,0.002244589099,0.0009048050001,-0.00655341227,-0.3,-0.0002852221477,0.005727929835,0.9193676284
3570,1.188829201,1.257944529,0.002843367283,0.002981798152,0.006079678705,-0.005705355264,-0.3,0.005656478699,3.025586668e-05,0.7160750602
3571,-1.343615479,-1.54234058,-0.002981135975,-0.00359065168,-0.001139231556,0.005555087508,-0.2,-0.002641274113,-0.003320997836,
3572,1.228693432,0.7934933219,0.00274980545,0.001785014879,0.003128404705,-0.007218405555,-0.3,0.002541496633,0.002958114268,0.732045718
3573,-2.544225709,-2.74566759,-0.005685758453,-0.006364129144,-2.548697866e-05,0.004810284603,-0.4,-0.00711904129,-0.004252475617,
3574,-0.9164007817,-1.408524169,-0.001894943521,-0.003080190635,-0.006454822803,-0.002097794962,-0.2,-0.00267024332,-0.001119643722,
3575,-1.318879356,-1.640226463,-0.002709110134,-0.003409179043,-0.00342452245,0.0020482443,-0.4,-0.002994198599,-0.00242402167,
3576,0.3257924062,0.4640276161,0.0007326163186,0.001054593512,-0.0002505764132,0.009196702909,-0.3,-0.004747379465,0.006212612102,2.319329698
3577,-0.00712256853,0.1437836797,-1.545809387e-05,0.0003191074052,0.001051212639,0.0009465008965,0.4,0.004378578426,-0.004409494614,
3578,-1.048627093,-1.129016721,-0.002403183408,-0.002655089445,-0.001902401838,0.004900484938,-0.8,-0.0009863319057,-0.00382003491,
3579,0.4329963054,0.2733689465,0.001077710138,0.0006782244807,0.0005031958739,-0.004293520144,0.3,0.002711280822,-0.0005558605465,1.983237967
3580,-0.4502755591,-0.3247221455,-0.001028515282,-0.0007829242731,0.0002464266484,0.004613824883,-0.8,-0.003310669845,0.001253639281,
3581,-0.7091833925,-0.8109774178,-0.001486445532,-0.001778437504,-0.001988403344,0.004808895623,-0.2,-0.000792223151,-0.002180667914,
3582,-1.720158583,-1.874597315,-0.004133330702,-0.004930585862,-0.00738875315,0.0008357246823,-0.9,-0.0043040748,-0.003962586604,
3583,0.6248296597,0.6002239079,0.001510336108,0.001507487454,0.0002477258007,0.004130669553,0.4,0.001087150058,0.001933522158,0.8163825332
3584,-1.817242156,-1.634489159,-0.004207351741,-0.004093143679,-0.001088299061,0.004574463444,-0.9,-0.006434399111,-0.001980304371,
3585,-0.7264603513,-0.8008993737,-0.001744287989,-0.001972407584,-0.0001145408055,4.266379574e-05,0.4,0.0004220969669,-0.003910672944,
3586,-1.053501476,-1.228821486,-0.002441058724,-0.002903115766,-0.0001957170624,0.008219993215,0.4,-0.005455476785,0.000573359336,
3587,-0.4157383153,-0.7036573951,-0.00100917755,-0.00172315253,0.003302609878,0.00464375403,-0.3,0.002141007383,-0.004159362483,
3588,-0.3381021324,-0.3038124069,-0.0007419088113,-0.0006887248271,-0.001707584748,0.0001767847218,-0.2,-0.00266509363,0.001181276008,
3589,1.922301113,1.841487759,0.004033767904,0.003932278284,0.002070262197,-0.002889371031,0.2,0.006766625923,0.001300909885,0.6157020879
3590,0.3728599136,0.7787390317,0.0008587816455,0.001892284273,-0.00252525748,0.004099325657,0.5,0.000810714413,0.0009068488781,0.7459812917
3591,-1.034982829,-0.8671052752,-0.002267623879,-0.002011264856,-0.004040630244,0.008854558908,-0.2,-0.000712187015,-0.003823060743,
3592,0.2911550598,-0.007041076008,0.0007055831221,-1.743031299e-05,-0.001818302197,-0.005123591858,0.5,0.0038200048,-0.002408838556,2.445094166
3593,-0.155820306,-0.5076996931,-0.0003551778812,-0.00116411648,-0.00335967621,-0.001811709986,-0.7,0.0001075361388,-0.0008178919012,
3594,-2.231384417,-2.089145561,-0.005115920161,-0.004935605878,-0.004293043927,0.003927032763,-0.1,-0.004002238136,-0.006229602186,
3595,-1.254045169,-1.436915742,-0.002626964342,-0.00309432057,-0.003191988568,0.003120196005,-0.2,-0.005101630665,-0.0001522980194,
3596,0.8672899759,0.9247490217,0.001899269523,0.002086896704,0.007786373115,-0.006310325614,0.9,0.0007252046576,0.003073334388,0.7735648152
3597,-0.8024267159,-1.177493381,-0.001690993486,-0.002517939331,-0.003189803055,0.003560394846,-0.4,-0.0002208381533,-0.003161148819,
3598,-1.464596023,-1.360789531,-0.003481478181,-0.003278867331,-0.002347740592,0.003726440665,-0.3,-0.002256141209,-0.004706815153,
3599,-0.5592642911,-0.943990675,-0.001440813215,-0.002552040793,-0.003864393853,-7.910786447e-05,-0.9,-0.001709089553,-0.001172536876,
3600,0.5196167575,0.3567978022,0.001272669656,0.0008967017706,-0.002991675325,-0.003479868214,0.0,0.004057823389,-0.001512484078,1.443171314
3601,1.714724975,1.852384506,0.003646148999,0.003985555256,0.004636235474,-0.005881321381,1.0,0.002246061861,0.005046236137,0.5959534179
3602,-2.57734688,-2.58354262,-0.005779156381,-0.006141563827,-0.004884553591,0.005572264132,-0.4,-0.005615540533,-0.005942772229,
3603,-0.1721452177,-0.02828224264,-0.0003936100109,-6.753960231e-05,-0.001214394011,0.002069694285,-0.2,-0.002933147554,0.002145927532,
3604,0.876170858,0.8748918456,0.001873791902,0.001907311126,0.002709916629,-0.004670979068,0.9,0.003378903436,0.0003686803689,0.5945101483
3605,-0.6225141657,-0.903918715,-0.001573985236,-0.002418924498,-0.002659921194,-0.00281248817,-0.4,-0.001850088774,-0.001297881698,
3606,-1.367654552,-1.511398492,-0.003432796289,-0.003966898488,-0.002979629316,0.004561925306,0.2,0.002219587522,-0.0090851801,
3607,-0.3066623847,-0.1066013438,-0.0006420641653,-0.0002241253052,0.001410142429,0.005699001209,0.1,-0.002108718477,0.0008245901461,
3608,0.8370531205,0.7845258916,0.001854521917,0.001775665783,0.004396186939,-0.008411111648,-0.3,0.002099361646,0.001609682188,1.118800111
3609,0.2103696591,-0.04080208414,0.0005306944851,-0.0001032622559,-0.0003595801627,-0.003697160126,-0.1,-0.0004405120793,0.001501901049,1.595089966
3610,-1.644435946,-1.304962397,-0.00326562325,-0.002648454078,0.001486718992,-0.003396822401,0.1,-0.006579249479,4.800297974e-05,
3611,-0.2916949527,-0.3584331438,-0.0006106471755,-0.0007322403864,-0.005451983541,0.002346519034,-0.5,-0.003422595591,0.00220130124,
3612,0.4801959242,0.5108757487,0.0009706827471,0.001067439912,-0.001559676951,0.001923571022,-0.1,0.001926686846,1.467864851e-05,1.083667139
3613,-2.031457635,-2.175182593,-0.00450830486,-0.004972478033,-0.003858803827,0.007084377522,0.2,-0.003387059158,-0.005629550563,
3614,1.278404525,1.581265212,0.002838462211,0.00375086353,0.0004102831867,-0.001893426294,0.7,0.005776393151,-9.946872888e-05,1.017500876
3615,-0.3403676836,-0.8655013568,-0.0008465123648,-0.002210331666,-0.001340139488,0.001753101146,-0.2,-0.0007957381617,-0.000897286568,
3616,-0.8711592356,-0.7778473004,-0.002059216378,-0.00189063558,-0.0009195926481,0.004956253506,0.4,-0.004066746552,-5.168620409e-05,
3617,-2.329194357,-2.090437389,-0.005650206355,-0.005116904208,-0.006865336843,0.002634619664,-0.6,-0.003066042537,-0.008234370173,
3618,-0.2237992488,-0.9033555509,-0.0005190557661,-0.002182848459,-0.001225228315,-0.007810840097,0.0,-0.0002070137332,-0.000831097799,
3619,0.9718385371,1.055711912,0.002411255705,0.002727757072,0.002303548584,-0.001841419644,0.7,0.0003788248906,0.004443686519,1.037132029
3620,0.6651934201,0.6275404707,0.001407307409,0.001312565752,-0.002203563561,0.002011984357,-0.8,0.003731874685,-0.0009172598668,1.598262999
3621,-1.054365203,-1.011102034,-0.002395640299,-0.002350355761,-0.004791908225,0.002167686136,-0.2,0.003419279364,-0.008210559962,
3622,1.000740182,1.15672475,0.002339605199,0.0026971493,0.00018389105,-0.002918375674,0.7,0.007537001277,-0.002857790879,1.06359776
3623,0.1661016546,0.2677455158,0.0003384636144,0.0005433750224,-0.001853593461,-0.001150206128,-0.2,0.002186688421,-0.001509761192,2.991333885
3624,-1.14992438,-1.060828354,-0.002462736588,-0.002383728911,-0.005351366054,0.007680106442,-0.6,-0.00268617176,-0.002239301415,
3625,-1.822596803,-1.857689293,-0.004175789115,-0.004343071056,-0.006949004398,0.001774060106,-0.6,-0.002663406412,-0.005688171818,
3626,0.07319474459,0.09686300835,0.0001688846287,0.0002322188306,-0.003588031207,0.002150989567,-0.2,0.000641158526,-0.0003033892686,5.067287083
3627,-2.414038043,-2.394908014,-0.005458618838,-0.005647440352,-0.004549859893,0.009782279191,-0.8,-0.005628066025,-0.005289171651,
3628,-1.826524583,-1.980181426,-0.003794635953,-0.004060581136,-0.001936256787,0.007938320214,0.4,-0.008113175359,0.0005239034532,
3629,-1.119177531,-0.7310102185,-0.002169021479,-0.001454938402,-0.0022834673,0.003482625515,-0.2,0.0002491403264,-0.004587183285,
3630,-2.393950616,-2.138878608,-0.005393139823,-0.004993082728,-0.005782027801,0.007721235067,-0.4,-0.001598841307,-0.009187438338,
3631,-2.036141846,-2.156332187,-0.004378845693,-0.004665430031,-0.001568326887,0.004939707479,-0.8,-0.005551265037,-0.003206426349,
3632,-1.363017556,-1.80698303,-0.002988012883,-0.004093972918,-0.005122870761,0.006267943359,-0.2,-0.005023927812,-0.000952097954,
3633,-1.279031529,-0.8319870959,-0.002900955174,-0.001910340671,-0.003364887218,0.00473632474,-0.8,0.0001923827996,-0.005994293148,
3634,0.7722947195,0.7434943132,0.001788240489,0.001788337607,0.006258718917,-0.00341359304,0.3,-0.002165684563,0.00574216554,0.8904467384
3635,-0.5154599425,-0.6092215596,-0.001265029968,-0.001498556605,-0.005845139151,0.003922909756,-0.2,-0.001048304123,-0.001481755814,
3636,-0.2600233049,-0.03296747821,-0.0006671849243,-8.521923069e-05,-0.004870169636,-0.004614018573,-0.4,-0.003315526741,0.001981156892,
3637,-1.819267066,-1.643477283,-0.004250633546,-0.004063384206,-0.002049966138,0.00265143165,0.3,-0.003047969549,-0.005453297544,
3638,-0.1174352383,-0.3773117691,-0.0002642286116,-0.0008510507877,0.001442465296,0.0005264379335,0.7,-0.002803323618,0.002274866395,
3639,-0.8464556432,-0.3463072166,-0.002065414243,-0.000848539566,-0.002106327144,0.007366349951,-0.8,0.0008449097791,-0.004975738265,
3640,0.7245132206,0.8550337018,0.001581830088,0.00188249141,0.001502496425,0.001452390997,0.4,0.004113275599,-0.0009496154238,0.753140802
3641,-0.3994464464,-0.7938349087,-0.0008737476462,-0.00174599904,-0.003048569573,-0.003579054863,-0.2,-0.000606222677,-0.001141272615,
3642,1.136642863,0.9670562012,0.002714079157,0.002321085131,-0.0001978097726,0.001416044949,-0.1,-0.0002267547803,0.005654913095,0.6108610725
3643,-0.4446625571,-0.2724610866,-0.0009399921956,-0.0005853765634,-0.002075731582,-0.00207124175,0.8,-0.00492616269,0.003046178299,
3644,-0.7238190409,-0.7182002697,-0.001821906532,-0.001811530324,-0.003678920449,0.006627239782,-0.7,0.01102972839,-0.01467354145,
3645,-0.04113856935,-0.4413686032,-9.28469872e-05,-0.00104646574,-0.0003474773899,0.005034471138,-0.1,0.0008234392634,-0.001009133238,
3646,0.8652641023,0.478766916,0.002165842071,0.001254251312,0.0005002837442,-0.006750090787,0.4,-0.001037049266,0.005368733408,1.113434542
3647,-0.9600436337,-1.199425731,-0.002157296116,-0.002796154745,0.0002279967449,0.001139261726,0.0,-0.003494761549,-0.0008198306824,
3648,-1.583900535,-1.760789366,-0.003512344184,-0.004117852138,-0.003322499432,0.002520791104,-0.9,-0.004073327382,-0.002951360986,
3649,-0.4073186416,-0.4817868612,-0.001023384223,-0.001270650487,-0.002609301204,-0.001870849914,0.5,0.0008929663161,-0.002939734763,
3650,1.073634515,1.064700767,0.002650897658,0.002635312344,0.002051007829,-0.0038809166,-0.3,0.00365106017,0.001650735147,0.5481546674
3651,0.4329273808,0.5380124874,0.0009741370271,0.001229615515,0.0009939356409,0.004419662362,0.4,-0.002024473381,0.003972747435,1.523367715
3652,1.066239164,0.5439423866,0.00258854673,0.001369855822,0.0006215140913,-0.00881739516,0.7,0.002543377701,0.002633715758,0.5678457437
3653,-0.756278697,-0.9010191535,-0.001733925966,-0.002156772923,0.0002129599614,0.003520584064,-0.6,-0.004075437272,0.0006075853398,
3654,0.04766628686,-0.09915339019,0.0001001906398,-0.00021720568,0.0002614982756,-0.002571341137,-0.4,-0.0002746822747,0.0004750635543,2.741993304
3655,-0.4925314497,-0.3802809424,-0.001196068888,-0.0009597617497,0.0001338376718,-0.000350043345,0.5,-0.001247077223,-0.001145060552,
3656,-1.676467887,-1.216151286,-0.003667429192,-0.002825684948,0.0004854289047,0.004263254491,-0.8,-0.003192221807,-0.004142636576,
3657,-0.4177204758,-0.6568886728,-0.0009570290307,-0.001580281805,-0.0008174075312,-0.0005274073859,0.3,0.003678673085,-0.005592731147,
3658,-1.562190282,-1.293884914,-0.003355042418,-0.002983641374,-0.001756542413,0.002989203293,-0.3,-0.001002961301,-0.005707123534,
3659,-1.030238625,-1.039798402,-0.002526205281,-0.002660916515,-0.0008198752137,0.0007777242006,0.1,-0.006844789797,0.001792379235,
3660,-1.801636927,-1.965631523,-0.003622561688,-0.004141544008,-0.005892069912,0.005055240089,-0.9,-0.0007527180316,-0.006492405345,
3661,-1.491276874,-1.644901009,-0.003689938079,-0.00415545949,-0.007306926443,0.004201860232,-0.8,-0.003342801465,-0.004037074693,
3662,1.080112372,0.9641386538,0.002516545929,0.002288757158,-0.001864436249,-0.0005105514583,-0.6,0.006490853506,-0.001457761648,0.8605426152
3663,-1.372407712,-1.568061997,-0.003365818108,-0.004017590853,-0.009626624947,-0.00099130981,-0.7,-0.001513107918,-0.005218528298,
3664,-2.002903189,-1.945259424,-0.004513942072,-0.004490155547,-0.00372246712,0.007663725773,-0.1,-0.001245373991,-0.007782510152,
3665,-0.01253064088,0.07352108019,-3.002887488e-05,0.0001774140204,-0.002935803577,-0.001795675588,-0.7,-0.004863140194,0.004803082444,
3666,1.396684708,1.403739228,0.002947845348,0.003039843563,0.002584050547,-0.005206049522,0.6,0.002163739368,0.003731951328,0.6812512219
3667,-0.7424116056,-0.5560068909,-0.001760882767,-0.001305615289,-0.001107710223,0.002746663471,-0.8,-0.002674144995,-0.0008476205397,
3668,-2.334829817,-2.389408677,-0.005917821695,-0.006525031542,-0.01024800281,0.007841873368,-0.2,-0.002746342341,-0.009089301049,
3669,0.5535403493,0.5541985365,0.001175346882,0.001264132332,-0.00138028595,0.001438468723,-0.2,0.0004313969719,0.001919296792,0.8535122832
3670,-1.227554257,-1.108118423,-0.002799148882,-0.002553820362,-0.003133311293,-0.006041248769,-0.4,-0.006591649312,0.0009933515471,
3671,-0.6890547814,-0.6253285742,-0.001681930174,-0.00156251783,-0.006028015913,0.004653529191,-0.9,-0.000256890854,-0.003106969493,
3672,-0.3091523663,-0.3320641146,-0.0007774675658,-0.000863764061,-0.0003025916992,0.0009126061465,-0.1,-0.0002823886953,-0.001272546436,
3673,-2.061574113,-2.194190623,-0.00491887969,-0.005174212226,-0.005592491888,0.005010049117,-0.6,-0.007195446616,-0.002642312764,
3674,-0.425337351,-0.9897542609,-0.0009272874552,-0.002331787752,-0.003285755684,0.0003142305911,-0.9,-0.002558769445,0.0007041945346,
3675,0.3859686213,0.1467481152,0.0008774497197,0.0003506109903,-0.002664307519,-0.004365301562,0.1,0.006086420405,-0.004331520965,2.927004723
3676,0.6568832112,0.5630828939,0.001566645061,0.001404159068,0.00448113583,0.005984005336,-0.1,0.002115265273,0.001018024848,0.6934729118
3677,0.8739364678,0.1799822385,0.002010256456,0.0004241470184,-0.00291120731,0.004935907705,-0.8,0.005816428687,-0.001795915774,1.527269759
3678,-1.290586731,-1.419514406,-0.002983967157,-0.003451117533,-0.005507760606,0.002978312117,0.0,-0.001179015453,-0.004788918861,
3679,-0.7066340045,-0.7175351666,-0.001549631709,-0.001567239107,-0.002420870386,-0.002387110038,-0.4,0.0006909806456,-0.003790244064,
3680,-0.7755204456,-1.004340612,-0.00177331339,-0.002388408112,-0.002301264765,0.002577328622,0.4,-0.001401332852,-0.002145293928,
3681,-2.2257472,-2.183733816,-0.005389490059,-0.005502265631,-0.007800027171,0.00392427194,-0.9,-0.008376074061,-0.002402906056,
3682,-0.6586462556,-0.3920393278,-0.001487336653,-0.0009232790919,0.00270684912,0.003019784566,-0.5,-0.003020871568,4.61982621e-05,
3683,0.03989734097,-0.09851112398,9.865253736e-05,-0.0002464725841,-5.436824201e-05,0.00109397375,0.3,0.002722555191,-0.002525250116,9.089631811
3684,-1.070576098,-0.9490031682,-0.002335586549,-0.002085469398,-0.005134605855,0.005612598931,-0.6,-0.002041490577,-0.002629682521,
3685,0.3203146036,0.2100117786,0.0007019079046,0.0004720550176,-0.0006892031909,0.002075240353,-0.9,-0.0003879302772,0.001791746086,1.126881247
3686,-0.5116249592,-0.6182583411,-0.001123838249,-0.00137827057,0.002304300309,0.005866102793,-0.1,0.00364814426,-0.005895820757,
3687,-2.358597569,-2.702370701,-0.005680788751,-0.00668994308,-0.004888278236,0.007138443582,-0.8,-0.002819345669,-0.008542231834,
3688,-0.3199594354,-0.08037280646,-0.0007419489271,-0.0001952432633,0.001213466597,0.002229595873,0.4,0.006251127166,-0.00773502502,
3689,2.198547831,1.8796515,0.004472080842,0.003814320052,0.005422875442,-0.005734658705,-0.3,0.004788546046,0.004155615639,0.7355688971
3690,-0.137038814,-0.4913264851,-0.0003153822299,-0.001164017522,0.002389189972,0.001919777704,0.4,0.001699613471,-0.002330377931,
3691,-0.7209469283,-0.7764926192,-0.001862536003,-0.002116002168,0.000695163959,0.0009998799542,0.4,-6.018877235e-05,-0.003664883234,
3692,-0.05136534994,-0.09282105574,-0.0001121517795,-0.0002069254601,0.002000431983,0.001874880382,0.0,-0.001040741256,0.0008164376967,
3693,0.6556466868,0.2462565908,0.001497284857,0.0005881295582,0.0006452505522,-0.007028928249,0.1,-0.000591561912,0.003586131627,1.257684617
3694,-0.9070101357,-0.9771746472,-0.001912882065,-0.002116584716,-0.001355468926,0.008340766318,-0.1,0.0009206410001,-0.00474640513,
3695,-0.3469608341,-0.5717866258,-0.0007837290698,-0.001350375591,0.0008722469729,0.002174798182,-0.1,0.001817223589,-0.003384681728,
3696,-0.2404797703,-0.2865222556,-0.000538061207,-0.000665091466,-0.0006967212101,-0.002477486278,0.1,0.0002836680581,-0.001359790472,
3697,-2.166131365,-2.355842914,-0.004435340956,-0.005219951432,-0.008172547921,0.001791615487,0.5,-0.004748345543,-0.004122336369,
3698,-1.267432649,-1.104476889,-0.002559781322,-0.002356896673,-0.001962832403,-0.0005236042441,0.0,-0.002033488789,-0.003086073855,
3699,-0.1365186242,-0.390334701,-0.0003441682019,-0.001029339973,0.0008834969453,0.004373767303,-0.1,0.004454225619,-0.005142562023,
3700,-0.4718010331,-0.3303798575,-0.001185754199,-0.0008775412112,-0.0001310675538,-0.002836481598,0.9,-0.000971811974,-0.001399696423,
3701,-0.5973162029,-0.6265852694,-0.001442269662,-0.001530654825,-0.001154518679,0.00405878516,-0.3,-0.004677831241,0.001793291917,
3702,-1.027840829,-0.725962969,-0.002447459131,-0.001720494753,-0.003341643116,0.004905303528,-0.6,-0.00258343213,-0.002311486133,
3703,-1.153247911,-0.804243337,-0.002732870764,-0.001898082655,-0.003037777489,0.009407517977,-0.2,-0.003033337544,-0.002432403985,
3704,-0.6303835899,-0.7094184079,-0.001415714757,-0.001655146501,-3.86475294e-05,0.0003896809696,-0.3,-0.00204164825,-0.0007897812639,
3705,1.623229809,1.819027179,0.003918885892,0.004560084374,0.006891708867,-0.006189881726,1.0,0.01068297767,-0.002845205889,0.9848790174
3706,-1.491619904,-1.134489517,-0.003172429045,-0.002573151051,-0.002691555498,0.003362924164,-0.2,-0.005503583318,-0.0008412747719,
3707,-2.286600763,-2.907724199,-0.004797354364,-0.006510360523,-0.006383287108,0.01063027171,0.0,-0.001502909489,-0.008091799239,
3708,0.9111214418,1.276362412,0.00225720657,0.003353635495,0.004297885098,-0.001109040587,0.8,0.001095291217,0.003419121923,0.8798674142
3709,-0.01041051803,-0.2289577818,-2.702325528e-05,-0.000624867765,-0.0006257018387,0.005099559534,-0.1,2.468617119e-05,-7.873268174e-05,
3710,1.371792852,1.429762424,0.002815714004,0.002946803968,-0.001341322521,-0.0009112017119,0.0,0.003575840658,0.002055587349,0.6981450475
3711,-0.535409612,-0.8833734615,-0.001294121718,-0.002172384213,-0.0008799506759,0.003392359878,-0.6,0.0007333031898,-0.003321546625,
3712,-0.6201447133,-0.7100344507,-0.001499708939,-0.001774829593,-0.002870192181,-0.0003096026666,-0.6,-0.003289559594,0.0002901417169,
3713,0.9371741896,0.7528903122,0.002113923807,0.0017804428,0.004063147799,-0.002796518396,0.0,0.003198526669,0.001029320946,0.9626666146
3714,-1.99175904,-2.334030791,-0.004273913016,-0.005056623645,-0.005012713817,0.003540965208,-0.6,-0.004457160075,-0.004090665957,
3715,0.0008465302777,-0.0258886093,1.846610604e-06,-5.874655254e-05,0.001232438434,0.008460469694,-0.3,0.002406072266,-0.002402379045,274.6282635
3716,-1.33527671,-1.863614302,-0.002997517483,-0.004375249232,-0.004446366026,0.003817958601,-0.3,-0.0004344283798,-0.005560606586,
3717,0.07209351867,-0.05086844822,0.0001846627951,-0.0001240479714,-0.009094710533,-0.002583770332,0.5,-6.453748118e-05,0.0004338630714,2.639911355
3718,1.961724428,1.965239593,0.004497470768,0.004689686048,0.001821672588,-0.001016739465,0.8,0.003101244085,0.005893697451,0.6825673125
3719,0.1471426068,0.07114992008,0.0002976389921,0.0001524941924,0.001570641401,-0.004406904089,0.3,0.001126932395,-0.0005316544114,4.990198791
3720,-0.1142403007,0.1677994391,-0.0002481275467,0.0003667543591,-0.002895965551,-0.00127313244,-0.2,-0.003524480397,0.003028225303,
3721,-1.200470678,-1.142428791,-0.002365496264,-0.002403213924,-0.0005248538568,0.004423445582,-0.3,-0.003531867117,-0.001199125412,
3722,-0.7686490437,-1.004369368,-0.001897373724,-0.002587079885,0.003061405711,0.0004243721325,0.7,-0.004400168779,0.0006054213308,
3723,1.402154414,1.291160256,0.00299485856,0.002800070028,0.001568998511,-0.007058995991,0.4,0.001979769547,0.004009947574,0.5830462134
3724,-0.5363091647,-1.066772665,-0.001266237347,-0.002652705948,-0.001216395138,0.003310720975,0.3,-0.002602276263,6.980156873e-05,
3725,-0.8701748391,-0.9325509978,-0.002195416011,-0.002500259268,-0.004052557126,-0.002070765391,0.0,-0.003701582208,-0.0006892498143,
3726,-0.6318510264,-0.5598959107,-0.001580032227,-0.001475117171,0.0004410670959,0.0005519573986,-0.5,-0.0009060473204,-0.002254017134,
3727,-0.004114995441,-0.4409433298,-9.917559544e-06,-0.001100546893,-0.0004394216248,0.004024973842,0.2,-0.001949853488,0.001930018368,
3728,-0.6147024953,-0.593975536,-0.001376857437,-0.001364943083,0.0007739651716,-0.001145814579,0.4,-0.0041893301,0.001435615225,
3729,0.5450979408,0.6025266613,0.001192046784,0.001406315245,-0.006119120245,0.003300912135,-0.3,0.002587525151,-0.0002034315824,1.579922551
3730,1.760768235,1.715358761,0.003793168515,0.003841844954,0.00138677286,-0.002768190961,0.3,0.004179543245,0.003406793785,0.9635530594
3731,1.23037532,1.440911929,0.002698325582,0.003166751616,0.001561622037,-0.004434950862,-0.3,0.003376867267,0.002019783897,0.5456920437
3732,-1.193487198,-0.8426152327,-0.00266073832,-0.001980574517,-0.003298601184,0.0008186647535,-0.2,0.003794125722,-0.009115602363,
3733,0.4860073901,0.001260637008,0.001077870837,2.957319913e-06,-0.001500070411,0.00305807964,-0.1,0.007075429401,-0.004919687728,2.629291011
3734,-2.093001713,-1.958923027,-0.004315049012,-0.004256000681,-0.005412382786,0.01200703018,-0.8,-0.008523251792,-0.0001068462313,
3735,-1.381580262,-1.259126884,-0.003419068833,-0.003263827848,-0.0007546968351,0.005600350111,-0.9,-0.004886669169,-0.001951468497,
3736,0.4710959324,0.529891854,0.0009440560678,0.001134004183,0.002376231,-0.003285468221,0.0,0.002335607663,-0.0004474955273,1.931821042
3737,-0.8241536987,-0.6901806792,-0.002053593247,-0.001758128889,-0.003020960784,0.002633760696,0.3,-0.001679595608,-0.002427590886,
3738,0.5142650979,-0.023956069,0.001127124938,-5.428428324e-05,9.857577959e-06,-0.005890147781,-0.4,-0.001713459842,0.003967709717,0.9483930488
3739,-0.9789049323,-0.9569835339,-0.002570550434,-0.002675058302,-0.00317467649,0.003353399725,-0.9,-0.01171518716,0.006574086288,
3740,-1.558762085,-1.677326745,-0.003427006951,-0.003899864943,-0.003438203437,0.005803509952,-0.3,-0.004084171129,-0.002769842773,
3741,0.5298714837,0.4125064871,0.001172245931,0.0009298086291,-0.005213935782,-0.00479139862,-0.4,0.005553037709,-0.003208545847,1.434835962
3742,-1.163532852,-1.261093743,-0.00275341895,-0.00305139798,-0.00675308967,0.002866554796,-0.2,-0.00732529223,0.00181845433,
3743,-0.205797815,-0.06043903874,-0.0005227148255,-0.0001560714929,-0.001204108681,-0.00310519772,0.5,0.005080231991,-0.006125661642,
3744,2.079915003,1.541235776,0.004934205159,0.003658338033,0.003301247131,-0.007744082199,0.8,0.005383330299,0.00448508002,0.4452532462
3745,-1.244722828,-1.232205456,-0.002728211823,-0.002779317237,-0.001362830162,0.003883382405,-0.6,-0.007997608637,0.00254118499,
3746,-0.08485685331,-0.2788934252,-0.0002072783484,-0.0007009232587,-0.003826343973,-0.004702846734,0.0,0.0002773039961,-0.0006918606928,
3747,0.2052858371,0.5419820328,0.0004315088034,0.001085582069,-0.001425332045,0.001064938475,-0.7,0.0001003490786,0.0007626685281,2.318569469
3748,0.0967180856,0.1156733866,0.0002228175895,0.0002680760541,0.001093684346,0.002072562205,-0.5,-0.000310680416,0.000756315595,7.117514584
3749,0.052590742,-0.4106121742,0.0001179799736,-0.0009720173909,-0.003624148907,-0.001552786714,-0.7,0.006863669437,-0.00662770949,33.84300021
3750,0.354023195,0.4895814821,0.0007574538189,0.001076014343,0.001072707711,0.003643941302,-0.6,-0.000290894897,0.001805802535,1.680206009
3751,1.167958554,1.011381027,0.002846212864,0.002463879388,0.002209482619,-0.0006261518708,0.0,0.00036393376,0.005328491967,0.6112063936
3752,-1.498840949,-1.643342307,-0.003750808489,-0.004197882537,-0.007107010972,0.002447409311,-0.7,-0.002550804068,-0.004950812911,
3753,0.6241708562,0.6630559289,0.001470372993,0.001619893139,0.001720140602,-0.001607788896,-0.3,-0.0002575071529,0.003198253139,0.9309908881
3754,-1.319775805,-1.2890202,-0.003108994035,-0.003212184877,-0.001006865775,0.002858425811,-0.2,-0.002354133816,-0.003863854255,
3755,-0.05231438372,0.2214476466,-0.0001052280752,0.0004726932501,-0.00236029209,-0.003579563049,-0.2,0.004110407528,-0.004320863678,
3756,-1.040356876,-1.405213773,-0.002487670495,-0.003543710261,-0.005289609938,-0.002003408458,-0.2,-0.007854725086,0.002879384096,
3757,-2.286276322,-2.499485371,-0.005603986858,-0.006108589401,-0.004759058817,0.005549164401,-1.0,-0.0008738524901,-0.01033412123,
3758,-1.664405942,-1.558428749,-0.003721485364,-0.003526650897,-0.003008634211,0.004228781732,-0.7,-0.004717952575,-0.002725018153,
3759,-2.139984595,-2.114972492,-0.005066596196,-0.004982644154,-0.002881104292,0.0005012709248,0.3,-0.002714819375,-0.007418373016,
3760,0.1260848102,-0.1458691112,0.000249335038,-0.000285893234,0.0008936132739,-0.00434764803,-0.4,0.001406213479,-0.0009075434026,3.166626033
3761,0.4278189906,0.8349021745,0.0009881258231,0.002006370399,0.000821963598,-0.005371346787,0.3,-0.0005273126679,0.002503564314,2.242709793
3762,0.1264429201,0.06815366913,0.0002913634741,0.0001614802335,-0.002546532769,0.004749945352,-0.9,0.0006106372961,-2.791034802e-05,5.561572134
3763,-0.7654664745,-0.6803842437,-0.001690029332,-0.001524621892,-0.0002780522399,0.005866208142,-0.3,-0.005159142255,0.001779083592,
3764,-0.5796221605,-0.7422393432,-0.001356053236,-0.001775877169,-0.008261991039,0.00397901034,-0.5,-0.004124671487,0.001412565015,
3765,-0.3695400234,-0.4560921701,-0.0008292935406,-0.00105974054,0.001114150867,0.0004190944805,-0.1,-0.001568305285,-9.028179636e-05,
3766,0.1442359857,-0.06228204443,0.0003344931183,-0.0001509176897,-0.00114906379,-0.006672091446,0.6,-0.002212551953,0.002881538189,3.364742743
3767,-0.3734844717,-0.2562068646,-0.0008386336718,-0.0006093338367,-0.001197793952,0.008242230583,-0.9,-0.001730055133,5.278778985e-05,
3768,-2.472198022,-2.426237924,-0.006132969107,-0.006059097902,-0.0003581289657,0.008339263011,-0.8,-0.01592058154,0.003654643326,
3769,0.06650294117,-0.3217871682,0.0001526610894,-0.0007755361223,-0.003199794007,0.003373784293,-0.2,-0.002913680298,0.003219002477,14.4019513
3770,-0.9608094876,-1.150273375,-0.002146083369,-0.002774546209,-0.0007315923834,-2.589839894e-05,-0.3,0.0002524353604,-0.004544602099,
3771,-1.649409915,-1.854908213,-0.00355441375,-0.004126138217,-0.005140003045,0.003896058032,-0.9,-0.0003344560792,-0.006774371421,
3772,1.540286956,1.441820334,0.003604816372,0.003512056545,0.006191529995,-0.005230959354,0.9,0.0031519549,0.004057677845,0.4351972951
3773,0.06539221027,0.3310075832,0.000148059132,0.0007571459259,-0.000832128416,0.004453125391,-1.0,-0.001478241658,0.001774359922,9.953062737
3774,0.4081712468,0.1939029889,0.0008651687067,0.0004401690096,-0.002500490635,-0.006955398618,0.0,0.002909726926,-0.001179389513,1.728240531
3775,0.04454097727,0.0404836826,9.904316879e-05,9.302888131e-05,0.002246802343,0.0007849648935,-0.1,-0.001429388018,0.001627474356,12.60212728
3776,-0.2791967246,-0.3213612743,-0.0006501202449,-0.0007755475777,0.001172650878,-0.003246667911,0.3,-0.002234590356,0.0009343498658,
3777,0.5714481366,0.3110748332,0.001289311674,0.000727557412,-0.004868847197,-0.006481854671,0.2,-0.000564606704,0.003143230052,0.7025122707
3778,-0.03632562882,-0.1567585696,-7.858843762e-05,-0.0003482150179,-0.002918851549,0.002251437975,-0.2,0.001032661512,-0.001189838388,
3779,-0.5768634199,-0.3712547219,-0.001301062541,-0.0008737289225,-0.00377762122,-0.001370997149,-0.5,-0.0007704509354,-0.001831674146,
3780,-0.5765665589,-0.6982326711,-0.001306719672,-0.001609287519,0.002455991467,0.006412463285,-0.3,-0.002056956233,-0.0005564831117,
3781,1.321613847,1.45061487,0.00331760695,0.00372810167,0.0001723845406,-0.002538492371,0.1,0.005284800853,0.001350413047,0.8973408357
3782,0.2371194953,-0.1461178086,0.0005391413827,-0.0003414072156,-0.001136552983,0.007638903427,-0.1,0.0009333715129,0.0001449112525,2.222468349
3783,-1.590875114,-1.587922508,-0.003413399128,-0.003589673622,-0.0008031140174,0.002595975521,-0.8,-0.0004612688272,-0.006365529429,
3784,0.2499224997,0.08717221994,0.0006688486785,0.0002413804843,-0.0009652200715,-0.002614056606,0.7,0.00406733481,-0.002729637453,2.422821541
3785,0.04801506594,-0.0917659907,0.0001200875446,-0.0002463286636,0.003897503748,-0.001574001147,0.2,-7.768606569e-05,0.0003178611549,11.06621476
3786,0.3297300159,0.3819320077,0.0007742711981,0.0009160528305,0.00192053353,-0.0001880366852,0.3,0.0008527592588,0.0006957831375,2.264809101
3787,-0.6118129032,-0.5110282462,-0.001545033858,-0.001342616959,-0.001368094252,-0.00155123766,-0.4,0.0009128075629,-0.004002875278,
3788,0.05336207183,-0.1368987513,0.0001157466831,-0.0003076254139,-0.003770641373,-0.003143508276,0.1,-0.0002963121787,0.000527805545,18.75290072
3789,0.4989285426,0.5042327557,0.001336314446,0.001336084665,0.00597905667,0.0009480942343,0.0,0.00212986205,0.0005427668428,0.8302421045
3790,-0.3461359719,-0.1113660255,-0.0007510455842,-0.0002323755557,0.002800898318,-0.001223009746,0.0,0.0003646834441,-0.001866774612,
3791,-1.152620103,-1.484118067,-0.002463653246,-0.003313418157,0.0008400833844,0.003790473639,-0.5,0.001395411939,-0.006322718432,
3792,0.7951014423,0.7388549385,0.001851562938,0.001796474619,0.001802297482,0.001180268349,0.7,0.002925673593,0.000777452283,0.7346809652
3793,-1.982288505,-2.018518742,-0.004561328299,-0.00468317816,-0.004340134023,0.005215927783,-0.8,-0.003976420424,-0.005146236173,
3794,-1.092870795,-1.126091919,-0.002881193678,-0.002967486026,-0.006179901728,0.001480862422,-0.7,-0.006966232865,0.00120384551,
3795,-1.798686382,-1.13320136,-0.003665272639,-0.002456834827,-0.001884296652,0.005135779928,0.3,-0.002676461882,-0.004654083396,
3796,-1.868840322,-2.095428035,-0.004087832582,-0.004676782881,-0.004401257684,0.004235126441,-0.2,-0.001753072416,-0.006422592748,
3797,2.302983353,2.054077217,0.005446243907,0.004900054808,0.006459309636,-0.008137219513,0.4,0.006621352256,0.004271135558,0.4817235625
3798,-1.008699135,-1.2202303,-0.002154412671,-0.002640896357,-0.001452893324,0.006378678174,0.4,-0.004505171746,0.0001963464043,
3799,-1.758892689,-1.872713374,-0.004134564715,-0.004568264163,-0.005946608133,0.004080289452,-0.1,-0.006193048341,-0.002076081089,
3800,-0.1196255376,-0.1799419197,-0.0002639799937,-0.000416821656,0.004828103014,-0.001063387489,-0.5,0.0008066965939,-0.001334656581,
3801,-0.5209909332,-0.5721309748,-0.001247581857,-0.00139396798,1.657514396e-05,0.001865059671,0.4,-0.003003411132,0.0005082474183,
3802,-0.7664920394,-0.7622964491,-0.001843172601,-0.001825434906,-0.002737214048,0.005859613109,-0.4,-0.002143709979,-0.001542635223,
3803,-1.104824301,-1.455255406,-0.00240901432,-0.003269918374,-0.00275617011,0.006191517696,0.1,-0.002458663535,-0.002359365104,
3804,-1.740075037,-1.565003937,-0.003963760321,-0.003638003006,-0.001013828132,0.007945844954,-0.8,-0.005126784723,-0.00280073592,
3805,-1.627075896,-1.468213578,-0.003791529133,-0.003617488734,-0.0003366274259,0.00485352261,-0.6,-0.00198835071,-0.005594707555,
3806,0.9391455293,1.113897238,0.002041673084,0.002492551362,0.00370394704,0.001427398322,-0.3,-0.002442789389,0.006526135556,1.137170235
3807,-0.1903987913,-0.6048242734,-0.0004390875105,-0.001483222981,0.001485024477,-0.0028181179,-0.5,-0.001925671048,0.001047496028,
3808,-1.418174482,-1.423199062,-0.003043434441,-0.003191724892,-0.001696463638,0.007012107281,-0.9,-0.003310974557,-0.002775894325,
3809,-0.8572137742,-1.37720764,-0.002050648704,-0.00345241383,-0.002276704676,0.0009862040977,-0.9,0.0009943412275,-0.005095638636,
3810,1.345296462,1.146240443,0.003364562549,0.002936251851,-0.001385379971,-0.003354829754,0.8,0.005643799119,0.001085325978,0.5110090355
3811,-2.567548044,-2.616407789,-0.005617302341,-0.005716500672,-0.007731807132,0.007643935061,-0.9,-0.004566327481,-0.006668277201,
3812,-2.189820199,-2.379651531,-0.005059434554,-0.00544630672,-0.007320887634,0.003028868268,-0.2,-0.007884234685,-0.002234634423,
3813,2.592426351,2.346667524,0.006353698194,0.005860331937,0.002815184457,-0.006009046994,0.4,0.01005732691,0.002650069478,0.4973411145
3814,-1.447615341,-1.434689889,-0.003193890176,-0.003155212969,-0.004948722962,0.01071932519,0.3,-0.007041563386,0.0006537830339,
3815,-0.3511891769,-0.3031626472,-0.0008747835117,-0.0007684154008,-0.002329253709,-0.000754122289,-0.1,0.001503483461,-0.003253050484,
3816,0.3181813464,0.1844847706,0.0007927530675,0.00046556245,0.003078162515,-0.005154379096,0.8,0.00367878728,-0.002093281145,2.767172024
3817,-0.2893005433,-0.5445673374,-0.0007125418653,-0.001412187811,-0.001468366883,-0.004613637103,0.1,-0.005814059817,0.004388976086,
3818,-2.01021276,-2.270068194,-0.00438140244,-0.005092741054,-0.005797062712,0.00513874047,0.3,-0.003687401879,-0.005075403001,
3819,-1.459569681,-1.336250288,-0.003036759234,-0.002909036826,-0.003118521332,0.001888371778,-0.7,-0.0008565229288,-0.00521699554,
3820,-0.5659751595,-0.8619758714,-0.001210173337,-0.001936213416,-0.003222814798,0.002904835223,0.3,-0.003976012579,0.001555665905,
3821,-1.246341032,-0.9081029724,-0.002724521001,-0.002029560108,-0.004252052539,0.002306240081,-0.9,-0.002310614153,-0.003138427849,
3822,-2.325707171,-2.602901067,-0.004690234444,-0.005450422483,-0.007875705275,0.002251179833,-0.2,-0.005769569433,-0.003610899455,
3823,-0.9825390774,-0.9775679905,-0.002215149788,-0.002297143542,-0.005288387527,-4.868305664e-05,0.4,-0.003037979367,-0.001392320208,
3824,0.3957923038,0.6780556312,0.0009318436732,0.001650587224,0.002800349926,-0.002265763959,0.2,0.002548873926,-0.0006851865797,1.575459881
3825,-1.313426468,-1.612628468,-0.002972452922,-0.003648758388,-0.003621569465,0.004108942627,-0.9,0.0002000948893,-0.006145000733,
3826,-3.341823002,-3.625157549,-0.007645051579,-0.008466727281,-0.009414728147,0.009646454843,-0.8,-0.01082208388,-0.004468019281,
3827,-1.026723591,-1.110611327,-0.002170447891,-0.002387796982,-0.003902886941,0.006501673244,-0.9,0.001194589671,-0.005535485454,
3828,-1.083243678,-1.155601413,-0.002387443722,-0.002636462634,-0.003780913242,0.002547258288,-0.3,-0.0002880113644,-0.00448687608,
3829,0.9953588249,0.892356166,0.002476865456,0.002284786679,-0.0004328687959,-0.00305611302,0.3,0.001827284904,0.003126446008,0.4008016972
3830,-1.172607552,-0.7882151741,-0.00256991515,-0.001771993012,-0.004106946762,-0.0001592307265,0.0,-0.005287138138,0.0001473078368,
3831,-2.292293053,-2.150774127,-0.005022916884,-0.004940243126,-0.008193665267,0.005222798223,-0.2,-0.003753173147,-0.006292660621,
3832,-0.5942188579,-0.5310865451,-0.001327404547,-0.001222543395,-0.004654218084,0.007837891313,0.4,0.004265020823,-0.006919829917,
3833,-0.9496767045,-0.6621023765,-0.002353431878,-0.001702919668,-0.002263766082,0.005131739553,-0.3,-0.003682198565,-0.00102466519,
3834,-1.271503034,-1.484531831,-0.0027122447,-0.003226119546,-0.005044725034,0.008442614897,-0.2,-0.004337647775,-0.001086841624,
3835,0.3074778151,0.2513614853,0.0007199836235,0.0006002970442,-0.001578143276,-0.005612828352,0.7,0.003128553009,-0.001688585762,1.604638443
3836,-1.339503536,-1.22061421,-0.003187860592,-0.003138935328,-0.004338007688,0.004741016404,-0.3,-0.002629121402,-0.003746599781,
3837,-0.1288080768,0.0403982265,-0.0002835050906,9.154458665e-05,0.001919950887,-0.00122271132,-0.4,-0.003038972606,0.002471962424,
3838,-2.174397747,-2.471444645,-0.004969727071,-0.006022184687,-0.01027065936,0.008607528612,-0.4,-0.009375573005,-0.0005638811373,
3839,-2.084838467,-2.431979755,-0.005040197187,-0.006155607308,-0.00677242736,0.003380879042,-0.9,-0.005441010869,-0.004639383504,
3840,0.3405367644,0.3256846344,0.000735418266,0.0007437360485,-0.001350029143,0.001660735588,-0.9,0.001182040103,0.0002887964295,3.425466272
3841,1.967736871,1.851578395,0.004639855368,0.004568772764,0.006859055436,-0.00602743421,0.9,0.003947821501,0.005331889235,0.7756056665
3842,1.227742049,1.316668761,0.002660170496,0.002906910986,0.002303054803,0.0003439679195,-0.5,0.006986974492,-0.001666633499,0.9293304313
3843,1.257569618,1.269643173,0.002887282537,0.00290237546,0.002896708834,-0.003532980555,0.4,0.004309887915,0.001464677158,0.9599773393
3844,0.09292550162,-0.01028173346,0.0002117335133,-2.526517575e-05,-0.0003268179502,0.001405195218,-0.8,0.0006710662732,-0.0002475992465,9.134749637
3845,0.4076194825,0.06828136918,0.0009431586857,0.0001562307869,0.0008582785776,0.001405882794,0.4,0.003065490124,-0.001179172753,2.232459185
3846,-0.5356741775,-0.6600560919,-0.001168169908,-0.001475456713,-0.002637375033,0.007027882271,-0.9,0.0004652081355,-0.002801547951,
3847,0.08637233049,-0.1540127785,0.0001938255291,-0.0003488367051,0.002518335778,0.0004877610785,0.6,-0.0006809985449,0.001068649603,7.238725879
3848,-0.8676364681,-0.9329745742,-0.002150015655,-0.0023877759,0.001389180227,-0.001107495495,0.2,-0.0009752323702,-0.003324798941,
3849,-1.149084462,-1.332488103,-0.002678641948,-0.003293185731,-0.005058903739,0.01188847465,-0.6,-0.004249601637,-0.00110768226,
3850,-0.117144126,-0.4732661109,-0.0002601047925,-0.001101626938,0.004016873398,0.0006995600563,0.7,-0.00177393893,0.001253729345,
3851,1.623804288,2.052519215,0.003591636723,0.004591761821,0.006014540279,-0.002024793641,0.7,0.0006324967999,0.006550776646,0.4744794364
3852,-0.0447696724,-0.1555946247,-0.0001006205574,-0.0003566738309,-0.002150462021,0.0007951888393,-0.9,-0.004007042816,0.003805801701,
3853,-0.9076848877,-1.260938915,-0.001704398756,-0.002456266237,-0.003181092728,0.002083318961,-0.7,-0.004002089232,0.0005932917195,
3854,-1.135886138,-1.512453093,-0.002821787554,-0.003744334632,0.000197855385,0.001456833761,0.4,-0.002265513461,-0.003378061647,
3855,0.0312399422,0.1561560013,6.682167264e-05,0.0003598967562,-0.001515106236,-0.0008820785441,-0.2,8.934058157e-05,4.430276371e-05,17.47002605
3856,-0.8311590324,-0.5624685152,-0.001833675512,-0.001299578115,-0.004280605985,0.004737203539,-0.5,-0.0003708810116,-0.003296470013,
3857,1.178571452,0.9841821055,0.002403392529,0.002216661892,0.0009480389131,-2.938672679e-05,-0.4,0.0007154444186,0.00409134064,0.4872194971
3858,-1.278473248,-1.179400497,-0.00239630104,-0.002303001539,-0.007462616874,-0.001392939453,-0.1,-0.0005522006737,-0.004240401406,
3859,-0.6707442826,-0.6735222147,-0.00147315146,-0.001551651526,-0.005085909247,0.004428320283,-0.7,0.004237748849,-0.00718405177,
3860,-0.03288792291,-0.2063406787,-7.444959952e-05,-0.0004933020163,0.0007542067007,0.003367823788,-0.8,0.0001967915746,-0.0003456907736,
3861,-1.915018674,-1.897252816,-0.004500499876,-0.004668609293,-0.005056144402,0.007171491552,-0.9,-0.01134024313,0.00233924338,
3862,0.05938722467,-0.139795358,0.0001404355625,-0.0003352391986,0.002808035405,-0.001644320191,0.1,-0.00119780359,0.001478674715,11.64834365
3863,-0.06525500783,-0.03229901758,-0.0001449658246,-7.558564883e-05,-0.0007724433783,-0.003135132567,0.0,-0.0008631684458,0.0005732367966,
3864,-2.883887701,-2.886276823,-0.005864814911,-0.006023066519,-0.00465472974,0.01051336795,-0.9,-0.006093735233,-0.005635894589,
3865,0.03598259189,0.1275583764,8.584618819e-05,0.0003260120739,-0.000417955421,0.002696409431,0.4,0.00338330437,-0.003211611994,12.1745577
3866,2.052117494,1.69979727,0.005105274331,0.004258537933,0.004827451087,-0.009079102108,-0.3,0.003910463351,0.006300085311,0.368940863
3867,-1.564264526,-1.700634962,-0.003635807312,-0.003986220131,-0.001135223493,0.001223113263,-1.0,-0.005241643439,-0.002029971185,
3868,-0.1747622103,-0.3355520087,-0.0003988445828,-0.0007938385247,0.001226464851,-0.00149575519,0.7,0.002421682664,-0.00321937183,
3869,-0.3562918252,-0.4106312069,-0.0007786313606,-0.0009491497239,-0.002378560359,0.005566674983,-0.4,-0.004778807146,0.003221544425,
3870,0.2433953798,-0.08523305106,0.0005468462619,-0.0002057591546,-0.0008903579299,-0.004779041165,0.6,0.002985231204,-0.00189153868,3.027467437
3871,-0.8733004656,-0.8636559346,-0.002152917339,-0.002179295971,-0.003007333596,0.008476835332,-0.6,-0.00276483256,-0.001541002117,
3872,-0.2625294123,0.306879891,-0.0005730642876,0.0006693237244,-0.006958373085,0.003593966611,-0.5,-0.002276222942,0.001130094367,
3873,-2.213611303,-1.919606891,-0.005114126753,-0.004612045421,-0.0007335572681,0.007423248342,-0.4,-0.00696364485,-0.003264608656,
3874,-1.516658467,-1.57577209,-0.003215933594,-0.003370560272,-0.001822328346,-0.004846320178,0.8,-0.005470546943,-0.0009613202438,
3875,-0.3223894984,-0.1029771126,-0.0007821058455,-0.0002567913792,-0.002794142324,-0.000448355032,0.5,-0.001176652406,-0.0003875592846,
3876,-0.1080196697,-0.3782446517,-0.0002375801781,-0.0008649090664,-0.002536409471,0.006150004455,-0.6,0.001997526625,-0.002472686981,
3877,-0.66869303,-0.7589209066,-0.001533474063,-0.001821841563,-0.00368351185,-0.0001657780386,-0.2,-0.002938381624,-0.0001285665025,
3878,1.327505364,1.349662931,0.003243212023,0.003305249596,0.006399219212,-0.001943191017,0.4,0.003118404298,0.003368019749,0.6030028442
3879,-0.04481245562,-0.5898203311,-0.000100754373,-0.001374287477,-0.004911050572,0.001135508158,-0.4,0.0028497742,-0.003051282945,
3880,-0.5079471367,-0.6184420065,-0.001152131553,-0.001408432446,-0.004137978477,-0.002536568279,0.0,0.003579182085,-0.00588344519,
3881,0.414468044,0.4802516803,0.001065036833,0.001298558766,-0.001232603339,-0.0008380693606,0.3,0.008017577415,-0.005887503749,3.359351953
3882,0.2759957465,0.3176223655,0.0006464233946,0.0007928811796,-0.0002736061011,0.000666241219,-0.2,-0.001466809762,0.002759656551,1.895496089
3883,-0.2216127275,-0.485490544,-0.0005496909281,-0.001280683693,-0.001563317576,0.005515732162,0.4,0.002747143588,-0.003846525444,
3884,0.822127855,0.8423129463,0.002047686356,0.002196276305,-0.002315383714,-0.0003034563743,-0.6,0.00419101475,-9.564203755e-05,0.7037590029
3885,-0.01397776358,-0.04958585245,-3.367003139e-05,-0.0001207617344,0.0006082642695,0.004119571509,0.4,0.003522504839,-0.003589844902,
3886,0.5824090538,0.06582862646,0.0011845257,0.0001415454472,-0.001215734782,0.0004446978047,0.0,0.0002604633286,0.002108588071,0.777536219
3887,1.431724133,1.45483093,0.003298343178,0.00333621253,0.001207246186,-0.005851533655,0.8,0.004699151467,0.001897534889,0.6816908882
3888,-0.5298261151,-0.6588606147,-0.001253135901,-0.001608866313,-0.00495063464,0.008560315743,-0.6,0.0005646466285,-0.003070918431,
3889,-0.9943129258,-0.6704308805,-0.002258209246,-0.001641874921,-0.00222459611,0.000848345758,0.3,-0.001116504617,-0.003399913875,
3890,0.1128467174,0.2999987376,0.0002387174212,0.0006733822125,0.002925936428,-0.0009172823402,-0.3,0.004238695811,-0.003761260969,5.016967747
3891,0.6788109751,0.7025266294,0.001601639469,0.001735659346,0.001618757081,-0.003568095398,0.6,0.001521888747,0.001681390192,1.290646076
3892,-1.743564401,-1.947479949,-0.004043933965,-0.004665615727,-0.008107818862,-0.000603654531,-0.5,-0.00693776015,-0.001150107779,
3893,-1.715142968,-2.050695658,-0.003928289546,-0.004976690639,-0.0056154674,0.007476901237,-0.2,-0.001725654206,-0.006130924886,
3894,-0.5166316796,-0.5543242604,-0.001323535156,-0.001505889707,-0.005857122238,-0.002998283867,-0.7,-0.002508641701,-0.0001384286119,
3895,-1.146764954,-1.106796088,-0.002534192425,-0.002531644147,0.0002996446851,-0.001178486736,0.0,0.002103957715,-0.007172342565,
3896,-0.7871143051,-0.7919391614,-0.001890729476,-0.001980170036,-0.004676032534,0.0004698251117,-0.1,-0.0008837055124,-0.002897753439,
3897,-0.8712611221,-0.9899366141,-0.001987979744,-0.002345437705,-0.003555332292,0.003351825357,-0.5,-0.003694262966,-0.0002816965227,
3898,-0.9754939092,-1.003459306,-0.002202435561,-0.00233036505,-0.000849900816,0.008087173674,-0.6,0.002200198562,-0.006605069683,
3899,-1.069495045,-1.21951918,-0.002466532713,-0.002931620677,-0.003174560413,0.009477153872,0.0,-0.001081334602,-0.003851730824,
3900,0.6036292758,0.04536953598,0.001584451993,0.0001261384972,0.001060422208,-0.003073731631,0.2,0.005863355105,-0.002694451119,2.021430157
3901,0.1745032672,0.01213473083,0.000409558213,2.906574253e-05,-0.00435330331,0.0007500149507,-0.2,-0.004660784964,0.00547990139,4.571511078
3902,-0.5649230136,-0.5861748305,-0.001205118967,-0.001327660875,-0.004306622601,0.005062906969,0.3,-0.0004794271063,-0.001930810829,
3903,0.4401631553,0.2583607617,0.0009517707796,0.0005714627409,-0.001431023833,-0.003894365956,0.3,0.002717557064,-0.0008140155047,1.851831762
3904,-0.2658018339,-0.1905082125,-0.0006557089158,-0.0004923265255,-0.005347023236,-0.0007304841503,-0.7,0.002257300363,-0.003568718195,
3905,0.7770507561,0.9933847155,0.001798479746,0.002352990729,0.006958899428,-0.001715002961,0.1,0.003495596833,0.0001013626589,0.5452624235
3906,1.022414476,0.5186917933,0.002265064066,0.001221794683,0.001537931775,-0.005422424332,0.5,0.005358605649,-0.0008284775169,0.7528500324
3907,-1.042982695,-0.7103589441,-0.00224273182,-0.001634856478,-0.002691252341,-0.002627624154,-0.4,-0.002790216008,-0.001695247632,
3908,-0.8004447836,-0.7719622111,-0.00180189638,-0.00185696116,-0.00240806915,0.002979443128,-0.4,-0.003455053198,-0.0001487395611,
3909,-0.291770682,-0.06880172145,-0.0006049587527,-0.0001482425311,-0.003971887587,-0.00228668684,-0.7,0.000920542326,-0.002130459831,
3910,0.06031596372,0.06898269278,0.0001258647114,0.0001455097818,0.003193204073,-0.001953126161,0.6,0.001849177964,-0.001597448541,5.73520887
3911,0.498993842,0.2809899169,0.001160433763,0.0006801905411,-0.00395195864,-0.006880743765,0.3,-0.001446397307,0.003767264833,1.036729825
3912,0.8680955228,0.8313514701,0.001904359332,0.001868344944,0.001248533192,-0.005264177447,-0.4,0.003236602895,0.000572115768,0.8022283384
3913,0.08691404079,0.2357646177,0.000199892934,0.0005652553588,0.0007596161392,-0.00327737552,0.3,-0.002066845122,0.00246663099,9.726949485
3914,-1.756578032,-1.690147634,-0.003732901334,-0.003706705856,-0.004989453911,0.004322978092,-0.6,-0.009166921577,0.00170111891,
3915,-2.536514055,-2.781578506,-0.006412446033,-0.007157868647,-0.008365917882,0.006551781215,-0.2,-0.003057808011,-0.009767084054,
3916,0.8882353512,0.6686779848,0.002207980025,0.001677429289,0.002371168522,-0.0009174877355,-0.4,0.001414132191,0.003001827859,1.449785837
3917,-1.514246699,-1.66036873,-0.003992756188,-0.004472999675,-0.002239704572,0.006223473423,0.0,-0.005777782922,-0.002207729453,
3918,-1.095005224,-1.092524324,-0.002618532841,-0.002646401538,-0.001209267244,0.002688138453,0.1,-0.002512989192,-0.002724076489,
3919,1.374512093,1.21858569,0.003496454802,0.003212981401,0.000843643982,0.001566802783,-0.3,0.003280907696,0.003712001909,0.5554525678
3920,-0.4237329217,-0.7854012282,-0.0009300628274,-0.001796681551,-0.004083962805,0.0006604991442,-0.7,-0.001502265549,-0.0003578601056,
3921,-1.426446209,-1.877312827,-0.003213969304,-0.004323304502,-0.003965528764,0.001378774408,-0.9,-0.004735349604,-0.001692589005,
3922,0.3631499647,0.4925800344,0.0007502376344,0.001053497725,-0.000875318955,-0.003895611815,0.3,0.003869310527,-0.002368835259,1.862643139
3923,-2.302557154,-1.947262662,-0.005230668873,-0.004636242297,-0.001749003797,0.001721738128,0.3,-0.002955349313,-0.007505988432,
3924,-2.265715703,-2.175504178,-0.005057851032,-0.005079524789,-0.009499735742,0.007115624235,-0.9,-0.006695542419,-0.003420159645,
3925,1.256792825,1.039619379,0.003223609033,0.002736538779,0.001795006168,-0.003719724592,0.4,0.00674275899,-0.0002955409234,0.7618833115
3926,-1.075127145,-1.288630405,-0.002418157071,-0.00297859741,-5.871026344e-05,0.006851331075,-0.1,-0.001789167512,-0.00304714663,
3927,0.3252785302,0.2338805523,0.0007502717121,0.0005623000094,-0.0001822200932,6.294750404e-05,0.4,0.0008365154046,0.0006640280195,3.04751707
3928,0.7343216279,0.4350855049,0.001571768947,0.0009765252584,-0.005192890887,-0.007071556744,0.6,0.0008599826997,0.002283555194,0.5939271035
3929,-1.230648493,-1.59722934,-0.002870135645,-0.003792060687,-0.006297002568,0.005042301596,-0.6,-0.002481108366,-0.003259162924,
3930,-2.587137468,-2.676073525,-0.006332706923,-0.006959685551,-0.007598066119,0.007769596001,-0.4,-0.01090520884,-0.00176020501,
3931,1.3550467,0.9498687922,0.002801995163,0.002037561469,0.004396836197,0.0002576875453,0.0,0.004196064737,0.001407925589,0.3461344688
3932,-0.2187098436,-0.4738239372,-0.0004853743949,-0.001031574026,-0.001744380488,-0.002597478111,-0.4,-0.0009568298064,-1.391898345e-05,
3933,-1.329575677,-1.738471775,-0.003174266441,-0.004490037174,-0.003690251009,0.006014182506,-0.8,-0.005037447741,-0.001311085141,
3934,-2.093637487,-2.211041117,-0.004876049396,-0.005319384199,-0.0009830588165,0.005342696932,-0.5,-0.001508413759,-0.008243685033,
3935,-1.36131639,-1.471472552,-0.003047085046,-0.003430742512,0.0006916891795,0.003439215355,-0.6,-0.003145128326,-0.002949041766,
3936,-0.842031205,-1.29567859,-0.001941236016,-0.003043582854,-0.00565332666,0.004662643879,-0.6,-0.001165776793,-0.002716695239,
3937,-0.3425463814,-0.4355824685,-0.0007322523127,-0.0009686067808,-0.001208472405,0.001850804718,0.4,0.0006088078495,-0.002073312475,
3938,-1.582356381,-1.827181682,-0.003810301094,-0.004443830333,-0.000124594335,0.004808502083,-0.8,-0.000731746924,-0.006888855264,
3939,-0.2929564863,-0.6210594424,-0.0007114737926,-0.001588659263,-0.0006077695436,-0.0003229553126,-0.5,0.0008326873433,-0.002255634928,
3940,0.4488106102,0.4187360569,0.001048235765,0.0009875202885,-0.0060788037,-0.004536099134,-0.2,-0.0005114139998,0.00260788553,1.965217019
3941,-0.9889978092,-1.057444358,-0.002068257308,-0.002304274945,-0.002992963677,0.001375812976,-0.2,-0.003153486427,-0.0009830281888,
3942,-0.8292447677,-1.137557032,-0.001821608637,-0.002528803842,-0.002145524138,0.002794212386,-0.4,-0.00160943596,-0.002033781313,
3943,-0.2887526373,-0.09574949211,-0.0007630630613,-0.0002616398506,0.001878377109,0.006132050062,-0.1,-0.003362300232,0.001836174109,
3944,-0.7368634375,-0.7237071797,-0.001749105573,-0.001708463348,-8.520853328e-05,0.008789104853,0.4,-0.004050439518,0.0005522283733,
3945,-0.05289340736,-0.2826259395,-0.0001167239186,-0.0006624966055,-0.00285771526,-0.0002597618951,0.0,0.0004356128987,-0.0006690607359,
3946,0.439854616,0.1918390331,0.00106017989,0.0004613365074,0.001496433759,-0.0008364764113,0.3,-0.0001440969348,0.002264456715,0.6083978295
3947,-0.558070905,-0.3570561716,-0.001325440094,-0.0008587604767,0.001039554988,0.005263648698,-0.8,0.001446612075,-0.004097492263,
3948,0.5967685009,0.4742749854,0.001395265334,0.001135669788,0.003259314867,0.002287033886,0.0,-0.001025859694,0.003816390363,1.193425957
3949,-1.132468874,-0.9942304026,-0.002402799709,-0.002233644714,-0.003449899614,0.004988119391,-0.9,-0.005632265335,0.0008266659166,
3950,1.51639429,1.542660947,0.00357708716,0.003658584555,0.004334922692,-0.004236388179,0.4,0.001372850245,0.005781324075,0.6059300286
3951,-1.340884419,-1.163717529,-0.003141688943,-0.002771580197,-0.001837788664,0.006588418092,0.3,-0.0009440616783,-0.005339316208,
3952,0.3982776136,0.540191778,0.0009610478119,0.001377721604,0.00251320842,-0.002042764461,0.0,0.00186029217,6.180345366e-05,0.9859909436
3953,-0.6705315721,-0.8034307207,-0.00170185132,-0.002023234803,-0.00262391598,0.006074367539,-0.9,-0.002146960219,-0.001256742422,
3954,0.4544210273,0.4940256761,0.001016353531,0.001153923082,0.002729404114,0.005413225998,0.2,-0.001771147614,0.003803854676,1.730056771
3955,-0.326700377,-0.6604600459,-0.000740768707,-0.001536275131,-0.004213906775,-0.002810700707,-0.2,-0.001248365732,-0.000233171682,
3956,-0.9260985616,-0.6477735469,-0.002179547819,-0.001603415245,-0.003614275866,0.0001418046543,-0.3,-0.003824228433,-0.0005348672057,
3957,-2.70649414,-2.365501821,-0.006066767088,-0.005599894502,-0.008067384787,0.005992033496,-0.4,-0.008742029462,-0.003391504714,
3958,-0.4903853686,-0.2509465763,-0.001022573789,-0.0005334658652,-0.0006364271608,-0.003753875367,0.5,-0.0006579412844,-0.001387206295,
3959,-0.05344919788,-0.2005640897,-0.0001152372821,-0.0004492933449,0.005033179475,-0.003262349752,0.2,0.002054196638,-0.002284671202,
3960,-0.09244635676,-0.1109417821,-0.0002287137993,-0.0002821922493,-0.001155011312,-0.0003255415524,-0.7,-0.003607063432,0.003149635833,
3961,-0.1198233723,-0.2216477666,-0.0002180753973,-0.0004205856602,-0.0031165592,0.002931800833,0.0,-0.003467563213,0.003031412419,
3962,-1.68948416,-1.618567684,-0.003565750119,-0.003569664033,-0.002313022763,0.006873951616,-0.9,-0.006043933378,-0.001087566859,
3963,-0.1313486237,-0.3978147986,-0.0003331093696,-0.001031216,-0.002513709281,-0.003278985954,0.1,0.0003253629492,-0.0009915816883,
3964,-1.016588165,-1.220264403,-0.002554809754,-0.003132543576,-0.00680715258,0.002969176773,0.0,-0.002204457391,-0.002905162116,
3965,-0.2912331513,-0.3218296651,-0.0006683778701,-0.0007656073879,0.002906464171,0.004029503476,-0.1,0.0003158520614,-0.001652607802,
3966,-0.9215135815,-1.155984377,-0.00217049194,-0.002918508978,-0.003229157381,-0.001984567259,-0.8,-0.0002852606291,-0.004055723251,
3967,-1.076152155,-1.197513827,-0.002362436326,-0.002670210526,-0.003979900366,0.01096401568,-0.2,-0.00245824011,-0.002266632543,
3968,-0.8932651764,-1.433962151,-0.001914444065,-0.003104214161,-0.005422981646,0.005504321482,-0.6,0.0009717626178,-0.004800650748,
3969,0.08616201627,0.04046701439,0.0002003577715,9.78833164e-05,0.0008667424105,0.001575441857,-0.1,-0.0002377003095,0.0006384158524,1.703887762
3970,-1.818532855,-1.842033496,-0.003753918684,-0.003961129361,-0.005812154892,-0.001077896857,0.0,-0.003804131107,-0.003703706261,
3971,0.9500921354,1.346329276,0.002136730462,0.003224603123,0.004021561439,-0.004518282841,0.6,0.0009576711909,0.003315789733,1.202150483
3972,0.7220208852,0.2521874996,0.001468128454,0.000522835931,0.003515902301,-0.005062714017,0.6,0.001987540418,0.0009487164893,0.8725435534
3973,1.400696466,1.405371036,0.003282467501,0.003463755137,0.002809298838,-0.004473486077,0.3,0.005341335882,0.001223599119,0.8208082992
3974,2.282259249,2.125059334,0.004680430234,0.004448560423,0.003648589465,-0.006036380681,0.1,0.003392840361,0.005968020106,0.3636451957
3975,-0.1912774628,-0.4216635249,-0.0005019479202,-0.001233768233,-0.004411776286,0.004582014225,0.3,0.006008086846,-0.007011982687,
3976,-0.6343063338,-0.4373069817,-0.001399937952,-0.001057135221,8.710952321e-05,-0.0004407537229,0.2,-0.00364435664,0.000844480735,
3977,-1.046037564,-1.142095354,-0.002383038746,-0.002743013926,-0.003070728719,-0.00121907505,-0.7,0.001431012942,-0.006197090435,
3978,-1.269659004,-0.7933351795,-0.002728217453,-0.001777280746,-0.001244074208,0.005324489115,0.4,-0.005204141401,-0.0002522935044,
3979,-1.398851773,-1.350719447,-0.00346856073,-0.003347099388,-0.004198403289,0.001974617681,-0.2,-0.007578168396,0.000641046935,
3980,1.141018297,1.017112654,0.002552868453,0.002296577262,-0.001593349608,-0.002589992737,0.1,0.001798178528,0.003307558378,0.6428793858
3981,0.3595923181,0.2713547672,0.000837987403,0.0006614493215,-0.002560907176,-0.001121286968,-0.7,0.003440736485,-0.001764761679,1.747951448
3982,1.77089137,2.083076835,0.003938933901,0.004938979307,0.002097659244,-0.0006530310765,0.2,0.006262008122,0.00161585968,0.5856163753
3983,-1.592850896,-2.169554555,-0.002929763182,-0.004143311009,-0.002275599004,-0.001555194444,0.0,-0.0008140203545,-0.00504550601,
3984,-2.76636446,-3.010489175,-0.006918291228,-0.00799221166,-0.005067941837,0.007124045309,-0.8,-0.01113796339,-0.002698619064,
3985,-0.5977254453,-0.7319764084,-0.001395873466,-0.00175442148,-0.000574523209,0.006369695471,-0.3,-0.0009536873447,-0.001838059587,
3986,-3.939728739,-4.017964556,-0.008606101288,-0.009331052612,-0.0118835731,0.012588246,0.1,-0.008950110367,-0.008262092208,
3987,-1.424457917,-1.458638765,-0.003209927502,-0.003393556096,-0.0009980691587,0.007992116638,-0.8,-0.006494357766,7.450276213e-05,
3988,-2.032404568,-2.003118525,-0.004810991719,-0.00492846628,-0.004690632777,0.009295871471,-0.2,0.005915410497,-0.01553739393,
3989,1.042327243,0.9781641305,0.002654491601,0.002519864362,0.0006879168778,-0.002261770722,0.8,0.001932205261,0.00337677794,0.5166603228
3990,-2.274211982,-2.172417079,-0.005535072796,-0.00537327155,-0.005826944429,0.005555589168,-0.4,-0.003644024352,-0.00742612124,
3991,-1.539992192,-1.313707992,-0.003920694671,-0.003378376286,-0.01017920332,0.00944127373,-0.4,-0.00520648052,-0.002634908821,
3992,-1.147011421,-1.140280148,-0.002960282501,-0.002915875612,-0.001177520666,0.007807510635,-0.3,0.002314287387,-0.00823485239,
3993,0.0548054026,0.2463956893,0.0001154597625,0.0005414400514,0.003909822782,-0.002657315386,0.2,0.002364516053,-0.002133596528,6.372910392
3994,0.7549046155,0.9052139519,0.001631128764,0.001990561663,-0.0002181176271,0.001196825634,0.5,0.004564206244,-0.001301948716,1.962047279
3995,-1.093397867,-0.9044685546,-0.002499260761,-0.002094269261,-0.0007576712167,0.002489600049,-0.1,-0.0003297068957,-0.004668814625,
3996,0.08228374493,-0.1957336518,0.0001867439984,-0.0004702165195,-0.002098762345,0.007725855807,0.3,-0.001487580755,0.001861068752,7.357372714
3997,0.2163591208,0.3497929592,0.0004400875528,0.0007462029115,0.001276935857,0.003691267603,0.4,0.003165092352,-0.002284917246,3.153146054
3998,0.2314029207,0.3673357545,0.000533801645,0.0008663954935,-0.003165406341,0.0001259827204,0.0,0.001022757913,4.484537738e-05,2.432033147
3999,0.4263604549,0.4715196848,0.00108888369,0.001250115036,0.003693878645,-0.004298264756,0.6,0.005964963185,-0.003787195804,2.434959021
4000,1.477269446,1.139867443,0.003162531706,0.002449545604,0.003623728358,-0.00886217643,0.5,-8.457313126e-06,0.006333520725,1.059187476
4001,1.014104266,1.113431164,0.00253130631,0.002875794051,0.003599398909,-0.006310741332,0.9,0.00275815183,0.00230446079,1.200592224
4002,-0.5974068657,-0.8036139623,-0.001431147856,-0.002023920101,-0.003960515719,-0.0006680388376,-0.7,0.003095930824,-0.005958226536,
4003,-1.751884306,-1.554637193,-0.004034695552,-0.003671654778,-0.005983217773,0.009148768847,-0.1,-0.004025725349,-0.004043665755,
4004,-1.468065014,-1.525719044,-0.003634577105,-0.003999062517,0.00182089835,0.003841908222,-0.1,-0.004427899152,-0.002841255058,
4005,-0.1768287808,-0.6003761884,-0.0003980204567,-0.001338173789,-0.003789659866,-0.006021961706,-0.4,-0.001418087464,0.0006220465503,
4006,-0.6386707386,-0.6308503653,-0.001479055896,-0.001508547959,-8.921711922e-05,0.009795986626,-0.5,-0.001702764196,-0.001255347597,
4007,0.6919253892,0.5372033453,0.001708643636,0.001359687352,0.005338983483,-0.005389491214,0.6,0.001455583659,0.001961703613,0.7229916467
4008,0.6097559239,0.6266587776,0.001347516364,0.001448822204,0.004812062153,-0.003241341334,0.4,4.198419744e-05,0.002653048532,0.9127044344
4009,0.7270788489,0.9250950531,0.001585840712,0.002074438489,0.005348664243,0.003035241271,-0.5,0.003365712149,-0.0001940307251,1.436899171
4010,-1.932581545,-1.883958047,-0.004233911531,-0.004180778926,-0.005259575266,0.00719365833,-0.9,-0.003023916876,-0.005443906187,
4011,0.2473336178,-0.07170331673,0.0005136565502,-0.0001551164362,0.001279261116,0.002428791825,-0.5,-0.002755961967,0.003783275067,3.038032074
4012,0.614402598,0.5110207289,0.001529076255,0.001291120935,-0.0003797682981,-0.003109184319,0.8,0.004484831337,-0.001426678827,1.664978784
4013,-3.38545501,-3.048977694,-0.00810876303,-0.007617578317,-0.002309373146,0.01583883083,-0.6,-0.01215327934,-0.004064246721,
4014,0.1734799447,0.2889104304,0.0003852569377,0.0006583495051,0.004359640611,-0.0003930255068,-0.3,0.001662985258,-0.0008924713829,5.759482917
4015,0.5804846688,0.5007630338,0.001492828619,0.001279447726,-0.003478092811,0.001321089093,-0.2,0.004614294249,-0.00162863701,1.595747783
4016,0.7318851126,0.7231676031,0.001833601985,0.001778234942,0.002330157313,-0.0002525657148,0.2,0.002607358775,0.001059845195,0.8325885705
4017,2.401456111,2.282539939,0.005117917742,0.005267862901,0.007847294775,-0.008548727639,0.4,0.007299262984,0.0029365725,0.3830000224
4018,0.4555402434,0.3692736833,0.0009286925032,0.0007751067416,0.0002393303694,-0.0007126816954,0.9,0.002921364237,-0.001063979231,0.9562879845
4019,1.596570245,1.806331672,0.003607643333,0.004093569543,0.007037810497,-0.00786343583,0.4,0.005533747024,0.001681539643,0.5209000222
4020,-2.045651693,-2.063806718,-0.005414177696,-0.005572303059,-0.006065706484,-0.0006353000602,0.5,-0.006617734336,-0.004210621056,
4021,-2.407094264,-2.312528833,-0.00529503581,-0.005239747059,-0.001532723306,0.008732263206,-0.1,0.002226373049,-0.01281644467,
4022,-1.49102263,-1.459898975,-0.003212631713,-0.003334321884,-0.00227186037,0.004274941345,-0.2,-0.002403531546,-0.004021731879,
4023,-0.4420958706,-0.757809173,-0.001068719029,-0.001861528099,-0.004679841027,-0.001933185653,-0.2,-0.001815991711,-0.0003214463472,
4024,-0.5548992831,-0.7107434931,-0.001234476714,-0.001640933019,-0.006915110203,0.002168426887,-0.9,0.0005745113688,-0.003043464796,
4025,-0.6761859683,-0.6505370038,-0.001544633615,-0.001520748818,-0.005182644453,-0.003387017844,-0.7,8.230295383e-06,-0.003097497526,
4026,1.438064278,1.339855265,0.0037255276,0.003617484362,-0.003207892158,-0.007265259457,-0.4,0.002643992702,0.004807062497,0.5583217631
4027,2.101551467,2.00562138,0.004844099533,0.004818113768,0.003257513853,-0.004614289611,0.4,0.00724035429,0.002447844777,0.3745843261
4028,-0.882535211,-0.7819394676,-0.002045382406,-0.001827791652,-0.001393637488,0.002755364766,-0.4,-0.00169844007,-0.002392324742,
4029,-0.6389792067,-0.8261124173,-0.001567639642,-0.00206657191,-0.003796038656,0.003013002713,-0.2,0.0002664586948,-0.003401737979,
4030,2.646207948,2.25486572,0.005577276787,0.004928986823,0.00247264731,0.002028961419,0.4,0.009213012617,0.001941540957,0.5900921755
4031,0.6878823713,0.6559360506,0.001668503193,0.001554021897,0.005284212339,-0.004079450578,0.9,0.001964196099,0.001372810288,1.005119033
4032,0.205973177,0.1083056727,0.0004480139964,0.0002473346501,0.002516877829,-0.00347286456,0.2,0.003038561073,-0.002142533081,4.269022222
4033,-0.7208554636,-0.3611213884,-0.00165415482,-0.0008709929576,0.002998467662,-0.002204441106,0.9,0.0007888986642,-0.004097208305,
4034,-0.8115797762,-1.078167924,-0.001917430938,-0.002607272234,-0.002654804991,-0.004189200611,0.3,-0.001063978106,-0.00277088377,
4035,0.3527486301,0.5101690884,0.0008073133366,0.00113946887,-0.002499257836,-0.00339353809,-0.4,0.002452997668,-0.0008383709949,0.9936854648
4036,0.7921416217,0.6062334831,0.001695627239,0.001388344169,0.003646207492,-0.003866690992,0.9,0.0008589526818,0.002532301796,0.7143092593
4037,-0.08841139848,-0.5155656101,-0.0001913902751,-0.00114733405,-0.00289308543,-0.006148044431,0.4,0.0008800022904,-0.001262782841,
4038,1.537452426,1.538340592,0.003385134197,0.003412422125,0.0008797676565,-0.001565760129,0.7,0.01015344664,-0.003383178248,0.8762906906
4039,-2.868131506,-3.038557976,-0.006296243016,-0.00685226444,-0.005228378722,0.008332125002,-0.5,-0.007198151862,-0.00539433417,
4040,-1.436583154,-1.853938882,-0.003421997353,-0.004475433938,-0.008398589791,0.002430836938,-0.7,-0.002523399859,-0.004320594847,
4041,2.492995724,2.111031519,0.005678155807,0.004775040308,0.001980222908,-0.003872618532,-0.3,0.003577928325,0.00777838329,0.3412214626
4042,-0.6501163507,-0.7014377708,-0.001451008333,-0.00167911159,-0.001534589842,0.01050266269,0.0,0.0004502114393,-0.003352228106,
4043,-2.385655623,-2.48724142,-0.005564205312,-0.006063829756,-0.005167042643,0.006274800255,-0.8,-0.006402698467,-0.004725712156,
4044,-1.317602829,-1.495958188,-0.00337968193,-0.003836699722,-0.006002956161,0.0004768549341,-0.7,-0.005059066988,-0.001700296871,
4045,0.5308642249,0.4257367347,0.001242158465,0.001033898472,0.003128033564,-0.0008120193185,-0.4,0.004428579154,-0.001944262223,0.8979132215
4046,-1.624835019,-1.79667227,-0.003475643985,-0.003956685777,-0.007526461268,0.006031787347,-0.9,-0.001823575783,-0.005127712187,
4047,-0.5091643828,-0.4465247781,-0.001201365672,-0.0010916176,-0.002990113906,0.0003614265372,-0.2,9.508017462e-06,-0.002412239362,
4048,0.9015012193,0.4532060686,0.002209837373,0.001182879765,-0.001072920232,-0.007632919991,0.3,0.003208196741,0.001211478006,1.222804808
4049,-0.4073511119,-0.3618799105,-0.0009410691885,-0.0008723138707,0.004143163422,0.003035755412,0.0,-0.001469437556,-0.0004127008206,
4050,-0.9013960325,-0.5242502288,-0.002227385966,-0.001339648179,0.0008751615046,-0.0006908680916,0.6,-0.003835219742,-0.0006195521898,
4051,-0.8953377143,-0.7547128006,-0.002220124301,-0.001946813675,-0.006428370042,0.005294256444,-0.4,-0.003529151019,-0.0009110975838,
4052,-0.9244075034,-0.8947173753,-0.002314294177,-0.002285816452,-0.007221504874,-0.001067342723,-0.7,0.0006879075486,-0.005316495902,
4053,-0.5198604016,-0.513605418,-0.001168129166,-0.001201888417,-0.00260049099,0.003027101841,0.3,-0.002896713331,0.0005604549989,
4054,0.5926640592,0.7428788553,0.001363137058,0.001767964552,-0.002645826522,0.003558387144,0.0,0.001816637022,0.0009096370944,0.756252268
4055,1.393798533,1.189330207,0.00352395661,0.003026767398,-0.0002089187211,-0.00250843033,0.2,0.004599623126,0.002448290095,0.5312169735
4056,-0.4278029649,-0.5678867944,-0.0008700401464,-0.001177081748,-0.003313026207,0.0002633822065,-0.2,-0.002141367502,0.0004012872092,
4057,0.666084096,0.6068902974,0.001450584601,0.001345291043,-0.002780925779,-0.004129870962,0.8,0.003119018125,-0.0002178489238,0.5605465343
4058,0.8042693391,0.5459165147,0.001759905453,0.001245194772,0.001924583347,-0.001636350331,0.9,0.0001340744333,0.003385736472,0.6782897693
4059,2.418506679,2.331881856,0.005606522107,0.00562661541,0.002635121765,-0.003255643975,0.3,0.004521934775,0.00669110944,0.3346944192
4060,2.208454011,2.281948943,0.004420211884,0.004737014139,0.005063831934,-0.003523215418,0.2,0.002727409819,0.006113013948,0.4905323256
4061,0.7609426464,0.4230675516,0.001934631109,0.001152697138,0.001318518345,0.002054253181,-0.2,0.004432193554,-0.0005629313368,0.8870561697
4062,-0.9381066306,-1.01182443,-0.002220610239,-0.002541591067,-0.004063499831,0.0005216952955,0.3,-0.004651132421,0.0002099119433,
4063,-1.857578987,-1.574767052,-0.004238850134,-0.003622966785,-0.003571586428,0.008420350158,-0.8,-0.003222319397,-0.005255380871,
4064,0.8616831535,0.4563208329,0.002173660535,0.001223770991,-0.002839720257,-0.003450794685,0.1,1.669284729e-05,0.004330628224,0.7102648384
4065,-2.171077923,-2.038481268,-0.004822094027,-0.004815520207,-0.005554212177,0.00174158941,-0.9,-0.001723216118,-0.007920971936,
4066,0.5687204862,0.4364510019,0.001346836479,0.001098495883,-0.001294120481,0.002701200088,-0.1,-0.0005752452294,0.003268918187,0.9606676039
4067,-0.1383738661,-0.2701006992,-0.0003160371464,-0.0006234974235,-0.003247499682,-0.0005267985341,-0.7,-0.001632690434,0.001000616141,
4068,-0.5944054436,-0.8893845221,-0.001443491145,-0.002218531694,-0.001934148488,0.007793329366,-0.5,-0.003693710236,0.0008067279464,
4069,0.6467338047,0.807903089,0.001424370613,0.0018229407,-0.002445716625,-0.001080901833,-0.7,0.001450650406,0.001398090819,0.9647791764
4070,0.5521286878,0.4663906535,0.001155110147,0.00106904798,0.003829043373,0.0005578199718,-0.5,0.001410512392,0.000899707902,1.408240294
4071,-2.144858109,-2.239295361,-0.005497348284,-0.00587638181,-0.001706628819,0.01315111552,-0.3,-0.0051365635,-0.005858133068,
4072,-1.981336669,-1.827713633,-0.004108714019,-0.004014419532,-0.005318242832,0.006870180003,-0.2,-0.002512598159,-0.00570482988,
4073,-0.3235872997,-0.1789463009,-0.000683591081,-0.0004042509521,0.0008536552277,0.001785298349,0.0,0.001249504865,-0.002616687027,
4074,-1.596007027,-1.463704779,-0.00352725795,-0.003167560586,-0.004100296377,0.007931556518,-0.8,0.0003176448244,-0.007372160725,
4075,-1.617549992,-1.3747504,-0.003525488019,-0.003070312311,-0.001660719525,0.007093275631,-0.8,-0.002152367744,-0.004898608294,
4076,-0.7194722392,-0.7848634989,-0.001550656168,-0.001811102822,-0.002760760393,0.0009359981968,-0.4,0.0002042157322,-0.003305528068,
4077,-0.8645703463,-1.11514158,-0.00199457695,-0.00262221897,-0.007203915531,0.001358706767,-0.2,-0.004596945513,0.0006077916136,
4078,-2.957558824,-3.270850692,-0.006153964582,-0.007303221962,-0.007713144434,0.006729569188,-1.0,-0.00787329495,-0.004434634215,
4079,-2.664137726,-2.52443201,-0.005488701777,-0.005209059297,-0.008392425864,0.005378546995,0.3,-0.002497705741,-0.008479697813,
4080,-0.2964479391,-0.6293868162,-0.0006715302734,-0.00143190164,0.001398509253,0.00171956716,0.4,-0.0003699046398,-0.000973155907,
4081,-1.875343172,-1.78986838,-0.004240630978,-0.004126042152,-0.006491298467,0.0008970601723,-0.5,-0.005149993956,-0.003331268001,
4082,-1.157012201,-1.014934691,-0.002693552728,-0.002468598967,-0.005631460802,0.001744575663,-0.7,-0.002467670928,-0.002919434528,
4083,0.172968187,0.00675261685,0.0004486688797,1.753225067e-05,-0.0007346986421,0.000551845539,-0.1,0.002509226157,-0.001611888397,4.118333029
4084,0.2790634252,0.4247746345,0.0006469146936,0.001005254055,0.005231442858,0.005679847576,-0.1,-0.0005930871142,0.001886916501,1.417736444
4085,-0.2512178116,-0.06469612115,-0.0005307342799,-0.0001443904155,-0.005536498058,0.0008555508108,-0.2,0.0004102305283,-0.001471699088,
4086,-0.686830829,-1.13868248,-0.001552580791,-0.002651900176,0.001086229393,0.001433946483,-0.5,-0.001678048216,-0.001427113366,
4087,1.249915258,1.028205111,0.002957217673,0.002463681983,0.004561809241,-0.007195382386,0.4,0.004931624239,0.0009828111066,0.6294693848
4088,-0.2459914628,-0.18975247,-0.0006297796997,-0.0005009848662,0.001312486233,0.009709957116,-0.3,-0.002041456736,0.0007818973367,
4089,-1.905132411,-2.170629319,-0.00442320408,-0.005068799008,-0.00382857091,0.007123901183,-0.9,-0.007591847708,-0.001254560452,
4090,-1.387662577,-1.770803153,-0.003266814583,-0.004299729261,-0.008212101217,0.005300210126,-0.4,-0.003288670934,-0.003244958232,
4091,0.1158095834,0.1358564677,0.0002518826028,0.0002984525835,-0.000304551467,-0.0001591632699,-0.4,0.0007526495914,-0.0002488843858,6.880611663
4092,-1.075292349,-1.087390014,-0.002647199835,-0.002810706583,-0.002803666762,0.006882501656,-0.4,0.0001693303666,-0.005463730037,
4093,-2.505208186,-2.511802425,-0.006695747447,-0.007040388964,-0.009312472707,0.009364995324,-0.9,-0.007069384916,-0.006322109978,
4094,0.2013508548,0.2203094934,0.0004377472693,0.0004884057376,-0.002297500861,0.0008493094917,-0.3,0.001468161519,-0.0005926669805,2.721908138
4095,-0.8946323731,-1.072221784,-0.001923773932,-0.002463608335,-0.0008974456767,-0.005721881477,0.1,-0.005101572433,0.00125402457,
4096,-1.459100069,-1.28982463,-0.003296403777,-0.003063879569,0.002943689209,0.001080927982,0.6,-0.001828099408,-0.004764708146,
4097,-1.215698261,-1.281138555,-0.003061233475,-0.003288841278,-0.001338447487,0.000831197558,-0.7,-0.007500185579,0.001377718629,
4098,-0.2628038691,-0.5524862287,-0.0005553829137,-0.001264148222,-0.0002956965729,-0.0003559417129,0.0,-0.003869020798,0.002758254971,
4099,-0.4725485068,-0.4436715739,-0.001042171752,-0.001011757891,-0.001571716911,0.0003794685077,0.3,-0.0001077838304,-0.001976559674,
4100,2.043166519,2.182131402,0.004838554175,0.005298004656,0.002407968211,-0.01298790611,0.0,0.004538964911,0.005138143439,0.4446567101
4101,-0.4852626324,-0.3240997986,-0.0009787672288,-0.0006628541248,-0.0008423518875,0.003423723172,-0.4,0.0006886168801,-0.002646151338,
4102,0.8340513254,0.6604520719,0.001620020239,0.001297567648,0.002118050539,0.004371767873,-0.8,-0.0005587177193,0.003798758197,0.7910071667
4103,-1.238923059,-1.062228601,-0.002464815866,-0.00218617756,0.002437215617,-0.003562167937,0.9,-0.001560160405,-0.003369471327,
4104,-1.015010646,-0.7103528157,-0.002324691483,-0.001686512918,-8.839962864e-05,0.0009063229959,-0.7,-0.0001786572137,-0.004470725752,
4105,0.3657055088,0.2257268983,0.0008293356303,0.0005108968208,0.001514661433,0.002038511831,-0.3,0.002804143586,-0.001145472325,1.272237989
4106,1.668364162,1.518693392,0.00398953926,0.003801973518,-0.002843980404,0.0007722012261,0.3,0.00228741919,0.00569165933,0.5707055612
4107,-2.23863412,-1.811209692,-0.004855044604,-0.004092673001,-0.005445896371,0.00546180163,-0.8,-0.005724983056,-0.003985106151,
4108,-0.2993702018,-0.07702636258,-0.0007046245535,-0.0001819816866,0.001701840044,-0.005638442219,0.6,0.001592431079,-0.003001680186,
4109,-0.2895526114,-0.6437682143,-0.000659541555,-0.001518524748,-0.003213701025,0.001312884927,-0.1,0.0005246281765,-0.001843711286,
4110,-0.1241255383,-0.01627965086,-0.0003100773153,-4.007796352e-05,0.001915385555,0.008107946664,0.4,0.002706441653,-0.003326596284,
4111,-0.2046504317,-0.2539570921,-0.0004932264562,-0.000630045664,-0.003592365941,-0.002243940051,0.3,0.001236158343,-0.002222611255,
4112,-0.2269972643,-0.1701385987,-0.0005786883095,-0.000448169364,0.0009627426187,0.001756738179,-0.1,0.003047636201,-0.00420501282,
4113,-0.6551200312,-0.7653544036,-0.001493464342,-0.001754863941,-0.002528114052,0.003965965639,-0.1,0.003247499547,-0.006234428232,
4114,0.1731023041,0.4395254243,0.0003908155618,0.001010780588,0.003030814833,-0.003176274173,0.8,0.002410149486,-0.001628518363,3.099021369
4115,-1.691938822,-1.689436066,-0.003951293464,-0.004002963168,-0.009293911765,0.01336612722,-0.3,-0.007456457953,-0.0004461289742,
4116,-0.7866672003,-1.189359841,-0.001702530165,-0.002595975778,-0.005201196259,0.00128162958,-0.4,0.001995971955,-0.005401032284,
4117,-0.8817036312,-1.028459801,-0.002179272371,-0.002579086679,-0.001185766915,0.009367747529,-0.5,0.002020608287,-0.00637915303,
4118,-0.4242490824,-0.2762547444,-0.0009059762177,-0.000607207106,0.0005011969883,0.007253558612,0.1,0.003385142624,-0.005197095059,
4119,-0.9156776886,-0.8074043021,-0.001958664851,-0.001691891864,-0.009403524188,-0.0006259510645,-0.2,0.003128590719,-0.007045920421,
4120,0.6558353154,0.3715364746,0.001395606127,0.0008243062048,0.0008861496939,-0.005210791132,0.1,0.003277372485,-0.0004861602311,1.215854091
4121,0.3510003251,0.3933670578,0.0007736988031,0.0009472649587,0.003261372241,0.001842055983,0.2,0.003789740344,-0.002242342737,1.745248317
4122,0.2075551122,0.1868010679,0.0004626040803,0.0004436633654,-0.0004178811988,0.005038369449,-0.8,0.0004977331996,0.0004274749611,2.822538689
4123,-2.593202841,-2.472606594,-0.006415921267,-0.006649873327,-0.01064290589,0.002945869828,-0.3,-0.00436636595,-0.008465476585,
4124,0.9404242627,1.102194377,0.002280242243,0.0026487272,0.0005413650114,-0.003322745205,0.4,0.003487852478,0.001072632008,0.771744979
4125,0.06219827101,0.3483895063,0.0001408235379,0.0007634048458,-0.005506956513,-0.00462172597,-0.6,-0.0008811929804,0.001162840056,4.772301241
4126,-1.27731415,-1.477327747,-0.002811048692,-0.003422774296,-0.002294675564,0.003146395525,-0.7,-0.005798415677,0.0001763182931,
4127,-3.845526749,-4.097235006,-0.007753077681,-0.00868410166,-0.007303931477,0.008352408605,-0.8,-0.01015543334,-0.005350722023,
4128,-3.132794049,-2.918291318,-0.00807104206,-0.007801819044,-0.009182658127,0.01823664427,-0.4,-0.005833451248,-0.01030863287,
4129,-1.123572466,-1.121903286,-0.002552542007,-0.002610694706,-0.008437115724,0.004443463914,-0.9,-0.003371673382,-0.001733410632,
4130,-0.1120542358,-0.5299300677,-0.0002873257549,-0.001375980258,0.0002499298278,0.00506652882,-0.1,-0.003823926559,0.00324927505,
4131,-0.9838432107,-1.021847835,-0.002166787422,-0.002422654595,-0.003194929725,-0.000533948768,-0.7,0.001761299803,-0.006094874647,
4132,-0.4269657058,-0.4192332119,-0.001000284821,-0.001020366776,-0.0007205935463,0.0002668454063,-0.3,0.005871404611,-0.007871974253,
4133,-2.429080379,-2.418362159,-0.005859363347,-0.00603965977,-0.005705671259,0.0001950520664,-0.2,-0.007508648223,-0.00421007847,
4134,-0.53561907,-0.5621231595,-0.001174366911,-0.001262326246,0.001970516815,0.001474505633,0.7,-0.003127106879,0.0007783730567,
4135,-0.7208045995,-0.9488528506,-0.001568983993,-0.00213052064,-0.002965303103,0.001524720808,-0.8,-0.003234016468,9.604848301e-05,
4136,-1.497107315,-1.761112306,-0.00324003338,-0.004197763934,-0.00102944345,0.00143904469,-0.9,-0.004165673804,-0.002314392956,
4137,0.7334175,0.5507539588,0.001411666084,0.001075312066,-0.000274020268,-0.003307868818,0.8,0.001241340943,0.001581991225,0.7926659749
4138,-0.3208872235,-0.7613755127,-0.0007157939241,-0.001787777351,-0.004280898602,0.007275931096,-0.2,-0.0006463757256,-0.0007852121226,
4139,1.45337897,1.467429744,0.003620608615,0.003825801178,0.002561245356,0.003382716295,-0.3,0.001559115723,0.005682101508,0.5636762301
4140,-3.240177328,-3.516441023,-0.006776460371,-0.007578380309,-0.00552371419,0.00932989668,-0.6,-0.006957187629,-0.006595733114,
4141,-1.570557585,-1.900923676,-0.003496184656,-0.004320933172,-0.003141394844,0.006170587482,-0.9,-0.006738808275,-0.0002535610374,
4142,-1.538241353,-1.538297335,-0.003349503822,-0.00362925316,0.0006925258436,0.001724378269,-0.2,-0.00045781297,-0.006241194675,
4143,-1.043885519,-0.9320273418,-0.002299957756,-0.002126439545,-0.006907585476,0.003999792754,0.3,-0.0007314986772,-0.003868416835,
4144,0.9046202096,0.895479718,0.002264366372,0.002269197292,0.002641829283,-0.005745462197,0.9,-0.001671065474,0.006199798218,1.120009166
4145,-1.062092382,-0.9201456341,-0.002477747643,-0.00228368188,-0.001559329659,0.001494030698,-0.4,-0.002043993704,-0.002911501583,
4146,0.6703612159,0.6136465438,0.001511612213,0.001461103424,0.0001223661283,-0.006356899633,-0.4,0.0006706919643,0.002352532461,0.6350480993
4147,-0.6855423227,-0.4982883814,-0.001588678278,-0.001198662311,-0.00458492604,0.0009902589417,-0.7,-0.000635912048,-0.002541444508,
4148,-0.1527032082,-0.2969118886,-0.0003359380942,-0.0006917692148,-0.0003461852772,0.009773710885,-0.8,-0.002131996747,0.001460120558,
4149,-1.401222836,-1.291683302,-0.00322752522,-0.003051356839,-0.003176267024,-0.0007718123515,-0.9,-0.002905659802,-0.003549390637,
4150,-0.2228183572,-0.1430170373,-0.0004710905048,-0.00032459057,0.001591358346,0.005399511571,0.4,0.002723509864,-0.003665690873,
4151,-2.766777981,-2.347339056,-0.0057795959,-0.005089668104,-0.006820568921,0.006561000314,-0.7,-0.004566309514,-0.006992882287,
4152,-2.27825666,-2.622228008,-0.004841194891,-0.005751838846,-0.005248407623,0.009872643547,-0.7,-0.004953171871,-0.00472921791,
4153,-2.457669255,-2.334164128,-0.006016888764,-0.005998885911,-0.007601769844,0.001750255709,-0.2,-0.008057238042,-0.003976539486,
4154,0.2225815492,0.03138126953,0.0005217051575,7.334763422e-05,-0.001135389934,0.002724785618,0.4,0.006668599199,-0.005625188884,4.0981
4155,-2.719606318,-2.662269243,-0.006281009506,-0.006370845289,-0.009746350627,0.008308097417,-0.4,-0.002736365274,-0.009825653738,
4156,1.137574605,1.158509461,0.002351537481,0.002438489237,0.001401779123,-0.002937128348,-0.4,0.003220139431,0.001482935531,0.5156157405
4157,-0.1795011448,-0.4771815215,-0.0004689950438,-0.001353915838,-0.003299567442,0.002097365263,-0.8,0.004331473961,-0.005269464048,
4158,2.104769322,2.175873974,0.004853268083,0.005357397242,0.008020758833,-0.001650859998,0.2,0.008778359391,0.0009281767748,0.5058504159
4159,0.09635966531,-0.03961283603,0.0002132828019,-9.185548855e-05,0.00189962589,0.007325612435,-0.3,-0.005299845026,0.00572641063,10.84433589
4160,0.8325586893,0.6641117146,0.002008753996,0.001628574922,-0.001275554324,0.0005845767651,0.3,0.00411613869,-9.863069812e-05,0.7453915414
4161,-0.2886050419,-0.4244694498,-0.0006422721797,-0.0009634056468,-0.002450544759,-0.001634304141,-0.7,0.002871773569,-0.004156317929,
4162,0.4760083774,0.4604503864,0.001159634771,0.001120176695,-0.001081120957,-0.002058431851,-0.3,0.003144928835,-0.0008256592932,2.459350144
4163,-1.002402089,-1.538693831,-0.002266311588,-0.003586133148,-0.004342358055,-0.0008243141615,-0.2,-0.0001698194113,-0.004362803765,
4164,0.31614511,0.1160633875,0.0007075857874,0.0002603672819,-4.540826408e-05,-0.004494855498,0.3,0.001516214771,-0.0001010431962,0.8293368132
4165,-0.3198780109,-0.160186809,-0.0007833679853,-0.0004061565112,-0.0007375949313,-0.00385709586,-0.4,-0.004034361948,0.002467625977,
4166,0.9927451379,0.861176962,0.002275566289,0.001984403715,-0.0007023086049,-0.006483560194,0.8,0.0004494191997,0.004101713379,0.5991174759
4167,-0.543607572,-0.7634067464,-0.001086294757,-0.00161940632,-0.004223920291,0.008695529261,-0.9,0.001374070045,-0.00354665956,
4168,0.09444506296,-0.336981603,0.0002279167089,-0.0008389468036,-0.00205231789,-0.001427098374,-0.4,-0.002042105197,0.002497938615,4.339793713
4169,0.9695705911,0.8923549769,0.002101349105,0.001989819177,0.00497794832,0.0006165457991,0.1,0.002967755469,0.00123494274,1.121091814
4170,-0.3426904776,-0.3655136237,-0.0007770045225,-0.0008615493397,0.001908322295,0.002938434114,-0.5,-0.002562488151,0.001008479106,
4171,0.4387115729,0.2828873388,0.0009315047881,0.0006384714431,0.0005157542977,0.0006714360416,-0.1,0.001350285675,0.0005127239014,1.416289249
4172,0.5258971199,-0.1069333649,0.001093989941,-0.0002293741627,0.001019631838,-0.01036211023,-0.4,-0.0008259627254,0.003013942607,1.59352066
4173,0.237352618,0.3476439482,0.0005539307438,0.0008490101359,0.002490304073,0.002038373615,-0.5,0.0006034025606,0.000504458927,1.037540754
4174,-2.525995952,-2.67903282,-0.005375555201,-0.005966892596,-0.009149519508,0.007735369083,-0.9,-0.009247664104,-0.001503446298,
4175,-1.677733589,-1.651123493,-0.004471381777,-0.004347791159,-0.008095692093,0.01241353138,-0.9,0.001352440097,-0.01029520365,
4176,1.042231019,1.114823419,0.002564037102,0.003042157892,0.003151116338,-0.000232427111,-0.4,-1.101063029e-05,0.005139084834,0.9760183941
4177,-0.1504110402,-0.02837084657,-0.0003619197528,-7.35013058e-05,-0.0003926524339,-0.0001594262152,0.1,0.0009900058719,-0.001713845378,
4178,-0.7383390189,-0.789225982,-0.001965823382,-0.002224009035,0.0005133417075,-0.002441267465,0.5,0.0006824449276,-0.004614091691,
4179,1.161059909,1.151501505,0.00264198356,0.0026733205,-0.001001350474,0.003370028266,0.4,0.004563309952,0.0007206571672,0.7273830487
4180,-1.54115459,-1.520716213,-0.003772997153,-0.003723459882,-0.003880548331,-0.00354550097,-0.2,-0.0009589482051,-0.006587046101,
4181,0.8755321386,0.9198505125,0.001872243004,0.002127727022,0.002174666685,-0.003935871038,0.9,0.00158890864,0.002155577367,0.4484199616
4182,-1.862441994,-2.170126358,-0.004246100113,-0.004926774603,-0.004428809461,0.01116225193,-0.1,-0.005303522379,-0.003188677846,
4183,-0.2550909537,-0.1962388568,-0.000517551312,-0.0004168673863,-0.003926090195,0.00135205189,0.5,0.00551102878,-0.006546131404,
4184,0.5324254033,0.6122843329,0.001157043272,0.001360426939,0.002243338032,0.001889536026,0.2,0.003540513426,-0.001226426881,0.965071289
4185,0.4316023821,0.2301551196,0.0009958097342,0.0005452188071,-0.002337243158,0.000846507042,0.4,0.004673190742,-0.002681571274,1.18953692
4186,-0.3838998386,-0.08369980183,-0.0008924782569,-0.0002035541909,4.499921146e-05,0.00280421141,-0.4,-0.002059766604,0.0002748100897,
4187,-1.523415461,-1.894815933,-0.003680073519,-0.004772991745,-7.642151669e-05,0.005554042188,-0.8,0.001419800436,-0.008779947474,
4188,-0.308455271,-0.3461852262,-0.0006555714628,-0.0007663539301,-0.0004812946488,0.003095017463,-0.8,0.003371455961,-0.004682598887,
4189,-0.318730362,-0.5326425038,-0.0007364337197,-0.001277512511,-0.001142357871,0.004170191412,-0.6,-0.004271267056,0.002798399617,
4190,-0.9504568802,-1.06368144,-0.002429572546,-0.002816506185,-0.002602272633,0.001554370797,-0.9,-0.003006274476,-0.001852870616,
4191,-2.3484844,-2.144370221,-0.005467537577,-0.005184089115,-0.007683938905,0.001008863918,0.3,-0.005440389183,-0.00549468597,
4192,0.9725711144,0.8208588311,0.002321509927,0.002095005894,0.0007608061799,0.001025741104,0.4,0.004941623517,-0.0002986036632,0.8781077264
4193,-0.9433392895,-0.9481172485,-0.002299766518,-0.002305541736,-0.0002878523956,0.003135161066,0.3,-0.001169082452,-0.003430450584,
4194,-0.9353361732,-1.054145955,-0.002047917949,-0.002359329178,-0.001231106193,0.004962077609,-0.8,0.000997752481,-0.005093588379,
4195,0.402922794,0.2078345235,0.0009365968228,0.0004655242401,-0.0002671294276,0.003371025149,0.4,0.003152299527,-0.001279105881,2.660409498
4196,-0.7794546431,-0.8024208607,-0.001700534852,-0.001794051609,-0.004576944693,0.001141017033,-0.9,-0.000421522223,-0.002979547482,
4197,2.284022529,2.168194511,0.005766511274,0.005628040825,0.0100840437,-0.00902511466,0.1,0.008185278152,0.003347744396,0.7035479856
4198,-0.1193246289,-0.4268272841,-0.0002769024233,-0.001010690536,-0.006762316681,-0.002042451954,0.5,0.002211597372,-0.002765402218,
4199,-1.424122908,-1.381222519,-0.0032947632,-0.003233581458,-0.004582058718,0.007405530699,-0.7,0.0009506499981,-0.007540176398,
4200,-0.2364846428,-0.4008270641,-0.0004925442069,-0.0008532353645,0.002513099616,-0.001368161697,0.5,0.000252032721,-0.001237121135,
4201,-1.982857654,-2.117053699,-0.00420502531,-0.004654300634,-0.001114480538,0.008309322478,-0.3,-0.006452339378,-0.001957711243,
4202,-0.561478528,-0.9441071649,-0.001331182783,-0.002294908452,-0.001504316797,0.002170959543,-0.2,-0.0006595322139,-0.002002833351,
4203,1.931433655,1.967437438,0.0049304456,0.005138755312,0.002225162631,-0.005712089933,0.7,0.009351305947,0.0005095852529,0.6373796619
4204,-0.9306172631,-0.4664191442,-0.002395327357,-0.001218697482,0.002576265361,0.002570896731,-0.1,0.0006347605849,-0.005425415298,
4205,-2.711089136,-2.577363759,-0.006873608301,-0.006702761808,-0.004036778795,0.009792010434,-0.5,-0.003450178319,-0.01029703828,
4206,-0.6358671472,-0.3590509663,-0.001334275968,-0.0007620824194,-0.001059777828,0.0003380164985,0.4,0.001718515271,-0.004387067208,
4207,-0.02354795373,-0.06097129798,-5.21294417e-05,-0.0001403668137,-0.00623619106,-0.001899091369,-0.7,-0.001864819327,0.001760560444,
4208,-1.866337533,-1.908912314,-0.004329186846,-0.004671118299,-0.006364981246,0.0009500499337,-0.7,-0.003288576462,-0.005369797231,
4209,-0.3174145451,-0.2754234615,-0.0006697044832,-0.0005993369335,-0.002529266126,9.370259915e-05,-0.1,0.002231695963,-0.003571104929,
4210,-0.01514217288,0.01313869314,-3.782560501e-05,3.301942303e-05,-0.004958238705,0.007494753441,-0.9,-0.002500223338,0.002424572128,
4211,-2.68226686,-2.944557811,-0.005467152274,-0.006305122931,-0.008488418889,0.004639490512,-0.4,-0.00278861058,-0.008145693968,
4212,0.01383876237,0.03606937907,2.750261455e-05,7.519191931e-05,-0.001741443779,0.001788326303,0.5,-0.003733594241,0.00378859947,37.39426606
4213,0.834643225,0.9520974216,0.002066933766,0.002508516518,0.001823127175,0.001387741987,0.8,9.037302705e-05,0.004043494505,0.5759918384
4214,1.532013825,1.507681215,0.003518868077,0.003729579188,0.006719799683,-0.006669230536,0.2,0.006029494445,0.00100824171,0.5045286736
4215,0.3092718776,0.4126722102,0.0008365695494,0.001146555324,0.003727829998,-0.0008747902762,-0.3,-0.004234574473,0.005907713571,1.981147478
4216,-1.585005811,-1.31750146,-0.00375125234,-0.003298668149,-0.001965219895,0.005830394722,-0.3,-0.004232986108,-0.003269518572,
4217,-0.555167401,-0.5577773937,-0.001316285307,-0.001319497886,-0.003091367253,0.006912318373,-0.4,0.001756232149,-0.004388802763,
4218,-0.03183409125,0.1921009644,-7.496211942e-05,0.0004403692294,-0.002043415994,0.0007918056856,-0.4,0.003621523346,-0.003771447585,
4219,0.9271657126,0.5652082276,0.002334110129,0.001447170001,0.001805872248,0.0005023154898,0.2,0.001269985168,0.00339823509,0.8079128175
4220,-0.5569373516,-0.8087483958,-0.001422923045,-0.002116314376,-0.003416333482,0.002520045382,0.1,0.003309210681,-0.006155056771,
4221,1.668234851,1.062130092,0.003913287189,0.002618056631,0.00290230659,-0.002376733662,0.7,0.002737734563,0.005088839814,0.4408570595
4222,-0.111210249,-0.4711659016,-0.0002528985061,-0.001093164173,-0.006532327227,-0.004353692118,-0.6,-0.001767743689,0.001261946677,
4223,-2.09730017,-1.917779934,-0.005375962001,-0.005122340991,-0.003183298961,0.01184271193,-0.2,-0.007899825165,-0.002852098837,
4224,-0.6818021526,-1.088830923,-0.001519475717,-0.002536104819,-0.005248573196,0.0003060634875,-0.6,-0.003894794644,0.0008558432095,
4225,-2.232343854,-2.380585101,-0.005738925389,-0.006482307752,-0.009352590179,0.001836780711,-0.1,-0.003607980721,-0.007869870058,
4226,0.1837721705,0.01011790993,0.0004188244615,2.385030296e-05,0.001009273987,-0.00324168275,0.9,9.847117032e-05,0.0007391777528,1.550516768
4227,1.227485735,1.257553932,0.002946538631,0.002981835963,0.002608623068,0.002561060414,0.2,0.005044084119,0.0008489931438,0.6734292151
4228,-0.4151409107,-0.5529661602,-0.0009793681644,-0.001337908303,-0.003875925022,0.004407549475,0.3,-0.0003504992572,-0.001608237072,
4229,-1.68803936,-1.680935943,-0.00392398139,-0.004072042626,-0.009191539727,0.004939559313,-0.9,-0.004427579629,-0.003420383151,
4230,-1.245621493,-1.361499103,-0.003117967987,-0.003529827233,-0.001790210776,0.005740457045,0.3,-0.005108951263,-0.001126984711,
4231,-0.9593156657,-1.126622069,-0.002433052574,-0.002876100311,-0.003568148869,0.009118024129,-0.8,-0.003518189309,-0.001347915838,
4232,-1.058486102,-0.9799228736,-0.002455795501,-0.002399359087,-0.004177973181,-0.0001689827482,0.3,-0.00458558572,-0.000326005281,
4233,-1.418113822,-1.314292856,-0.003265197158,-0.00313411195,-0.0003297393947,-0.001863699762,0.1,-0.0006299320423,-0.005900462273,
4234,-0.886992095,-0.8218563203,-0.00198011957,-0.001787356412,-0.002783914142,-0.0001714263316,-0.7,-0.003503247265,-0.0004569918762,
4235,-1.214780477,-1.84358155,-0.002937093437,-0.004652573073,-0.005693862324,0.003118486425,-0.9,-0.007213996045,0.001339809172,
4236,-1.758683869,-1.821932709,-0.00389460372,-0.004150258752,0.001470851316,0.002552279718,0.0,-0.004942175712,-0.002847031727,
4237,-1.359334987,-1.751031502,-0.003101667133,-0.00421679557,-0.004202583908,-0.002806973816,0.5,-0.0009907880746,-0.005212546192,
4238,1.413470573,1.417032654,0.003216111447,0.0032903323,0.0009888163501,-0.006260203537,0.8,0.01171785579,-0.005285632891,0.894744386
4239,-1.268080792,-1.578733463,-0.002797780783,-0.003705195564,-0.003843908878,0.005012303416,-0.3,-0.004991573606,-0.0006039879609,
4240,-0.9125182608,-0.6979532597,-0.00199413799,-0.001650358863,-0.001045678903,0.002895932966,-0.6,-0.002870751657,-0.001117524323,
4241,-0.4984525587,-0.9459290151,-0.001230462808,-0.002438283469,-0.007954729946,0.0007992104986,-0.9,-0.0001416096529,-0.002319315964,
4242,-0.4705178852,-0.6141756553,-0.001137296851,-0.001460366174,-0.004401538204,0.002230047021,-0.7,-0.002813158044,0.0005385643416,
4243,0.6331016897,1.070659256,0.001475801388,0.002653603356,0.002170545026,0.0006073531946,0.2,0.003964251642,-0.001012648866,0.8870516745
4244,-0.617944747,-0.5303773732,-0.001645747712,-0.001461874485,-0.005460213078,-6.794373201e-05,-0.7,-0.006607297264,0.00331580184,
4245,-1.168941339,-1.152323594,-0.002660588216,-0.002788344797,-0.003571605098,0.001865280539,-0.2,-0.001163805971,-0.00415737046,
4246,-2.403407721,-2.606276316,-0.005227066826,-0.005771781476,-0.009099285527,0.005070762223,-0.4,-0.009845397831,-0.000608735821,
4247,1.036634601,1.003199977,0.002418040008,0.002426897166,0.002018723226,-0.001549682216,0.5,-0.0007374642204,0.005573544236,1.299623279
4248,-1.003274445,-1.100859191,-0.002230480319,-0.002507194803,-0.004272521883,0.00483201911,-0.9,-0.006746897492,0.002285936853,
4249,0.1440290712,0.2391498099,0.0003515158229,0.0006060480451,0.002824675086,-0.003433848943,0.0,0.002482004416,-0.001778972771,5.546037244
4250,0.07394574243,-0.4715458867,0.0001638453055,-0.001086167157,-0.001853400012,-0.0008155204984,-0.8,0.002485874265,-0.002158183654,12.67356102
4251,-0.6477355722,-1.059088666,-0.001294326151,-0.002135505437,-0.005665080876,0.001843107954,0.1,0.001298061639,-0.003886713941,
4252,-0.3532779115,-0.6362846093,-0.0007408261141,-0.001405450199,-0.001835660749,-0.0005634989545,0.3,7.79751671e-05,-0.001559627395,
4253,-0.3541795816,-0.5761562433,-0.0008834570121,-0.001475770252,0.00025904967,-0.005129290903,0.8,-0.0005715002503,-0.001195413774,
4254,0.07438251374,-0.003372221396,0.0001666265888,-7.99287309e-06,-0.00303536099,0.0008767565252,-0.2,0.0006348734059,-0.0003016202284,11.12388501
4255,-1.805043321,-1.944182685,-0.004308397255,-0.004868271974,-0.001650189778,0.004254135435,-0.9,-0.007673745627,-0.0009430488838,
4256,-1.40197509,-1.538348401,-0.00326344026,-0.003692406257,-0.002482475596,0.006143985267,-0.3,-0.003335213473,-0.003191667048,
4257,-1.844354122,-1.722038375,-0.004000494978,-0.003784315735,-0.001347031604,0.005587361053,-0.1,-0.001268137693,-0.006732852263,
4258,-3.019210772,-3.140893616,-0.006058114288,-0.006719138022,-0.004698628324,0.003917837199,0.0,-0.007066697895,-0.005049530681,
4259,0.2290038005,-0.0340847749,0.0006141169283,-9.688382246e-05,-0.004316889291,0.001359339896,-0.2,-0.0028693119,0.004097545757,2.946545995
4260,-0.3797005473,-0.1552992722,-0.001055604581,-0.000439071884,0.001473254973,0.00908575735,-0.8,-0.0001235733768,-0.001987635785,
4261,-0.4128054917,-0.3560790659,-0.0009797964831,-0.0008728667363,-0.003337175831,-0.001586596853,-0.2,0.003832209156,-0.005791802122,
4262,0.1994086862,0.058259232,0.0004583447131,0.0001402548701,0.001265660546,0.0005073918394,-0.5,0.001018484225,-0.0001017947991,4.377004856
4263,-0.4401477565,-0.7309071236,-0.0008491248504,-0.001398355491,0.001307475178,0.005515695683,-0.3,-0.004901381225,0.003203131524,
4264,0.2584843403,0.105786992,0.0006015225024,0.0002528477883,0.002815480537,0.002621914688,-0.1,-0.005415455369,0.006618500374,3.218681421
4265,-0.1017892697,-0.4013502065,-0.0002123935533,-0.0008643431431,-0.0006222820146,0.00269754112,-0.3,-0.001387943873,0.0009631567664,
4266,-0.9803777036,-1.142819008,-0.002382814736,-0.002857238084,-0.002094321542,0.001540103076,-0.7,-0.003357488239,-0.001408141232,
4267,-1.80191853,-1.700395029,-0.003868407417,-0.003788627629,-0.004253752702,0.004763662677,-0.4,-0.005638269033,-0.002098545801,
4268,-1.71103762,-1.702290579,-0.003921535486,-0.00392183012,-0.008536636006,0.006780236792,-0.9,-0.004908456893,-0.00293461408,
4269,0.0681646121,-0.1366854934,0.0001480901468,-0.000312682667,0.002239801455,0.002695697905,-0.1,0.0004734656425,-0.0001772853489,5.053152671
4270,-0.450971551,-0.5597693553,-0.001041884177,-0.001327397081,-0.002211476096,4.942549941e-05,-0.7,-0.004210113854,0.0021263455,
4271,-1.04051472,-1.101794689,-0.002425074687,-0.002551130105,-0.003220182418,0.0006488857553,-0.7,-0.005060004168,0.0002098547944,
4272,-1.504277694,-1.648968924,-0.003075618708,-0.003516836063,-0.003863301687,-0.0006839435846,0.0,-0.004380782011,-0.001770455404,
4273,0.8680345947,0.9538163349,0.001882444179,0.002201842867,0.003651987263,-0.004993244023,0.8,0.007075503948,-0.00331061559,1.58894516
4274,-2.93117049,-3.076725544,-0.005882632986,-0.006236947738,-0.003448155548,0.009114446801,-0.9,-0.007038186626,-0.004727079345,
4275,0.6499333672,0.3400212352,0.001510073116,0.0008162070615,0.0003593119714,-0.002601363112,-0.3,0.002313556975,0.0007065892559,0.7101350083
4276,-0.8738247256,-0.8175324202,-0.00183591645,-0.001767900411,-0.0004437818865,-0.0003375503901,0.5,-0.005065696488,0.001393863587,
4277,-0.9094046075,-1.208269134,-0.002195473521,-0.003092022808,-0.005968869726,-0.001020487685,-0.7,-0.002036985772,-0.002353961271,
4278,-0.6452074966,-0.8834372529,-0.001375570187,-0.00196726732,-0.00198990815,-0.001653345291,0.0,-0.001023308018,-0.001727832355,
4279,-1.702223635,-1.634535322,-0.00335926215,-0.003393427077,-0.006037780514,0.007535176068,-0.6,-0.003648111595,-0.003070412704,
4280,-0.3519368875,-0.2057535752,-0.0008005813255,-0.0004854155026,-0.005229332579,0.002550992577,-0.9,-0.0009221589919,-0.0006790036592,
4281,0.255546878,0.4240430638,0.0005951016008,0.00100337519,0.002268058174,-0.002919055351,-0.4,-0.001892999683,0.003083202884,3.735968595
4282,-0.7642071948,-0.9591998706,-0.001666182816,-0.002072056412,-0.001794486086,-0.003098548277,0.2,-0.001406504104,-0.001925861528,
4283,-0.5035025371,-0.407057432,-0.001159317056,-0.000955378248,-0.001948587934,0.004716711984,0.3,0.001162547429,-0.003481181541,
4284,-2.562700147,-2.531878602,-0.005263530332,-0.005470908896,-0.007832775319,0.009339671388,-0.9,-0.007435494257,-0.003091566407,
4285,-0.8309162926,-1.028101112,-0.001873941637,-0.002397510873,0.002318015913,-0.004738530115,0.9,-0.0007385818538,-0.00300930142,
4286,0.3019893042,0.1116308856,0.0007163861046,0.0002700912719,0.0005925979309,0.000242317537,-0.3,0.003439042342,-0.002006270132,2.277224206
4287,-2.794537174,-2.862020424,-0.006199385031,-0.006488730492,-0.004944644787,0.006404439972,-0.2,-0.004488492187,-0.007910277876,
4288,1.720463432,1.532482151,0.004350973489,0.004006378508,-2.768097946e-05,-0.005548078655,-0.3,0.004907343643,0.003794603334,0.6853445926
4289,1.632171307,1.535890546,0.003990486063,0.003852249806,0.004035574481,-0.001186798016,0.3,0.006192755857,0.00178821627,0.5640249165
4290,-2.130062017,-2.141427137,-0.005113330087,-0.005305945173,-0.003899880006,0.004314204031,0.3,-0.004527133656,-0.005699526517,
4291,-1.830114349,-1.679108834,-0.004251061245,-0.004090552799,-0.003972084182,0.001261772176,-0.6,-0.001552507413,-0.006949615078,
4292,1.222825473,1.218341515,0.003044304079,0.003108232555,0.003029016291,0.000386545622,0.2,0.005690383794,0.0003982243646,0.5955063623
4293,-1.120343341,-1.276352472,-0.00250462219,-0.003043101062,0.002142485608,0.003617265612,-0.1,-0.00299564423,-0.002013600149,
4294,0.05142273052,0.2480274645,0.0001069644777,0.0005305593396,-0.0003499019131,-0.00254560707,0.2,0.001977668461,-0.001763739505,7.94731238
4295,1.47751003,1.320352096,0.003426603874,0.003151832365,0.001670709093,-0.006835940358,0.4,0.008685715136,-0.001832507389,0.7669151763
4296,0.3038754374,0.1562810937,0.000828398275,0.0004187996325,0.001347054809,-0.001448776097,-0.5,-0.001289952615,0.002946749165,1.079667775
4297,-0.8694647608,-0.6472715741,-0.001959525125,-0.001586649686,-0.001030897557,0.007746931187,-0.8,0.001247923874,-0.005166974123,
4298,0.8386189633,0.4512013759,0.001851426499,0.001041329999,0.002448006798,-0.001597962311,0.5,-0.0004270713952,0.004129924393,0.5305853825
4299,0.6658014756,0.3721974574,0.001514812643,0.0008647086143,0.004867226447,0.001447603941,0.9,0.003172517945,-0.0001428926587,0.8359428724
4300,-1.823365713,-1.993724596,-0.003806927093,-0.004381977291,-0.003223279234,0.004553410447,-0.6,-0.0069484266,-0.0006654275865,
4301,-1.864936235,-1.604517017,-0.003948081054,-0.003674139034,-0.007276182982,0.002758925545,-0.4,-0.0007976815326,-0.007098480575,
4302,-1.875923329,-2.243779728,-0.003640426426,-0.004460076755,-0.00600017253,0.005398132952,-0.6,-0.003838185867,-0.003442666986,
4303,-2.22174449,-2.377307694,-0.005598986339,-0.006250305627,-0.003155825691,0.004158834436,-0.7,-0.004062360643,-0.007135612036,
4304,-0.5715300306,-0.8117720226,-0.001373894998,-0.002006453513,-0.001601712361,0.004974615148,-0.3,-0.004509868056,0.00176207806,
4305,-1.071686764,-0.9238355775,-0.002706268873,-0.002351712665,-0.0007913318351,0.003059692329,-0.1,-0.001690983702,-0.003721554043,
4306,-2.440339664,-2.764526656,-0.006214733511,-0.007103842706,-0.008524525814,0.008067706768,-0.4,-0.009910108785,-0.002519358238,
4307,-1.303997002,-1.706296841,-0.00288831864,-0.003739461117,-0.006675921154,0.005765379964,-0.2,-0.000894924025,-0.004881713255,
4308,-1.489580492,-1.645654145,-0.003175354123,-0.003660497052,-0.003450249351,0.002912342232,-0.9,-0.005318609618,-0.001032098627,
4309,1.501822959,1.171176871,0.003482236403,0.00276280967,0.003769898118,-0.007925768338,0.4,0.003888615824,0.003075856982,0.6118411979
4310,-2.381984644,-2.538297405,-0.005350558354,-0.005838079002,-0.008616104123,0.00723773519,-0.6,-0.008809838476,-0.001891278231,
4311,-0.5611714528,-1.238846843,-0.001095052411,-0.002568102998,-0.005290733416,-0.002538106719,-0.2,0.00194326403,-0.004133368853,
4312,-0.976923971,-1.184047709,-0.001959097579,-0.002472862829,-0.0005263047975,-0.00076172048,0.2,-0.0006660413802,-0.003252153778,
4313,0.4229614436,0.1144479746,0.0009513118167,0.0002603145579,-0.0005457216493,-0.004238668786,0.8,0.003543463435,-0.001640839802,2.347516356
4314,-1.68218631,-1.602423259,-0.003362186109,-0.003321762971,-0.003833987302,0.006265551254,-0.3,-0.001615075924,-0.005109296295,
4315,-0.7970173531,-1.011583136,-0.001810726429,-0.002306389178,-0.004953482127,0.007446438444,-0.9,-0.0008029099015,-0.002818542957,
4316,1.070093325,1.092852816,0.002371731372,0.002419693852,0.003485984659,-0.006058806937,-0.1,0.002320840494,0.002422622249,0.9327059565
4317,-1.699313423,-1.778993898,-0.003896803593,-0.004365845634,-0.006254612566,0.005517472423,-0.2,-0.002398002901,-0.005395604285,
4318,-1.289985967,-0.7194080012,-0.002920169637,-0.00165114193,-0.001610988856,0.00515653471,0.4,0.00302094379,-0.008861283064,
4319,2.658395545,2.097636684,0.005986374009,0.004774561791,0.006925545062,-0.004249466223,0.7,0.00779899,0.004173758017,0.6029814241
4320,-0.8691846396,-0.8864206404,-0.002073849048,-0.002275771304,-0.002644710052,-0.001856034316,-0.1,-0.004262536631,0.0001148385364,
4321,-1.372938969,-1.402582782,-0.003056795841,-0.003262808951,-0.0071453582,0.005814362927,-0.9,-0.001810336858,-0.004303254825,
4322,-0.2851594952,-0.5489668076,-0.0006566979243,-0.001290960631,-0.003594135439,0.0006112744394,0.3,0.001462679684,-0.002776075532,
4323,0.5856307174,0.9821159488,0.001287259522,0.00216884254,0.001903416865,-0.006893517139,0.8,0.001871599959,0.0007029190839,0.7579302884
4324,-1.178743855,-0.7522420349,-0.002698771333,-0.001782803814,-0.003347518367,0.001294285287,-0.2,0.0003737530349,-0.0057712957,
4325,-1.403086045,-1.54735855,-0.003309251229,-0.003918409489,-0.004527154351,0.002069121693,-0.2,-0.004985675066,-0.001632827393,
4326,-0.3504243699,-1.037968146,-0.0008231470483,-0.00246825146,-0.0007428096833,-0.003784029775,0.9,-0.002992433045,0.001346138948,
4327,-1.34846298,-1.103831024,-0.003168020228,-0.002610287015,-0.005378814754,0.00417933917,-0.9,-0.002912976541,-0.003423063914,
4328,-1.990292552,-1.852438797,-0.003739330803,-0.003705186135,-0.004895140902,0.005577133777,-0.9,-0.003686421822,-0.003792239784,
4329,0.2767271941,-0.06517541118,0.0006309426008,-0.0001497124704,0.0004823713051,0.001117927134,-0.2,0.002241910897,-0.0009800256956,1.633724261
4330,-0.8723492275,-0.7082470306,-0.002088705714,-0.001755231524,0.002961893495,0.005367323707,0.2,0.001832151584,-0.006009563011,
4331,1.968092386,2.073610646,0.004881082939,0.005170938732,0.004519149487,0.001321708729,0.7,0.007562160834,0.002200005043,0.5548062577
4332,-0.6126608032,-0.9237453424,-0.001570658767,-0.002384808278,-0.001962799673,0.008053219418,-0.1,-0.0001019821323,-0.003039335401,
4333,0.5627968829,0.5516154813,0.0012279527,0.001310331813,-0.0009178791704,-0.004087751085,0.3,-1.893380729e-05,0.002474839208,1.79422615
4334,-0.8872570941,-0.9542588309,-0.002353096198,-0.002467281012,0.001551903172,-0.005909203608,0.4,0.003549990614,-0.00825618301,
4335,-1.27627861,-1.451363841,-0.002902812461,-0.003393761405,-0.006352029813,0.003841231504,0.4,-0.006053915458,0.0002482905361,
4336,0.8653663589,0.7689078501,0.001835856462,0.001690099515,0.002587405982,-0.003561646704,0.1,0.003400370979,0.0002713419453,0.7576387291
4337,0.258707704,0.456900861,0.0006827140306,0.001201272738,0.001738352111,0.0004732356917,0.7,-0.001918628579,0.00328405664,2.996163224
4338,-1.597989261,-1.727961892,-0.00338172683,-0.003732902123,-0.006141796198,0.004005703461,-0.2,-0.001857478998,-0.004905974661,
4339,-0.3222734276,-0.2472365697,-0.0007132341786,-0.0005778862788,0.0009641452896,0.00293575343,-0.5,-0.004017849533,0.002591381176,
4340,-0.635215599,-0.818060443,-0.001348829455,-0.001777880214,-0.002743844243,0.002286124048,-0.1,2.083194054e-05,-0.00271849085,
4341,-0.210454452,-0.6999709675,-0.0004837600233,-0.001633458821,-0.00158461888,0.0003349087745,-0.8,0.002021839807,-0.002989359853,
4342,1.041329037,0.7731334828,0.002219191817,0.001747798195,-0.001944002679,-0.002248587699,-0.4,0.007158216737,-0.002719833102,1.554827832
4343,-0.8811126497,-0.6520218698,-0.002257472723,-0.001720349022,-0.0001776391261,0.002397304407,0.5,-0.009468790727,0.00495384528,
4344,-1.485386954,-1.5134916,-0.002880057728,-0.003080326049,-0.002467661151,0.001312192327,-0.9,-0.005602913329,-0.0001572021257,
4345,-2.073030574,-1.941228292,-0.005008284,-0.005090454902,-0.003990536127,0.002619937268,-0.9,-0.004494338043,-0.005522229957,
4346,-1.842543503,-1.821364257,-0.004331575359,-0.004474575338,-0.004941288796,0.007813145367,-0.6,-0.008512793507,-0.0001503572108,
4347,0.6468829156,0.06000753147,0.001367477185,0.0001334070006,-0.001893258501,-0.0004257199055,-0.3,0.00153213424,0.00120282013,1.329375711
4348,-0.7912014427,-0.3090860016,-0.001631802492,-0.0006535511604,-0.004358630305,0.000506308754,-0.1,-0.002961287046,-0.0003023179377,
4349,0.1913452283,0.04432541312,0.0004323436611,0.0001007726556,-0.003624541085,-0.001760933157,0.0,0.001175522193,-0.0003108348704,3.056406245
4350,-0.08568972335,-0.117315783,-0.0002160408574,-0.0003054722897,-0.000848980829,0.0002969913663,-0.1,0.008433851146,-0.00886593286,
4351,-0.7759137272,-1.057102015,-0.001761551585,-0.002508015418,-0.001421955538,-0.001173451784,0.1,0.0005296583582,-0.004052761529,
4352,-2.241874796,-2.609463312,-0.004780169158,-0.005699661583,-0.0006316046878,0.008887185431,-0.8,-0.006431171724,-0.003129166592,
4353,-0.533842729,-0.5410169809,-0.001200151553,-0.001273224718,0.002149204324,0.009127436641,-0.5,0.001715751988,-0.004116055094,
4354,1.697966885,1.407814931,0.00395587895,0.003422989145,0.00581702979,-0.003825333977,0.3,0.004147310416,0.003764447485,0.3565578681
4355,-1.846747035,-1.583446602,-0.003786652948,-0.003461258698,-0.005290517319,0.005592464644,-0.9,-0.002390820169,-0.005182485728,
4356,-1.340031265,-1.390706169,-0.003780227479,-0.004025354717,-0.008646636787,0.003734729188,-0.4,-0.006846992632,-0.0007134623268,
4357,-0.8791952158,-0.9077403494,-0.002106446347,-0.002232581436,-0.003385678477,0.003141458198,-0.4,-5.231652041e-05,-0.004160576173,
4358,0.4893020081,0.6652409235,0.001056530818,0.001521507978,0.0005658655657,-0.002025626662,0.2,-0.0004913722928,0.002604433928,1.419199393
4359,0.5880559162,-0.007474753902,0.001223551752,-1.669244958e-05,0.0007507142514,6.443071725e-05,0.2,0.002528252882,-8.114937714e-05,0.6728367913
4360,-1.35449732,-1.427153173,-0.003225814821,-0.003621873256,-0.004626088526,0.005739878988,-0.9,-0.002691132167,-0.003760497475,
4361,-1.346236994,-1.1384967,-0.002997921424,-0.002653542995,-0.003056275293,0.004716981275,-0.2,0.001371216877,-0.007367059726,
4362,0.221310433,0.07596877903,0.0005498134295,0.0001934333809,-0.001486834902,-0.001359306366,-0.2,-0.0003280192773,0.001427646136,4.851190792
4363,-2.231385447,-2.104118715,-0.005439476957,-0.005224464761,-0.007339703056,0.00747215932,-0.6,-0.006248710633,-0.004630243282,
4364,-1.069553258,-1.280531643,-0.002526347309,-0.003061007162,-0.002314887659,0.003115351171,-0.2,-0.001694276496,-0.003358418122,
4365,-0.404205242,0.08186457626,-0.0009373345799,0.0002034111642,-0.003142388919,0.004040703683,-0.4,-0.000566793068,-0.001307876092,
4366,0.3047120921,-0.01109349205,0.0007327501199,-2.705000511e-05,0.0001804091464,0.008792454862,-0.6,0.001646428883,-0.0001809286432,5.108081022
4367,-1.373323796,-1.605874656,-0.002993577809,-0.003639061858,-6.034491944e-05,-0.002224735343,0.2,-0.00404263394,-0.001944521678,
4368,-1.752124338,-1.53108022,-0.003820845989,-0.003428198452,-0.003409032758,0.003668703967,-0.9,-0.002276103517,-0.005365588461,
4369,0.2055547295,0.2999584853,0.0004504291616,0.0006836882328,0.002324715342,0.00671096611,-0.1,-0.0007169862611,0.001617844584,1.654718091
4370,2.46158939,2.142839217,0.005159216881,0.004512087386,0.007921266428,-0.000452144027,0.7,0.009322101568,0.0009963321942,0.578997584
4371,-1.51334051,-1.618279468,-0.003558063434,-0.004004394351,-0.004073074623,0.003028341001,-0.9,-0.004274981051,-0.002841145817,
4372,-1.07372579,-1.448037522,-0.00216586286,-0.002990725787,-0.004778047083,0.002947201662,-0.7,-0.006994201349,0.00266247563,
4373,-1.379876839,-1.493024843,-0.002993757338,-0.003381267598,-0.003110752158,-2.786850752e-05,-0.7,-0.002776037242,-0.003211477434,
4374,-0.09210047052,0.01166045284,-0.0002380708239,3.117024866e-05,0.0002944646904,0.001491891992,0.4,0.005425861282,-0.005902002929,
4375,-2.886305929,-2.676974988,-0.005969483809,-0.005617149214,-0.002882653182,0.003940908094,-0.8,-0.006057878179,-0.00588108944,
4376,-0.9073030978,-1.329504188,-0.001975323646,-0.00310053259,-0.003200828408,0.004187050543,-0.1,-0.001956310737,-0.001994336555,
4377,0.2896702819,0.08528507302,0.0007494304489,0.0002167583925,0.000637511164,-0.0007018918566,0.7,-0.0001120073484,0.001610868246,2.553114936
4378,0.9511019543,0.9783084782,0.002172126855,0.002233688019,0.002306601038,-0.005885309997,0.3,0.004820712066,-0.0004764583552,1.621056746
4379,2.546547148,2.250044976,0.005407818012,0.004976090313,0.002580173335,-0.0105706513,0.3,0.008761566673,0.00205406935,0.5623980701
4380,-1.760306165,-1.525467289,-0.003939249652,-0.003360775975,-0.002630734752,0.007738031454,-0.5,-0.005404485316,-0.002474013987,
4381,0.5200171881,0.4405359655,0.001169333322,0.00104542069,-0.002326612581,-0.005640813563,0.6,-0.0003500689043,0.002688735547,1.082070921
4382,-0.4711734823,-0.7777044049,-0.00107356623,-0.001858743922,-0.00252066471,0.003375779815,-0.8,0.002049675412,-0.004196807872,
4383,-0.3864307532,-0.1994190559,-0.0009156015721,-0.0004845508374,-0.0003639381961,0.002049769153,0.4,0.002764046093,-0.004595249237,
4384,0.8020456367,0.8981217427,0.001761179681,0.002099995988,-0.002034385406,-0.002199882356,0.3,-0.00459114805,0.008113507412,1.351499639
4385,1.064539097,1.076910106,0.002408158529,0.002569443456,0.00134635782,-0.003373400385,0.3,0.001876517615,0.002939799443,1.097197303
4386,-1.028683022,-0.6854311523,-0.002625170215,-0.001771113867,-0.00296633212,0.007918089424,-0.1,-0.001643590428,-0.003606750003,
4387,1.703417119,1.703696663,0.003502128188,0.003722272708,0.0025612224,-0.003389986905,0.9,0.004967757513,0.002036498863,0.536454039
4388,0.8228335454,0.8577589478,0.001650085637,0.001815980773,-0.001232996738,0.0008605240821,-0.1,-0.002131280074,0.005431451349,0.8983645946
4389,0.245876205,0.1608282558,0.000608583307,0.0004244989435,0.001559936921,0.005077116257,-0.8,0.004335036573,-0.00311786996,2.116813747
4390,0.6041917764,0.6996795714,0.001213117261,0.001434745192,0.00229255415,0.003150119263,-0.7,0.0007696199639,0.001656614558,0.6572534295
4391,-0.240290036,-0.1233200385,-0.0005096903772,-0.0002913621393,0.0008613135954,0.002241423934,-0.2,-0.004855098593,0.003835717838,
4392,0.1102900866,0.2707719629,0.0002811568015,0.0006760276812,0.0002548531531,-0.002625275528,0.3,0.001148508319,-0.0005861947155,5.962918246
4393,-3.206182049,-3.104318976,-0.006479671383,-0.006498444216,-0.004784427095,0.006755571015,-0.5,-0.003418335961,-0.009541006804,
4394,0.3571026406,0.5041560532,0.0007839799221,0.001102793227,0.002307987837,-0.00630183398,0.5,-0.001707052392,0.003275012236,1.369603181
4395,-0.7282609367,-0.6884380257,-0.001661372084,-0.001648646726,-0.005978408936,-0.004395543116,-0.2,-0.002585920704,-0.0007368234634,
4396,0.6703274121,0.4351738046,0.001402852374,0.0009832511909,0.003507296595,0.001167811103,-0.5,-0.001150231804,0.003955936551,0.6964900694
4397,-3.106881142,-3.562955056,-0.00628355621,-0.007413248564,-0.005713718211,0.009013274735,-0.8,-0.005764290465,-0.006802821956,
4398,-0.7275520363,-1.117674299,-0.001509917834,-0.002225856477,-0.0006025198582,0.0007292798704,-0.2,-0.002387933369,-0.0006319022982,
4399,-1.753247226,-1.601323242,-0.004024718416,-0.003846570954,-0.006940782409,0.006404518564,0.1,-0.006666425089,-0.001383011743,
4400,2.505997263,2.214217951,0.00555076934,0.005088926796,0.006510060454,-0.01184932888,1.0,0.008482396672,0.002619142008,0.5824221337
4401,-0.7776576634,-0.810476623,-0.001939423698,-0.002152008363,-0.001374049665,0.002368813959,-0.8,-0.002350457243,-0.001528390154,
4402,4.409845948,4.291989818,0.009943289736,0.00989691054,0.008570506267,-0.005785306046,0.4,0.009759266847,0.01012731262,0.324276512
4403,-0.7636648061,-0.669212274,-0.001758730842,-0.001583972972,0.001986805404,0.007666098133,-0.1,-0.0007260368925,-0.002791424791,
4404,2.022250851,1.735598297,0.0047798909,0.004129292885,0.006379807118,-0.006176721166,0.4,0.001821732918,0.007738048882,0.4345647537
4405,1.586302948,1.702412716,0.003989701569,0.004333655487,0.005209973569,-0.005207686043,0.7,0.008796521471,-0.0008171183316,0.5562733292
4406,0.1751333435,0.5013173707,0.0004098727537,0.001192738488,0.00265132645,-0.005792948261,0.5,0.006037367924,-0.005217622416,4.381019761
4407,0.6513128804,0.2664359134,0.001240207326,0.0005328115585,-0.002764755919,-0.005096270293,0.6,0.002907148483,-0.0004267338313,1.241568754
4408,-0.685233362,-0.8601159703,-0.00125173984,-0.001662720485,-0.0006916621835,-0.001209864446,0.3,-0.001120861391,-0.001382618289,
4409,1.367684188,1.451942509,0.002687542881,0.00299073098,0.004547673579,0.00445732424,-0.3,0.001834764512,0.003540321249,0.8294273633
4410,-1.089406435,-1.111211041,-0.002571433441,-0.002671416529,-0.001879153517,0.003144451949,0.5,0.002962637933,-0.008105504814,
4411,-0.1946021864,-0.5237069862,-0.0004666217626,-0.001305203435,-0.0004384088873,-0.002158826106,-0.4,-0.00152845027,0.0005952067443,
4412,0.5804945059,0.5800297928,0.001264379736,0.001253060922,-0.002977984982,0.003573179138,-0.7,0.001588249386,0.0009405100865,0.7113145083
4413,1.75880322,1.716383216,0.003783372932,0.003935888583,0.0007978932715,-0.006373575756,0.9,0.003346949162,0.004219796702,0.3757408588
4414,-1.501058936,-1.575826729,-0.003294546451,-0.003646234023,-0.003294896569,0.000863350027,-0.4,0.002260202631,-0.008849295533,
4415,1.754550178,1.682706483,0.004224018508,0.004148775215,0.005624093149,-0.006897405709,0.9,0.005804648593,0.002643388422,0.3663357367
4416,0.7245680142,0.8350722909,0.001451310247,0.001807573311,0.004099548679,-0.002109723267,0.0,0.0005421320966,0.002360488397,1.12002294
4417,0.5236098052,0.4536352739,0.001209184737,0.001076148918,-0.0009790024462,-0.001577739745,0.4,0.00143965889,0.0009787105834,1.029794499
4418,-0.06941753825,-0.5946409193,-0.0001473100563,-0.00131873774,1.650629505e-05,-0.003722115819,-0.4,0.00368474959,-0.003979369703,
4419,-0.2760131306,-0.2959584143,-0.0006617798244,-0.0007440436985,-0.0002815313182,0.004233502887,-0.6,-0.0002295085148,-0.001094051134,
4420,-1.243284462,-1.201910009,-0.003039869119,-0.003144197309,-0.004508036467,0.001349890225,0.1,-0.004452117993,-0.001627620245,
4421,0.5008927562,0.3661961549,0.001168427464,0.0008515877818,-0.0007907103794,-0.006306691473,-0.3,0.004901622941,-0.002564768012,1.199166061
4422,-3.188141013,-3.165297422,-0.006746041508,-0.007000333399,-0.006835306224,0.007504058706,-0.7,-0.002595907569,-0.01089617545,
4423,-1.369386438,-1.864943784,-0.003095790413,-0.004486633373,-0.005466301629,-0.001834646838,-0.8,-0.003929095127,-0.002262485698,
4424,0.2455987627,0.1104715621,0.0006301864702,0.0002931682806,-0.0002112401241,-0.0001346498312,0.5,0.005442085488,-0.004181712547,2.667999815
4425,-0.09449279874,-0.2989103939,-0.0002209694673,-0.0007426390731,-0.004431925306,0.002175947508,-0.2,-0.000439126521,-2.812413684e-06,
4426,0.8294820093,0.7693336643,0.002008285231,0.001920605346,0.004967332733,0.001743352247,0.5,0.001550505231,0.00246606523,0.5666831208
4427,-1.219254505,-0.9264502465,-0.00254350919,-0.002093190741,-0.003600795886,-0.002716095323,0.1,-0.002401528859,-0.002685489521,
4428,0.2223524862,0.3054500946,0.0005098048694,0.0007430263208,0.0009189689868,0.004542953522,-0.1,0.00354386669,-0.002524256951,3.504503514
4429,-1.428574644,-1.410102045,-0.003167232324,-0.003238680374,-0.001852976733,0.002258931269,-0.3,-0.003771451587,-0.002563013062,
4430,-0.1923856149,0.05017783678,-0.0004453166791,0.0001223686309,0.001504208948,0.004684828411,0.4,-0.0009623836181,7.175026001e-05,
4431,0.249824245,0.2051673006,0.0005857325098,0.0004984459334,0.007548886717,0.003735035364,0.7,-0.002146728855,0.003318193875,2.462656972
4432,1.882003971,1.728006943,0.004261905396,0.003852479453,0.00545835653,-0.00203196909,0.0,0.007013484922,0.00151032587,0.7912029663
4433,-0.599755625,-0.4659132179,-0.001334061342,-0.001055967603,-0.001852716054,-0.003220296355,0.1,0.001537867771,-0.004205990455,
4434,-2.793067941,-2.707821853,-0.006021391549,-0.006155703624,-0.005237662092,0.01033372065,-0.6,-0.009513320921,-0.002529462177,
4435,-1.970604698,-2.022496583,-0.003945468352,-0.00439968258,-0.005686207715,0.009823754119,-0.9,-0.006013971595,-0.001876965108,
4436,2.172688811,2.324398384,0.005177400079,0.005703412565,0.002433877198,-0.001439561363,0.2,0.007800431054,0.002554369104,0.4491985097
4437,-0.08441583064,-0.02202210115,-0.0002024053304,-5.559934502e-05,-0.003656302793,0.005288355943,-0.2,0.0003712826144,-0.0007760932752,
4438,-1.099727019,-1.17896336,-0.002292097448,-0.002573810947,-0.001331207384,0.001627387142,-0.1,-0.002785143163,-0.001799051732,
4439,1.211144593,1.247471035,0.002734856642,0.002903229918,0.001094386247,-0.0001730127049,0.5,0.004778880608,0.0006908326761,1.122533963
4440,-1.66696979,-1.981783596,-0.004525049314,-0.005513568033,-0.00992043251,0.003073468898,0.3,-0.007224568222,-0.001825530406,
4441,-0.3564238822,-0.3656518995,-0.000780992524,-0.0008251478918,-0.001536242824,-0.002389117478,-0.3,-0.006891150233,0.005329165185,
4442,0.3008720365,-0.04517678809,0.0006481840533,-0.0001020164823,-0.002055669861,-0.002022633099,-0.1,0.001951729462,-0.0006553613554,2.010064295
4443,-0.2963456796,0.005813913817,-0.0007041811661,1.474987578e-05,9.999266353e-05,-0.001265352666,0.0,0.0003580373391,-0.001766399671,
4444,-1.318187946,-1.428958891,-0.003264285549,-0.003661113313,-0.004752108106,0.0007389634257,-0.2,-0.003560442986,-0.002968128113,
4445,-2.6333929,-2.284268405,-0.005238069368,-0.004786011298,-0.008395789674,0.006052685285,-0.3,-0.003371250831,-0.007104887904,
4446,-2.179836043,-1.723351496,-0.004542427448,-0.003863350691,-0.007051064983,0.001878853225,-0.7,-0.003413465932,-0.005671388963,
4447,1.88281578,2.089884091,0.003975537114,0.004604105557,0.001309507747,-0.007726855614,0.4,0.004216155752,0.003734918477,0.6120299651
4448,-0.8567508518,-0.9123389122,-0.001824067498,-0.001983602304,-0.002527421132,0.008130743026,-0.8,-0.001209333165,-0.00243880183,
4449,-0.1626831671,-0.2726614056,-0.0003528820698,-0.0006024071606,-0.00580410107,0.002963224167,-0.2,-0.0003646261779,-0.0003411379616,
4450,-0.4994632451,-0.5998788953,-0.001084374553,-0.001301739975,0.001242920393,0.006404443422,0.4,0.001056603181,-0.003225352287,
4451,2.077736177,2.375266285,0.004684438516,0.005244741247,0.001419949824,0.0008844689696,0.7,0.00689578248,0.002473094553,0.8225548537
4452,2.210216978,1.86530584,0.005259957105,0.004682246021,0.002645603882,-0.003321029275,0.4,0.007515151383,0.003004762826,0.3847650721
4453,0.7003906362,0.6607205932,0.001526991291,0.001490941894,0.002280188552,0.002417125079,-0.1,-0.0007859875036,0.003839970086,1.073821352
4454,-0.6848932243,-0.7597689312,-0.001601286348,-0.001805679007,-0.005981090768,0.00294136731,-0.7,-0.002246004225,-0.0009565684715,
4455,-0.5792437704,-0.3007078977,-0.001558414708,-0.0008176451206,0.0004568560535,0.0004311744926,0.5,-0.0001249259474,-0.002991903468,
4456,1.824281318,1.939957715,0.003974236286,0.004400372958,0.0007042773407,-0.005355082415,0.1,0.004865383269,0.003083089303,0.8247649227
4457,-0.6423968118,-0.6085202021,-0.001634696177,-0.001618003776,0.002932655029,-0.004440284093,0.8,-0.005563788404,0.002294396051,
4458,0.6741567677,0.3749013694,0.001607052506,0.0009189704071,-0.001495554052,-0.003140176892,0.2,0.002788551582,0.0004255534311,1.20994941
4459,-0.1358228591,-0.2481231839,-0.0002817886819,-0.0005238795362,0.001652007389,0.001167268399,0.4,-0.0006008134099,3.723604612e-05,
4460,0.4874941311,0.4984308687,0.001212846757,0.001193521944,0.0009450213131,-0.003683627565,0.3,-0.003174593105,0.005600286619,2.729073274
4461,0.3687568055,-0.04249483587,0.000797942936,-9.556076201e-05,0.002372462384,-0.0006710871324,0.7,0.003035067268,-0.001439181396,0.940638201
4462,0.3785706572,0.7068938053,0.0008576761485,0.001684841186,0.004460046024,-0.0006107859669,-0.5,0.0009191023187,0.0007962499784,1.322454117
4463,-0.06506061815,-0.2584624842,-0.0001432243277,-0.0005741667489,-0.003325557813,-0.0004693178988,-0.7,7.749707668e-05,-0.0003639457321,
4464,-0.456955418,-0.2669336018,-0.0009994911755,-0.0005848397043,-0.0001413631842,-0.0009976717282,0.8,0.00280010577,-0.004799088121,
4465,-2.393836184,-2.310634593,-0.005334498717,-0.005246211443,-0.006302351202,0.004037054742,-0.4,-0.000715296759,-0.009953700674,
4466,1.543299284,1.011604544,0.003586297839,0.002503866532,-0.005482395923,-0.004219486428,0.3,0.0118751477,-0.004702552027,0.970771443
4467,-0.2860644186,0.02413669998,-0.0006649983003,5.961803512e-05,0.002400733848,0.002133744205,0.0,0.001884942119,-0.003214938719,
4468,-0.3536027415,-0.8483661558,-0.0007818587268,-0.001939406945,0.002936675639,0.002251018394,0.4,-0.001184951381,-0.0003787660723,
4469,0.02598524884,-0.1122843674,5.348235952e-05,-0.0002404538056,-0.002232612509,0.006102600754,-0.1,0.001385244479,-0.00127827976,30.05078811
4470,-1.168977574,-1.797512805,-0.002502703507,-0.003929444353,-0.0009357771317,-0.002689014032,0.1,-0.003441320275,-0.001564086739,
4471,-0.9323465745,-1.29407028,-0.001997447107,-0.00295519489,-0.004833476056,-0.000454660221,-0.7,-0.0002305074302,-0.003764386783,
4472,1.054546152,0.9575999826,0.002603695286,0.002362638934,-0.001671576383,-0.005870500239,0.1,0.01070081835,-0.005493427778,1.841641244
4473,1.070945492,0.9688117992,0.002148554611,0.002083843237,0.003541247482,-0.007315549785,0.2,-0.001129723034,0.005426832255,0.9306138833
4474,-1.677099732,-1.605610466,-0.003642229591,-0.003706811455,-0.001416732338,0.005377206422,-0.9,-0.003168700087,-0.004115759096,
4475,-0.294732285,-0.5028919738,-0.0006809248333,-0.001222271422,-0.004418092546,-0.00403145679,0.3,0.00253382185,-0.003895671517,
4476,-0.3107995083,-0.5023654365,-0.0006783665611,-0.001114957966,-0.004023306988,-0.003142101185,-0.7,0.00525265178,-0.006609384903,
4477,-1.665869165,-2.179787294,-0.004000714011,-0.005305664528,-0.003448588206,0.004581328859,-0.5,-0.002069065487,-0.005932362536,
4478,-0.8405452449,-0.8332541583,-0.001973181585,-0.001992737109,-0.00246831871,-0.001451427976,0.5,-0.0009001385816,-0.003046224588,
4479,-0.5937317899,-0.5318832935,-0.001296947158,-0.001223934969,0.002899992567,0.007091475305,0.4,0.001065397412,-0.003659291727,
4480,1.239554922,1.003451169,0.002905643027,0.002420492898,0.007338926279,-0.006628526866,-0.3,0.005218422727,0.0005928633274,0.7491222754
4481,0.1351893903,-0.2509456322,0.0003259389703,-0.0006472827232,0.0008719339304,-0.0007195709577,0.0,-0.001458092285,0.002109970226,4.167475705
4482,1.680616129,1.351354487,0.003748485419,0.003136591265,0.002706090506,-0.004399576602,0.8,-0.001270910847,0.008767881685,0.7555101992
4483,-3.403875561,-3.219992207,-0.007215441096,-0.007174223031,-0.006041373038,0.007493880279,-0.3,-0.006515005372,-0.007915876819,
4484,-1.611855749,-1.73103722,-0.003478103341,-0.003732883846,-0.004350299348,0.0005414247919,-0.6,-0.007423795166,0.0004675884848,
4485,0.3115957045,0.5088408674,0.000648798903,0.001107735371,8.709867405e-05,-0.002629924282,-0.1,0.001548613988,-0.0002510161823,1.177535901
4486,-0.1241720465,-0.2645178099,-0.0002923764955,-0.0006411745317,-0.003632126905,0.003156580682,0.4,0.007180673139,-0.00776542613,
4487,-2.258592279,-2.396527505,-0.00498901192,-0.00545104159,-0.005524179931,0.00529282028,-0.2,-0.009257919682,-0.000720104159,
4488,-0.6119970395,-0.247181121,-0.001601523701,-0.0006749500201,-0.004354203288,0.001197081347,-0.1,0.001077353615,-0.004280401016,
4489,1.393254016,1.476204281,0.003274943519,0.003484158689,0.002235929115,-0.004934872473,0.4,0.01166268944,-0.005112802398,1.139863038
4490,-0.1305763453,-0.3002140506,-0.0002828038278,-0.0006580511027,-0.0007827895695,-0.001744191406,-0.4,-0.0002902083175,-0.0002753993382,
4491,-1.218012219,-1.350305118,-0.002645546681,-0.003036167564,-0.002340278299,0.00395994847,-0.4,-0.007906225981,0.002615132619,
4492,-0.09161185424,-0.5514937144,-0.0002047093908,-0.001254411397,-0.001148794506,0.0005684154768,0.4,0.005513385602,-0.005922804383,
4493,1.5436105,1.29575967,0.003521347706,0.003184547399,-0.002312919856,-0.004391476209,0.8,0.008914174162,-0.001871478749,0.7369653345
4494,-0.3027636625,-0.1062009046,-0.0006070459226,-0.0002187646465,0.002330619106,-0.0001960701195,0.2,-0.003571476866,0.002357385021,
4495,-1.376322716,-1.24865714,-0.003330578496,-0.003121218086,-0.003367309814,0.004112685729,-0.4,-0.004167480338,-0.002493676654,
4496,-0.2507145478,0.0756560534,-0.0007060438198,0.0002216508432,-0.001137243575,-0.0008528352945,0.1,0.005564805015,-0.006976892655,
4497,-1.01081817,-0.9095737481,-0.002554222402,-0.002441341456,-0.005548393429,0.003879723519,0.3,-0.001017963057,-0.004090481748,
4498,-2.085935698,-2.176987538,-0.004322454452,-0.004627393816,-0.007706097502,0.009604332936,-0.2,-2.055895765e-05,-0.008624349946,
4499,-0.6834704351,-0.9595320338,-0.001453798755,-0.002094230152,-0.006711941163,0.004463775838,-0.9,-0.002341302597,-0.0005662949136,
4500,-0.513112577,-0.3428580372,-0.001219939036,-0.000832444176,-0.005216511372,-0.001507498194,0.5,-0.004886785755,0.002446907682,
4501,-1.952660034,-2.37147388,-0.00400488469,-0.005048229879,-0.0002753521198,0.00137675515,-1.0,-0.005552969512,-0.002456799867,
4502,1.293411457,1.075713225,0.002924065603,0.00249349867,0.003175784006,-0.01086017379,0.0,0.005819202716,2.892848954e-05,0.8396878746
4503,-1.199865618,-0.8564203368,-0.002742722106,-0.002071069289,-0.001105701218,0.002103825938,-0.9,0.001720051714,-0.007205495926,
4504,-2.185065263,-2.248593803,-0.005158381657,-0.005529586985,-0.008251703091,0.005663081155,-0.9,-0.006089429904,-0.00422733341,
4505,-0.7329857976,-1.073559389,-0.001625931605,-0.002585301799,-0.001181418766,0.004678589958,-0.6,0.002303351035,-0.005555214245,
4506,-1.093520615,-0.7806329023,-0.002750405668,-0.002101042678,-0.004343809978,0.005234082095,-0.9,-0.008073671605,0.00257286027,
4507,-0.5783416924,-0.5220174695,-0.001342707491,-0.001241057299,-0.001416183737,0.0007164093783,0.0,-0.004054732325,0.001369317343,
4508,-2.887195585,-2.864696893,-0.006792725603,-0.007252014778,-0.01190475811,0.00856387516,-0.3,-0.009049289257,-0.00453616195,
4509,-0.9501286128,-1.340563137,-0.002579338419,-0.003647722705,0.001700606487,0.004474231518,-0.6,-0.01004793223,0.004889255388,
4510,0.9651771745,0.6581876774,0.002095756563,0.001514792637,0.0002718265472,-0.00744174696,0.3,0.006307902171,-0.002116389045,0.8529169691
4511,-0.1951769302,-0.01075892434,-0.0004165220732,-2.352894486e-05,0.001609786061,-0.0008842239149,-0.3,0.0008501440127,-0.001683188159,
4512,0.9306285804,0.6102720549,0.002133655332,0.001472426545,-0.0004988495475,0.002829137819,0.5,0.004831598087,-0.0005642874231,0.8821800277
4513,0.7764904524,0.7330521786,0.001816093523,0.001831015594,0.004647150642,-0.0081820561,0.9,-0.002917207049,0.006549394094,1.105179421
4514,-1.618740365,-1.770571175,-0.004499237368,-0.005152978849,-0.00828165483,-0.002743062213,-0.2,-0.002919512533,-0.006078962204,
4515,-0.1385198493,-0.6748890435,-0.0003532325438,-0.001759493692,-0.00451180619,-0.0009045071997,-0.9,0.003137403827,-0.003843868915,
4516,-0.7132238581,-0.6896222739,-0.001574261497,-0.001645679658,9.766963868e-05,-0.003979013151,-0.1,-0.00134865267,-0.001799870323,
4517,-2.068311713,-2.163468706,-0.005013869724,-0.005594298435,-0.002423544951,0.009910933139,0.0,-0.006967758202,-0.003059981246,
4518,0.6550266129,0.3356875755,0.001483428986,0.0008049005598,-0.001459871851,0.002583065614,0.1,0.002401028867,0.0005658291056,1.216825443
4519,1.598588882,1.392666486,0.003500459161,0.003156130054,0.005922378676,-0.006032395364,0.1,0.004065208959,0.002935709362,0.5555949382
4520,0.6733159116,0.2778416295,0.001682971546,0.0007009578835,-0.002261226281,0.001085099241,-0.5,0.003372052834,-6.109741731e-06,1.144164151
4521,0.8443440656,0.4451940985,0.001927119612,0.001049206858,0.0005454744602,0.0007803885353,-0.1,0.003639751098,0.0002144881264,0.763024607
4522,0.01710983788,-0.16601023,4.470034489e-05,-0.0004378832787,0.001031301531,-0.003200260779,0.2,0.003814949677,-0.003725548987,34.21066245
4523,2.032322935,1.719078104,0.004689240241,0.004093020882,0.003474348905,-0.002624417139,0.2,0.005843134066,0.003535346417,0.4910243851
4524,-0.503393222,-0.5667928461,-0.001023403805,-0.001161296834,0.001547037129,-0.001682681446,-0.5,-0.001091239097,-0.0009555685126,
4525,-0.9215035978,-1.060850863,-0.002021009743,-0.002401062431,-0.0002104240532,0.00192811979,-0.1,-0.005011566341,0.0009695468562,
4526,-1.750807383,-1.740923212,-0.003770011597,-0.003866502026,-0.00748342428,0.005595131445,-0.9,-0.007334663812,-0.000205359382,
4527,-2.500453638,-2.566477579,-0.005877323415,-0.006131198712,-0.01159940268,0.004154710526,-0.1,-0.006858927617,-0.004895719213,
4528,0.3128011805,0.1417977178,0.0007321220159,0.0003299499182,-0.0001292646998,-0.002020717628,0.8,0.001903872275,-0.0004396282436,1.456379483
4529,-1.856868457,-2.084383408,-0.004042845651,-0.004535503954,-0.003129595563,0.0009908876958,-0.1,-0.002916325498,-0.005169365804,
4530,0.2263664577,-0.04971478893,0.0005242098392,-0.0001236380171,0.002458040447,0.002965224497,0.4,-0.002263521094,0.003311940773,3.916282458
4531,0.7966214452,0.9156537824,0.002044812874,0.002438461699,-0.003229476789,-0.0009255332952,0.0,0.0004913790276,0.003598246721,1.381965083
4532,-0.9488734577,-0.9081283457,-0.002052091275,-0.001955445168,-0.00337389155,0.008727833468,-0.9,0.001638739428,-0.005742921979,
4533,-0.2454754404,-0.1547147144,-0.0006201212486,-0.0003908581563,-0.0008608234972,0.001461035258,0.3,0.004464673002,-0.005704915499,
4534,0.7680525344,0.5144122119,0.001710316416,0.00118081902,0.0009864140816,-0.00242970111,0.3,-0.002153906652,0.005574539484,1.107324951
4535,-2.621922582,-2.330322278,-0.005391956783,-0.005015623938,-0.004638752412,0.005291679119,-0.9,-0.005526816889,-0.005257096677,
4536,-0.210170011,0.2962494194,-0.0004547438749,0.0006568888892,0.003128371439,0.003208497672,0.0,0.002532061008,-0.003441548758,
4537,-0.7594588423,-0.7214145275,-0.001920339695,-0.001965768479,0.004523744013,0.005937279728,0.4,0.002659682328,-0.006500361718,
4538,-1.61580873,-1.689441713,-0.003333345437,-0.003488719579,0.0006421030703,0.008314149232,0.1,-0.00367835732,-0.002988333555,
4539,0.9497273308,0.5149007698,0.001899686107,0.001088479538,0.0009098179353,-0.004190514357,0.9,-0.000351698491,0.004151070704,0.8195061053
4540,0.1119798139,-0.1177489975,0.0002540351205,-0.0002724242175,-0.007850935033,0.004154497673,-0.5,0.002608548214,-0.002100477973,6.56294824
4541,0.2025118054,0.4327618031,0.0004014876846,0.0008795296316,0.0006229644502,-0.006491737402,0.2,-0.003138165399,0.003941140768,3.962105357
4542,-1.404686346,-1.782645972,-0.003172131231,-0.004200037321,-0.00392581964,0.003565053327,-0.6,-0.005603752854,-0.0007405096077,
4543,0.06228048607,0.1336435248,0.0001396666125,0.0003058530769,-0.00113844596,-0.004662917649,0.1,0.001999973542,-0.001720640317,7.168201414
4544,-1.902310533,-1.932604601,-0.004620695434,-0.005063535123,-0.004538060714,0.007971846663,-0.9,0.001642443945,-0.01088383481,
4545,-0.1307646643,-0.3258882178,-0.0003115188811,-0.0007680859872,-0.003102053349,0.002800270517,-0.5,0.0003620637143,-0.0009851014765,
4546,0.5834627487,0.5933532945,0.001230148434,0.001303154471,0.001746832103,0.0004003500418,0.5,-0.0002935623236,0.002753859192,0.8430531266
4547,-0.3041484739,-0.3328618084,-0.0007379952115,-0.0008642156656,0.001579191342,0.004410700581,-0.7,-0.001218736553,-0.0002572538703,
4548,-0.614162792,-0.7768414001,-0.001535840801,-0.001939520335,-0.001938235086,0.0002217972874,-0.3,0.004312696017,-0.007384377618,
4549,-1.4355863,-1.305022047,-0.003171534191,-0.00299758253,-0.002315360622,0.001765899179,-0.7,-0.005444255937,-0.0008988124459,
4550,1.821551259,1.658722975,0.004066979065,0.003803181221,0.006244286091,-0.000540762089,0.5,0.006386220055,0.001747738075,0.5894663346
4551,-0.601125892,-0.6165687088,-0.001228489756,-0.0012825441,-0.001593841809,-0.0008360838831,-0.2,-0.0009682447772,-0.001488734736,
4552,1.060098879,0.741227427,0.002567069145,0.001888965591,0.004861065725,-0.002745629219,0.2,0.004099130015,0.001035008275,0.5278942491
4553,-0.939003897,-1.112781714,-0.002126654955,-0.002572561502,-0.006598118822,0.004738494619,0.3,-0.001759064501,-0.00249424541,
4554,-0.7252034655,-0.6958738195,-0.001562063096,-0.001567681208,-0.0001449597938,0.01080160823,0.4,0.0005404959927,-0.003664622185,
4555,-0.02721008532,0.03223089872,-5.931799091e-05,7.229658445e-05,0.001074800051,-0.002154428357,0.7,0.002268252314,-0.002386888296,
4556,1.028262371,0.8934072954,0.00219220521,0.0020148729,0.002691757052,8.228017899e-05,0.2,0.002956674265,0.001427736155,0.6902234977
4557,-1.009643866,-0.9357550993,-0.002200492073,-0.002102525088,-0.002119042816,0.003189276345,0.3,-0.00100997146,-0.003391012686,
4558,1.623799977,1.111794147,0.003202983227,0.002291539075,-0.001369742128,-0.002883768029,0.1,0.008234249221,-0.001828282768,1.072466082
4559,0.4152072474,0.4925681282,0.001027908632,0.001235061149,0.007316553616,-0.002401170891,0.2,0.002371586345,-0.0003157690807,1.110314709
4560,-1.614205974,-1.21399876,-0.003291418267,-0.002678784281,0.00126374055,0.00322456039,0.2,-0.004800699673,-0.001782136861,
4561,0.7428749625,0.4800719911,0.001548025936,0.0009865985394,-0.001398838809,-0.007710017216,0.8,0.006495565369,-0.003399513496,2.020895503
4562,0.1524375991,-0.009135736079,0.0003543234075,-2.194518208e-05,0.004169654022,0.001328795827,-0.5,0.00312112996,-0.002412483145,3.272568538
4563,-1.116568768,-1.241667909,-0.002545134275,-0.002906951877,-0.001863763233,0.0006375320495,-0.2,-0.00279468611,-0.00229558244,
4564,0.822532237,1.006873626,0.001917048313,0.002411929915,0.006684573855,-0.00595255251,0.2,-0.0005535679185,0.004387664544,0.9943695264
4565,-0.908318958,-1.293025821,-0.002164852089,-0.003249847043,-0.001806189106,-0.0009767563528,-0.4,-0.00240486852,-0.001924835657,
4566,0.51233427,0.6276800785,0.001193883143,0.001481626005,0.0003257690699,-0.001804303602,0.0,-0.001786053881,0.004173820168,1.837711645
4567,-1.3105142,-1.472497301,-0.002731870169,-0.003164096114,-0.006047176117,-0.000341673748,-0.7,-0.001159869524,-0.004303870815,
4568,-0.306824558,-0.1719503154,-0.0007351200752,-0.0004356934373,0.0002629013857,-0.002962070958,0.6,0.00451236475,-0.005982604901,
4569,-2.337074702,-2.435653243,-0.004753350243,-0.005130085412,-0.005081658234,0.001899854011,-0.2,-0.007808381601,-0.001698318884,
4570,-0.8471441726,-0.7994951292,-0.001688919369,-0.001574328791,0.0007604080951,0.00331785297,-0.8,-0.001870106168,-0.001507732569,
4571,-1.236161224,-1.57605579,-0.002514640447,-0.003281615898,-0.004774131636,0.002587982671,-0.6,-0.002749143647,-0.002280137247,
4572,0.6639814474,0.517637625,0.001496089595,0.001228372013,0.002185021923,-0.003363636132,0.7,0.001855764572,0.001136414618,0.6707948434
4573,3.520090684,3.207285263,0.008153312172,0.007605937506,-8.619415746e-05,-0.001040609084,-0.1,0.0101850919,0.006121532441,0.5322509827
4574,-1.285815112,-1.001722859,-0.002705338164,-0.00226949511,-0.005642184747,0.007087501116,-0.2,-0.0002335092069,-0.005177167121,
4575,-1.285940051,-1.166742905,-0.002788882159,-0.002688294913,-0.005231135001,-0.0006013167749,-0.9,-0.002030918125,-0.003546846193,
4576,0.4978008385,0.3609745521,0.001311919846,0.0009642435031,0.00038179802,0.002795076199,0.4,0.003181584753,-0.0005577450608,2.458226913
4577,1.037734612,1.208552841,0.002251545049,0.002694749029,0.006533732648,-0.0001677049365,-0.5,-0.00111071062,0.005613800719,0.9953683192
4578,0.878576034,1.269100114,0.002157371417,0.0033116992,0.001310395484,-0.003126940134,0.3,0.004884411598,-0.0005696687638,1.364817269
4579,-0.445190514,-0.8770107376,-0.001041077576,-0.002048751115,0.0004381281237,-0.005264548542,-0.4,-0.001520837847,-0.0005613173043,
4580,-0.2481757659,-0.4914587299,-0.0004733497034,-0.001006345144,-0.0006144936698,0.002613645691,-0.8,0.00222919226,-0.003175891667,
4581,-2.740732669,-2.902559365,-0.006115365313,-0.006700729193,-0.00826652212,0.006154626469,-0.9,-0.00754208398,-0.004688646646,
4582,-0.7291593811,-0.8767396654,-0.001806277828,-0.002251554097,-0.0002128309861,0.001074948803,0.3,-0.001653106097,-0.001959449559,
4583,-1.49803893,-1.732812449,-0.004038264535,-0.005016756504,-0.006916175789,0.003022244328,-0.2,-0.002914813893,-0.005161715176,
4584,-0.6356766907,-0.05586341154,-0.001311146851,-0.0001215981903,-0.0009772343692,0.01101579587,0.0,0.000181812363,-0.002804106065,
4585,-1.457285773,-1.484928989,-0.002889862895,-0.003119529036,-0.001094546826,0.002559970525,0.4,-0.003361073527,-0.002418652262,
4586,1.735551026,1.876275851,0.004352849235,0.004861554964,0.007360664745,-0.003575360033,0.7,0.01158086643,-0.002875167955,0.8216290339
4587,-1.645898391,-1.818523551,-0.004191340782,-0.004774337991,-0.004070400823,-0.0001128166839,0.5,-0.003501584406,-0.004881097158,
4588,0.2337857842,0.3047571767,0.0004882964882,0.0006465917775,-0.0006380447909,-0.0005196817196,0.3,0.00106178343,-8.519045386e-05,2.890271889
4589,0.3387175737,0.3229272019,0.0006852493428,0.0006651492507,0.001326528709,-0.002334058917,0.1,-0.003247421436,0.004617920121,2.460975889
4590,-0.1104454565,-0.1845120591,-0.000264827465,-0.0004619015087,1.818301886e-05,-0.0005530682726,0.6,-0.004641034036,0.004111379106,
4591,-0.9987928123,-1.087763708,-0.00237233013,-0.002696481818,-0.002123743838,0.007276252371,-0.8,-0.007231761621,0.002487101361,
4592,1.20691787,0.8631414269,0.002418634077,0.001799067454,-0.001022948958,-0.002664581185,0.9,0.002278232764,0.00255903539,0.2769223686
4593,-0.580575525,-0.6731143336,-0.001324116525,-0.001568411544,0.002421031947,-0.001922218771,-0.5,0.002618711775,-0.005266944826,
4594,0.6921150974,0.4198271969,0.001633075464,0.001022496519,-0.001870244733,-0.004842331657,0.7,0.002465972872,0.0008001780567,0.9992783814
4595,0.07550036184,-0.3343029039,0.0001762226562,-0.0008267331442,-0.001511306234,-0.002035238848,0.5,0.0009126893493,-0.0005602440368,4.573489034
4596,2.073338835,1.716853529,0.005205666885,0.004573507653,0.00777002222,-0.008023722483,0.9,0.00878913563,0.001622198139,0.4732789637
4597,-0.5220057731,-0.9443022403,-0.001247229548,-0.002452748803,-0.006904474595,0.0009868214317,-0.4,-0.0002097793934,-0.002284679703,
4598,-0.7977481437,-1.117820321,-0.001811676764,-0.002600433369,-0.004184958305,0.003211382415,-0.2,-0.0008936980782,-0.00272965545,
4599,1.804946069,1.780816882,0.004380525182,0.004408191093,-0.002728524943,-0.001487782125,-0.2,0.005647471917,0.003113578448,0.7408230131
4600,1.660082781,1.504824968,0.003766574186,0.0035619042,0.004507974477,-0.00702241346,0.9,0.006118201566,0.001414946806,0.4798485828
4601,-1.113804438,-1.308665249,-0.002419520425,-0.002925565216,-0.005681235289,0.0004813726957,-0.7,-0.004801050813,-3.799003749e-05,
4602,-3.015041854,-3.190259053,-0.005896283943,-0.006319244328,-0.005666493964,0.006675585928,-0.5,-0.01014284989,-0.001649717998,
4603,0.3106930753,0.6048260363,0.0006824229911,0.001410589882,0.001237418029,-0.006088502586,0.0,0.00280213287,-0.001437286888,2.752003493
4604,-0.3830109682,-0.2048586826,-0.0009065010904,-0.0005028263614,-0.0005688847595,-0.002018201724,0.6,-0.004504271595,0.002691269415,
4605,-0.9558379929,-0.9429279373,-0.002296087135,-0.002467329562,0.0015856029,0.002992480557,0.4,-0.009553683328,0.004961509057,
4606,-0.9179116424,-0.9896187126,-0.002197944498,-0.002442207289,-0.00110564235,0.005403121217,-0.6,-0.0009806684049,-0.00341522059,
4607,-1.183409312,-1.58515799,-0.002758862062,-0.003922092495,-0.001017981754,0.003433302984,-0.3,-0.005624639334,0.0001069152099,
4608,0.972757466,1.209733851,0.002183203262,0.002789214936,-0.000292991816,-0.00021311299,0.4,0.004516341322,-0.0001499347985,0.4807446067
4609,-2.177232686,-2.187983393,-0.004477511823,-0.004806799401,-0.005895947986,0.007640904051,0.0,-0.001306465034,-0.007648558611,
4610,-2.070494752,-2.360245605,-0.004657655215,-0.005466817145,-0.00649517971,0.005732570981,-0.8,-0.008311246078,-0.001004064352,
4611,-0.9962224475,-1.518863549,-0.002107711188,-0.003308268632,-0.003591350919,0.004626352748,-0.2,-0.003947394185,-0.0002680281913,
4612,0.9039476554,0.9603799239,0.002127672626,0.002250481561,-0.001736510746,-0.009652752403,0.9,-0.0009323367235,0.005187681975,1.057813803
4613,0.3775431424,0.03257824898,0.0008962130967,7.947137902e-05,-0.0004974866212,-0.003276910223,0.5,-0.002329677495,0.004122103688,2.487981792
4614,-1.950411377,-1.740433818,-0.004435096855,-0.003880440346,-0.002156814911,0.0009924672912,-0.2,-0.005322237529,-0.003547956181,
4615,2.419451293,1.8645623,0.004976223003,0.004100897624,0.005053381984,-0.007804983053,0.0,0.006159157535,0.003793288471,0.3810768373
4616,-1.50196264,-1.362832256,-0.00354664612,-0.003268118899,-0.005825053634,0.001728838264,-0.2,-0.003957533248,-0.003135758992,
4617,-0.7505111146,-0.611764872,-0.001713676826,-0.001408563349,0.0003890912711,0.007142380984,-0.5,-2.323992462e-05,-0.003404113728,
4618,0.842455763,1.09846527,0.001635517214,0.002363423,-0.001537640408,0.001138043674,-0.7,0.0007535848556,0.002517449572,0.8490361655
4619,-0.8555653149,-1.07557571,-0.001984583638,-0.002733619422,-0.003389308753,-0.002223236446,-0.7,0.00257151968,-0.006540686957,
4620,2.764479491,2.460445935,0.006099032268,0.005619634576,0.00136127223,-0.0111160672,0.8,0.009401251086,0.002796813449,0.4114998239
4621,-2.284771822,-2.322548303,-0.005314041998,-0.005509060119,-0.003121870642,0.005378396982,-0.6,-0.001719176678,-0.008908907319,
4622,-0.4043824663,-0.4545142611,-0.0009943542597,-0.001126081734,-0.0004059911742,-0.00340778349,0.1,0.001500375029,-0.003489083548,
4623,1.941036444,1.210384502,0.004684673344,0.002958780949,0.001775599635,0.000942786923,-0.1,0.00563681657,0.003732530118,0.4731955938
4624,0.4101829675,0.2457078994,0.0008859517682,0.0005202805806,0.002211899226,0.003534733622,0.2,0.004010905168,-0.002239001632,3.02676101
4625,-0.2702842397,-0.4360626723,-0.0005741737348,-0.0009364713647,-0.0002108007637,-0.0001092729686,0.0,0.0008676520859,-0.002015999555,
4626,0.2437862447,0.1896312095,0.0005729450991,0.0004516677919,0.0004159708838,-0.000200795845,0.4,0.0004291661752,0.000716724023,1.728128771
4627,-2.164762159,-2.214067707,-0.004636256317,-0.004862645325,-0.004009453001,0.01103405216,-0.1,-0.005006570878,-0.004265941756,
4628,-0.01784860386,0.06060793904,-4.272455986e-05,0.000152101402,0.002774966412,0.0006531629393,-0.3,-0.003319061151,0.003233612031,
4629,-0.3166989808,-0.5559911972,-0.0007741669378,-0.001411425923,-0.003047173609,0.005562385395,-0.9,-0.003040910576,0.001492576701,
4630,0.5439677106,1.133929787,0.001352156824,0.002867082019,0.004069991993,-0.001336774418,0.8,-0.002653270731,0.005357584378,2.296173613
4631,-0.8176016486,-0.9451238724,-0.001890980267,-0.00229613833,0.003376554461,0.003007393401,-0.6,-0.008016678204,0.00423471767,
4632,2.500902746,2.15372236,0.005179925903,0.004776641644,9.210703813e-05,-0.007617178808,0.3,0.001863017993,0.008496833812,0.5307156389
4633,-0.3622006311,-0.435743835,-0.000820253882,-0.0009998182723,-0.002630337445,0.003029816266,-0.3,-1.75384459e-05,-0.001622969318,
4634,1.600899434,1.57205229,0.004140963499,0.004149463308,0.006899543878,-0.004589644773,0.9,0.009043705182,-0.0007617781845,0.9526532835
4635,-2.187371714,-2.28357186,-0.004792146686,-0.005247940442,-0.00529096557,0.00451440609,-0.2,-0.004893667251,-0.004690626122,
4636,1.095845219,0.9988884245,0.002563316153,0.002497733548,0.003240783397,0.001763725818,0.1,0.004614186131,0.0005124461753,0.5294157243
4637,0.9721783325,0.8496015449,0.002000200951,0.001770737495,0.003695349449,-0.001702317758,0.7,0.005065965291,-0.00106556339,0.7056985781
4638,-0.4189158836,-0.04240050655,-0.001019796167,-0.0001070666685,0.004201556294,0.005864948442,-0.1,0.002772494003,-0.004812086336,
4639,0.1406086475,-0.07783925639,0.0003830988189,-0.0002274196235,0.001445335436,-0.0008468749996,0.2,0.006308557121,-0.005542359483,7.388036434
4640,-1.356413206,-1.038757213,-0.003178768913,-0.002543438439,-0.006580193972,0.008399351938,-0.4,-0.003877131903,-0.002480405923,
4641,0.2278709956,7.982340094e-06,0.0005013722739,1.887532607e-08,0.003638921657,0.0001710575453,-0.3,-0.001116495201,0.002119239748,2.61322853
4642,-1.208374063,-1.376114439,-0.002661931663,-0.003148252804,-0.004189499352,-0.00138680721,-0.7,-0.00506091906,-0.0002629442653,
4643,-0.4378463958,-0.5520801156,-0.0009038621714,-0.001226505875,0.0002897706397,0.003640734573,-0.5,0.000152463033,-0.001960187376,
4644,0.1094874916,0.1631912715,0.0002452827012,0.0003709255855,-0.001572014769,-0.005882943599,0.1,0.004658063527,-0.004167498125,7.773644069
4645,1.039784536,1.298747197,0.002403701885,0.002957778691,0.001079980689,0.003585797782,-0.6,0.002323238352,0.002484165418,0.9424599559
4646,1.556193797,1.193613994,0.003365387626,0.002658840515,-0.0003268828722,-0.009569039861,0.8,0.004392915581,0.00233785967,0.4525554492
4647,-0.09908829235,-0.04211482034,-0.0002481595679,-0.0001112847596,0.001124659675,-0.004602603189,0.2,0.002600794381,-0.003097113517,
4648,2.328878115,2.447422991,0.004768056449,0.005329732552,0.006488612692,-0.006112853637,0.6,0.004999560419,0.004536552479,0.4898053049
4649,-0.7954292938,-1.242581887,-0.001832489081,-0.003095415234,-0.004301129665,0.005630476585,-0.9,-0.002818379678,-0.0008465984853,
4650,0.9004239943,1.077090633,0.001851185096,0.002212289257,-0.002137872481,-0.002556903464,0.5,-0.00194419184,0.005646562033,1.491336326
4651,0.9580555832,0.9454774187,0.002190814229,0.002194740731,-0.0006972042456,-0.000338752354,-0.4,0.00176157171,0.002620056748,0.6063160682
4652,-0.04511473233,-0.314466088,-0.0001071376476,-0.0007647192486,0.001687319375,-0.003168422527,0.3,0.003671607355,-0.00388588265,
4653,0.5677940499,0.6710708002,0.001280033101,0.001549213051,0.003679976393,0.001007256357,-0.3,0.001770931293,0.0007891349081,1.090214729
4654,0.0641813711,-0.2110966844,0.000134894586,-0.0004499613336,-0.004896675361,-0.00173192599,0.3,-0.0005706653252,0.0008404544972,4.415992166
4655,-0.9551936807,-0.7927491606,-0.002491580875,-0.00210020139,-0.004274604726,0.01054633577,-0.1,-0.0007427288434,-0.004240432907,
4656,-0.2160652837,-0.4860021376,-0.000457360429,-0.001042287122,0.001690071619,0.0002540681188,-0.5,0.002331145976,-0.003245866834,
4657,1.831567148,1.975683215,0.003955649638,0.004652258792,0.0008820628031,-0.008081908818,-0.4,0.004718086019,0.003193213258,0.3947756954
4658,1.057072472,0.9275669563,0.00237077574,0.002171630494,-0.002260620667,-0.004502831885,0.5,0.004367425669,0.0003741258118,0.733178837
4659,-1.414113652,-1.507262808,-0.003384411045,-0.003868412874,-0.002071106464,0.01176350887,0.0,-0.002144656781,-0.004624165309,
4660,-1.569505273,-1.693159522,-0.00408707479,-0.004595434436,-0.001848214499,0.004824998761,-0.3,-0.003074302532,-0.005099847047,
4661,1.224143033,1.175682255,0.002836682772,0.002908821038,0.006716866012,-0.002431921011,-0.5,-0.00089229916,0.006565664703,0.5931461011
4662,-0.7619454217,-0.604392044,-0.001794618393,-0.001467186282,-0.005245914421,0.00470879004,-0.9,-0.002841438124,-0.000747798663,
4663,0.8608380477,0.7417557409,0.002164905543,0.001907452039,0.001183087823,-0.004336746407,-0.3,0.008835382694,-0.004505571608,1.139132289
4664,-0.9554994489,-1.042325451,-0.002193796072,-0.002488565003,-0.001766976251,0.005062945615,0.0,0.003993296015,-0.008380888158,
4665,-0.645724768,-0.5821106963,-0.001446525556,-0.001313411667,-0.005079494451,0.008043345067,-0.9,-0.001221449673,-0.00167160144,
4666,0.1506134297,0.2213155442,0.000353214898,0.0005288542504,-0.0008956375796,0.001314026187,-0.4,0.003179236378,-0.002472806582,4.793855173
4667,0.7946141326,0.764772891,0.001899110055,0.001882933995,0.00151109485,-0.003511846103,-0.4,0.001353590729,0.002444629381,0.9722939751
4668,-0.491268857,-0.1309063783,-0.001043956773,-0.0002934029313,-0.001789625676,-0.001976112124,-0.4,-0.0005739015332,-0.001514012014,
4669,-1.467042613,-1.638979639,-0.002969447144,-0.00338100869,-0.007233907612,0.002237987129,-0.7,-0.001897848627,-0.004041045661,
4670,-1.393981191,-1.396111665,-0.003227044831,-0.003204346924,-0.002546333711,0.001550274431,-0.4,-0.002722545818,-0.003731543844,
4671,-1.068165919,-1.198228394,-0.002525200793,-0.002949837693,-0.003007900903,0.004045056095,-0.2,-0.001504019453,-0.003546382133,
4672,-0.9239528163,-1.173083287,-0.001967531506,-0.002645880687,-0.004051001526,0.003809026258,-0.7,-0.001884014326,-0.002051048687,
4673,-1.11053485,-1.159085052,-0.002830849684,-0.002903979483,-0.0006402198376,-0.0003125494085,-0.8,0.004096031897,-0.009757731265,
4674,-0.5310662483,-0.6443426913,-0.001227822574,-0.001513713453,-0.003173088571,0.0024278336,-0.4,-0.0002910008108,-0.002164644338,
4675,-2.502548133,-2.427156935,-0.005220891713,-0.005156987504,-0.006050398358,0.008703291823,-0.4,-0.009646217625,-0.0007955658019,
4676,-2.921890771,-3.054688221,-0.006667853381,-0.007134734732,-0.004710392077,0.005906317851,-0.4,-0.009710300204,-0.003625406559,
4677,-0.4384508897,-0.3981863298,-0.0009832898185,-0.0009564669921,0.0001506301977,0.000838551638,0.1,0.004181495548,-0.006148075185,
4678,-2.205608552,-2.217111716,-0.004927493537,-0.005368722707,-0.00640841371,0.009674831583,-0.6,-0.001332086675,-0.008522900398,
4679,0.0744353622,0.1579225478,0.0001757187163,0.0003643581466,0.0005411437106,-0.00271306992,0.1,-0.002315277276,0.002666714709,8.258642008
4680,-0.6688459479,-0.4702643855,-0.001520127687,-0.001138053116,-0.003796472294,-0.004606428456,-0.4,-0.0006385177825,-0.002401737591,
4681,0.9833901802,0.9938407094,0.002357230811,0.00244096078,0.001389870693,0.001225628469,0.1,-0.0001125051154,0.004826966738,0.6345676866
4682,-0.08415293847,-0.459089684,-0.0001802977177,-0.001028910219,0.002316541894,0.001913697048,0.4,0.0009806801086,-0.001341275544,
4683,1.874436066,1.806534311,0.004742948033,0.004773272431,0.003843341404,-0.003027273537,0.9,0.008003427246,0.001482468821,0.4187389472
4684,-0.3215550649,-0.6060117803,-0.0007805702112,-0.001600177898,0.001616485506,0.0006897099486,0.0,-0.004632154671,0.003071014248,
4685,-1.524902271,-1.347017903,-0.003366035859,-0.003160766208,-0.005121308146,0.001882579404,0.5,-0.002210748454,-0.004521323263,
4686,-2.319294928,-2.072852038,-0.005579656515,-0.00515327109,-0.004692655633,0.00655902556,-0.5,-0.005218975785,-0.005940337246,
4687,-0.03963115249,0.3978552268,-9.236326157e-05,0.0009365608127,-0.005169546462,0.0008624393258,-0.7,0.001260422755,-0.001445149278,
4688,-1.170283727,-0.9923051939,-0.002639248642,-0.002321605961,-0.002309181345,0.005427642136,0.3,-0.001629269636,-0.003649227649,
4689,-0.1195627864,-0.1371131905,-0.0002688710763,-0.000304617421,0.001728479268,0.001110712929,0.2,0.001055018974,-0.001592761126,
4690,-1.16639561,-1.497694247,-0.00234806485,-0.003071768374,-0.004581526039,0.006172381431,-0.9,-0.001143466086,-0.003552663614,
4691,-0.6640055218,-1.082098252,-0.001510423265,-0.002560844178,0.0002862646599,0.01049245778,-0.6,-0.005392836353,0.002371989823,
4692,-0.8581144268,-0.902061403,-0.002021765413,-0.002184601246,-0.002219370857,-0.0009466127008,0.0,-0.0004085033188,-0.003635027508,
4693,0.4295149073,-0.09919852527,0.001005403977,-0.0002327923032,-0.001274829788,-0.005712510466,0.6,9.146030337e-05,0.001919347652,2.008767649
4694,0.6537478136,0.3170528942,0.001476483924,0.0007716807952,5.689272075e-05,-0.001187329634,-0.4,0.0003318910085,0.00262107684,1.300390594
4695,-2.232077132,-2.227627246,-0.005373389842,-0.005533516204,-0.00309666316,0.005442305429,-0.9,-0.005016828381,-0.005729951304,
4696,-1.369397738,-1.563353056,-0.003154624422,-0.003603550479,0.001793947328,0.001164105369,-0.3,-0.001721280685,-0.004587968159,
4697,-2.922035466,-2.940795231,-0.007024767416,-0.007231449302,-0.008996420634,0.01378119082,-0.9,-0.009381735024,-0.004667799807,
4698,-0.7914973136,-0.5499238497,-0.001876544476,-0.001335434014,-0.002919322101,0.00271677113,-0.1,-0.007756060932,0.004002971979,
4699,0.4866372161,-0.2323886272,0.001098875339,-0.000558083517,0.001981874538,-0.003282663927,-0.3,0.004633938844,-0.002436188167,1.815509069
4700,0.494568224,-0.05949232866,0.001209142764,-0.000149283765,0.0004556722244,-0.003536548352,0.3,0.002189051569,0.0002292339581,1.769676251
4701,-1.210146387,-1.682852845,-0.002635741004,-0.003730905533,-0.002118419882,0.005249897929,-0.7,0.0008377252617,-0.00610920727,
4702,-0.3231029057,-0.3732915525,-0.0007109600624,-0.0008147307983,0.0002540540258,0.001619113711,-0.9,0.0002203154663,-0.001642235591,
4703,-1.201223121,-0.848186723,-0.002701638761,-0.001929989102,-0.003426538234,0.005509563964,-0.9,-0.002696178757,-0.002707098765,
4704,-0.2434106053,-0.1008176093,-0.0005943250367,-0.0002541662819,-0.001213006118,-0.0008180174506,0.3,0.003611551258,-0.004800201331,
4705,-0.6404701317,-0.9605760393,-0.001549518158,-0.0023736316,-0.00434512289,-0.001193526396,-0.2,-0.0005473884693,-0.002551647847,
4706,1.271786452,1.215232878,0.002811198208,0.002815820791,0.002498278694,-0.005190214224,0.2,0.00722051604,-0.001598119624,1.267376302
4707,-0.1851304456,-0.6278218327,-0.0004339874795,-0.0013916046,-0.0004232253127,0.002801925908,-0.3,0.001724531678,-0.002592506637,
4708,-3.499051901,-3.826937175,-0.006955143969,-0.008036225377,-0.008526803167,0.00882817227,-0.3,-0.008573381572,-0.005336906366,
4709,1.993670788,1.67177087,0.004366815494,0.003721344985,0.0006971013518,-0.006245456483,-0.4,0.004228001007,0.00450562998,0.4309987756
4710,-0.548762352,-0.5561948651,-0.001142479191,-0.001194868869,-0.004058937148,0.001928121409,-0.7,-0.001099728765,-0.001185229617,
4711,-0.5984027389,-0.8240220059,-0.001406111681,-0.002002980115,-0.007205868149,0.002425800449,0.0,-0.002643358039,-0.0001688653223,
4712,2.441209465,2.357180199,0.005607067607,0.005575570262,0.009120386243,-0.005825542483,0.2,0.007464131826,0.003750003388,0.5600277268
4713,1.108116822,0.8932778064,0.002365764784,0.001967684745,-0.0003034040785,0.001810445199,-0.5,0.004035380616,0.0006961489514,0.5779174581
4714,0.2680063421,0.2770180781,0.0006401091107,0.0006891122208,-0.005580901654,-0.0003243495144,-0.2,0.0061529629,-0.004872744678,3.684208631
4715,-0.610622596,-0.7431623494,-0.001370689325,-0.001696670628,-3.710088362e-05,0.002685586541,0.3,-0.00268615131,-5.522734042e-05,
4716,-0.7312051798,-0.4054253205,-0.001661177744,-0.0009427421049,-0.005003757346,0.00988506642,-0.1,-0.004079938074,0.0007575825858,
4717,0.610933221,0.5374030631,0.001418011107,0.001377431707,0.001318833136,-0.001389228456,-0.3,0.007305193621,-0.004469171406,2.182966846
4718,-0.4997065594,-0.9102369689,-0.00122846997,-0.002373342081,-0.000467527704,0.002266971588,0.4,0.0004158197911,-0.00287275973,
4719,-0.9923841576,-1.116054147,-0.002127363841,-0.002497193834,-0.00160959754,0.007319976596,0.2,-0.0006679123999,-0.003586815282,
4720,0.009529539626,-0.1304630064,2.196360074e-05,-0.0003191136288,-0.0007963972741,-0.0001303463743,-0.3,0.0007637295866,-0.0007198023852,125.5393834
4721,-0.6974513593,-1.129186576,-0.001644210978,-0.002654131294,-0.002038532887,0.003969245573,-0.1,-0.002387625395,-0.0009007965606,
4722,1.524492498,1.487218137,0.004307194603,0.004523062738,0.004698055456,0.001579504339,-0.3,0.005889497566,0.00272489164,0.3135750821
4723,1.061650589,0.7031503885,0.002326736075,0.001612511531,0.004273619347,0.0014676481,0.7,0.0002812057854,0.004372266365,0.6123514652
4724,-1.663963672,-1.409824518,-0.003323072289,-0.002899509949,-0.005777528692,0.005595498383,-0.1,-0.00429323474,-0.002352909838,
4725,-2.711955002,-2.769418992,-0.006622218461,-0.006908255478,-0.005050296929,0.008583599219,-0.6,-0.008957211456,-0.004287225466,
4726,-0.6881981391,-0.5528254959,-0.001525670329,-0.001309495767,-0.002131896784,0.006436732297,-0.8,-0.003827766219,0.000776425562,
4727,1.205242056,1.335578296,0.002547008167,0.002920702354,-0.0006424063447,-0.0005932524581,0.5,0.006128323115,-0.001034306781,0.5965755214
4728,0.4913230414,0.5530340695,0.001350817008,0.001564898901,0.002157940493,-0.00852560629,-0.1,-0.0003496609602,0.003051294976,1.530891299
4729,0.01681952731,-0.07422289097,4.356724273e-05,-0.0001899088808,-0.004639542125,-0.003227799226,0.0,0.007191349759,-0.007104215273,62.20217258
4730,0.8197873831,0.8886340431,0.001784834371,0.002066316413,0.002493535912,0.002559255531,-0.1,0.001251294391,0.002318374351,0.7220648294
4731,0.8577285582,0.5912357909,0.001984005219,0.00137378233,0.001206796125,-0.003333864307,0.2,0.005311620724,-0.001343610287,1.448297285
4732,-0.4567264289,-0.5493660776,-0.001010477124,-0.001246850674,-0.0001120067477,0.001909112649,0.4,-0.003274264371,0.001253310123,
4733,-2.121327063,-2.040826557,-0.004819177236,-0.004857208063,-0.005159758189,0.002638613418,-0.4,-0.002547942368,-0.007090412103,
4734,-0.5582310564,-0.5991602258,-0.001446281264,-0.001621203854,-0.004884280532,-0.003432771705,0.5,0.004944516579,-0.007837079107,
4735,-2.747742149,-2.904237096,-0.006324684477,-0.007103955398,-0.006141430193,0.01311782522,-0.8,-0.000659497244,-0.01198987171,
4736,-0.5068682435,-0.2358390901,-0.001146295077,-0.0005493192319,0.003007008152,-0.004405384119,0.3,-0.006504525283,0.004211935128,
4737,-1.243916581,-0.8654487367,-0.002749031199,-0.001906540664,0.0004902026808,0.004266167077,-0.8,-0.001211341727,-0.004286720672,
4738,0.1157499182,0.02696795318,0.0002901956402,7.070600015e-05,-0.001729106843,-0.000345961127,0.3,-0.001936267127,0.002516658408,6.222111938
4739,-1.868122475,-2.088570963,-0.004528435939,-0.005297644338,-0.006644232197,0.007266957244,-0.6,-0.004682416996,-0.004374454882,
4740,0.259973251,-0.1707571837,0.000612926588,-0.0004066739798,-0.002604549706,-0.001025488801,-0.7,0.0006279743793,0.0005978787967,1.625285229
4741,0.001196153087,0.1888292976,2.774863971e-06,0.000451400785,0.001547300987,-0.003753077478,-0.4,-0.001299796247,0.001305345975,405.4777327
4742,-0.9306464766,-0.8372756632,-0.002085787316,-0.001988244576,-0.004272022335,0.002313173593,0.5,0.0007169861313,-0.004888560762,
4743,-0.6742152799,-0.7232119137,-0.001521492895,-0.00167740398,-0.002480593584,0.0005571617196,-0.2,-0.002984852582,-5.813320861e-05,
4744,2.366906685,1.853054481,0.005241867488,0.00425606641,0.0008859571948,-0.002148109634,-0.3,0.004988360311,0.005495374665,0.5022898398
4745,0.1308862964,0.1646973545,0.0002968380298,0.0003783858934,-0.001436920089,-0.00260583137,0.2,-0.001958518279,0.002552194339,4.204629357
4746,0.1952930897,-0.131834013,0.0004276089355,-0.0002894675085,0.0004389866462,-0.0006093453291,-0.5,0.003506385643,-0.002651167772,2.612269633
4747,0.7635374742,0.2452715328,0.001795121726,0.0005530904005,0.001826346002,0.00137103475,0.4,0.001745888708,0.001844354744,1.454948397
4748,-1.109296927,-1.338944267,-0.002274090689,-0.002832034704,-0.008167135598,0.006338915915,-0.9,-0.0004435097397,-0.004104671638,
4749,-0.4294658709,-0.2726957168,-0.001000501205,-0.0006553459036,-0.002903970297,-0.0006555372743,-0.2,-0.0009620420007,-0.001038960409,
4750,-0.4478770784,-0.6341193003,-0.000990829031,-0.001420706902,-0.003392516308,-0.003603635137,0.1,-0.001610128115,-0.0003715299468,
4751,0.7155369998,0.4122934805,0.00152120967,0.0009314346461,0.0009102759269,-0.001490537653,-0.3,0.00176274884,0.001279670499,0.6104993546
4752,0.6479511321,0.3557676272,0.001465776793,0.0008572242619,0.002190012452,-0.005300160926,0.6,0.001185883423,0.001745670164,1.467946723
4753,-1.645371975,-1.598113254,-0.003821102618,-0.00378405044,-0.0008994238455,0.003453472516,-0.2,-0.0005091076889,-0.007133097547,
4754,-0.419822745,-0.528459074,-0.0009736378704,-0.001247978875,-0.006358594796,-0.0002778993056,-0.7,0.0008295294507,-0.002776805192,
4755,0.2797226945,0.3730641626,0.0006225240224,0.0008604624711,-0.0005156907443,0.004183830829,-0.9,0.0004037332874,0.0008413147574,1.545478368
4756,1.072221218,0.4629851416,0.002447513568,0.001050006774,0.001776149474,0.005748255958,0.3,0.00211020008,0.002784827056,0.9528376135
4757,-0.4220398894,-0.66646783,-0.001009509289,-0.001619767975,-0.005205162928,0.002553746413,0.1,-0.005318094247,0.003299075669,
4758,0.8570388661,0.6000404593,0.001946978746,0.001376949449,0.002731239264,-0.00965005125,-0.4,-0.0001705880149,0.004064545507,0.5718262652
4759,-1.489358664,-1.625870347,-0.003923836361,-0.004696532262,-0.007160701059,0.01035485421,-0.8,0.0005135816719,-0.008361254394,
4760,-0.9024655419,-0.8409278497,-0.001990310414,-0.001893150276,-0.003384315088,0.003986489678,-0.9,-0.0005583240357,-0.003422296792,
4761,-0.6312348952,-0.8516288133,-0.001435121486,-0.002006757539,-0.001156934993,-0.0005716475359,-0.4,-0.005332725041,0.002462482069,
4762,-0.3132977908,-0.4262114964,-0.0007117528816,-0.001030064014,-0.002387084503,-0.002208214035,0.5,0.004788847453,-0.006212353217,
4763,1.41469786,1.491732729,0.003310654507,0.003469887884,0.005777836651,-0.003305758492,0.2,0.004633174091,0.001988134924,0.5065657207
4764,0.2572370427,0.1982530256,0.0006159385203,0.0004816171669,9.673133578e-05,0.006377265772,-0.1,-0.0006849950251,0.001916872066,1.296007854
4765,-0.5501860524,-0.520424049,-0.001214007249,-0.00121942356,-0.003995362952,0.00379682176,-0.9,0.002210633228,-0.004638647725,
4766,0.5890885787,0.6281348576,0.001311270285,0.00146209574,0.002751481376,-0.002075126877,0.4,-5.831849798e-05,0.002680859068,0.8648718487
4767,-1.514892737,-1.279532249,-0.003696264606,-0.003288814056,-0.007836645718,-0.001859122791,-0.7,-0.006250395219,-0.001142133993,
4768,1.208372617,0.9523760352,0.002725906882,0.002212673344,0.002991346613,-0.001077035635,0.2,0.007278008859,-0.001826195094,1.262405813
4769,-0.6517387097,-0.7026078387,-0.001512024219,-0.001653716965,-0.004726196464,0.004008988282,-0.8,-0.005997675252,0.002973626814,
4770,-1.126642467,-1.30213083,-0.002692707205,-0.003149842619,-0.00480860786,0.001130526874,-0.7,0.0002717630501,-0.00565717746,
4771,-2.667085028,-2.711400755,-0.005947515453,-0.006126237198,-0.008299402651,0.01211947147,-0.4,-0.003708895744,-0.008186135162,
4772,-0.05066932289,-0.007064814685,-0.0001225028692,-1.815098381e-05,-0.002704263734,-0.005962332304,0.3,0.006804831066,-0.007049836804,
4773,1.212857164,1.211065946,0.002686758332,0.002735277227,0.002237307048,-0.005310462437,0.8,0.003171071512,0.002202445152,0.638118723
4774,-1.166346946,-1.109903912,-0.002663761838,-0.002702784354,-0.0003156684587,0.0006364549885,0.3,-4.840190086e-05,-0.005279121775,
4775,-2.475133025,-2.59784502,-0.005599917463,-0.006437686873,-0.00724416005,0.003155584987,0.0,-0.008328557531,-0.002871277395,
4776,-0.2395490237,-0.4559198438,-0.000576901947,-0.00113462891,0.0003659402441,0.006838322204,0.3,-0.0002345563644,-0.0009192475295,
4777,-1.825363319,-1.851940345,-0.004349240049,-0.004482493178,-0.00861122985,0.007162775848,-0.3,-0.003667525685,-0.005030954413,
4778,-0.6184209855,-1.20253166,-0.001224250487,-0.002406935475,-0.005548069494,0.006393967849,-0.9,-0.00187363555,-0.0005748654249,
4779,-1.321098155,-1.334815507,-0.003067939149,-0.003232105527,-0.003814700842,-0.002649962811,0.0,-0.0009008991978,-0.0052349791,
4780,-2.170999535,-2.262157788,-0.004736506966,-0.005174798423,-0.002712177291,0.004593392261,-0.9,-0.003709375196,-0.005763638737,
4781,0.4119459748,0.2744233423,0.0009909880021,0.0006835362844,-0.001356847154,-0.002105348722,0.1,0.001726496823,0.0002554791813,1.420055574
4782,-0.8253936339,-0.8587504837,-0.00202944549,-0.002153069397,0.001319012672,0.003129522131,-0.3,-0.003800018061,-0.0002588729186,
4783,-1.905956518,-1.725481525,-0.003978116475,-0.003775943523,-0.002722321816,0.003055272483,-0.9,-0.004086218389,-0.00387001456,
4784,0.438698041,0.6993225253,0.001073546193,0.001751590682,-0.003829452369,-0.002782928091,-0.1,0.001990298141,0.0001567942444,1.089639177
4785,-1.283987251,-1.595880721,-0.002478667232,-0.003211576721,-0.005167155443,0.003913193765,-0.3,-0.002038055772,-0.002919278692,
4786,-1.180804774,-0.3778940029,-0.002659148693,-0.0008616065127,-0.00576070742,0.01509369172,-0.6,-0.0004347715636,-0.004883525823,
4787,-0.1988060394,-0.3832154058,-0.0004726016097,-0.0009422223198,-0.002657554921,0.0107019411,-0.8,0.002350843275,-0.003296046494,
4788,1.513378816,1.184990933,0.002967261613,0.00232477206,0.001759832504,-0.004592456642,0.9,0.005601573888,0.000332949337,0.675036794
4789,-0.4782402785,-0.4897723703,-0.001038779036,-0.001106613891,0.0006904565462,0.00258764317,-0.9,0.0002256785242,-0.002303236597,
4790,0.9951805399,0.6907034455,0.00203144879,0.001453120584,0.003835862148,-0.001226807116,0.9,0.0004009510082,0.003661946571,1.297110619
4791,-1.357650084,-1.395331506,-0.00360247506,-0.003640345164,-0.004812209323,-0.0004729771425,-0.7,-0.0006965392442,-0.006508410876,
4792,0.5260013133,0.3558457348,0.001199294832,0.0008408766639,0.002808744267,6.985981023e-05,0.2,8.328184868e-05,0.002315307815,1.194943901
4793,0.9649004244,0.7826733855,0.001947158329,0.001590319375,0.0006121985186,-0.003786233758,-0.4,0.002297049698,0.001597266959,0.8385879839
4794,-0.2866038445,-0.2195513537,-0.0006466161105,-0.0005211882881,0.00191180865,-0.002750340764,0.0,-0.001086895754,-0.0002063364672,
4795,0.04651280529,0.1063165252,0.0001042814121,0.0002518776568,-0.0008767652212,0.002326378223,-0.1,0.001406217304,-0.00119765448,18.52210912
4796,0.1434717108,0.2270559803,0.0003398797095,0.0005502571036,-0.003222855356,0.0008585413449,-0.1,0.007634946224,-0.006955186805,7.246361359
4797,-0.2765842193,-0.2031846141,-0.0005733262761,-0.0004462716671,-0.006240836141,0.002925538355,0.1,-0.000789481042,-0.0003571715102,
4798,-0.05836034783,-0.4015632665,-0.0001415223484,-0.0009900259295,-0.005500849078,-0.001218370937,-0.7,0.003469258881,-0.003752303578,
4799,-1.618365185,-2.021154178,-0.003727029922,-0.005046260307,-0.006866774814,0.002537267971,-0.7,-0.007363109625,-9.095021907e-05,
4800,-1.179540763,-1.598580016,-0.002466961882,-0.003415859169,-0.005527845776,0.004479238549,-0.2,-0.0006762497958,-0.004257673968,
4801,0.3962330279,0.141688875,0.0009032609499,0.0003243657876,-0.00240156072,-0.002666246848,0.5,0.003406489601,-0.001599967701,2.148779834
4802,0.7658714784,0.5273737091,0.001636138851,0.001183546437,-0.001134048945,-0.004004521765,0.8,0.001282536331,0.001989741371,0.5138385313
4803,-0.3358006801,-0.5821892262,-0.0007794667749,-0.001478735054,-0.004210849143,-0.00447591141,0.1,-0.0009126950956,-0.0006462384542,
4804,0.5658110521,0.6625644459,0.001347010211,0.001655349256,0.003466730128,-0.006552091867,-0.4,0.002707739697,-1.37192738e-05,1.321471972
4805,-1.132574556,-1.110452846,-0.002766720084,-0.002767992367,-0.004186741305,0.007832396198,-0.1,-0.001087927502,-0.004445512666,
4806,-0.4770925611,-0.5071509367,-0.001161426215,-0.001256623873,-0.004525144163,0.005036466747,-0.2,0.002912634942,-0.005235487372,
4807,0.4650342226,0.4994746746,0.001143987999,0.001270272844,-0.003105031674,-0.001417596466,-0.9,-0.003402357507,0.005690333506,1.447471085
4808,-2.462804298,-2.48131827,-0.005096591578,-0.005346468773,-0.005469285592,0.009829524095,-0.3,-0.007686508425,-0.002506674731,
4809,-2.281187706,-2.480735649,-0.00571280309,-0.006454799435,-0.009053050082,0.003609369904,-0.6,-0.007052054891,-0.004373551288,
4810,-0.2229574554,-0.3136846843,-0.0004675083614,-0.0006740335152,-0.003396767351,0.00523672278,-0.8,-0.001287727197,0.0003527104744,
4811,0.690906982,0.2692413501,0.001540086116,0.0006249445911,-0.004253366725,0.001781038432,-0.5,-0.0004930012469,0.00357317348,1.523858592
4812,-0.2287080837,-0.3051890963,-0.0005511989266,-0.0007842806843,0.001550180569,-0.000218445605,0.9,-0.001121910098,1.951224512e-05,
4813,0.3991462002,0.2999464148,0.0009710376819,0.0007709613628,0.00300597389,-0.01008517392,-0.4,0.006702963478,-0.004760888115,2.189816048
4814,-0.5481619558,-0.8423550211,-0.001324672609,-0.002121686432,-0.003471909837,0.002330104527,-0.6,0.005670178927,-0.008319524145,
4815,1.975201712,2.027641868,0.004664182358,0.004868437069,0.002891434894,-0.006496994336,0.9,0.009786142689,-0.0004577779741,0.5248266751
4816,-2.314187825,-2.5500831,-0.005274019265,-0.005971302007,0.0003809178901,0.007763132151,-0.8,-0.006795101298,-0.003752937232,
4817,-0.5544040912,-0.8440458958,-0.00118709505,-0.00185652876,-0.0005974567742,0.009518169079,-0.1,0.004648733245,-0.007022923346,
4818,-0.607445916,-0.6400093279,-0.001276029733,-0.001412964159,-0.0003637971767,0.0004716082424,-0.5,0.0001630078972,-0.002715067363,
4819,-1.087096888,-1.355642676,-0.002452754767,-0.003132571989,-0.00661519438,0.001991192776,-0.2,-0.004376436245,-0.0005290732879,
4820,-1.153591817,-1.060474269,-0.002313545298,-0.002203496005,-0.00486783812,0.001832518557,-0.2,-0.001468232029,-0.003158858567,
4821,-2.565084305,-2.411664881,-0.006131174934,-0.005821655672,-0.009744955218,0.01149542892,-0.8,-0.00622228676,-0.006040063108,
4822,-0.1021124812,-0.2837435059,-0.0002079912413,-0.0005856410151,0.003611691665,-0.00342164414,0.4,0.00380486027,-0.004220842753,
4823,-1.207285209,-1.328070149,-0.002555915012,-0.002948802662,0.0001026185196,0.0001741461267,0.0,-0.0006067798869,-0.004505050137,
4824,0.1954503264,0.06529091932,0.0004810419526,0.0001655182728,0.002881776319,0.002369420028,0.2,-0.001900536526,0.002862620431,4.22865973
4825,-0.7268671444,-0.9957254044,-0.001468315706,-0.002053895974,-0.002532127245,0.002039525249,-0.2,-1.496293324e-05,-0.00292166848,
4826,-1.415107888,-1.536714353,-0.002779688676,-0.003172164385,-0.007213430839,0.003611027789,-0.9,-0.002994172393,-0.002565204959,
4827,-0.7566618417,-0.7382878965,-0.001928214545,-0.001992554268,0.0002002769338,-0.002777084205,0.1,0.005919121326,-0.009775550415,
4828,-0.818243907,-0.6824745804,-0.001922816132,-0.001656377275,0.0006381267368,0.004499595921,0.4,-0.004843397369,0.0009977651042,
4829,1.533240351,1.362037228,0.003531851341,0.003305920108,0.004174428935,-0.0009893451594,0.7,0.002612449898,0.004451252784,0.6529506317
4830,-0.07839964676,-0.3370685482,-0.0001743277576,-0.0007700858941,0.001808090239,-0.00517198716,0.4,-0.006094885188,0.005746229672,
4831,-1.479020693,-1.30770964,-0.003360929243,-0.00302757279,-0.005162260732,0.001703055844,0.3,-0.004497719147,-0.002224139339,
4832,-0.5734258603,-0.8521370809,-0.001381801097,-0.002125495388,-0.002964761287,0.004786125125,-0.9,-0.006016021735,0.003252419541,
4833,-2.781622363,-2.903336603,-0.006414345637,-0.006500926265,-0.006746848224,0.007354081438,-0.2,-0.01061693456,-0.002211756717,
4834,1.47128577,1.282929949,0.003117315653,0.002860076779,-0.001573966643,-0.003478824595,-0.4,0.004824314092,0.001410317215,0.5286541699
4835,-3.432199924,-3.583603356,-0.007675899845,-0.008723660024,-0.01030716517,0.006639328726,-0.2,-0.01085870866,-0.004493091026,
4836,1.614028865,1.563956856,0.003969924285,0.003911103686,0.002515360439,-0.003662691389,0.6,0.0002166890397,0.00772315953,1.113610409
4837,0.3166546673,0.1625184858,0.0007392716297,0.0003861813162,0.004581326545,-0.0006003516314,0.0,-0.00434108447,0.00581962773,2.630783595
4838,-0.7950424911,-0.7817472586,-0.001764063587,-0.001796473923,-0.001773556317,0.0003328144686,-0.7,-0.0005712272439,-0.002956899929,
4839,-0.3553047615,-0.308207311,-0.000859443721,-0.0007367613758,-0.002120438796,-0.002510819833,0.1,-0.0008428302844,-0.0008760571576,
4840,-2.456393815,-2.580173629,-0.006111461094,-0.006968516444,-0.0052033414,0.003927464132,-0.4,-0.001686855914,-0.01053606627,
4841,-0.6327057251,-0.9690279314,-0.00140279123,-0.002237612989,0.0003349165265,0.005133858861,-0.7,0.001281222598,-0.004086805058,
4842,0.08868986602,-0.06797986175,0.0002117011714,-0.0001679035252,-0.001425148008,-0.00327717774,-0.4,0.001725177197,-0.001301774854,5.021967983
4843,-2.010614646,-2.11779747,-0.004511882794,-0.005096187741,-0.001882434545,0.007097563108,-0.6,-0.004570018783,-0.004453746804,
4844,-0.9806462589,-1.234576298,-0.002575771942,-0.003314436923,-0.002448279343,-0.002407831,-0.4,-0.001240245364,-0.003911298521,
4845,0.5345843638,0.6849542741,0.001163559574,0.001565366153,0.003293798231,-0.0004619223168,0.6,-0.001167044394,0.003494163541,1.020464032
4846,-0.9852866252,-0.994814579,-0.002366298229,-0.002589700802,-0.002893544988,0.00133944612,-0.3,-0.00631524894,0.001582652483,
4847,-0.2553596663,-0.7364988191,-0.000547409503,-0.001717039684,-0.005102346529,-0.002314219982,0.1,-0.002911337433,0.001816518427,
4848,-0.3516234121,-0.5165926506,-0.0007888959132,-0.001184596518,-0.001162849429,-0.0009218087097,-0.3,0.0005178696844,-0.002095661511,
4849,0.4342638463,0.2424256724,0.001040050121,0.0005864758558,0.001475601971,0.0003344424402,0.0,0.001973523234,0.0001065770082,1.025210338
4850,0.03213717591,-0.134685402,7.32658462e-05,-0.0003042976891,-0.001911358437,0.001811386527,-0.1,0.0004537327938,-0.0003072011014,19.19163192
4851,-0.6083335889,-0.7459425694,-0.00159342892,-0.001982144369,0.0003521557372,-0.001796498728,0.2,0.005096808258,-0.008283666099,
4852,-2.554593583,-2.677047628,-0.006482145345,-0.006976972462,-0.01064973806,0.004014715219,-0.9,-0.01296195555,-2.335143007e-06,
4853,-3.298347607,-2.888421668,-0.007184890093,-0.006669066493,-0.005581006496,0.00817245508,-0.1,-0.001452179588,-0.0129176006,
4854,-0.02744545052,0.06238148442,-5.736120478e-05,0.0001386332527,-0.0009887145431,-0.003615339832,-0.4,-0.0004870988607,0.0003723764512,
4855,-0.3115146201,0.1408162182,-0.0006234235449,0.0002844608663,-0.0007675038738,-0.00205390687,-0.5,0.002194502285,-0.003441349375,
4856,-3.6960686,-3.663752685,-0.008607392025,-0.009033537051,-0.01241893698,0.008073042652,-0.8,-0.006036996919,-0.01117778713,
4857,-1.566319531,-1.564316937,-0.003807974447,-0.004095809388,-0.0074650468,-0.003164928208,-0.7,-0.003398556919,-0.004217391976,
4858,-0.1867306219,-0.1547149314,-0.0004061947615,-0.000339580396,-0.001675864878,-0.007034041579,0.1,-0.002852790293,0.00204040077,
4859,-0.286038865,-0.2096402922,-0.0006195785793,-0.0004584167791,-0.001630573175,-0.004614316421,0.3,0.002314655957,-0.003553813115,
4860,-1.715156753,-1.820974007,-0.004238622101,-0.004581362709,-0.005727186292,0.004835632779,-0.2,-0.007908111461,-0.0005691327412,
4861,-2.302004483,-1.893892646,-0.005442420324,-0.004505914819,-0.0006695300032,0.006795946756,-0.8,-0.004758760252,-0.006126080396,
4862,-1.031255347,-0.9540803652,-0.002228271665,-0.002187956398,-0.0005695975107,-0.004611238831,0.6,-0.001202388273,-0.003254155058,
4863,1.272823556,1.282296325,0.002942427449,0.003031137302,-0.0009683081601,-0.005169353218,0.3,0.003052646202,0.002832208696,0.6430365826
4864,-0.8148075323,-1.435210376,-0.001993275733,-0.003631800028,-0.005259873782,-0.002866766981,-0.2,-0.003431458373,-0.0005550930922,
4865,-1.878338168,-1.768085234,-0.004170337588,-0.004061724669,-0.0005160134546,0.00393584067,0.4,-0.006673199773,-0.001667475404,
4866,-1.315678346,-1.308125435,-0.00297281167,-0.003036437417,-0.005329571951,0.007485803395,-0.8,-0.006599881946,0.0006542586062,
4867,-1.95662496,-1.662309749,-0.004615944093,-0.004110683135,-0.006395743686,0.005288682826,-0.2,-0.002963773265,-0.006268114921,
4868,0.2901262901,0.2024593532,0.000622870256,0.0004570366188,-0.003047183987,0.003260678005,-0.2,0.003085855055,-0.001840114543,3.443439421
4869,-0.1369081998,-0.2877174787,-0.0003204222536,-0.000678059728,-0.00304929407,0.001469616395,-0.2,0.00466470228,-0.005305546787,
4870,-1.208787893,-1.532666665,-0.002516287967,-0.003205758528,-0.001528027115,-0.0002086568335,-0.7,-0.004547746145,-0.0004848297894,
4871,-1.729646982,-1.559355567,-0.004355690398,-0.004180914222,-0.003794080196,0.008560846055,-0.3,-0.003803193636,-0.00490818716,
4872,-1.231769949,-1.419176196,-0.003085712428,-0.003720695243,-0.006790525921,0.001978731551,-0.7,-0.000182025921,-0.005989398936,
4873,1.41575713,1.969517386,0.003253872293,0.0046041384,0.00183348678,-0.005272525488,0.8,0.003271509368,0.003236235219,0.5115452375
4874,-1.288180397,-1.353525445,-0.003031397787,-0.003119290031,-0.0004040061007,0.006787111123,-0.5,-0.001329052197,-0.004733743377,
4875,-1.295878372,-1.47895477,-0.002877073479,-0.003415961951,-0.005528934092,0.001611434182,0.3,-0.002149023504,-0.003605123454,
4876,-0.005754306823,-0.1043354018,-1.497671865e-05,-0.0002803172523,-0.004212561738,-0.003969559217,-0.4,0.003045388101,-0.003075341538,
4877,-0.7315361047,-0.6336927425,-0.00173754575,-0.001536524173,-0.004128430591,0.002408600325,-0.9,0.0005326016677,-0.004007693167,
4878,0.3129145672,0.03362317651,0.0006567133132,7.064925942e-05,0.001964179584,0.0005575073429,-0.5,0.00464031519,-0.003326888564,4.282385785
4879,-0.6203945242,-1.170319482,-0.001409056554,-0.002752443839,-0.003894997613,0.007232603662,0.3,0.002011491283,-0.00482960439,
4880,0.1071759758,0.09252676546,0.0002561722786,0.0002305136871,0.001670949545,-0.002750495529,0.4,0.001402333312,-0.0008899887545,3.889769988
4881,-0.6711420848,-0.4995664388,-0.001668296966,-0.001289576314,-0.002741299259,0.00422789103,0.3,-0.002130130938,-0.001206462994,
4882,0.02270240196,-0.1418624479,5.526975079e-05,-0.0003550933843,0.001205478543,-0.002736130008,0.8,-0.004474416344,0.004584955845,27.18310299
4883,-0.5288721014,-0.602229263,-0.001189672189,-0.001435486603,-0.002986772896,0.00283240304,-0.6,-0.002900236346,0.0005208919685,
4884,-0.06731287009,-0.2635269048,-0.0001442430078,-0.0005780274385,0.001571654541,0.007549107236,-0.8,-0.0001329215517,-0.0001555644638,
4885,0.6689123479,0.4057084887,0.001648886697,0.0009806023446,0.0006138813613,-0.002235759326,0.6,-0.002009678722,0.005307452115,1.503517039
4886,0.7598500626,0.8255474067,0.00181530487,0.002019427864,0.003124233143,-0.001843925082,0.0,0.003408406791,0.0002222029482,0.9682703123
4887,0.6546687225,0.4563005721,0.00127264037,0.0008805583617,-0.001659314481,-0.003716125702,0.8,0.001667941504,0.000877339236,1.392981634
4888,0.181948435,0.2122107844,0.000406696314,0.0005009418754,-0.001632708926,0.005616534699,-0.9,0.005071364318,-0.00425797169,8.820308995
4889,-0.2760002197,-0.5807187551,-0.0006283023208,-0.001363429949,-0.002094561462,0.003380936114,-0.2,0.00159852703,-0.002855131672,
4890,-1.304617022,-1.04282297,-0.00308593893,-0.002523147909,-0.001882935963,0.003491598862,-0.4,-0.004304394093,-0.001867483768,
4891,-3.055387581,-3.490146396,-0.006174892332,-0.007242672992,-0.004588992247,0.007578627884,0.3,-0.006919674491,-0.005430110174,
4892,0.447090081,0.3351939526,0.001067290159,0.0008705191357,0.002155064547,-0.003809939708,0.0,-0.001260576482,0.0033951568,1.188595841
4893,0.7011998436,1.062998407,0.001492799487,0.002353042054,0.002216879992,-0.002465585309,0.1,-0.0008078461059,0.003793445079,0.8505134699
4894,-3.140923343,-2.883113708,-0.007122193703,-0.006718098613,-0.007766528539,0.009204958862,-0.9,-0.008023866811,-0.006220520594,
4895,-0.3553074747,-0.394598777,-0.0007876222162,-0.0009068252241,0.0009239152666,-0.004762696306,0.8,-0.002201755914,0.000626511482,
4896,-1.170950135,-1.022021351,-0.002557956802,-0.002329053532,-0.002583781737,0.001318473941,-0.4,-0.000427855318,-0.004688058286,
4897,-1.474104401,-1.541956116,-0.003556891472,-0.003729080541,0.0009799284453,0.004998680103,0.4,-0.002338467889,-0.004775315055,
4898,-1.996650443,-2.160010057,-0.004658138683,-0.005069545689,-0.004610594508,0.007001640223,-0.1,-0.005806581121,-0.003509696245,
4899,-0.108563928,0.05924112991,-0.000248952359,0.0001467227625,-0.0004477938332,0.0001608355613,-0.4,-0.004126501053,0.003628596335,
4900,-0.9560015181,-0.9608908706,-0.002198711247,-0.002264945462,0.003466020845,0.001627790379,0.2,-0.002783057193,-0.001614365302,
4901,-1.494312815,-1.445240579,-0.003646522043,-0.003534375425,-0.004265024209,0.005874898697,-0.2,-0.00266803484,-0.004625009246,
4902,0.6876710082,0.5209382372,0.001626868384,0.001274406851,0.005394443706,-0.002627040686,-0.1,-0.002331033528,0.005584770295,1.370924937
4903,0.9951805596,0.9280233694,0.001984561418,0.001981870707,-0.0006636917998,-0.001191611503,0.3,-0.001366924707,0.005336047542,0.8846899534
4904,1.000391808,0.9000789169,0.002609378988,0.002358105109,-0.001074195452,-0.003993003229,-0.3,9.200795499e-05,0.005126750021,0.5088020437
4905,1.468237901,1.479427442,0.003152749066,0.003326288313,0.001952211179,0.00104421256,0.2,0.005837629581,0.000467868551,0.8371031987
4906,2.84446062,3.078082637,0.006423168087,0.007023518985,0.004980472822,-0.01160017184,0.9,0.008683332755,0.004163003418,0.4445234162
4907,0.04818460418,0.1107558907,0.0001191901919,0.0002769474923,0.004879750962,-0.0009367927898,0.6,0.003714810589,-0.003476430205,9.299934322
4908,-0.4025403389,-0.5904964321,-0.0008909182887,-0.001279770154,-0.003013764461,0.0009100499461,0.0,-0.001756935051,-2.490152598e-05,
4909,-1.129145994,-1.228700931,-0.002629102587,-0.002991872349,0.001419794508,0.001068531926,-0.3,-0.0003815503751,-0.0048766548,
4910,-1.572964055,-1.766987053,-0.003695978281,-0.004241159047,-0.007458402295,0.005496851953,-0.1,-0.006334370891,-0.001057585671,
4911,2.291908229,2.275550793,0.005118839964,0.005049109644,0.0033076997,-0.00213885101,0.7,0.002257745252,0.007979934676,0.473730974
4912,-1.079293619,-0.7912699171,-0.002554631759,-0.001949847127,-0.0001082722205,0.0005119475243,-0.4,-0.003532560671,-0.001576702847,
4913,-0.3215859222,-0.4386202972,-0.0007228876665,-0.001005227218,0.000759343321,0.002097937226,-0.6,-2.452208065e-05,-0.001421253252,
4914,-2.345160626,-2.379849259,-0.00462329276,-0.004884380965,-0.006868907426,0.005070679197,0.3,-0.004919450354,-0.004327135166,
4915,-0.021996609,0.1248082108,-5.697166085e-05,0.000339876426,7.31028896e-05,0.001940899814,0.5,0.0009180491414,-0.001031992463,
4916,0.3085461049,0.5089541324,0.0006474654624,0.001141484286,-0.0001713454484,0.002992743453,-0.9,0.002807793898,-0.001512862974,1.414619782
4917,-0.2445312478,-0.06284823025,-0.0005375415716,-0.0001446697627,0.00280204763,-0.001176665078,0.0,0.0003561735523,-0.001431256695,
4918,0.8072537828,0.7081864551,0.001986008077,0.001839274326,-0.002289067066,-0.0002966005202,-0.9,0.001127874031,0.002844142123,0.5375787244
4919,-0.8477494325,-1.12058497,-0.002082466189,-0.002820617808,-0.006259972716,-0.005383027395,0.3,-0.002560822262,-0.001604110115,
4920,-1.368086741,-1.254052944,-0.002854435304,-0.002727510652,-0.004230333312,0.005859122375,-0.2,-0.004080214458,-0.00162865615,
4921,-1.812645223,-1.727861628,-0.004036512101,-0.003955171009,-0.001698290022,0.006207364666,-0.1,-0.007420362162,-0.0006526620403,
4922,-2.680804944,-2.664857312,-0.00599195506,-0.00634283378,-0.004156100589,0.006245491764,-0.7,-0.01216081131,0.0001769011936,
4923,-1.233058654,-1.238131217,-0.003126567856,-0.003217379254,-0.003381676639,0.005562674426,-0.5,-0.0003078267102,-0.005945309002,
4924,-1.580085297,-1.45835413,-0.003917272315,-0.003669977983,-0.003864432211,0.006058472485,-0.6,-0.004233346198,-0.003601198431,
4925,0.2049854727,-0.06742642316,0.0004084501871,-0.0001361310941,-0.003472431132,-0.005144913425,-0.4,-0.0007008138794,0.001517714254,5.250499397
4926,-0.02443685226,-0.2520818576,-5.903530818e-05,-0.0006198158843,-0.002432739599,-0.001625751878,-0.7,-0.006054846969,0.005936776353,
4927,-0.1455341055,0.2305814336,-0.0003256078135,0.000510317494,0.003069703259,0.0002005233507,0.2,0.002274430488,-0.002925646115,
4928,2.1045286,2.101819273,0.005082970524,0.005014348748,0.006510792873,-0.006759350611,0.9,0.005820136401,0.004345804646,0.580762388
4929,1.321812947,1.008248704,0.002770485238,0.002143281545,0.003148905349,2.057024132e-05,0.6,0.001357886847,0.00418308363,0.9357671071
4930,-1.262197219,-1.274483206,-0.003001359513,-0.003091868564,-0.005417283808,0.0003279033834,-0.4,7.176821638e-05,-0.006074487242,
4931,0.07545139408,-0.09062451918,0.0001616995552,-0.0002031745581,-0.0004681937336,0.002123863538,0.4,-0.00174027442,0.002063673531,6.066400271
4932,-0.7243000391,-0.7497627968,-0.001653193184,-0.0017889377,1.010407306e-05,0.002988926611,0.3,-0.00377531256,0.0004689261919,
4933,0.7926237241,0.5260093297,0.001880289678,0.00132398038,0.001684222352,-0.004390615696,0.4,0.000138392291,0.003622187065,1.072887072
4934,-2.763244119,-2.962382164,-0.0066033332,-0.00753887091,-0.01115178158,0.004221354534,-0.3,-0.009945203946,-0.003261462455,
4935,2.521254894,2.154810757,0.005735583044,0.004885283154,0.007936176702,-0.006458243764,0.4,0.003922822738,0.00754834335,0.3977212944
4936,-1.065933242,-1.431505761,-0.002381904303,-0.003418548001,-0.006688523914,-0.000814045552,-0.9,-0.004108498086,-0.00065531052,
4937,0.4140974006,0.5232660312,0.001000641933,0.0013199382,0.001093494741,0.00192789996,-0.8,0.005694857396,-0.003693573529,1.851820067
4938,-0.1291693906,-0.2933990855,-0.0003000593949,-0.0006969072721,-0.0003506784404,0.00453099691,-0.1,0.0008131478641,-0.001413266654,
4939,-1.151405511,-1.277995767,-0.002921178393,-0.003380983794,-0.005140499423,0.004428803818,-0.9,0.00214259034,-0.007984947126,
4940,-0.8643916263,-0.8204750793,-0.002072685484,-0.001935484425,-0.005960604597,0.0008120623232,-0.6,0.003439595928,-0.007584966896,
4941,-0.2865610536,-0.4046575793,-0.0006014604156,-0.0008974651629,0.001607610342,0.001325935019,0.0,0.001745778953,-0.002948699784,
4942,-1.371013769,-1.469338865,-0.002899390518,-0.003214253639,-0.00359193879,0.001600744898,0.5,-0.003058855773,-0.002739925264,
4943,1.388484009,1.507725241,0.003320157084,0.003793472981,0.003229580713,-0.009075579409,0.5,0.006432024994,0.0002082891739,0.9389289274
4944,-0.7656371513,-0.787760255,-0.001806056437,-0.001940564687,-0.005300049724,0.005382866653,-0.4,-0.004238280417,0.0006261675432,
4945,-0.6377699376,-0.7440698019,-0.001490398465,-0.001873345307,-0.006109546913,0.00271356202,0.3,0.0001665856181,-0.003147382547,
4946,-0.706428952,-0.6504344997,-0.001623740916,-0.001554003304,-8.48557444e-05,-0.001289666406,-0.2,-0.006755487625,0.003508005792,
4947,0.7720920987,0.1731076661,0.001678373587,0.0003889307915,-0.003795031112,0.002351999773,0.5,-3.508228808e-05,0.003391829463,0.5685216238
4948,-1.393104009,-1.764163519,-0.003009267955,-0.003897757087,-0.00271184538,0.003079872234,0.0,-0.0006073198441,-0.005411216066,
4949,-0.7215728855,-0.7751943298,-0.001602391085,-0.001763570722,-0.002859891037,-0.001213168584,0.5,0.0008819548212,-0.004086736991,
4950,1.91807333,1.995109521,0.003935575155,0.004251074876,-0.0003741315577,-0.001859866864,0.6,0.002927572509,0.004943577801,0.4915528299
4951,-0.5403906828,-0.6059050396,-0.001258208019,-0.001470203221,-0.004329662669,0.002425363847,0.3,0.00121550575,-0.003731921788,
4952,-1.226567547,-1.569726372,-0.002712809735,-0.00355076952,-0.006990729121,-0.002213536682,0.0,-0.002611757411,-0.002813862058,
4953,-0.4375614943,-0.152008847,-0.001065566518,-0.00040005223,-0.005140319171,0.003357814037,0.3,-0.0007958405175,-0.001335292519,
4954,-0.6711190476,-0.7990733827,-0.001362885605,-0.001784372585,-0.004351513083,-0.002121051227,0.0,0.001584216194,-0.004309987405,
4955,-1.184924605,-1.260467852,-0.00276665295,-0.002949765194,-0.001567797041,0.0006475979499,0.3,0.0001500756829,-0.005683381582,
4956,-2.738517735,-3.290202491,-0.005131099784,-0.006376280401,-0.003909589489,0.001757745555,-0.9,-0.009319403528,-0.0009427960396,
4957,-1.441185539,-1.730178678,-0.002887508374,-0.003629347807,-0.005371535145,0.002417932623,-0.7,-0.001930654593,-0.003844362156,
4958,-0.3978527564,-0.601101057,-0.0009546004993,-0.00152719867,-0.001055533668,0.001480891985,-0.1,0.002020564534,-0.003929765533,
4959,-1.786224555,-1.991186567,-0.004141585668,-0.004708580174,-0.0006608482842,0.002440413735,-0.3,-0.004119137876,-0.00416403346,
4960,-0.3424489827,-0.1811028561,-0.0007524044913,-0.0004202041851,0.002765316154,0.002903690451,-0.1,-0.003801888519,0.002297079536,
4961,-1.632889688,-1.701021519,-0.003979706168,-0.004324867614,-0.004678166722,0.002008136348,0.4,0.001400208285,-0.00935962062,
4962,0.07693444699,0.06301213911,0.0001713286694,0.0001400577555,-6.562822789e-05,-0.000831690374,-0.4,-0.004893756056,0.005236413394,8.280955994
4963,-1.009475125,-1.225418389,-0.001970617186,-0.002456266703,-0.002778565211,0.001581890501,0.0,-0.001772412613,-0.002168821759,
4964,-0.6128760982,-0.5096201905,-0.001343701091,-0.001145776563,-0.00242537065,-0.004417612754,0.3,-0.005080302311,0.00239290013,
4965,-2.203474335,-2.398609706,-0.004718325005,-0.005288829171,-0.00308885977,0.001564491474,-0.2,-0.005239763421,-0.004196886588,
4966,1.163749263,0.5312259419,0.002446002801,0.001168272785,-0.001222874565,0.0002779091637,0.3,0.002782195564,0.002109810039,0.3081546899
4967,-0.5364813468,-0.6814005986,-0.001406976453,-0.001827327378,-0.005569673582,0.002029341894,-0.9,0.0005409605665,-0.003354913472,
4968,-0.06509127774,-0.01103440106,-0.0001362087276,-2.311232925e-05,-0.0001233912088,0.005143278978,0.2,-0.001999932899,0.001727515444,
4969,-0.2036281298,0.04853486985,-0.0004732855537,0.0001142088386,-0.002438361455,0.00137550182,-0.7,0.002672086861,-0.003618657969,
4970,-0.9281723513,-0.6287546026,-0.001987604263,-0.001374773273,-0.001599238005,0.001077087465,0.3,-0.004031165044,5.595651766e-05,
4971,1.392098159,1.632337112,0.00314726518,0.003911533748,0.002524807045,-0.001554448461,0.3,0.00209386646,0.004200663901,0.4597909903
4972,-1.145432708,-1.532677562,-0.002810246221,-0.003849325902,-0.003678267902,0.001094109998,-0.7,-0.005952504736,0.0003320122944,
4973,-1.058106547,-1.065914828,-0.002197951079,-0.002367231225,-0.004705488375,0.001850453151,0.4,-0.002893413926,-0.001502488233,
4974,-1.387676411,-1.517668441,-0.003276939773,-0.003698833624,-0.003153514876,0.00107174889,-0.4,0.001265814019,-0.007819693564,
4975,-0.6406381552,-0.978328867,-0.001416842955,-0.00216225974,-0.0003168513387,-0.002446052168,-0.4,-0.001704745254,-0.001128940657,
4976,0.001146395784,-0.1856326734,3.012025279e-06,-0.0004994739663,0.0005879154153,0.001610834466,-0.8,0.003476159508,-0.003470135458,323.3657233
4977,0.7388717277,0.780840403,0.001584754048,0.001779264761,0.0001626328817,-0.0005348687258,0.1,0.003445405955,-0.0002758978585,0.5694075038
4978,-0.4031490336,-0.6260992439,-0.0009733604344,-0.001536008187,-0.006212026082,0.01341022909,-0.2,-0.007615673782,0.005668952913,
4979,-1.201423866,-1.045237824,-0.002506442515,-0.002228579986,-0.003607843633,0.008607242909,-0.8,-0.0009081101363,-0.004104774895,
4980,-0.8842758427,-1.046565075,-0.002112100421,-0.00253497424,-0.0007523871184,0.003782954877,-0.6,-0.002454996735,-0.001769204107,
4981,0.1608303791,0.1736480442,0.0003775338565,0.0004244309213,-0.001311654836,0.003137687021,-0.9,0.0009815889268,-0.0002265212138,1.87261442
4982,-0.5751266203,-0.4122088081,-0.00130603429,-0.0009757262711,-0.0001990065931,0.004509684881,0.4,-0.002190935488,-0.0004211330914,
4983,-0.9984397407,-0.7961439599,-0.002045122507,-0.00166958021,-0.001678385405,0.007488712845,-0.8,-0.004118899602,2.865458838e-05,
4984,-2.256934022,-2.382332936,-0.005595292226,-0.006338655423,-0.008463302154,0.007696675294,-0.9,-0.002306136472,-0.008884447979,
4985,-1.844964638,-1.396514557,-0.004007019822,-0.003170930428,-0.005857397758,0.000770961057,-0.7,-0.003723169405,-0.004290870239,
4986,-1.051983272,-1.132907353,-0.002411956459,-0.002678798708,-0.0006149631212,0.001510823626,-0.3,-0.009195733961,0.004371821043,
4987,0.6492458399,0.6034970488,0.001604381948,0.00152466306,0.004484457768,0.0003755035905,0.1,0.006673027778,-0.003464263882,1.216872835
4988,-0.2261225694,-0.639035594,-0.0005231257729,-0.001554968153,-0.0009785077167,1.151257393e-05,-0.3,0.0009842127958,-0.002030464342,
4989,1.763596218,1.344125026,0.003941540267,0.003035597698,0.00150741097,0.002101516719,-0.1,0.00621928691,0.001663793625,0.5602220847
4990,-1.859369725,-1.779028066,-0.003626716495,-0.003596330879,-0.0006396505111,0.001921636179,0.3,-0.001661054487,-0.005592378503,
4991,-0.50854487,-0.6037227746,-0.001076996372,-0.001319222326,-0.005151226173,0.004623084647,-0.9,-0.003510741346,0.001356748602,
4992,0.9077742261,1.32855758,0.001816549227,0.002744300173,0.003214615102,0.002648299757,-0.3,-0.003023016277,0.00665611473,0.9743439169
4993,-0.6481275924,-0.7103849677,-0.00150780106,-0.001740437174,-0.00153612033,-0.002163182637,0.1,0.001597898933,-0.004613501053,
4994,-0.3819075386,-0.01263102473,-0.0008866809612,-3.002110005e-05,0.002733486224,0.002593648746,0.2,-0.0009095216245,-0.0008638402979,
4995,-1.711023318,-1.936535217,-0.00383656952,-0.004376740761,-0.008961092024,0.004495903004,-0.4,-0.002448087021,-0.005225052018,
4996,-0.5157216912,-0.7077204559,-0.001071685025,-0.001562888781,0.004408812202,-0.0004723344234,0.9,-0.001793536324,-0.000349833727,
4997,-0.4566000798,-0.4609062211,-0.001102981022,-0.001135309641,-0.001276040191,0.003780451423,-0.5,-0.000947674816,-0.001258287229,
4998,-0.7457734598,-0.488979124,-0.001719416304,-0.001151785695,-0.002583896101,-0.001932082136,0.3,-0.003533141165,9.4308557e-05,
4999,-1.703138426,-2.357563219,-0.003482600443,-0.005100230356,-0.0009930053738,0.003671684319,-0.6,-0.001234948432,-0.005730252455,
5000,-2.753419485,-2.536519667,-0.006066508214,-0.00589705551,-0.01019757545,0.006462031421,0.3,-0.003168679171,-0.008964337258,
