seed,run,F,t_S1,t_S2,t_S3,t_inc_S2,t_inc_S3
1,E020-01,1.0128442,-0.66458772,-0.30792429,-0.69540141,1.0128442,-0.39551461
2,E020-01,0.24534528,0.24534528,0.12642561,-0.80373071,-0.15780476,-0.46230601
3,E020-01,1.2656888,-0.036534735,-0.097914424,1.1813542,-1.3801358,1.2656888
4,E020-01,1.552005,-0.56981446,-0.48137437,0.97727792,-0.17026462,1.552005
5,E020-01,1.1732585,-1.4465733,-1.4265261,1.1732585,-0.97258817,1.0023502
6,E020-01,1.5907213,-0.11909382,0.0095571051,0.53433386,1.5907213,0.015942426
7,E020-01,0.63504943,-1.0289495,-1.0647534,-0.21093719,0.63504943,0.31659773
8,E020-01,0.17436973,-0.9714205,-0.72481318,-0.95089755,0.17436973,-0.54674015
9,E020-01,1.9955316,-1.3129968,-1.0988777,1.7018589,1.3673089,1.9955316
10,E020-01,1.3855795,-0.011785149,-0.22699678,1.1882605,0.57799867,1.3855795
11,E020-01,0.9294418,-0.59746068,-0.38223234,-1.1275237,0.9294418,-0.43944737
12,E020-01,0.67589486,-0.20396417,-0.19014768,0.33076833,-1.0284748,0.67589486
13,E020-01,0.43124681,-0.7085257,-0.6058115,0.34147739,-0.053422049,0.43124681
14,E020-01,0.27651358,0.17939262,0.10448315,0.049053344,0.27651358,-0.50489481
15,E020-01,0.25652671,-1.3296874,-0.81538309,0.25652671,-0.13240958,0.0057234334
16,E020-01,0.57513779,-0.25212487,-0.23993634,-1.9428099,0.57513779,-1.5025193
17,E020-01,0.087062459,-1.2005296,-0.95160592,-0.48426661,0.087062459,-0.63037171
18,E020-01,0.97028179,-0.49429129,-0.43766722,0.80370639,-0.13546932,0.97028179
19,E020-01,-0.23237143,-0.72840623,-0.66002807,-2.3614566,-0.23237143,-1.8288919
20,E020-01,1.3939245,-2.4344552,-2.1611934,-1.7899743,1.3939245,-1.9503365
21,E020-01,-0.86896779,-0.86896779,-1.4415942,-1.6163939,-1.0333184,-1.5128496
22,E020-01,1.3246031,-0.91324272,-0.70742251,0.30540111,1.3246031,0.69784474
23,E020-01,0.030699191,-1.1875073,-1.5344342,0.030699191,-2.4741296,-0.31272341
24,E020-01,0.35401159,-0.94799327,-1.2473258,-0.074004812,-1.2086856,0.35401159
25,E020-01,0.47833498,-0.58352758,-0.29616348,-1.204186,0.47833498,-0.6972703
26,E020-01,0.95103418,-1.7853389,-1.6587468,0.36082821,0.26594145,0.95103418
27,E020-01,-0.0044262308,-0.66910016,-0.95471157,-0.0044262308,-0.47035715,-0.11164356
28,E020-01,0.43294799,0.16669455,0.35108221,0.43294799,-0.19970228,0.1234087
29,E020-01,1.7387763,-1.3953209,-0.1922345,-0.0031109128,1.7387763,0.31272963
30,E020-01,0.86173023,0.64315086,0.86173023,-0.0094288905,0.2912999,0.26333638
31,E020-01,1.426635,-1.3405311,-1.0984652,0.63991805,1.426635,0.63202164
32,E020-01,-0.034345366,-0.034345366,-0.13052969,-2.6095808,-0.69556957,-1.6874996
33,E020-01,1.1598768,1.1598768,0.80582991,-0.20722316,-0.89592339,-0.41548517
34,E020-01,0.84044288,-0.44458991,-0.17179965,-0.82610827,0.84044288,-0.21510068
35,E020-01,0.52513218,0.35536171,0.52513218,-0.58265395,-0.40975486,-0.86797338
36,E020-01,1.6000776,1.1386838,1.5728909,1.6000776,1.0243201,1.5424576
37,E020-01,-0.3586663,-1.3644474,-1.0802687,-1.1901131,-0.3586663,-0.91430973
38,E020-01,0.54875925,-0.61510637,-0.55891152,-0.024311525,0.54875925,0.20665539
39,E020-01,-0.058168051,-0.28992016,-0.23173851,-0.058168051,-0.27440624,-0.59070862
40,E020-01,1.9253314,1.4436813,1.9253314,0.76067646,1.5366448,0.46374308
41,E020-01,-0.88560312,-0.95436088,-1.1618157,-0.98676605,-0.88560312,-1.4588288
42,E020-01,0.71744822,0.51492445,0.71744822,-0.8597095,0.51000695,-0.29113534
43,E020-01,0.95848629,0.95848629,0.27165692,-0.6056143,-2.8836039,-0.83458361
44,E020-01,0.20852137,-2.0925652,-2.1833506,-0.12932774,-0.59329394,0.20852137
45,E020-01,2.3446989,-1.1945305,-1.5028622,2.0338384,-1.6863249,2.3446989
46,E020-01,0.14428854,0.0025340731,0.14428854,0.04947373,-0.2027292,-0.061766678
47,E020-01,0.97789709,-0.30523212,-0.35040309,0.6869971,0.34440133,0.97789709
48,E020-01,1.1715632,-1.2264281,-1.0862758,0.63514836,1.1715632,0.68729175
49,E020-01,0.93002099,-1.018199,-1.049112,0.91212583,-0.53370702,0.93002099
50,E020-01,1.012762,-1.4018362,-1.0613659,1.012762,-0.14407964,0.254244
51,E020-01,2.1269723,-0.78698543,-0.41755297,-0.60131161,2.1269723,-0.75585351
52,E020-01,1.755461,-0.44802444,-0.17172276,1.1623488,1.3967222,1.755461
53,E020-01,0.15766389,-0.85656417,-0.97562338,-0.41826047,0.15766389,-0.79144436
54,E020-01,1.2331311,-0.53259023,-0.26919588,-3.4605399,1.2331311,-2.8672348
55,E020-01,-0.087876835,-1.3669809,-1.2746115,-0.63483867,-0.087876835,-0.48304373
56,E020-01,-0.16065296,-0.56412132,-0.8497532,-1.0563684,-0.16065296,-0.46849242
57,E020-01,0.49419025,0.38283467,0.49419025,0.41842967,-0.47322224,0.46140764
58,E020-01,0.72153222,-0.76207967,-0.74530169,0.53757052,0.086927292,0.72153222
59,E020-01,1.0447272,-0.86064113,-0.52545352,1.0227263,0.75331411,1.0447272
60,E020-01,0.29641616,-0.30647922,-0.28438615,0.00025201725,0.043405444,0.29641616
61,E020-01,0.71413168,0.47264515,0.71413168,-0.081886858,0.56178166,-0.013391018
62,E020-01,-0.89556658,-1.4434616,-1.3361586,-2.0040935,-0.89556658,-1.7714707
63,E020-01,-0.53037889,-0.54102479,-0.53037889,-1.3941539,-0.99093282,-1.3951171
64,E020-01,1.3659847,-0.59885609,-0.74918626,1.3659847,-1.0017793,1.2690132
65,E020-01,-0.424771,-0.44871036,-0.67477527,-0.6316957,-0.424771,-0.86802264
66,E020-01,2.3984339,-0.70185933,0.2079101,0.13994313,2.3984339,-0.31528478
67,E020-01,1.5388151,-0.30145033,0.032826123,0.83412769,1.5388151,1.3891573
68,E020-01,0.67330904,-0.34058129,0.41743074,0.10885737,0.67330904,0.28482911
69,E020-01,0.20157201,-2.7216063,-2.7782279,-0.95469063,0.20157201,-1.9228592
70,E020-01,2.5580111,-1.2640475,-0.72303054,-0.98742939,2.5580111,-0.95093233
71,E020-01,0.95184951,-0.64935159,-0.69236969,0.95184951,0.18666253,0.75775405
72,E020-01,0.92386684,-1.8738142,-1.6686021,0.21673509,0.28951786,0.92386684
73,E020-01,0.61863413,-2.238867,-1.9353188,0.61863413,-0.28221855,0.53720243
74,E020-01,0.89600653,-1.6637718,-1.5533349,0.89600653,-0.28511928,0.49660289
75,E020-01,1.3235955,-0.80776677,-0.6284137,-0.59665691,1.3235955,0.29253039
76,E020-01,2.8405499,-0.086994852,0.31965789,-0.9591507,2.8405499,-0.099635954
77,E020-01,0.52022963,0.52022963,0.14245384,-0.89432007,-0.71195528,-1.2681833
78,E020-01,1.5827022,-0.81293401,-0.60570894,1.5827022,0.51276249,1.542474
79,E020-01,1.1757673,-0.010833269,-0.024830263,1.1757673,0.83680297,0.96902956
80,E020-01,1.0189957,-0.77219173,-0.71185471,1.0189957,-0.87290967,0.61601366
81,E020-01,0.44988499,-0.58461434,-0.73234946,0.18108374,-0.30880517,0.44988499
82,E020-01,-0.42360022,-1.2124145,-1.340708,-1.8527572,-0.42360022,-1.4964068
83,E020-01,0.4276728,-0.89663796,-1.0055525,0.024120613,0.046523143,0.4276728
84,E020-01,0.68119794,0.68119794,0.45780284,-0.62337476,-1.0342032,0.60417963
85,E020-01,1.7546066,-0.26833325,-0.23901418,1.7546066,0.38713476,1.6738515
86,E020-01,-0.10223715,-0.34501694,-0.61168239,-0.82370838,-0.10223715,-1.0787094
87,E020-01,0.21983663,-0.84122736,-0.69900524,-1.2586083,0.21983663,-1.5870581
88,E020-01,1.1557702,-0.037923426,0.34774906,0.1662552,1.1557702,0.66599667
89,E020-01,0.56581194,-1.0336398,-1.1408485,0.56581194,0.54355694,0.52740461
90,E020-01,1.2658118,-0.76087264,-0.63982054,-0.65178673,1.2658118,-0.8643922
91,E020-01,1.0151642,-0.39424321,-0.24765161,0.82980367,0.058854293,1.0151642
92,E020-01,-0.094573866,-0.38421411,-0.5565722,-0.41486807,-0.56071056,-0.094573866
93,E020-01,0.64169701,-1.1079059,-1.2323097,0.49394154,-0.28922752,0.64169701
94,E020-01,1.5586847,-0.64680617,-0.62096291,-2.0438869,1.5586847,-0.8880112
95,E020-01,0.45614742,0.45614742,0.30758799,-0.51636157,-1.1235997,-0.6708754
96,E020-01,1.5497502,-1.4796757,-0.96359987,-1.2525943,1.5497502,-1.8404513
97,E020-01,1.4898516,-1.5255576,-1.3890317,0.72381584,-0.55960662,1.4898516
98,E020-01,1.4479978,-0.35074678,0.32105894,0.34616355,1.4479978,-0.35389746
99,E020-01,2.4117368,0.57656948,0.71835386,1.9318634,0.25519689,2.4117368
100,E020-01,3.1338683,-0.4691875,0.070752346,-0.061538852,3.1338683,0.39608589
101,E020-01,0.70924359,-1.2915891,-1.1890023,-0.85932508,0.70924359,-0.68888194
102,E020-01,0.29427605,-0.95032056,-0.66825289,-1.4510559,0.29427605,-0.8949732
103,E020-01,1.3204549,-0.12070433,0.11762733,0.045766869,1.3204549,-0.68154354
104,E020-01,0.6486044,-0.14159624,-0.0097797335,-0.92536517,0.6486044,-0.62503326
105,E020-01,1.2124885,-2.9516276,-2.3107663,0.85382859,1.2124885,-0.20387719
106,E020-01,0.55004403,-0.1224383,0.23811908,-0.45443788,0.55004403,0.076463753
107,E020-01,1.5885569,-0.14460868,-0.14163532,1.5885569,-0.76226921,0.98955978
108,E020-01,0.062501786,-1.2029455,-0.96109084,0.062501786,-0.93214232,-0.096490928
109,E020-01,-0.27381857,-3.518862,-3.525069,-1.0961491,-0.27381857,-1.8771245
110,E020-01,1.7510918,-1.3141762,-0.55535586,0.70266233,1.7510918,0.18461507
111,E020-01,2.0587692,-1.2806193,-0.86786303,-1.5759798,2.0587692,-1.315383
112,E020-01,0.75040549,0.53180451,0.75040549,-0.39626305,0.6426668,-1.0008661
113,E020-01,0.88967563,0.072896738,-0.10217901,0.10752676,0.16644409,0.88967563
114,E020-01,-0.0010598202,-1.8296096,-1.9547081,-0.19356569,-0.39474306,-0.0010598202
115,E020-01,1.0103503,-1.4481503,-1.0250433,-1.1781989,1.0103503,-1.5780566
116,E020-01,0.32487002,0.047660338,0.027698606,0.32487002,-0.87366453,0.082763617
117,E020-01,0.57164319,-1.1969405,-1.1642683,0.57164319,0.39461706,0.43639088
118,E020-01,1.8721325,0.047989073,0.35235103,-1.1495483,1.8721325,-0.83780478
119,E020-01,1.6344887,1.227167,1.6344887,0.19403355,0.42629644,-0.075985483
120,E020-01,0.39673392,-0.46903977,-0.3671859,0.39673392,0.17918682,-0.41230802
121,E020-01,0.83516562,-2.6994507,-2.3599512,0.83516562,-0.057847339,0.29268689
122,E020-01,2.2876027,-1.4292198,-1.2669557,0.17514507,2.2876027,0.64000125
123,E020-01,2.3385062,0.15352155,0.77461301,-0.61057094,2.3385062,-0.99943398
124,E020-01,-0.11465304,-1.3832209,-1.297197,-1.7104543,-0.11465304,-2.0961143
125,E020-01,-0.18953225,-1.9180326,-1.9644219,-0.46629343,-0.90624912,-0.18953225
126,E020-01,-0.34926407,-0.34926407,-0.81201051,-1.2568144,-3.1216878,-1.1329873
127,E020-01,-0.16702319,-0.16702319,-0.40867878,-0.94288913,-0.47922463,-0.77646578
128,E020-01,-0.73524994,-0.78666598,-0.86288434,-1.7899135,-0.73524994,-1.88901
129,E020-01,1.7228176,-2.7766194,-2.2443019,-0.094648927,1.7228176,-0.077073998
130,E020-01,0.1431493,-1.747506,-1.6457622,-0.090776173,0.1431493,-0.95591995
131,E020-01,1.8544642,1.8544642,1.5871371,1.6768889,-1.5463508,0.51050354
132,E020-01,1.2103929,-0.76216257,-0.36141793,-1.9487092,1.2103929,-1.7971748
133,E020-01,1.4296339,1.1674856,1.4296339,-0.26872325,1.2250673,-0.38094501
134,E020-01,1.1418304,-1.790528,-1.4017536,0.5673971,1.1418304,1.0584917
135,E020-01,0.68742822,0.68742822,0.50569908,-0.65511578,-1.320103,-0.25296599
136,E020-01,1.3821552,1.3821552,1.3089672,0.36315906,0.42043037,0.18460084
137,E020-01,0.3625089,-1.1186677,-1.0899906,-0.60577563,0.3625089,-0.095031592
138,E020-01,0.63582761,-0.24547652,-0.22213203,-0.21198782,0.63582761,-0.59386604
139,E020-01,1.2665246,0.56735153,0.37286747,1.2665246,-1.4765262,1.1390328
140,E020-01,-0.048092363,-1.8532593,-1.937055,-0.57499725,-0.91830046,-0.048092363
141,E020-01,0.90368039,-0.75411847,-0.37808274,-0.037776633,0.90368039,-0.02196545
142,E020-01,-0.37830211,-1.8081097,-1.9956791,-1.1912817,-0.37830211,-0.80869473
143,E020-01,0.28762851,-0.41633097,-0.52145171,-0.61144404,0.28762851,-0.011601222
144,E020-01,-0.56124913,-0.56124913,-0.6730123,-0.65781504,-1.2614623,-1.6739374
145,E020-01,-0.35438269,-1.1942212,-1.1284558,-0.35438269,-1.0554332,-0.42599678
146,E020-01,1.4172731,-0.68897042,-0.94083808,1.3686602,-0.46491877,1.4172731
147,E020-01,0.050436803,-0.99446426,-0.74992363,-0.92591411,0.050436803,-1.1893466
148,E020-01,-0.03737295,-0.16234615,-0.20848857,-0.48807384,-0.03737295,-0.8047634
149,E020-01,2.1827153,-0.22651467,-0.52809639,1.4341654,0.68487504,2.1827153
150,E020-01,1.6065076,-0.28290625,-0.26924852,0.74356834,1.6065076,1.4141747
151,E020-01,0.28285157,0.053469706,0.050093935,0.28285157,0.23296887,-0.38218199
152,E020-01,0.9253814,0.9253814,0.75647437,0.075782505,-0.43859512,-0.096280457
153,E020-01,1.3665881,0.15484734,-0.0058024442,1.3665881,-1.0029964,0.95315418
154,E020-01,0.83091595,-2.3241769,-2.0109843,-0.84688284,0.83091595,-1.3737166
155,E020-01,1.5174143,-0.16978142,0.24715398,-0.21959403,1.5174143,0.17551014
156,E020-01,0.62356605,-0.029963508,0.28462323,-0.77480546,0.62356605,-0.11966237
157,E020-01,-0.097664065,-2.4387392,-2.7377383,-0.097664065,-2.0294203,-0.39966627
158,E020-01,0.48428632,0.48428632,0.098083378,-1.1697524,-0.98066361,-0.99174536
159,E020-01,0.089044675,-0.74416852,-0.88527768,-0.24953655,-1.2610407,0.089044675
160,E020-01,0.4850445,-1.6011772,-1.187706,-0.48073063,0.4850445,-0.27178745
161,E020-01,1.1256364,-0.29037965,-0.36234194,0.86116394,-0.23684503,1.1256364
162,E020-01,-0.38610059,-2.6771858,-2.7263641,-0.77916514,-0.38610059,-0.96408945
163,E020-01,0.18757319,0.001395284,0.18757319,-0.69302828,0.014528779,-0.10250707
164,E020-01,1.4682896,-1.6068526,-1.1418938,-0.35427063,1.4682896,-0.17416265
165,E020-01,1.1639575,1.1639575,0.55558807,-0.056602946,-1.9020593,-0.077264507
166,E020-01,1.0933441,0.18250472,0.1304184,0.88436188,-0.68614439,1.0933441
167,E020-01,0.063243386,-0.56243184,-0.61844023,-0.41172297,-0.17822984,0.063243386
168,E020-01,0.32526538,0.2075888,-0.0674295,-2.5266196,0.32526538,-2.6043473
169,E020-01,1.3169343,-0.30498792,-0.26688935,1.2022315,-0.327183,1.3169343
170,E020-01,2.1804443,0.011551924,0.70370686,-0.85353586,2.1804443,-0.11769898
171,E020-01,1.5156853,-0.45890202,-0.38263248,1.4398112,-0.99543483,1.5156853
172,E020-01,1.0758341,0.74481756,0.47503317,0.97436986,0.1313512,1.0758341
173,E020-01,0.46546543,-0.15106118,-0.0049226375,-1.2475534,0.46546543,-1.5048917
174,E020-01,0.16675864,0.1112857,0.12159532,0.16675864,-0.18395146,-0.076528062
175,E020-01,-0.0080666402,-0.0080666402,-0.25527579,-1.3801315,-0.30143442,-1.6749437
176,E020-01,1.086987,-0.2917744,-0.14364936,-1.8203346,1.086987,-1.9012721
177,E020-01,2.2248998,2.0383699,2.0517243,1.7596422,-0.40252835,2.2248998
178,E020-01,-0.27507223,-0.27507223,-0.85266968,-0.56128727,-1.3762236,-0.44521211
179,E020-01,1.7121155,0.80935137,0.51828821,1.5670421,-1.2025228,1.7121155
180,E020-01,0.0058330506,-0.13327921,0.0058330506,-1.3811005,-0.5661803,-1.0905676
181,E020-01,-0.80310592,-1.7172144,-1.4960733,-1.6226708,-0.80310592,-1.9464382
182,E020-01,1.130551,-1.4856777,-1.1661277,-0.86948214,1.130551,-0.78339986
183,E020-01,1.5715192,-2.42268,-2.6689029,-0.054610919,1.5715192,-0.46663214
184,E020-01,-0.76142524,-1.6110565,-1.8157972,-0.76142524,-1.3081044,-1.3836549
185,E020-01,1.7997597,0.028385433,0.00055360199,1.7997597,0.43140389,1.4681112
186,E020-01,-0.032366344,-0.50279279,-0.7557633,-0.089225285,-0.032366344,-0.29318014
187,E020-01,1.4049346,-0.72781167,-0.34849658,-1.0084737,1.4049346,-1.1592584
188,E020-01,0.2755169,-0.050281366,-0.37521134,-3.9092946,0.2755169,-3.3240268
189,E020-01,0.31849031,0.31849031,0.17860673,0.21972984,-0.96945275,0.20202098
190,E020-01,0.82126884,-0.49345225,-0.30838549,-2.8845239,0.82126884,-2.4810042
191,E020-01,0.80812207,-2.1564379,-2.199376,0.4413945,-0.61651774,0.80812207
192,E020-01,-0.4925104,-0.55270914,-0.74951092,-0.4925104,-1.5286884,-0.8745961
193,E020-01,1.14916,-0.94052646,-1.2985166,0.96767217,-2.042697,1.14916
194,E020-01,0.99557695,-0.80745393,-0.35210525,-0.47744006,0.99557695,-0.32453427
195,E020-01,0.35321095,-3.8301757,-3.567486,-1.4377527,0.35321095,-2.0620642
196,E020-01,1.4219248,1.0878831,1.4219248,1.2477953,0.15542422,1.194068
197,E020-01,0.95152038,-0.20386992,0.01174352,0.95152038,0.24810719,0.6120278
198,E020-01,1.1866908,-1.8089107,-1.7558126,0.93437702,-0.38819129,1.1866908
199,E020-01,0.97026065,-1.0521363,-1.2354083,0.84530045,0.60124042,0.97026065
200,E020-01,0.94482302,-0.54624115,-0.89742955,0.14887236,-1.7252356,0.94482302
201,E020-01,1.0177964,-1.1820535,-1.2814534,0.51722563,-2.1936994,1.0177964
202,E020-01,0.1358918,-2.4329221,-2.5078196,0.1358918,-1.0285318,-0.62106155
203,E020-01,-0.70298581,-2.184054,-2.4588057,-1.3918008,-0.70298581,-1.0541998
204,E020-01,0.88514842,0.88005713,0.88514842,-0.99413974,-0.60844587,-0.73446791
205,E020-01,-0.097614775,-0.097614775,-0.31718981,-1.1059625,-0.90927509,-1.1424329
206,E020-01,1.3985659,0.32694574,0.58261049,0.0047648454,1.3985659,-0.48495297
207,E020-01,0.96408251,-0.92539034,-1.0168889,0.94328439,-0.33024398,0.96408251
208,E020-01,0.7998006,-1.3472973,-1.4456458,0.44800726,-0.94455052,0.7998006
209,E020-01,0.49935925,-1.0652057,-1.1315612,-0.55292447,0.49935925,-0.51788943
210,E020-01,1.1520401,-1.0792219,-1.083413,1.1520401,0.074138667,0.98847282
211,E020-01,-0.57990662,-0.75013684,-0.95054412,-0.91909094,-0.57990662,-0.78314234
212,E020-01,0.62606044,-1.6919316,-1.7558965,-1.0517661,0.62606044,-1.0258797
213,E020-01,-0.08244822,-1.160308,-0.99926417,-0.172408,-0.17227308,-0.08244822
214,E020-01,0.0016658821,-0.59785036,-0.69391302,-0.7877728,-0.30528333,0.0016658821
215,E020-01,1.8584268,-1.0642605,-0.94488164,1.4727373,0.0087916642,1.8584268
216,E020-01,1.3584953,-0.57952116,-0.3637316,-0.55511742,1.3584953,-0.4977901
217,E020-01,0.26220733,-1.6686483,-1.5835537,0.0035835632,0.26220733,0.24711106
218,E020-01,2.6833,-0.86541885,-0.44579739,0.39718183,2.6833,0.6904488
219,E020-01,1.3014126,-1.9321788,-1.9077866,1.2979091,-1.7776508,1.3014126
220,E020-01,0.19770733,-0.77939401,-1.0111291,0.056170054,-0.92630415,0.19770733
221,E020-01,1.8507351,-0.56269974,-0.54357194,1.8507351,-0.66153214,0.88132876
222,E020-01,-0.44380752,-0.97304504,-1.0586291,-0.75721285,-1.0244453,-0.44380752
223,E020-01,1.0701353,0.43158153,0.28310221,1.0701353,-1.4968446,0.67384324
224,E020-01,0.95288195,-1.5986807,-1.4261193,-0.40466188,0.95288195,-0.33485751
225,E020-01,2.0652108,-0.26937001,0.0039496481,1.4193334,0.821562,2.0652108
226,E020-01,1.6572853,0.16095947,0.51530308,0.015371751,1.6572853,0.072196211
227,E020-01,1.3013165,0.22482696,0.34919112,1.0664886,-0.070302666,1.3013165
228,E020-01,0.2319034,-2.0881181,-2.2266288,-0.092032383,-1.1274871,0.2319034
229,E020-01,1.1249603,-0.68387591,-0.19736291,-1.4339148,1.1249603,-1.345974
230,E020-01,0.27023295,0.27023295,-0.065258215,-0.40001848,-1.2826299,-0.60952314
231,E020-01,-0.11192354,-2.2244503,-2.5208528,-0.25106418,-1.3284537,-0.11192354
232,E020-01,2.0515905,-1.9866486,-1.6281668,-0.24404717,2.0515905,-0.42523765
233,E020-01,0.77441125,-0.63684184,-0.72397218,0.43744591,-1.6520044,0.77441125
234,E020-01,0.80296941,-0.12184756,-0.46745628,0.71656374,-0.15182697,0.80296941
235,E020-01,0.42809992,0.13321881,0.23553323,-0.67813822,0.42809992,-0.30580875
236,E020-01,0.99965445,0.99965445,0.94221291,-1.4245856,-0.88295204,-1.3870491
237,E020-01,1.6345703,-0.15309056,0.28558317,0.95772423,0.92069083,1.6345703
238,E020-01,1.3756978,-2.0356833,-1.703697,-1.4966084,1.3756978,-0.54823255
239,E020-01,0.59319566,0.34684487,0.46242228,0.06340365,0.59319566,0.09230373
240,E020-01,0.71608183,-0.313123,-0.26144227,0.41998027,-0.30973911,0.71608183
241,E020-01,1.5793284,-0.70395072,0.086091184,1.5080751,1.4311257,1.5793284
242,E020-01,0.39834178,-1.3491138,-1.1870852,-1.4257053,0.39834178,-1.1243817
243,E020-01,2.3154664,-1.016585,-0.6173595,-0.34030373,2.3154664,-0.0077473572
244,E020-01,0.18122942,-0.62321276,-0.89486916,-0.53401896,-1.193889,0.18122942
245,E020-01,0.68986311,-0.75088881,-0.82402377,-0.57878304,0.68986311,0.069139107
246,E020-01,-0.15637195,-1.4688691,-1.182701,-0.83730682,-0.15637195,-0.74829735
247,E020-01,0.20773024,-1.6074639,-1.3921013,-0.40924848,0.20773024,-0.30091511
248,E020-01,0.50835298,-0.21869343,-0.1510608,0.24863773,0.50835298,-0.62026624
249,E020-01,-0.19873665,-0.19873665,-0.51627412,-1.5814794,-0.96158525,-1.5614302
250,E020-01,-0.10683958,-0.10683958,-0.42003143,-0.40158613,-1.2147288,-0.1333211
251,E020-01,1.0551725,-0.7673653,-0.65134554,0.62352996,0.25566726,1.0551725
252,E020-01,-0.029482046,-0.34401408,-0.28837908,-0.094735181,-1.3657835,-0.029482046
253,E020-01,0.27505709,-0.87441527,-0.93391374,-0.26163965,0.27505709,0.26907367
254,E020-01,0.51254854,-0.68660055,-0.62126516,-0.84432392,0.51254854,-1.1282562
255,E020-01,1.3179919,0.21293628,0.4902076,1.1220257,0.3413017,1.3179919
256,E020-01,-0.090513339,-2.7488039,-2.8038236,-0.090513339,-1.473463,-0.41671128
257,E020-01,-0.024047868,-0.97375195,-1.1058285,-0.16851832,-0.024047868,-0.49865176
258,E020-01,1.3677537,-0.48739496,-0.10802546,1.1856359,0.50441133,1.3677537
259,E020-01,0.45445638,-0.86696618,-0.97017947,0.45445638,-0.089535232,0.40841116
260,E020-01,0.54071907,-2.0609884,-2.2433176,0.54071907,0.13653005,-0.06226213
261,E020-01,-0.045267607,-1.094861,-1.7219637,-0.051831388,-1.5144323,-0.045267607
262,E020-01,0.58625858,-0.61106085,-0.71856755,-0.061546402,0.58625858,-0.41546153
263,E020-01,1.1691973,-1.1020579,-0.97809309,0.90729686,-0.65852831,1.1691973
264,E020-01,0.5148038,-1.6565632,-1.4199928,-0.76060641,0.5148038,-0.34066333
265,E020-01,0.86222614,-0.40635491,-0.28272614,-0.58126154,0.86222614,-0.34772771
266,E020-01,0.52935272,-1.8004916,-1.6196277,0.23533075,0.03374621,0.52935272
267,E020-01,1.3954095,-0.98510394,-0.52259403,-2.1303827,1.3954095,-2.4134608
268,E020-01,1.0467952,0.55324126,0.68886169,0.69741665,-0.71391232,1.0467952
269,E020-01,-0.21508589,-0.51300963,-0.6653311,-0.2721789,-0.65323025,-0.21508589
270,E020-01,1.4457259,0.95858227,0.99939628,1.4457259,-0.40668104,0.89033223
271,E020-01,-1.1744017,-1.5014849,-2.0449631,-1.6829832,-1.5489626,-1.1744017
272,E020-01,0.24029439,-1.3263137,-1.039179,-2.1812874,0.24029439,-1.4825423
273,E020-01,1.5970438,-0.23273215,-0.034434745,0.15541166,1.5970438,0.43259986
274,E020-01,1.3308439,-1.799793,-1.805369,0.91797253,0.50932645,1.3308439
275,E020-01,-0.071527441,-1.3145521,-1.3354948,-0.23929493,-0.071527441,-0.94977608
276,E020-01,1.5473172,0.2337632,0.34835377,1.5473172,1.0613441,1.3061357
277,E020-01,1.2443699,-0.54693496,-0.12652451,-1.3420975,1.2443699,-1.9226979
278,E020-01,1.142484,1.142484,1.0525718,-0.75440351,-0.96499848,-1.3152255
279,E020-01,3.9924499,-1.4378376,-1.0062265,3.6587453,1.3209047,3.9924499
280,E020-01,1.6553178,-1.7512476,-1.3144238,0.30694385,1.6553178,0.0097895533
281,E020-01,0.67818385,-0.53541838,-0.503417,0.67818385,-0.52230493,0.30138838
282,E020-01,0.96171374,-0.61035588,-0.68724075,0.73579239,-1.5784372,0.96171374
283,E020-01,-0.43550555,-1.1052983,-1.1167715,-1.6984671,-0.43550555,-1.6676305
284,E020-01,0.383677,-1.830655,-1.9673938,-0.67838355,0.383677,-0.66096384
285,E020-01,-0.023262843,-0.023262843,-0.03343415,-1.4649563,-0.16719083,-1.100219
286,E020-01,1.5713975,-0.57672092,-0.70029741,1.5713975,-1.5470507,1.5513574
287,E020-01,1.3947101,0.72971558,1.0613535,-0.27797272,1.3947101,-0.42734662
288,E020-01,0.35071195,-0.19025784,-0.19766163,-0.22536367,0.22102944,0.35071195
289,E020-01,2.539478,-1.9746757,-1.197678,-0.97079112,2.539478,-0.53424883
290,E020-01,1.851582,-1.4741659,-1.4405304,1.8005114,0.1578793,1.851582
291,E020-01,0.37233399,0.37233399,0.26057814,0.3571414,0.21077565,0.26369349
292,E020-01,-0.55030809,-1.3014318,-1.2801141,-1.2566142,-0.55030809,-1.2182958
293,E020-01,2.0420162,-2.1786097,-2.2997743,1.6982302,-0.2497869,2.0420162
294,E020-01,0.85462186,-1.7885303,-1.3748746,-0.57209425,0.85462186,-0.34468245
295,E020-01,0.75471223,0.6189729,0.75471223,0.61832009,0.135203,0.07601178
296,E020-01,0.1370137,-0.55406802,-1.1092982,0.1370137,-1.8653922,-0.16867825
297,E020-01,0.39396346,0.39396346,0.13277389,-0.038923901,-1.4449734,-0.81990448
298,E020-01,0.90773528,-1.4642349,-1.2032244,0.60753824,0.56482214,0.90773528
299,E020-01,1.6476309,0.88863372,0.88082722,1.5828525,0.045027822,1.6476309
300,E020-01,0.04074471,-0.3964651,-0.26985381,-1.2865596,0.04074471,-1.8032593
301,E020-01,0.84234325,-1.780967,-1.7506666,0.049933052,-0.049543252,0.84234325
302,E020-01,0.96498064,-0.38750315,-0.39750833,0.96498064,-0.27125094,0.55521267
303,E020-01,-0.36851601,-1.7241045,-1.4847724,-0.95861294,-1.286813,-0.36851601
304,E020-01,1.6580387,-1.6257813,-1.9028937,1.6580387,-1.8832404,1.3560116
305,E020-01,1.3134056,-0.97792618,-1.1746354,1.2731019,-0.63041817,1.3134056
306,E020-01,-0.17972578,-1.2710341,-1.5535099,-0.31565325,-1.7247596,-0.17972578
307,E020-01,0.040687164,-1.8691126,-1.8183427,-2.1758316,0.040687164,-2.710876
308,E020-01,0.60554273,0.33415272,0.52038244,0.30642456,-0.37404062,0.60554273
309,E020-01,1.5431927,0.16015004,0.23330892,1.1404719,-0.18111579,1.5431927
310,E020-01,0.7329712,-0.82537366,-0.89276016,0.7329712,-0.67814217,0.48194645
311,E020-01,0.35720585,-0.95708581,-0.85227465,-0.45340439,0.35720585,0.095566362
312,E020-01,2.5920387,-3.1094104,-2.3412066,-0.37450055,2.5920387,-0.4092005
313,E020-01,1.4575638,0.10022708,0.14549678,1.3457598,1.2610149,1.4575638
314,E020-01,0.79736259,0.31803659,0.2270983,0.58836756,-1.3751132,0.79736259
315,E020-01,0.93874112,0.75684882,0.76730606,0.73497927,-0.92152962,0.93874112
316,E020-01,0.74440599,-1.5761013,-1.3804377,0.51303941,0.74440599,-0.22800303
317,E020-01,1.3430024,-0.17219448,0.17416673,1.2994428,-0.65494778,1.3430024
318,E020-01,1.9624191,0.40101455,0.80299156,0.45213874,1.9624191,0.53551964
319,E020-01,2.6372297,-1.141571,-0.92250776,1.6737788,2.6372297,2.1034418
320,E020-01,1.0413439,1.0413439,0.52634415,-0.005494741,-1.9993817,-0.097561186
321,E020-01,-0.024704043,-0.49598939,-0.57113136,-1.9314362,-0.024704043,-2.1952353
322,E020-01,-0.55947835,-0.55947835,-0.82223487,-1.9710736,-2.0564962,-2.5425635
323,E020-01,0.9623909,-1.0699372,-1.2409567,0.60704037,-0.094765703,0.9623909
324,E020-01,0.023499501,-0.081795776,-0.14828661,-0.11706386,-0.61377564,0.023499501
325,E020-01,1.7315859,-0.29024281,-0.25257196,-2.8482661,1.7315859,-2.2394557
326,E020-01,0.95584671,-0.43547025,0.12915549,0.95584671,0.51806803,0.8667244
327,E020-01,1.1125266,-2.02577,-1.6543284,1.1125266,-0.46257124,0.50152299
328,E020-01,0.13900189,-3.2602545,-3.7032323,-0.025087046,-2.5985411,0.13900189
329,E020-01,-0.3655625,-0.92019243,-1.0558691,-0.3655625,-1.1534418,-0.52334591
330,E020-01,-0.061011048,-1.1200605,-1.4683235,-0.078950251,-1.1332628,-0.061011048
331,E020-01,1.1552808,-1.1841183,-1.2402132,1.1552808,-1.0192615,1.0864948
332,E020-01,1.1595819,-1.1825705,-1.107805,0.6503011,-0.65852067,1.1595819
333,E020-01,0.62147946,0.23159358,-0.0819657,0.33322513,0.51873319,0.62147946
334,E020-01,2.7661857,-0.18409478,0.34136226,1.2340803,2.7661857,1.3608415
335,E020-01,1.015212,0.6538569,0.74553466,0.12535611,1.015212,0.76366553
336,E020-01,2.0960835,-0.99849506,-0.68655571,-1.0372033,2.0960835,-0.24983393
337,E020-01,0.49924094,-1.6466117,-1.9269291,0.19500081,-1.3375022,0.49924094
338,E020-01,1.7414963,-0.40706188,-0.34778489,1.7414963,0.77974497,1.6949103
339,E020-01,0.15506214,0.15506214,0.084654532,-1.0326947,-1.4729979,-1.0115406
340,E020-01,0.85348021,0.85348021,0.62224781,-0.80018117,0.071206521,-0.60393912
341,E020-01,-0.18851149,-1.4378064,-1.5070498,-1.7409393,-0.18851149,-1.3180283
342,E020-01,-0.07494725,-0.07494725,-0.12450252,-1.2336509,-0.39359621,-1.0453962
343,E020-01,0.71631769,0.6998722,0.71631769,-2.1496886,-0.77501628,-1.7148225
344,E020-01,-0.38966179,-0.54901079,-0.43171671,-0.5654846,-0.59899099,-0.38966179
345,E020-01,1.2653266,-0.1799003,0.13408228,0.92102871,1.2653266,0.76550428
346,E020-01,0.70295494,0.65840185,0.70295494,-1.0300245,-0.74666413,-0.93376569
347,E020-01,1.5374133,1.5374133,0.53832055,-1.4192505,-1.8429295,-0.79005359
348,E020-01,0.56774933,-2.4595254,-2.4075502,0.56698334,-0.33961564,0.56774933
349,E020-01,-0.36667782,-1.6487513,-1.7192051,-0.791189,-1.1395382,-0.36667782
350,E020-01,-0.68754857,-0.68754857,-0.94489224,-1.6051227,-1.1235131,-1.2611183
351,E020-01,0.50679496,-0.93236049,-0.8720841,0.36513011,-0.85879437,0.50679496
352,E020-01,0.57302016,-1.0400412,-1.5789491,-0.023751343,-2.0382692,0.57302016
353,E020-01,1.1793771,-1.5983092,-1.69499,1.0733141,0.71284928,1.1793771
354,E020-01,0.64420243,-0.41055675,-0.59853179,0.22501097,-0.067732118,0.64420243
355,E020-01,2.1910883,1.6588624,1.9387677,-1.5237892,2.1910883,-2.1548362
356,E020-01,0.71385871,0.24734704,0.20350684,0.36649646,-0.72613293,0.71385871
357,E020-01,-0.082599588,-2.1794656,-1.9811532,-0.082599588,-0.60231151,-0.16022916
358,E020-01,0.0010246638,-1.249007,-1.1538256,0.0010246638,-0.74637874,-0.084196976
359,E020-01,0.50000371,-1.0938597,-0.91408045,-1.2975454,0.50000371,-1.6366972
360,E020-01,-0.45690569,-0.58145539,-0.54469971,-1.8686714,-0.45690569,-1.647967
361,E020-01,0.29568371,-1.2008465,-1.4171582,0.045875711,-0.52481743,0.29568371
362,E020-01,0.26344232,-0.23793952,-0.39816995,-0.62223604,0.26344232,-0.46021704
363,E020-01,0.11940556,-0.89475335,-0.79657252,-0.15435869,0.11940556,-0.54661003
364,E020-01,2.4739435,-0.5770018,0.067303917,-0.68626806,2.4739435,-1.6366396
365,E020-01,1.7709768,-0.62547217,-0.38027667,-0.43719292,1.7709768,0.26782331
366,E020-01,1.3574443,1.3574443,1.3265723,1.0845798,-1.1294973,1.3205586
367,E020-01,0.052747643,0.052747643,-0.068200468,-1.0316561,-0.95287651,-0.52383485
368,E020-01,-0.31752336,-0.70423872,-1.285583,-0.31752336,-1.4968232,-0.98250739
369,E020-01,0.15045775,-0.27815837,-0.28497554,-1.6437757,0.15045775,-0.39098799
370,E020-01,0.56616815,0.38694819,0.56616815,-0.11842863,-0.43706113,-0.78716815
371,E020-01,-0.33986247,-0.33986247,-0.77040646,-0.53417884,-1.3478194,-0.68449617
372,E020-01,1.5009193,-1.3774983,-1.3136916,1.5009193,-0.25682991,1.1833399
373,E020-01,0.37251819,-1.0112754,-0.92741208,-0.65362167,0.37251819,0.25637778
374,E020-01,-0.28745937,-1.8251929,-1.6588392,-0.48824343,-0.28745937,-1.299224
375,E020-01,1.6811584,-0.23711052,-0.044023088,0.75455503,1.1733755,1.6811584
376,E020-01,-0.24094127,-0.24094127,-0.31451804,-0.98943067,-1.1662457,-0.94972004
377,E020-01,-0.30087189,-0.43516559,-0.59921628,-0.4186813,-1.4437153,-0.30087189
378,E020-01,0.94430832,0.28881133,0.49681361,-0.33665437,0.94430832,-0.046808251
379,E020-01,0.68425963,0.68425963,0.54902109,-0.23336344,-1.2880636,-0.74630737
380,E020-01,0.98370098,0.98370098,0.96263354,-1.2620271,-1.1924201,-1.4490065
381,E020-01,2.038809,-1.6279631,-1.4305169,-0.0093372719,2.038809,-0.32252389
382,E020-01,0.90079504,0.86748111,0.70205066,0.90079504,-1.5755342,0.66307405
383,E020-01,1.4630526,-1.1867631,-0.95873264,-0.17871677,1.4630526,0.24455619
384,E020-01,0.48278416,-2.0942502,-1.9690571,0.23825368,0.48278416,0.3959964
385,E020-01,0.75204084,-1.7341502,-1.6831357,0.75204084,-0.28688528,0.43501132
386,E020-01,0.19629085,-1.9935768,-2.0309412,-0.33226517,0.19629085,-0.27837217
387,E020-01,2.2822986,-0.18842172,-0.37938654,2.0090818,-1.266944,2.2822986
388,E020-01,1.1442755,-0.74458726,-0.34270067,0.73961533,1.1442755,0.52533168
389,E020-01,0.15509426,0.15509426,-0.029808223,-2.7645751,-1.8008471,-2.7773255
390,E020-01,0.54549618,-0.78898617,-0.70639359,0.12460246,-0.093041312,0.54549618
391,E020-01,-0.5351488,-2.4655739,-2.7845449,-1.4436949,-0.5351488,-1.1056385
392,E020-01,2.7249924,0.80696009,1.4197933,-1.2838555,2.7249924,-1.2407729
393,E020-01,0.5784902,-1.7030136,-1.6678527,0.1720121,0.5784902,0.13948539
394,E020-01,2.6592023,-2.7035614,-2.4800003,2.0738805,-0.62095065,2.6592023
395,E020-01,1.6474632,-1.6333409,-1.1704923,0.47354914,1.6474632,-0.47950195
396,E020-01,0.66992177,0.56578874,0.62961686,0.66992177,0.19947789,0.39689555
397,E020-01,0.74410401,-1.8028872,-1.8354638,0.29043271,-0.26900712,0.74410401
398,E020-01,1.3846795,-2.4438462,-1.9971863,-0.052114318,1.3846795,-0.64832021
399,E020-01,0.38035117,-2.169952,-1.8975992,0.38035117,-0.61863833,-0.15912947
400,E020-01,1.4226278,0.70502137,0.97453803,0.56148889,0.41336575,1.4226278
401,E020-01,0.64042017,-0.57025977,-0.7157963,0.64042017,-0.22990201,0.31393101
402,E020-01,1.3261887,-0.79819706,-0.97386837,1.3261887,-1.1155625,0.92932726
403,E020-01,0.026852592,-4.1487408,-4.4869821,0.026852592,-0.65134527,-0.51278668
404,E020-01,1.0761489,-1.7072388,-1.6127284,-1.5929183,1.0761489,-2.2776618
405,E020-01,1.7259817,-0.1484819,0.065457127,-1.1358576,1.7259817,-0.92200104
406,E020-01,0.60158533,-3.7471716,-3.2415269,0.3696899,0.60158533,-0.77080186
407,E020-01,0.98005343,0.0049092187,0.35400868,-0.73198106,0.98005343,-0.48207641
408,E020-01,-0.049860788,-1.5778947,-1.6678368,-0.77899626,-0.049860788,-0.66971406
409,E020-01,-0.0075519784,-0.0075519784,-0.2486869,-1.0795075,-1.7018249,-0.67995005
410,E020-01,0.5666374,0.3889591,0.22450267,-0.56005349,-0.2043153,0.5666374
411,E020-01,-0.32260933,-1.8372192,-1.7712158,-0.76342369,-0.32260933,-1.0136923
412,E020-01,0.76905672,-0.58840578,-0.23659496,-0.11193481,0.76905672,-0.085868691
413,E020-01,1.1140899,-0.23270361,-0.38468245,1.1140899,-0.45326679,0.59275963
414,E020-01,-0.82716846,-1.113172,-1.2143819,-1.2318214,-1.2829211,-0.82716846
415,E020-01,0.71862686,-0.76548699,-0.62690034,-0.50214801,0.71862686,-0.28058316
416,E020-01,0.99750251,-3.23358,-3.3600228,0.99750251,-0.69725475,0.7285901
417,E020-01,-0.063780063,-0.85534833,-1.1160184,-0.66604668,-1.4589621,-0.063780063
418,E020-01,-0.034552478,-1.135706,-1.17841,-0.33805756,-0.034552478,-0.48770323
419,E020-01,1.0112629,-0.16623021,0.19420733,-1.4726672,1.0112629,-1.3343251
420,E020-01,1.4318049,-0.56407768,-0.90243431,1.060163,-0.29059195,1.4318049
421,E020-01,2.9870785,-1.750255,-1.513906,2.4608729,0.89184762,2.9870785
422,E020-01,2.1787424,-1.0537399,-0.5468715,-0.81693835,2.1787424,-0.408327
423,E020-01,0.27893979,-0.27119743,-0.067608239,-0.80373756,0.27893979,-0.040364894
424,E020-01,2.3046942,-0.5199869,-0.21605244,0.4270551,2.3046942,0.63115682
425,E020-01,1.4824047,-1.6754054,-1.4203705,1.0485667,1.4824047,0.089835736
426,E020-01,0.37553276,-1.2677542,-1.3943464,0.17770205,-1.6669449,0.37553276
427,E020-01,1.1622301,1.1537092,1.1622301,-0.58060046,0.31089735,-0.86918191
428,E020-01,3.0976058,-0.64865774,-0.55097502,3.0758956,0.1416947,3.0976058
429,E020-01,0.3302172,0.11921295,0.3302172,-1.3269295,-0.38756949,-1.2423599
430,E020-01,0.47262149,0.3922817,0.47262149,-0.9159718,0.47069875,-0.90650272
431,E020-01,1.4439591,1.0017201,0.83710545,1.4439591,-0.2561829,1.2289234
432,E020-01,1.0414814,-1.6627596,-1.5590435,0.82139879,1.0414814,0.86995829
433,E020-01,0.56519031,0.21327266,0.36046156,-0.39848691,0.56519031,-0.71085041
434,E020-01,0.7642681,0.5516904,0.7642681,-0.81997395,0.52048912,-0.87031309
435,E020-01,0.078434204,-0.073906448,0.078434204,-1.496668,-0.31085326,-1.7659694
436,E020-01,0.48423649,-0.035135966,-0.19000602,0.48423649,-0.34267026,0.20775063
437,E020-01,-0.58668718,-0.69385332,-1.1017595,-0.98551399,-1.6543179,-0.58668718
438,E020-01,0.16387609,-0.38524435,-0.34741776,-0.082701465,-0.56004343,0.16387609
439,E020-01,0.23555113,-1.3485554,-1.5127074,0.22955691,0.06159054,0.23555113
440,E020-01,0.45880519,-0.32969172,-0.20788259,0.33308906,-0.061216967,0.45880519
441,E020-01,1.7631091,1.7228827,1.7631091,-1.2292463,-0.91986929,-1.3276106
442,E020-01,2.3890331,1.1066456,1.8476311,-0.2142457,2.3890331,-0.39532522
443,E020-01,0.5774067,0.48401223,0.5774067,0.42700645,-0.087470959,0.22472047
444,E020-01,1.2224273,0.0020481254,0.44936658,-0.51614246,1.2224273,-0.45565589
445,E020-01,0.50599646,-1.2074684,-1.91148,0.50599646,-2.2693487,0.26142313
446,E020-01,1.2625382,-0.039410746,0.096006227,0.92544087,0.0015595859,1.2625382
447,E020-01,1.1472667,1.0252309,1.1472667,0.85907155,-0.044333479,0.56782681
448,E020-01,-0.010881547,-2.1602603,-2.3171763,-0.45975981,-0.010881547,-0.74232542
449,E020-01,1.5354145,-1.1682721,-0.73446726,-0.11686884,1.5354145,-0.028945999
450,E020-01,-0.012512718,-0.78947748,-0.7901753,-1.0986261,-0.012512718,-0.87037662
451,E020-01,0.78066846,-0.92220905,-0.40339444,-0.52662681,0.78066846,-0.10069014
452,E020-01,0.69099747,-2.2046095,-2.0283464,0.31514296,0.69099747,-0.22770179
453,E020-01,1.4365367,0.009554865,0.30385219,0.30036047,1.4365367,0.65131233
454,E020-01,0.27693518,0.020636509,-0.035152696,0.18034458,-0.21386038,0.27693518
455,E020-01,0.5820898,-1.1961898,-0.97616994,0.21545886,0.5820898,0.56790202
456,E020-01,0.714394,-1.5687307,-1.1805847,-0.75060459,0.714394,0.22016803
457,E020-01,1.0459515,-1.1107588,-1.0883043,0.79518121,0.18601083,1.0459515
458,E020-01,0.6056935,-0.55728559,-0.37049113,0.1457591,0.087981894,0.6056935
459,E020-01,0.53878973,-1.687813,-1.3221734,-1.3018323,0.53878973,-1.5711741
460,E020-01,1.7339605,-0.63746164,-0.31163394,1.2713945,0.21187881,1.7339605
461,E020-01,1.9964118,-0.92533451,-0.41407423,-0.94000161,1.9964118,0.035108459
462,E020-01,0.32343421,-0.5065945,-0.56313437,-0.53389597,0.015866487,0.32343421
463,E020-01,-0.29347738,-0.35660658,-0.29347738,-0.71005407,-0.65898028,-1.3072018
464,E020-01,0.52833211,0.52833211,0.42884777,-0.41474803,-0.49495104,-0.13182265
465,E020-01,0.34338904,-1.0974025,-1.1676324,-0.98806119,0.34338904,-1.2829168
466,E020-01,-0.41268003,-0.41268003,-0.48289528,-0.68424145,-1.0275664,-0.69982567
467,E020-01,0.99284884,-2.0549209,-1.725311,-1.0643038,0.99284884,-1.0088987
468,E020-01,-0.28106197,-0.44812802,-0.54043886,-1.0653265,-0.28106197,-0.52043036
469,E020-01,0.40478473,-0.36999409,-0.17255031,-0.74233549,0.40478473,-0.50470725
470,E020-01,0.76675155,-0.097919241,-0.084370619,0.65816781,-1.0253676,0.76675155
471,E020-01,1.4471759,-0.53921683,-0.73685691,1.4140946,-1.7041237,1.4471759
472,E020-01,0.23276831,-0.36288366,-0.28847403,-0.64270338,0.23276831,-0.4735415
473,E020-01,-0.074084867,-0.27323657,-0.36422427,-0.22336337,-0.38585598,-0.074084867
474,E020-01,0.72425856,-0.22731396,0.07497479,-0.23485802,0.72425856,0.079017025
475,E020-01,0.68232187,-1.3763572,-1.3239195,-1.1514113,0.68232187,-1.0727218
476,E020-01,1.6328151,-0.69132627,-0.47623809,1.050264,0.80523995,1.6328151
477,E020-01,-0.14644299,-0.14644299,-0.39024252,-0.26074324,-0.96419299,-0.23397367
478,E020-01,0.34932662,0.34932662,0.29496898,-0.37061473,-0.53446377,-0.93235704
479,E020-01,1.5250872,-0.47803351,-0.42237459,0.38425088,-0.50179582,1.5250872
480,E020-01,1.1885141,-1.2212649,-1.723053,1.0493487,-1.4641823,1.1885141
481,E020-01,0.4310877,-0.91795153,-0.78254988,-0.29171521,0.4310877,-0.58655196
482,E020-01,0.43325088,0.0019202008,0.21107496,0.0372767,0.43325088,-0.012049049
483,E020-01,0.5227488,0.2439575,0.070029033,0.10059912,-1.2124923,0.5227488
484,E020-01,-0.44793218,-0.44793218,-0.65684471,-1.4226072,-1.0078673,-0.94548929
485,E020-01,0.75773654,-1.8153757,-1.5943811,0.75773654,-0.020330648,0.57725053
486,E020-01,0.64774008,0.62436274,0.64774008,-2.2233525,-0.37444069,-1.3189537
487,E020-01,0.31858729,0.039876568,0.15298149,-0.38289697,0.31858729,-0.98427471
488,E020-01,1.9182627,1.8949421,1.9182627,-0.24203231,1.1376779,-0.085489482
489,E020-01,0.29749774,-0.49606389,-0.86901385,0.29749774,-1.5182773,0.14606518
490,E020-01,2.2397207,-0.97275043,-0.045255426,-0.86578714,2.2397207,-0.45251409
491,E020-01,2.4717864,-1.0644819,-1.2249389,2.0811798,-0.74514526,2.4717864
492,E020-01,-0.26064997,-2.4944322,-2.7533172,-0.35606293,-1.4496903,-0.26064997
493,E020-01,1.5112652,-0.50841966,-0.097468574,-0.54293483,1.5112652,-0.78501758
494,E020-01,0.8647677,0.24982338,0.47039919,0.37543042,-0.094241214,0.8647677
495,E020-01,2.2695886,-0.16839371,0.30309954,-0.50614394,2.2695886,0.10197379
496,E020-01,0.4300938,-0.81773665,-0.99292637,-0.058536706,-0.28944792,0.4300938
497,E020-01,0.67797845,0.47253284,0.24916857,0.42036213,-1.2888251,0.67797845
498,E020-01,0.97792012,-0.37818279,-0.33908251,-0.23115259,0.97792012,-0.26119876
499,E020-01,0.55656657,-0.69699259,-0.61179715,-0.24492156,0.55656657,0.015419798
500,E020-01,0.8656228,-1.1420912,-0.80925913,0.36261178,0.8656228,0.40283191
501,E020-01,-0.49569301,-1.6347559,-1.7490427,-1.0712893,-0.49569301,-0.72096156
502,E020-01,0.49189226,-1.299122,-1.2909394,0.49189226,-1.1231246,0.3115568
503,E020-01,-0.75840918,-1.8494065,-1.5791005,-0.88014421,-0.75840918,-1.3421751
504,E020-01,0.69758168,0.49968613,0.59204842,-0.80776432,0.69758168,-0.21391054
505,E020-01,-0.92749559,-0.92749559,-1.1531933,-1.3587083,-2.6532375,-1.5949343
506,E020-01,-1.2654479,-1.2654479,-1.428927,-1.3237976,-1.2822251,-1.7237928
507,E020-01,1.2843735,-1.4695324,-1.3527159,0.64819352,1.2843735,0.65912053
508,E020-01,0.40575741,-1.8199713,-1.9283496,0.40575741,-0.83636379,0.38387469
509,E020-01,-0.10044048,-0.10044048,-0.33130777,-1.4387855,-0.69293305,-1.5078237
510,E020-01,2.6213869,0.67392929,0.35292044,2.5487108,-2.5357281,2.6213869
511,E020-01,0.41728524,-0.64294747,-0.30849871,-0.37932216,-0.26056905,0.41728524
512,E020-01,0.66458414,-1.4805352,-1.3766804,0.66458414,0.097878835,0.03308904
513,E020-01,0.40729748,0.22426518,0.40729748,-0.26725976,0.035100168,-0.23925351
514,E020-01,0.23061365,-1.8546232,-2.0271067,-1.4408679,0.23061365,-1.9137698
515,E020-01,-0.68687635,-0.99719757,-0.9814677,-0.78883386,-1.9495002,-0.68687635
516,E020-01,0.058698559,-0.16545035,-0.047943455,-0.084731449,0.058698559,-0.10517607
517,E020-01,0.7707648,0.68241019,0.7707648,-1.1730791,0.035611485,-1.605556
518,E020-01,-0.13964649,-0.43316579,-0.46852504,-0.9816926,-0.13964649,-0.88400403
519,E020-01,1.8493277,1.415019,1.8493277,0.99703514,1.5322416,0.75212312
520,E020-01,0.86510925,0.65310317,0.33672045,0.86510925,-0.58040453,0.76870246
521,E020-01,1.5102723,-0.1042616,0.30303408,1.1632883,1.5102723,1.220114
522,E020-01,-0.19952515,-1.2957589,-1.2408517,-1.2995851,-0.19952515,-1.3091639
523,E020-01,1.2322113,-1.8672725,-1.7474194,1.2322113,0.059915508,0.9061773
524,E020-01,-0.59760541,-1.1458328,-1.4862627,-2.0782787,-0.59760541,-1.9629966
525,E020-01,0.63051823,-0.19507958,0.13218037,-0.11555598,0.63051823,-0.30605343
526,E020-01,-0.036902301,-0.27410817,-0.63635608,-0.036902301,-2.1211496,-0.35033376
527,E020-01,-0.31233005,-0.38441721,-0.31720767,-2.3022384,-0.31233005,-1.3374142
528,E020-01,1.3968101,-2.1246567,-1.9411055,1.3968101,0.52121714,0.70373176
529,E020-01,-0.15405962,-0.15405962,-0.5838925,-0.50463716,-2.1713158,-0.47801316
530,E020-01,-0.2226769,-0.29242813,-0.23133889,-0.2226769,-0.53207731,-0.58251767
531,E020-01,0.42593987,-2.2899074,-2.5637158,0.42593987,-0.86231431,0.082246463
532,E020-01,-0.21348594,-0.95252824,-1.2631813,-0.21348594,-0.92237853,-0.51239028
533,E020-01,0.25697696,-0.63335337,-0.747188,0.25697696,-1.3011124,0.043382475
534,E020-01,1.3957838,0.7774609,0.74903989,0.93047101,1.3957838,0.080300204
535,E020-01,1.0990248,0.37004921,0.67107266,-1.9804238,1.0990248,-1.7319718
536,E020-01,1.0369415,-0.47809977,-0.45595598,0.7794318,-0.94446052,1.0369415
537,E020-01,2.0947923,-0.58366481,0.0076146947,0.0414554,2.0947923,0.13569245
538,E020-01,-0.12933093,-0.18173211,-0.40175756,-1.0173285,-0.12933093,-0.91168916
539,E020-01,0.67345665,-0.37194509,-0.4026125,0.38238056,0.48882935,0.67345665
540,E020-01,0.23514836,-0.5541602,-0.71317305,-0.23468017,-0.4729535,0.23514836
541,E020-01,1.0794876,0.41470259,0.24257022,1.0794876,-0.591028,0.77943694
542,E020-01,0.27778208,-1.2392396,-0.93879467,-0.88568229,0.27778208,-0.4198852
543,E020-01,1.60733,-1.2873087,-1.0226424,1.60733,0.8789701,1.0016765
544,E020-01,1.0601701,-0.46803581,-1.0396377,0.64491962,-1.2542611,1.0601701
545,E020-01,0.46057588,-2.8846367,-3.2534855,0.46057588,-1.1170134,-0.22711661
546,E020-01,0.71387102,-2.0532297,-2.0387515,-0.2734316,0.71387102,-0.049231134
547,E020-01,0.64492045,-1.1334268,-1.0336185,-1.5267112,0.64492045,-1.4296824
548,E020-01,1.1839816,1.1839816,0.94115314,0.83349468,-0.95750375,0.50734135
549,E020-01,1.6672719,-0.66839557,-0.56603673,1.6672719,-0.081024329,1.5867639
550,E020-01,-0.81236658,-1.0323993,-0.81236658,-1.4041804,-1.0478886,-1.0717448
551,E020-01,1.7789452,-1.0230805,-1.4888311,1.7789452,-1.1360363,1.3592514
552,E020-01,0.18526476,-1.2916908,-1.4765948,-1.7311965,0.18526476,-1.7529023
553,E020-01,-0.39067642,-0.67665199,-0.7343363,-1.1507816,-0.39067642,-1.3392207
554,E020-01,0.45527599,-0.56228369,-0.72955885,0.45527599,-0.18155277,-0.30273212
555,E020-01,-0.39392213,-0.46556561,-0.92017698,-1.1708191,-1.3960718,-0.39392213
556,E020-01,0.58187451,-2.5696256,-2.7936737,0.58187451,0.03595915,0.085934759
557,E020-01,1.3324176,0.88668368,1.0431547,-0.91125997,1.3324176,-0.51047637
558,E020-01,0.90831246,0.23725557,0.43628464,0.37696891,0.90831246,-0.1797671
559,E020-01,1.3695255,-0.088541229,0.080790714,-1.4885231,1.3695255,-1.8951523
560,E020-01,0.70664256,0.051555833,0.17340341,-0.53859323,0.70664256,-0.0031931637
561,E020-01,0.29880705,0.10202176,0.29880705,-1.5668991,0.071169718,-1.523523
562,E020-01,0.98354696,0.48509211,0.42961754,0.98354696,-0.77644654,0.72294264
563,E020-01,0.5791807,-0.89616749,-1.2555846,0.5791807,-1.1190681,0.30565961
564,E020-01,0.023806905,0.0092463034,0.023806905,-0.064513606,-0.025883274,-0.17378504
565,E020-01,1.2132626,-1.1376859,-1.0828396,0.74023132,-0.36563259,1.2132626
566,E020-01,2.0034354,-0.61852023,-0.43004692,0.030662751,2.0034354,-0.69282819
567,E020-01,0.98334583,-1.3871879,-0.82642937,-1.0684832,0.98334583,-0.8677608
568,E020-01,-0.71701483,-1.3862322,-1.1398396,-1.7010587,-0.71701483,-1.3295183
569,E020-01,0.25048971,-0.90231906,-1.0215509,-0.0020916816,-1.7251225,0.25048971
570,E020-01,0.53842299,-2.4564846,-2.7046017,0.53842299,-1.4739067,0.2619773
571,E020-01,0.81482774,0.79392925,0.57794749,-0.87221809,0.81482774,-0.66976535
572,E020-01,1.8585664,-0.98062302,-0.53564511,0.62342916,1.8585664,0.66690009
573,E020-01,0.82884176,-0.15099039,0.24733245,0.28102852,0.82884176,0.52987041
574,E020-01,1.8528647,-1.9394416,-1.7289173,1.8528647,0.965762,1.7143405
575,E020-01,1.7431088,-0.064729116,0.17715458,1.7431088,-0.17940189,1.3498054
576,E020-01,1.0825647,0.26487831,0.37269146,-1.2045287,1.0825647,-1.1423361
577,E020-01,0.37654441,-0.77873174,-0.82648847,-0.62259821,0.37654441,-0.32471305
578,E020-01,0.28230584,0.28230584,0.18058972,-0.88794199,-0.42606898,-0.88230407
579,E020-01,-0.91647845,-0.97979887,-1.0413429,-1.3551961,-0.91647845,-2.6177531
580,E020-01,-0.29348138,-0.97568373,-1.3851105,-1.321071,-0.29348138,-1.2465093
581,E020-01,1.4382297,0.096725791,0.31293566,1.4382297,0.39335604,1.2528918
582,E020-01,2.1622664,2.085221,2.1622664,0.87828741,1.6537237,-0.12000631
583,E020-01,1.5460054,-0.79363951,-0.73735809,1.5434757,-1.3819648,1.5460054
584,E020-01,2.7895535,-0.5915857,-0.79533049,2.7895535,-1.4379719,1.3562576
585,E020-01,0.11587093,0.096313339,0.11587093,-2.2249961,-0.20186766,-2.8332503
586,E020-01,1.8565185,-0.14964225,0.24286153,0.0091541185,1.8565185,-0.62671937
587,E020-01,0.032046903,-0.55889108,-0.42262204,-0.58884877,0.032046903,-0.41462082
588,E020-01,0.74805401,0.74805401,0.68457506,-0.6019155,0.57785004,-0.88228031
589,E020-01,1.1497677,-0.49995314,-0.2177141,-0.80236949,1.1497677,-0.47138613
590,E020-01,0.60094191,-1.1256954,-0.76528138,0.45801909,0.60094191,0.17625279
591,E020-01,0.76268197,-1.265632,-1.0042412,-1.9646856,0.76268197,-1.9988946
592,E020-01,-0.47665776,-1.2461288,-1.257145,-0.47665776,-0.66109809,-0.89775715
593,E020-01,0.39081667,-1.0391407,-1.1194575,-0.21254269,0.39081667,-0.5971938
594,E020-01,1.9653018,-1.1926028,-0.27907736,0.61329138,1.9653018,0.42208963
595,E020-01,0.9803223,-0.96251018,-0.61831184,0.5808839,0.03517099,0.9803223
596,E020-01,0.70168102,-0.17305951,-0.47705535,-0.029406941,-0.92587078,0.70168102
597,E020-01,-0.21120661,-0.58142326,-0.79580179,-0.21120661,-2.0155812,-0.28254953
598,E020-01,0.82004261,0.67924037,0.82004261,-0.41736662,0.14558678,0.15582016
599,E020-01,0.39256682,-1.6329563,-1.7589668,0.29029762,0.39256682,0.37954069
600,E020-01,1.1402479,-0.68001269,-0.48435552,0.31164032,1.1402479,0.70790735
601,E020-01,-0.51510087,-0.51510087,-0.54060287,-0.8937305,-1.168866,-0.7071969
602,E020-01,0.43822836,-0.91072381,-0.7404844,-0.23947945,0.43822836,-0.18935095
603,E020-01,0.60223683,-0.44636443,-0.55952795,0.57472204,0.60223683,0.18552009
604,E020-01,1.2006865,-1.3299885,-1.221553,0.93167283,0.26020664,1.2006865
605,E020-01,0.28816752,-0.039420265,-0.032616707,-1.7356018,0.28816752,-1.9081519
606,E020-01,1.0332973,-0.038602409,0.20399394,-1.7383321,1.0332973,-1.693629
607,E020-01,0.79099349,-1.410223,-1.6529536,0.27136324,-1.2920611,0.79099349
608,E020-01,0.48962427,-0.28705458,-0.29439356,0.48962427,-0.4200459,0.010541738
609,E020-01,0.34551909,-2.0203368,-1.9157393,0.2954486,0.34551909,0.013301024
610,E020-01,0.30051339,-2.3770437,-2.098087,0.045404914,0.028893175,0.30051339
611,E020-01,-0.75199502,-2.1603048,-2.1589004,-0.75199502,-0.81482103,-0.98389175
612,E020-01,1.0193233,-2.9640906,-2.8080837,0.036047828,1.0193233,-0.10653627
613,E020-01,0.34124841,0.34124841,0.16024617,-0.77130215,-0.65942849,-0.56846669
614,E020-01,1.0029811,-2.3113112,-2.6504232,0.82002889,-0.53271559,1.0029811
615,E020-01,0.22728341,-0.29267844,-0.15030021,-0.27563309,0.22728341,-0.21715499
616,E020-01,-0.4889079,-0.4889079,-0.76180085,-0.58482068,-0.84677444,-0.56809439
617,E020-01,0.85184542,0.72099183,0.85184542,0.58216271,-0.33241482,0.17765297
618,E020-01,0.50486867,-0.23729998,-0.35772915,0.29205631,-0.58160663,0.50486867
619,E020-01,-0.09729091,-1.4576899,-1.1770018,-0.21238565,-1.036066,-0.09729091
620,E020-01,0.059103159,-0.078935744,0.059103159,-0.10357152,-0.40421129,-0.47140579
621,E020-01,0.25252281,-1.2309415,-1.4678274,0.25252281,-1.8030795,-0.12290437
622,E020-01,0.74348608,-0.57318519,-0.49579571,0.62745015,0.28690982,0.74348608
623,E020-01,1.0394282,-0.86478348,-0.66645517,0.068573218,1.0394282,-0.053554541
624,E020-01,2.328973,0.87930836,1.0971845,1.1524031,2.328973,1.524896
625,E020-01,-0.21731251,-0.27493823,-0.21731251,-0.99612091,-0.28343933,-1.3761992
626,E020-01,2.1130495,-2.1333308,-2.0383563,2.1130495,0.65289936,1.4329966
627,E020-01,0.45007549,-0.22586713,-0.7491253,0.45007549,-1.8525742,0.29165514
628,E020-01,-0.0088507719,-1.2968475,-1.4906914,-2.0877783,-0.0088507719,-1.7169145
629,E020-01,0.65803269,-0.58106417,-0.53246818,0.65803269,-0.11788965,0.45417996
630,E020-01,1.4472829,0.065917397,-0.41000963,1.2341009,-1.4725011,1.4472829
631,E020-01,0.35718275,-2.7931682,-2.7736824,0.35718275,0.053346599,0.30447319
632,E020-01,0.25276626,-0.80648247,-0.9863439,0.25276626,-0.73053807,0.24076954
633,E020-01,0.83171446,-0.37421258,-0.90455582,0.83171446,-1.9787633,0.59224516
634,E020-01,0.40255218,-0.43361726,-0.29469475,-1.363754,0.40255218,-1.0156841
635,E020-01,0.76419869,-1.0079698,-0.98212948,-0.86934114,0.76419869,-0.55383764
636,E020-01,1.5656709,-1.7559015,-1.3568143,-0.58866027,1.5656709,-0.51426963
637,E020-01,0.7532197,-1.1981357,-0.8104488,0.31524639,0.69029805,0.7532197
638,E020-01,1.7443115,-0.89693535,-0.64082394,-2.4423032,1.7443115,-2.7176268
639,E020-01,0.41323818,-1.2559211,-0.93952537,0.1976842,0.17192903,0.41323818
640,E020-01,0.62906263,-1.0925283,-1.2102736,-0.45791383,0.62906263,-0.19671646
641,E020-01,-0.10806318,-0.17371384,-0.10806318,-0.85382452,-1.4806612,-0.99301965
642,E020-01,2.7782718,-0.45976565,-0.44687289,1.7196272,1.031502,2.7782718
643,E020-01,0.2662994,-0.14886517,-0.11762664,-2.3693739,0.2662994,-2.1941015
644,E020-01,1.6390535,-1.0006561,-0.98941336,0.83558832,-1.320624,1.6390535
645,E020-01,1.5736007,-1.7457844,-1.338656,0.2793462,1.5736007,0.25984208
646,E020-01,0.027633157,-0.85159918,-0.97650429,0.027633157,-0.7058056,-0.026687831
647,E020-01,1.1801196,0.65082868,0.6662926,1.1801196,0.086037843,0.43335157
648,E020-01,0.75963454,-0.20480399,-0.1953892,0.43290655,-0.56827658,0.75963454
649,E020-01,0.82491174,-1.1157326,-0.78382033,-1.933719,0.82491174,-1.1833391
650,E020-01,0.85541242,0.6551288,0.85541242,-0.32402263,0.23629122,-0.30266675
651,E020-01,0.46644963,-1.5065834,-1.3523984,0.010344694,0.1467832,0.46644963
652,E020-01,0.087176958,-1.8574784,-1.9412652,-0.89816763,0.087176958,-0.16317044
653,E020-01,0.50372215,-0.92261007,-0.91241197,-2.0379303,0.50372215,-2.8191848
654,E020-01,-0.30105875,-1.055949,-1.1404834,-2.2561596,-0.30105875,-1.635116
655,E020-01,-0.26899087,-0.63743458,-0.47730757,-2.0976657,-0.26899087,-1.598092
656,E020-01,0.019095269,-2.288229,-2.0557157,-0.87120853,0.019095269,-0.55925904
657,E020-01,0.27003518,0.003560891,-0.036186584,-0.26311306,0.27003518,0.041726834
658,E020-01,0.83125517,-1.1703476,-1.0021172,0.48333159,-0.80705467,0.83125517
659,E020-01,0.15079783,-0.80677263,-0.69710242,-0.10227778,-0.51315451,0.15079783
660,E020-01,-0.38820729,-0.71333306,-0.97640152,-1.5153347,-0.38820729,-1.7130492
661,E020-01,0.63702632,-0.60330453,0.072638565,-0.18958897,0.63702632,-0.26065546
662,E020-01,0.32030956,-0.20874796,-0.13381837,-0.21081089,-0.10379663,0.32030956
663,E020-01,2.103904,-0.22899007,-0.38230147,1.4014546,-1.0460681,2.103904
664,E020-01,1.3018755,-0.044046478,0.20958074,-1.2509499,1.3018755,-0.76588873
665,E020-01,-0.001478921,-0.001478921,-0.18587254,-0.80892106,-1.6953024,-1.2848049
666,E020-01,1.3458436,-1.106722,-0.96992278,0.31823992,1.3458436,0.15125957
667,E020-01,2.7689736,0.41792441,0.97927896,-1.4439641,2.7689736,-1.1535498
668,E020-01,1.8194456,0.58885801,0.4024774,1.8194456,-0.89331684,1.5952349
669,E020-01,0.86979103,-0.54283261,-0.39265344,-0.78341152,0.86979103,-0.37490216
670,E020-01,0.98768627,-1.2794586,-0.85006766,-1.0470411,0.98768627,-1.0924558
671,E020-01,0.064079261,-0.019667299,-0.081303481,0.050039564,-1.7706547,0.064079261
672,E020-01,0.75760303,0.57573061,0.75760303,0.17352767,0.45799768,0.26354547
673,E020-01,1.111008,-1.6976731,-1.2929225,-0.4256162,1.111008,0.33710454
674,E020-01,2.1586179,-0.34185374,0.10533755,0.42677113,2.1586179,0.033238762
675,E020-01,-0.28386733,-0.28914953,-0.28386733,-1.3737494,-0.47496239,-1.133462
676,E020-01,0.57356834,-1.5809438,-1.2636533,-0.80406649,0.57356834,-0.69177167
677,E020-01,1.5654931,-1.972396,-1.6828486,1.0046763,1.5654931,0.24550087
678,E020-01,0.44977866,-1.6234169,-1.3577207,-2.2040447,0.44977866,-1.9648171
679,E020-01,1.3570342,-0.74615599,-0.76268313,-1.0114774,1.3570342,-2.4410261
680,E020-01,0.64279374,-1.501334,-1.4064391,0.38944098,0.62697329,0.64279374
681,E020-01,1.2468922,-2.9131245,-2.4403128,0.62582885,1.2468922,0.62334758
682,E020-01,0.37904287,-1.1567365,-1.2747616,0.10428967,-0.89003031,0.37904287
683,E020-01,1.359685,1.3193183,1.359685,0.67138685,0.78777274,0.78833303
684,E020-01,1.5009844,-1.134569,-1.4657668,1.2891887,-1.7317152,1.5009844
685,E020-01,-0.64758211,-2.9069219,-3.0069866,-0.96302095,-0.64758211,-1.0356493
686,E020-01,1.2750349,-0.091812356,-0.12529081,1.2750349,-0.53107882,0.96708864
687,E020-01,0.90861921,-1.1235452,-0.90056948,-0.10416261,0.90861921,0.59398367
688,E020-01,0.29466319,-1.0557112,-1.5026478,0.28152914,-1.8077389,0.29466319
689,E020-01,1.6881723,-0.66481608,-0.26679271,1.4482585,0.7294789,1.6881723
690,E020-01,1.4489254,0.51680316,0.48722931,1.3370206,0.14627556,1.4489254
691,E020-01,0.98489853,0.29766563,0.41414422,0.96887512,0.81170683,0.98489853
692,E020-01,1.0568368,-1.3474968,-1.1062738,-0.10546885,1.0568368,-0.22196497
693,E020-01,0.33167075,0.15585419,0.047520613,-2.125748,0.33167075,-2.3190851
694,E020-01,-0.3873487,-1.7860981,-1.9112888,-0.46680937,-1.5244918,-0.3873487
695,E020-01,0.11444143,-0.50028453,-0.45994554,0.11444143,-0.39594347,-0.1540283
696,E020-01,0.47301599,-2.3634572,-2.3739739,-1.4030595,0.47301599,-1.6237653
697,E020-01,-0.23862496,-0.23862496,-0.34642039,-1.186814,-0.3755371,-0.8874636
698,E020-01,-0.98884011,-1.696643,-1.719708,-2.6716254,-0.98884011,-2.4620584
699,E020-01,0.53884727,0.53884727,0.30543174,-0.36932408,0.20221253,-0.36800972
700,E020-01,-0.81144841,-1.5218795,-1.4012931,-2.4860832,-0.81144841,-1.8268169
701,E020-01,1.1845768,-0.62179083,-0.57410554,0.90680112,0.28669793,1.1845768
702,E020-01,1.9553454,0.50795492,1.0299848,-0.34096233,1.9553454,-0.56624449
703,E020-01,0.074060953,-1.1447762,-0.95959888,-1.1001498,0.074060953,-0.56880048
704,E020-01,1.7014573,-1.13607,-0.6519821,1.0626796,1.7014573,-0.41385451
705,E020-01,1.1633074,-1.0773125,-0.67465204,-0.47979043,1.1633074,-0.58589537
706,E020-01,1.1682808,-0.78714399,-0.73919223,0.92132089,0.77997616,1.1682808
707,E020-01,-0.55883118,-0.82520114,-0.55883118,-1.5873354,-0.73349463,-1.6374799
708,E020-01,0.86962677,-0.0090469139,-0.22942913,0.31961146,-1.72455,0.86962677
709,E020-01,0.33655949,-1.5769452,-1.6078264,0.26723228,-0.55387663,0.33655949
710,E020-01,0.96616968,-0.49555159,-0.18831758,0.91403508,0.49356581,0.96616968
711,E020-01,1.5563964,-2.7445877,-2.3542597,-0.55787526,1.5563964,-0.43077226
712,E020-01,0.0060656251,-1.2160499,-1.282279,-0.18109622,-0.057297606,0.0060656251
713,E020-01,1.3493328,-0.4378512,-0.49613222,-0.25644056,1.3493328,-0.039196284
714,E020-01,0.22803246,-1.8053893,-1.7119357,-0.76096135,0.22803246,-0.47357826
715,E020-01,2.8202559,2.2176629,2.8202559,0.64545683,1.4576335,0.77282931
716,E020-01,0.90960318,-1.5421614,-1.5685936,0.90960318,0.16564805,0.89681317
717,E020-01,0.39485384,-1.7318947,-1.7006609,-0.5562171,0.39485384,-0.45783135
718,E020-01,0.86610216,-0.65557037,-0.54439055,-0.36557544,0.86610216,-0.50540183
719,E020-01,1.6499434,-2.5060439,-2.2640704,1.6499434,-0.088669272,1.5470524
720,E020-01,1.0932695,-0.54473653,-0.25798377,0.90886179,0.889925,1.0932695
721,E020-01,-0.080752977,-2.1309381,-2.3287573,-0.51638076,-0.61601446,-0.080752977
722,E020-01,0.23701527,-0.56925817,-0.82149686,0.14675406,-1.2565242,0.23701527
723,E020-01,2.9161832,-0.71497148,-0.82654802,2.1084201,-1.0124137,2.9161832
724,E020-01,-0.057904113,-1.3950667,-1.2395679,-1.8447393,-0.057904113,-1.3249064
725,E020-01,0.023484881,-1.9186055,-1.8845464,0.023484881,-0.32348133,-0.49086951
726,E020-01,-0.18389321,-1.7343436,-1.6618446,-0.18389321,-0.24547092,-0.40575407
727,E020-01,0.26721661,-0.020933865,-0.037109692,0.14538698,0.26721661,0.061705592
728,E020-01,0.1055113,-0.092499182,-0.2837875,-0.86327803,0.1055113,-0.53093889
729,E020-01,1.4598769,1.2234848,1.4598769,-0.28679713,-0.20133892,-0.10471129
730,E020-01,0.68384668,0.63618592,0.56519653,-0.019068922,0.68384668,0.30692462
731,E020-01,1.1607787,-0.11024349,-0.28372331,0.55166148,-1.4785954,1.1607787
732,E020-01,0.55335346,-1.8542129,-1.8515122,0.55335346,-1.07229,0.23358717
733,E020-01,1.1679654,0.28070548,0.81588787,1.1679654,0.80567954,1.1608196
734,E020-01,2.0084906,0.61675245,0.82691434,1.1188588,2.0084906,0.96358854
735,E020-01,3.1720089,-2.214934,-1.5899233,3.1720089,0.89126919,2.4990142
736,E020-01,0.92483149,-2.0871366,-1.9247843,0.92483149,-0.25686538,0.37397103
737,E020-01,0.18789705,-1.0017891,-1.3787118,0.18789705,-2.2071773,-0.28988601
738,E020-01,-0.04978029,-0.04978029,-0.15100307,-0.92707389,-0.090683187,-1.2544101
739,E020-01,1.4420938,0.49573443,1.0914682,1.4420938,1.1129676,1.2492036
740,E020-01,0.73255163,-1.9021317,-2.0515431,0.39494358,0.73255163,0.11167527
741,E020-01,0.83384356,0.60611751,0.57715201,0.16219436,0.2020293,0.83384356
742,E020-01,0.92566758,0.42532873,0.43949016,0.76974987,0.40203064,0.92566758
743,E020-01,1.0119527,-2.8584472,-2.5181658,-0.14187145,1.0119527,-0.43493063
744,E020-01,0.064085398,0.064085398,-0.080718255,-0.6977235,-0.39164525,-1.1069149
745,E020-01,1.0590042,-2.1004191,-1.7862925,0.50725888,1.0590042,0.73750918
746,E020-01,0.11845039,-1.253538,-1.088202,-0.65507405,0.11845039,-0.46671248
747,E020-01,0.30484811,0.30484811,-0.047408585,-0.69981827,-1.4624004,-0.81322624
748,E020-01,2.6489009,-1.2604969,-0.63931457,1.158523,2.6489009,1.2924805
749,E020-01,0.80567616,-1.0947686,-1.1372717,0.80567616,-0.79409028,0.3391966
750,E020-01,0.36292474,-0.28505316,-0.045005814,-0.392151,0.36292474,-0.029091422
751,E020-01,0.59510155,-2.6384421,-2.7255823,-0.004582974,0.59510155,0.21876721
752,E020-01,0.29582483,-1.8155583,-1.6170103,-0.086044471,0.29582483,0.032409804
753,E020-01,-0.17122101,-0.17122101,-0.40242172,-0.58041689,-1.1369452,-0.69151074
754,E020-01,1.1726642,-0.38023718,-0.20839913,-1.1103514,1.1726642,-1.4927233
755,E020-01,0.76795211,-1.6315146,-1.4308878,-0.07946433,0.76795211,0.23879097
756,E020-01,0.15447516,-0.55269436,-0.38228374,-0.89666033,0.15447516,-0.44777856
757,E020-01,-0.2337374,-0.2337374,-0.2584797,-2.3540084,-1.3477551,-2.3446965
758,E020-01,0.89897873,0.093671826,0.24215548,-1.5737529,0.89897873,-0.5924792
759,E020-01,0.97201552,-0.45479724,-0.28560245,0.1643126,0.97201552,0.72216521
760,E020-01,0.69632116,0.69632116,0.27826129,-0.33548081,-2.6579948,-0.099178748
761,E020-01,0.41178682,-0.82501271,-0.45702295,-2.0673087,0.41178682,-1.365641
762,E020-01,0.27598145,-0.89107608,-0.9196526,-0.39660942,0.27598145,-0.063909879
763,E020-01,1.407686,-0.66834709,-0.17095531,0.73607388,1.407686,0.74602541
764,E020-01,2.0493634,-0.92392083,-0.4698948,2.0493634,1.1594766,1.2955813
765,E020-01,-0.2030219,-1.4133089,-1.2629086,-0.37879306,-0.2030219,-0.88728845
766,E020-01,-0.39540804,-1.5739188,-1.9425844,-0.76822885,-1.670613,-0.39540804
767,E020-01,0.31425293,0.072511562,0.31425293,0.12696021,0.057080701,-0.042875137
768,E020-01,0.16629145,-0.51689608,-0.39068751,0.16629145,-0.72091859,0.053120334
769,E020-01,1.342882,1.342882,1.1027291,-0.64311236,-0.91532427,-0.81097392
770,E020-01,-0.12778645,-0.12778645,-0.30557813,-1.3039413,-1.7466799,-0.72508537
771,E020-01,-0.079083603,-1.7611087,-1.9939215,-0.16813963,-0.55194427,-0.079083603
772,E020-01,-0.20505773,-1.1319174,-1.6508643,-0.54368,-2.0498781,-0.20505773
773,E020-01,1.0245668,-0.87355612,-1.3704084,1.0245668,-2.0557593,1.002157
774,E020-01,2.8218714,-0.080192104,0.44446365,-0.77740747,2.8218714,-1.0883342
775,E020-01,0.93440668,0.70862266,0.93440668,-1.1180608,0.22405844,-1.1798662
776,E020-01,0.29368028,0.29368028,0.097926399,-0.75156459,-1.6368643,-1.3001428
777,E020-01,2.2601488,2.0995092,1.7876281,2.2601488,-0.28735368,1.7308206
778,E020-01,1.2089516,-0.6619471,-0.37004592,0.84402511,0.14565502,1.2089516
779,E020-01,0.20795862,-1.4618293,-1.4304437,0.20795862,-0.92132237,0.19450647
780,E020-01,1.4422887,-1.3724752,-1.7111583,1.4261397,-1.7158154,1.4422887
781,E020-01,1.22885,-0.51344615,-0.52476507,0.81373105,-0.25090376,1.22885
782,E020-01,2.012872,-4.2540483,-3.361533,0.67877463,2.012872,0.072311135
783,E020-01,0.93900749,-0.46598828,-0.21257469,-0.25981676,0.93900749,0.25557642
784,E020-01,0.9196901,-1.4140551,-1.0627522,0.66348033,-0.69364784,0.9196901
785,E020-01,0.04631549,0.04631549,-0.081838686,-0.36019186,-0.0018727042,-0.41454543
786,E020-01,0.67792749,-0.74898401,-0.8288818,-0.92717167,0.67792749,-0.55675544
787,E020-01,0.4839108,-0.42556155,-0.58841011,-0.80744881,0.4839108,-0.63688599
788,E020-01,1.1310046,-2.7961199,-2.2279051,-0.34567249,1.1310046,-0.19126173
789,E020-01,2.4924451,-1.4659633,-1.7524287,2.4924451,-0.062746796,2.1129676
790,E020-01,-0.69782388,-0.69782388,-0.8305668,-1.4728964,-1.429309,-1.6898149
791,E020-01,0.049007863,0.049007863,-0.052793325,-0.35618945,-0.17230342,-1.0265121
792,E020-01,0.91946266,-0.51668685,-0.037791783,0.056933889,0.91946266,0.54983494
793,E020-01,0.46238682,-1.2611718,-1.09293,-0.37470181,0.46238682,-0.21423921
794,E020-01,0.0012495989,-0.27999394,-0.11032945,-1.0319782,0.0012495989,-0.94832713
795,E020-01,2.1520226,-0.22389427,0.50558523,-0.49842701,2.1520226,-0.7661562
796,E020-01,1.1846423,1.1846423,1.0387413,0.88799082,-0.22604102,1.0374545
797,E020-01,0.57016616,-0.013883254,-0.11476562,-1.9672546,0.57016616,-1.9542898
798,E020-01,0.074212784,0.074212784,-0.29369079,-0.53945529,-1.2055018,-0.85178997
799,E020-01,-0.48744756,-0.85012791,-0.84727059,-2.3395938,-0.48744756,-2.404111
800,E020-01,2.0381575,0.24378647,-0.19434157,2.0381575,-0.2798694,1.6595761
801,E020-01,1.5158113,1.5158113,1.4634352,-0.29687659,-0.41465056,-0.43006849
802,E020-01,1.6790619,-0.31366575,-0.15900147,0.25810733,1.6790619,0.51412317
803,E020-01,-0.17093006,-0.67283436,-0.63848424,-0.85081024,-0.17093006,-0.45366546
804,E020-01,0.52344186,0.42884799,0.29195472,0.52344186,0.083623857,0.41144864
805,E020-01,1.3091482,-0.23174154,-0.30486599,0.53430326,-0.85537702,1.3091482
806,E020-01,0.63799281,-1.2494058,-1.3625227,0.63799281,-1.7131958,-0.10527101
807,E020-01,1.4488828,-0.84787097,-1.3971452,0.35648479,-0.51679036,1.4488828
808,E020-01,1.3010388,0.56248326,0.62122516,-0.29759094,1.3010388,-0.9350313
809,E020-01,-0.10836632,-1.3531042,-1.5979695,-1.152716,-0.10836632,-1.4854951
810,E020-01,0.32161643,0.21936159,0.19901564,-0.2438741,-0.64132406,0.32161643
811,E020-01,-0.02564937,-1.492395,-1.3893201,-0.15740143,-0.36286398,-0.02564937
812,E020-01,0.12522742,-1.4046187,-1.461516,-1.1294496,0.12522742,-1.5521733
813,E020-01,0.54434382,0.54434382,0.4214578,-0.83787308,-0.40251374,-0.83502372
814,E020-01,0.79389659,-0.42299456,-0.49121111,0.39151598,0.42647152,0.79389659
815,E020-01,-0.10821827,-0.91535258,-1.0450067,-0.89278771,-0.10821827,-1.284495
816,E020-01,1.719299,-2.5350344,-2.0987088,1.719299,0.82605416,1.2444085
817,E020-01,1.2519006,0.13732901,0.22604638,1.2519006,-0.44516371,1.1582434
818,E020-01,1.0742795,-0.59868079,-0.26504308,-0.22165774,1.0742795,0.55373368
819,E020-01,0.22653183,-0.2901435,-0.37804485,-1.3478559,0.22653183,-1.3997082
820,E020-01,1.9153331,-0.5646422,-0.49348857,1.7463844,-0.13692847,1.9153331
821,E020-01,-0.09305756,-0.32654211,-0.45288017,-0.9516171,-0.09305756,-0.39276887
822,E020-01,1.672063,-1.0165702,-0.6256501,0.4875351,1.672063,1.1217303
823,E020-01,-0.86249582,-1.0742924,-1.0526653,-1.3795226,-0.86249582,-1.0716643
824,E020-01,0.49668943,-3.3662302,-2.8270113,0.49668943,-0.24684847,-0.2379371
825,E020-01,-0.37475248,-1.8679429,-2.2632596,-0.39980066,-1.1685839,-0.37475248
826,E020-01,1.0172927,-2.1815365,-2.2334172,0.98807571,-0.39849976,1.0172927
827,E020-01,-0.15174354,-0.32209854,-0.15174354,-2.3641099,-0.94952363,-1.8564206
828,E020-01,0.46093201,-1.732003,-1.803886,0.34486957,-0.34133404,0.46093201
829,E020-01,2.5571495,-0.45662009,-0.22518586,2.1211225,1.5495397,2.5571495
830,E020-01,1.4671743,-0.4549337,-0.19991512,-0.36706861,1.4671743,0.097328062
831,E020-01,1.2545807,0.95345129,1.179998,1.2545807,0.25625161,1.1641114
832,E020-01,1.8019385,0.136717,-0.070036003,1.2262295,-1.5188956,1.8019385
833,E020-01,0.26521087,-0.49890155,-0.43270003,-0.18929279,-0.66231033,0.26521087
834,E020-01,0.45411288,-2.0191654,-2.0067973,0.0013485324,0.030181994,0.45411288
835,E020-01,1.8788044,-0.8238125,-0.3297453,0.58844781,1.8788044,1.3621348
836,E020-01,0.33632001,0.33632001,0.14280668,-2.1396263,-0.9255186,-1.8447603
837,E020-01,0.57089155,-0.57426034,-0.31607363,0.12393948,0.57089155,0.18454146
838,E020-01,-0.46423865,-0.46423865,-0.70727135,-1.1383267,-0.86047436,-1.267617
839,E020-01,1.8905251,0.14118144,0.51550934,0.023335775,1.8905251,0.096071796
840,E020-01,0.81322327,0.81322327,0.70500591,-0.34262249,-0.18446727,-0.9729801
841,E020-01,0.15021543,-0.64181517,-0.7663173,0.15021543,-0.83036533,0.041474875
842,E020-01,-0.15984487,-1.0038508,-1.1041149,-0.79491576,-0.750291,-0.15984487
843,E020-01,0.34657383,-0.11403379,0.15900288,-0.29697009,0.34657383,-0.069488662
844,E020-01,1.4698991,1.154751,1.4698991,0.085000438,1.3646258,0.50276018
845,E020-01,-0.23399441,-0.99334847,-1.0621542,-1.5170619,-0.23399441,-1.2537505
846,E020-01,-0.75607764,-2.182193,-2.0626119,-1.1552309,-0.75607764,-1.1132172
847,E020-01,1.3815973,-2.2625173,-2.0830075,-1.9720283,1.3815973,-2.2787489
848,E020-01,1.7939621,0.34577445,0.23179516,1.5856927,-0.031520662,1.7939621
849,E020-01,0.44643193,0.029639437,-0.17438899,0.099258606,-0.96367322,0.44643193
850,E020-01,1.316267,0.80081208,1.316267,-0.49207825,1.1662096,-0.91162407
851,E020-01,0.50592791,-2.3746228,-1.9710435,-0.25923638,0.50592791,-1.2818244
852,E020-01,1.8496525,-1.6490756,-1.3875276,1.8496525,0.78149366,1.8383499
853,E020-01,1.1059854,-1.0247473,-0.54163833,0.33573649,0.3491369,1.1059854
854,E020-01,1.5885313,-0.81124641,-1.042446,1.3131984,-1.0188603,1.5885313
855,E020-01,0.57190333,-0.072652752,-0.043326898,0.57190333,-0.84525213,0.49380287
856,E020-01,0.69971545,-1.2663019,-1.1888835,0.1649179,0.69971545,0.19941769
857,E020-01,1.5618428,-0.6344725,0.0024961379,-0.29155981,1.5618428,0.29110087
858,E020-01,1.0607986,0.25532254,0.54226773,0.54256276,1.0607986,-0.29313723
859,E020-01,1.3007779,-1.8740711,-1.8208287,1.3007779,0.68818729,1.0302586
860,E020-01,0.51695401,-3.0090411,-2.5477761,-1.276816,0.51695401,-0.75626489
861,E020-01,0.93409597,-1.9101844,-1.3843709,0.5108401,0.30924556,0.93409597
862,E020-01,0.053406258,-0.81221707,-0.78654847,-0.14722286,-0.51034318,0.053406258
863,E020-01,1.2238629,-0.81834863,-0.57126348,-0.88187317,1.2238629,-0.58138115
864,E020-01,1.498679,-1.507167,-1.000819,0.86614579,0.18429711,1.498679
865,E020-01,1.981533,0.26946006,0.57026794,1.5113915,1.981533,1.1090826
866,E020-01,0.68387,-0.044032548,0.014449762,-0.51892762,0.68387,-1.0367241
867,E020-01,1.3742674,-0.47294974,-0.48956355,1.2487519,-0.37741036,1.3742674
868,E020-01,0.76089269,0.56531691,0.76089269,-0.035793275,0.17327422,0.021060229
869,E020-01,0.94857006,-1.6356028,-1.4132781,0.05856804,0.94857006,-0.82447782
870,E020-01,1.3696802,0.029767963,0.20039888,1.3696802,0.32916261,1.3682376
871,E020-01,0.89021342,-2.7877024,-3.4201653,0.47953827,-2.0665828,0.89021342
872,E020-01,1.1028157,-0.38080669,0.055953521,-0.42120255,1.1028157,-1.0180605
873,E020-01,2.2716049,-3.1681834,-3.1779391,2.2716049,-1.733087,1.5013992
874,E020-01,2.7477375,-0.1339232,0.71641934,-1.3134512,2.7477375,-1.4566837
875,E020-01,1.8791888,-1.6033297,-1.1266048,1.2242621,1.8791888,1.318671
876,E020-01,-0.42890464,-0.59499603,-0.80789107,-0.42890464,-2.0074951,-0.662373
877,E020-01,2.2621532,2.0019552,2.2621532,0.60595429,1.0163845,-0.056684307
878,E020-01,0.4838649,0.4838649,-0.12700955,-0.15267888,-2.2058689,0.42728749
879,E020-01,-0.83008876,-0.88428452,-1.1956388,-1.5733669,-0.83008876,-1.0340036
880,E020-01,-0.210438,-0.210438,-0.27431351,-0.77902029,-1.0921629,-1.0013163
881,E020-01,0.87561663,-0.20953363,-0.57391578,0.87561663,-1.6274665,0.79833714
882,E020-01,0.39368048,0.0091333132,-0.17904343,0.13183525,-0.83594908,0.39368048
883,E020-01,1.0105012,0.57352977,0.78530561,-0.24878127,1.0105012,-0.39751879
884,E020-01,0.78599824,0.78599824,0.40115617,-1.3975583,-1.5021639,-1.770307
885,E020-01,-0.50783868,-1.9862994,-1.9543206,-0.87367029,-1.6105745,-0.50783868
886,E020-01,-0.39406685,-0.41265819,-0.39406685,-1.1599133,-1.046812,-0.76733776
887,E020-01,1.5152446,-2.4928065,-2.9588171,1.5152446,-0.079646906,1.4851506
888,E020-01,0.52633488,-0.29997711,-0.23042545,-0.16077337,0.03850894,0.52633488
889,E020-01,-0.20382016,-0.53916443,-0.37380703,-0.55286242,-0.329356,-0.20382016
890,E020-01,0.42567068,-0.69259907,-0.68915053,-1.029635,0.42567068,-0.95703347
891,E020-01,0.22459775,0.13385441,0.22459775,-0.97171185,-0.27367386,-0.48210125
892,E020-01,-0.17148586,-2.0720713,-2.4792984,-0.17148586,-1.2037128,-0.29994631
893,E020-01,1.391275,-0.26423251,0.14970795,0.62470609,1.391275,0.74611302
894,E020-01,1.0603633,-0.17613466,-0.1656361,0.15093852,-0.039398589,1.0603633
895,E020-01,-0.051483566,-0.61392291,-1.0383627,-0.051483566,-2.0032773,-0.2737419
896,E020-01,1.1091284,-1.3985549,-1.2648062,-0.11892444,1.1091284,-0.66953159
897,E020-01,1.0979753,-0.28126328,-0.099263996,0.15769761,0.12699771,1.0979753
898,E020-01,0.29818674,-0.72090485,-0.71355628,0.29818674,0.097938953,0.19580022
899,E020-01,0.54019404,-1.3742406,-1.2734997,0.46771346,-0.039325866,0.54019404
900,E020-01,-0.1282751,-0.31177851,-0.27840548,-0.72199005,-0.16253307,-0.1282751
901,E020-01,0.51993633,-0.65164205,-0.77831296,0.38598904,-0.70540005,0.51993633
902,E020-01,0.52501142,0.52501142,0.38531146,-1.2594426,-1.1499309,-1.4374769
903,E020-01,1.2118033,-0.49779843,-0.36892889,0.78838596,0.75130256,1.2118033
904,E020-01,2.0714188,-2.652691,-3.0937005,2.0090629,-0.057778447,2.0714188
905,E020-01,-0.079314119,-0.65751863,-0.50806604,-0.45289211,-0.079314119,-0.46909381
906,E020-01,1.4372632,1.2493661,1.4372632,-1.0017904,1.200432,-0.47963644
907,E020-01,2.052554,-0.34389462,-0.45461174,0.76192394,2.052554,1.3945052
908,E020-01,0.46816851,-0.95633519,-0.87368458,0.28710712,0.46816851,0.21734165
909,E020-01,0.60614643,-1.5354908,-1.3105744,0.47184966,0.043274405,0.60614643
910,E020-01,0.35662371,0.35190327,0.35662371,-1.4653771,-0.61311195,-0.99261195
911,E020-01,1.4033618,0.43345067,0.45156237,1.4033618,-0.45531134,1.0872748
912,E020-01,2.08429,-1.4713905,-0.93190147,0.71175742,2.08429,0.82962308
913,E020-01,0.085112714,-1.411136,-1.5008274,0.085112714,-0.22549511,-0.066201476
914,E020-01,0.5058135,-0.34987503,-1.2721446,0.5058135,-2.1851108,0.43353848
915,E020-01,1.1121459,0.033050547,0.27792101,0.39364139,1.1121459,0.9688094
916,E020-01,-0.56060904,-1.633046,-1.8985097,-1.5533881,-0.56060904,-1.6752163
917,E020-01,0.24357112,-0.41655852,-0.20856153,-1.2097257,0.24357112,-1.7548756
918,E020-01,1.1500244,-0.010035556,-0.081580063,0.95574988,0.79774359,1.1500244
919,E020-01,0.46995038,-1.6554337,-1.7637792,0.46995038,-0.20668125,0.28664711
920,E020-01,0.95890642,0.018285849,0.34982896,0.95890642,0.2749085,0.38766061
921,E020-01,0.46234707,-1.0308748,-1.030908,0.31156719,0.080340259,0.46234707
922,E020-01,0.13331913,-0.76959314,-0.86863063,-0.32612479,-1.1901747,0.13331913
923,E020-01,0.71932926,0.13402048,0.27050092,-1.2917772,0.71932926,-0.8882011
924,E020-01,1.1543571,0.70990199,0.29115007,1.1543571,-1.5442787,1.0527291
925,E020-01,-0.31173722,-0.31173722,-0.41086846,-0.82117698,-1.062342,-1.0312812
926,E020-01,-1.1130349,-1.9922992,-2.1014183,-1.7328295,-1.2457522,-1.1130349
927,E020-01,-0.030296131,-1.6461228,-1.7933474,-0.25556539,-1.0560141,-0.030296131
928,E020-01,0.86584292,0.42312369,0.17763654,0.4588547,-2.4005379,0.86584292
929,E020-01,1.1329652,-0.49939115,-0.086953082,-0.74610093,1.1329652,-1.1425156
930,E020-01,0.35898522,0.060716505,0.093801823,-0.37072824,0.35898522,-0.41941491
931,E020-01,1.8068691,-0.99781336,-0.73180276,1.0840211,1.8068691,1.4106157
932,E020-01,-0.29176067,-0.29176067,-0.3821107,-0.96230382,-1.1071613,-1.012441
933,E020-01,0.33832885,-1.2190144,-1.3944513,0.069998522,-1.6572099,0.33832885
934,E020-01,0.64477932,0.10074095,0.33203112,-2.0139884,0.64477932,-2.2739224
935,E020-01,1.0975715,-1.3735916,-1.2736761,-1.6736233,1.0975715,-1.1437134
936,E020-01,0.081583172,-1.6485655,-1.8271266,0.04889596,-0.60160294,0.081583172
937,E020-01,1.0427188,-1.8031482,-1.7632712,0.64427272,0.93619339,1.0427188
938,E020-01,1.6228075,1.2468827,1.2538929,-0.49035994,1.6228075,-0.72448571
939,E020-01,1.1634201,-1.7196164,-1.1826954,-0.95495479,1.1634201,-1.0443118
940,E020-01,1.5109721,1.417085,1.5109721,1.0444351,-0.37129987,0.97590925
941,E020-01,2.2479925,-0.18484315,0.067035014,1.8388088,0.28365538,2.2479925
942,E020-01,0.26014981,-0.36790956,-0.5020408,0.19714919,-1.0497768,0.26014981
943,E020-01,0.77959066,-0.49268893,-0.55966838,0.70660772,-0.79115369,0.77959066
944,E020-01,0.26244196,-1.3184972,-1.1475022,-0.3117809,0.26244196,-0.22097679
945,E020-01,0.98961751,0.98961751,0.52967717,-0.5932849,-0.96753102,-0.7064311
946,E020-01,-0.067220228,-1.3307466,-1.1398764,-0.53732874,-0.067220228,-0.73576639
947,E020-01,0.033526543,-0.79310767,-0.68523042,-2.0881049,0.033526543,-1.2967409
948,E020-01,0.98599315,-0.15319453,-0.11463334,-0.84119627,0.98599315,-1.3848923
949,E020-01,0.34752116,0.34752116,0.20288856,-0.35454871,-0.28529064,0.30853686
950,E020-01,-0.24471856,-1.1626527,-1.1648574,-0.85383928,-0.24471856,-0.57184709
951,E020-01,0.22271013,-2.1515415,-2.2679884,0.22271013,-0.78846465,-0.060810136
952,E020-01,-0.037262141,-0.49654162,-0.82242621,-0.28559091,-1.3431723,-0.037262141
953,E020-01,1.6105418,0.16871293,0.64493292,-1.1545998,1.6105418,-1.2705789
954,E020-01,-0.058734536,-0.10849518,-0.27126424,-0.51253143,-2.5255456,-0.058734536
955,E020-01,1.6820074,-2.0814903,-1.8938005,0.49970877,1.6820074,-0.49632176
956,E020-01,0.80863569,-1.9629432,-1.8386598,0.68591363,-0.97890732,0.80863569
957,E020-01,2.3395037,1.197606,2.2587439,-1.179526,2.3395037,-1.1694677
958,E020-01,0.22934251,-2.2130755,-1.9949506,0.22934251,-1.2935269,-0.25605165
959,E020-01,-0.74881693,-2.4895378,-2.6135038,-0.81531751,-1.9448306,-0.74881693
960,E020-01,0.4452307,-0.26530866,-0.028012548,-0.042953824,0.4452307,-0.10737036
961,E020-01,0.99494882,-0.16727065,-0.13364834,0.39561308,-0.16001712,0.99494882
962,E020-01,1.8986501,-2.0842534,-1.8923865,1.8986501,1.4414829,1.7195326
963,E020-01,2.2177775,-1.0556294,-0.89705376,1.7424575,0.42204723,2.2177775
964,E020-01,1.8070254,1.4312686,1.7565274,0.71690314,1.8070254,0.61066796
965,E020-01,1.066274,-1.3450063,-1.1957317,0.78153493,0.02430988,1.066274
966,E020-01,1.1478794,0.94380877,1.1478794,-1.2720353,0.43444224,-0.73587442
967,E020-01,-0.16526172,-1.3803927,-1.3498579,-0.32744604,-1.7001892,-0.16526172
968,E020-01,-0.89684872,-1.2822486,-1.6596378,-1.1138103,-2.1412877,-0.89684872
969,E020-01,0.52662701,0.30928833,0.52662701,-2.3464101,0.17360534,-1.9569337
970,E020-01,1.8147823,-1.4314628,-1.2301375,1.8147823,1.2453183,1.4859483
971,E020-01,0.58978435,-0.43814908,-0.44250068,0.58978435,-0.19479892,0.21862575
972,E020-01,1.8213521,1.3129189,1.8213521,-0.28210551,1.503799,-0.23832046
973,E020-01,1.0332059,-0.095884707,-0.17896697,0.38802051,1.0332059,0.61385365
974,E020-01,1.3692723,-1.0743449,-0.52757544,-0.70110167,1.3692723,-0.52098949
975,E020-01,0.49636939,-1.0571344,-0.88813963,-0.17210913,0.49636939,0.058300519
976,E020-01,-0.37289005,-2.6075459,-2.8488455,-0.37289005,-1.1595099,-0.98043301
977,E020-01,1.5696363,-0.41319403,0.021860776,0.51365373,1.5696363,0.48544033
978,E020-01,0.095836598,-0.25735477,-0.8366194,-0.26199907,-2.5807773,0.095836598
979,E020-01,1.0664016,1.0664016,0.93027429,0.097461047,-0.023462492,0.11877917
980,E020-01,2.1501349,-1.749877,-2.0900576,2.1501349,-1.1130314,2.0180441
981,E020-01,-0.1224705,-0.1224705,-0.26698484,-0.27978706,-1.2978899,-0.22050664
982,E020-01,1.298518,0.1804521,0.04182222,1.2962951,0.32825874,1.298518
983,E020-01,1.5346006,-1.0556616,-0.82395494,1.2959827,-0.35326591,1.5346006
984,E020-01,0.24538069,-0.94425482,-1.1153243,0.24538069,-2.2071023,0.16485326
985,E020-01,0.81014578,-0.42577804,0.047936274,-0.0077613325,0.81014578,-0.079358951
986,E020-01,-0.044115357,-0.43253206,-0.33953502,-0.044115357,-0.054734912,-0.2050358
987,E020-01,1.8540575,-0.23477895,0.31119649,0.99893335,1.8540575,1.0916328
988,E020-01,0.2497778,-1.0509716,-0.87990784,0.2497778,-0.87468065,0.13044945
989,E020-01,1.1747704,1.0523551,1.1747704,-0.48442427,0.26930401,-0.0966066
990,E020-01,0.87821163,-1.6346352,-1.3546501,0.83738869,0.002385461,0.87821163
991,E020-01,1.0085992,-0.31031569,-0.22475568,1.0085992,0.011007564,0.80191849
992,E020-01,0.60758954,-1.6693364,-1.2379163,0.08743183,0.60758954,-0.11280344
993,E020-01,0.50252549,0.50252549,0.37871057,-0.30381483,0.18864747,0.20744601
994,E020-01,1.2050143,-0.82673979,-0.37332779,0.38322844,1.2050143,0.66168368
995,E020-01,0.74013245,0.10008874,0.2041409,0.35272496,0.61075157,0.74013245
996,E020-01,1.1025632,-0.32668393,-0.358767,0.60191036,0.019558017,1.1025632
997,E020-01,1.5948408,0.29058477,-0.1634944,1.4731314,-1.3979171,1.5948408
998,E020-01,0.47177474,0.4519139,0.25116789,0.47177474,-1.6560803,0.096985373
999,E020-01,-0.37763617,-0.37763617,-0.91784237,-1.8989883,-1.2886955,-1.5866826
1000,E020-01,1.1489216,-0.53383072,-0.46989868,0.77923557,0.71475866,1.1489216
1001,E020-02,1.7986687,-0.47832633,-0.095373883,1.7986687,1.6819465,1.3311255
1002,E020-02,0.88887171,-1.766498,-1.6645882,0.87608091,-0.14373906,0.88887171
1003,E020-02,0.90865518,-1.180216,-1.2962838,0.54780352,-0.22540449,0.90865518
1004,E020-02,0.66217031,-1.758922,-1.4898573,0.37214764,0.66217031,0.49258678
1005,E020-02,2.3387602,2.3387602,2.2127013,-0.7018998,0.53026879,-0.63069652
1006,E020-02,0.91849914,0.91849914,0.73159003,-1.7995048,0.048803011,-2.0695615
1007,E020-02,2.5781595,0.12261984,1.0518314,0.57227473,2.5781595,0.30697767
1008,E020-02,1.1437422,0.14441439,0.47265054,-0.88013945,1.1437422,-0.90108924
1009,E020-02,0.88968348,-0.66052749,-0.31559065,0.071506937,0.88968348,0.38446464
1010,E020-02,-0.68384461,-0.68384461,-0.76315539,-0.9413561,-1.180524,-0.81822842
1011,E020-02,1.1248725,-1.0051037,-0.90572308,0.74468408,0.25264033,1.1248725
1012,E020-02,1.7861491,-0.7013279,-0.60277053,1.3323191,-0.0065432703,1.7861491
1013,E020-02,0.53825274,-0.77771461,-0.74099618,0.53825274,0.47630297,0.34827955
1014,E020-02,0.10341444,-0.98672757,-0.93027307,-0.11132225,0.10341444,-0.087402066
1015,E020-02,2.3438821,0.33173224,0.17837814,2.022426,-0.51301167,2.3438821
1016,E020-02,-0.099698754,-0.74431375,-0.89360487,-0.72664861,-0.099698754,-0.70354256
1017,E020-02,1.2025674,-0.89953721,-0.90540924,0.78910852,-1.3044383,1.2025674
1018,E020-02,0.72416416,-0.80997172,-0.28397539,-0.61196799,0.72416416,-0.9940611
1019,E020-02,1.4067385,-1.0913681,-0.81622223,0.99665221,1.3454916,1.4067385
1020,E020-02,-0.48566356,-0.82491101,-0.99908698,-0.48566356,-2.2642319,-0.65828998
1021,E020-02,0.63121482,-0.86824346,-0.65140463,0.63121482,0.22092506,0.058569874
1022,E020-02,1.054745,1.054745,0.87099718,0.11737285,-1.1170739,0.50403306
1023,E020-02,0.3457791,-0.13059742,-0.16660156,-0.36128261,0.22837837,0.3457791
1024,E020-02,0.52107747,-1.1482412,-1.4298118,0.52107747,-1.0122199,0.52055546
1025,E020-02,0.82106247,-1.2538385,-1.0627974,-1.2547965,0.82106247,-0.73256897
1026,E020-02,1.7012414,-1.0040564,-0.77122202,0.20808387,1.7012414,-0.069047317
1027,E020-02,0.52416563,0.52416563,0.46855265,-0.14870714,-1.8719613,-0.31089916
1028,E020-02,0.71807821,-0.65270329,-0.53917078,0.011552236,-0.22848775,0.71807821
1029,E020-02,1.3410675,-0.089281141,-0.42691365,1.3410675,-2.2132681,1.2149909
1030,E020-02,-0.490178,-0.50050208,-0.83514395,-0.73220535,-1.4165335,-0.490178
1031,E020-02,0.59840775,-0.47658842,-0.61222688,0.59840775,-0.72133475,0.51998727
1032,E020-02,0.60804796,0.013714671,-0.23401003,0.60804796,-1.4114341,0.42417776
1033,E020-02,-0.81910745,-1.8243151,-2.1964536,-0.81910745,-2.1571217,-1.0049255
1034,E020-02,-0.30622722,-0.30622722,-0.59475359,-0.95460943,-1.0325633,-1.180308
1035,E020-02,1.9013087,-0.35662139,-0.13804269,0.9620248,1.9013087,1.5954042
1036,E020-02,1.8214467,0.64176718,0.67617748,1.8214467,-0.98680206,1.3663952
1037,E020-02,0.28281362,-1.2209723,-0.91680518,-1.2228361,0.28281362,-1.192274
1038,E020-02,2.016144,-1.2814051,-0.99731415,1.7983662,1.2210699,2.016144
1039,E020-02,0.36707669,-1.3149345,-1.0207529,0.36707669,-0.7772015,0.13398241
1040,E020-02,0.91786164,0.64715391,0.8817986,-0.70957715,0.91786164,-1.0969988
1041,E020-02,0.81483245,-0.69199482,-0.56531804,0.10994046,0.42560102,0.81483245
1042,E020-02,-0.36674837,-1.0810551,-1.1321209,-0.36674837,-0.95974006,-0.41020876
1043,E020-02,-0.63903822,-1.11478,-1.26903,-0.82101378,-1.6967141,-0.63903822
1044,E020-02,1.1796175,-0.74845718,-0.50145843,1.1796175,-0.021663186,0.47239023
1045,E020-02,0.68805024,-0.031286796,0.090479172,0.15489296,0.68805024,-0.10426839
1046,E020-02,0.75001391,-0.14405069,-0.14723373,0.75001391,-0.092564408,0.42499403
1047,E020-02,1.7805236,-2.2841677,-1.8901438,-0.4046518,1.7805236,-0.26312482
1048,E020-02,1.1712082,1.1423387,1.1712082,-0.55611452,-0.67926998,-0.050609552
1049,E020-02,0.94983094,0.92179787,0.94983094,-1.7540286,0.51716702,-1.9819674
1050,E020-02,0.0042672542,-0.55074866,-0.63990769,-3.2236218,0.0042672542,-3.8688812
1051,E020-02,0.86904699,-2.215178,-2.124435,0.67202165,0.86904699,0.13262033
1052,E020-02,-0.15523334,-0.72816516,-1.1029447,-0.42803013,-0.15523334,-0.19685075
1053,E020-02,0.96340259,0.19997076,0.50631366,-2.2916171,0.96340259,-1.7428387
1054,E020-02,-0.69727035,-0.93656287,-1.006269,-1.9872271,-0.69727035,-1.3370661
1055,E020-02,0.82733547,-1.1311323,-1.2136466,0.82733547,-0.59284236,0.51535851
1056,E020-02,-0.46628606,-0.94558617,-0.80375731,-1.5271349,-0.46628606,-1.4693465
1057,E020-02,1.0818531,1.0818531,0.84504628,0.50832412,-1.9679664,0.72127653
1058,E020-02,0.2654857,-0.19764816,0.17524824,-0.6882674,0.2654857,-0.39455361
1059,E020-02,1.3680913,0.74026788,0.7826574,1.2352348,-0.1066625,1.3680913
1060,E020-02,1.3265052,-0.15716787,0.13362643,1.098856,0.50300756,1.3265052
1061,E020-02,0.85353878,-1.0306023,-0.63732894,0.85353878,0.80591766,0.69201537
1062,E020-02,0.69861025,0.69861025,0.67412153,-0.5061337,-1.2020175,-0.75274837
1063,E020-02,1.2255895,-0.86454322,-0.75124243,0.46224916,1.2255895,-0.085398655
1064,E020-02,-0.88438267,-0.88438267,-1.0877807,-1.5180085,-1.1425994,-1.4988773
1065,E020-02,0.0073933572,0.0073933572,-0.12109246,-0.76425561,0.004429615,-0.76304163
1066,E020-02,-0.29131934,-0.29131934,-0.55158977,-1.4979834,-1.1571473,-1.1225959
1067,E020-02,0.47023292,0.32320071,0.41090934,-1.1276901,0.47023292,-0.81676276
1068,E020-02,1.1679249,-1.4256513,-1.8001479,0.88733327,-3.0989333,1.1679249
1069,E020-02,0.84900566,-0.98238712,-0.72695462,-0.018931535,0.84900566,0.23656123
1070,E020-02,1.4241506,-0.976131,-1.017369,1.0084984,0.2261156,1.4241506
1071,E020-02,2.0021742,-1.8722598,-1.4972404,-0.52352806,2.0021742,-0.78268234
1072,E020-02,0.91314298,-0.34375327,-0.11365467,0.83229229,0.91314298,0.421063
1073,E020-02,0.32513015,0.17242227,0.32513015,-1.3833276,0.27382828,-2.1683151
1074,E020-02,-0.83940211,-0.83940211,-1.0299568,-1.8506049,-0.94258738,-2.2099467
1075,E020-02,1.1182077,0.91245698,1.1182077,0.30859723,0.41292019,0.47573941
1076,E020-02,0.98167639,0.90167022,0.98167639,-0.0040849932,0.80249438,0.88816435
1077,E020-02,1.1711942,0.82764289,1.1711942,0.033334846,0.43003628,0.18048951
1078,E020-02,0.79168736,-1.4209478,-1.1726584,-0.41358456,0.79168736,-0.18960331
1079,E020-02,0.086618523,-1.6441741,-1.9452362,-0.02940656,-1.4299464,0.086618523
1080,E020-02,1.6960086,0.61118098,0.18968948,1.6960086,-1.1521341,1.3330713
1081,E020-02,1.1354726,-0.63759184,-0.67583438,0.73767382,-0.46390693,1.1354726
1082,E020-02,1.5111087,-0.91752366,-0.57820631,0.77973676,1.5111087,0.62776211
1083,E020-02,0.12128988,-1.9120348,-2.1276696,0.12128988,-0.73314353,-1.04431
1084,E020-02,0.84042369,-1.1266345,-1.6075342,0.84042369,-0.27261636,0.33220041
1085,E020-02,0.38094726,-0.89276343,-0.99407439,-0.34270872,0.38094726,-0.44806062
1086,E020-02,-0.61485054,-1.5191163,-1.4612171,-0.77922136,-0.61485054,-0.72470227
1087,E020-02,0.42361874,0.10961782,0.3484141,0.2567273,0.27788868,0.42361874
1088,E020-02,0.26067026,-0.65037847,-0.47384977,-1.0229844,0.26067026,-0.88857161
1089,E020-02,1.163906,-0.26209563,-0.22875174,1.163906,-1.1383193,0.83203635
1090,E020-02,1.2223615,0.92188641,1.2223615,-0.31365924,0.41449277,-0.51645667
1091,E020-02,0.69790414,-1.3300822,-1.1152812,0.53714741,-0.31726234,0.69790414
1092,E020-02,0.028201321,-1.6650614,-1.7075717,-1.110022,0.028201321,-0.81064834
1093,E020-02,1.0721713,-1.5709562,-1.5676562,1.0721713,-1.028834,0.89858902
1094,E020-02,0.43786285,-1.7846681,-1.4873907,0.43786285,0.049095325,0.24030762
1095,E020-02,0.83310565,0.16309072,0.20743632,-0.40377817,0.83310565,0.10085486
1096,E020-02,1.3434228,-1.0457526,-0.74556403,0.13266471,1.3434228,0.87297148
1097,E020-02,0.66747715,0.30526106,0.66747715,0.52084515,0.11199004,0.51887061
1098,E020-02,1.3207158,-0.91172522,-1.3193029,1.3207158,-0.60828725,0.72530973
1099,E020-02,0.81779737,0.81779737,0.74234594,-0.14617359,-0.35153023,-0.43880088
1100,E020-02,1.0360889,0.2553466,0.44526465,0.12901798,0.68921791,1.0360889
1101,E020-02,0.35012165,-0.98445038,-0.90009893,-1.1022494,0.35012165,-2.0072811
1102,E020-02,1.2715466,0.50779775,1.0456856,1.2715466,1.1236718,1.2360286
1103,E020-02,0.50255788,0.23618635,0.22478104,0.50255788,-0.35082072,0.1789832
1104,E020-02,0.27333596,-0.49922638,-0.39044599,0.27333596,0.02547458,0.24554134
1105,E020-02,1.9586638,1.8689406,1.9586638,-1.1041601,0.92929086,-0.68102044
1106,E020-02,-0.086054202,-2.1945432,-2.238952,-0.59894029,-0.086054202,-0.96981886
1107,E020-02,0.89419091,0.60117472,0.89419091,-0.1108519,0.34381904,-0.433779
1108,E020-02,0.47838233,-1.3662789,-1.160694,-0.99710958,0.47838233,-0.60406503
1109,E020-02,0.099251697,-0.90231199,-0.70686901,-0.037310961,0.099251697,-0.070705862
1110,E020-02,-0.1606499,-1.5072656,-1.3037789,-0.98194588,-0.1606499,-0.82901495
1111,E020-02,0.90775955,-0.058696669,-0.023431739,0.35113726,-0.76104738,0.90775955
1112,E020-02,0.23458492,0.23458492,0.11912392,-0.37158739,-0.75322017,-0.20422866
1113,E020-02,-0.57212434,-1.3266436,-0.98911207,-0.95618202,-1.8338489,-0.57212434
1114,E020-02,1.6142355,-2.436882,-2.2218266,0.37624902,1.6142355,0.66903102
1115,E020-02,1.1549904,0.18327635,-0.083243357,1.1549904,-1.3716479,0.74326552
1116,E020-02,0.41609438,-1.0804296,-0.89679868,-0.58063427,0.41609438,-0.78649092
1117,E020-02,1.2113187,-0.43429782,-0.37995726,1.1811333,0.52037881,1.2113187
1118,E020-02,2.2030468,-1.0038854,-1.5060561,2.2030468,-0.9917257,1.7981139
1119,E020-02,1.6533214,-1.2776633,-0.75647021,-2.7394677,1.6533214,-2.4149037
1120,E020-02,-0.25009541,-0.72641769,-0.25009541,-1.8863107,-0.60836365,-1.483186
1121,E020-02,0.36546698,-0.24441032,-0.33508505,0.31049706,-1.2212377,0.36546698
1122,E020-02,0.41665627,-1.9307284,-1.4127769,0.41665627,-0.0090851833,0.34917414
1123,E020-02,1.1608805,-1.4393402,-1.4055885,1.1608805,-0.44984051,1.1139229
1124,E020-02,-0.17721904,-1.3763046,-1.4200921,-0.66218491,-0.17721904,-0.35737334
1125,E020-02,-0.38600739,-0.79177071,-0.95253068,-0.62135562,-0.38600739,-0.46348137
1126,E020-02,1.2646142,1.2116403,1.2646142,-0.82433298,0.65218052,-0.77506417
1127,E020-02,-0.60248195,-0.63610929,-0.89958327,-0.60248195,-1.6692874,-1.4344756
1128,E020-02,0.58619258,-0.62416827,-0.785709,0.58619258,-0.28556674,0.47105055
1129,E020-02,1.9352251,1.873997,1.9352251,-0.53400867,0.43696042,-0.88308352
1130,E020-02,-0.023767081,-0.51818303,-0.2205776,-0.55480163,-0.023767081,-0.22688442
1131,E020-02,0.32638064,-2.0995012,-1.68805,-3.013114,0.32638064,-2.958605
1132,E020-02,-0.50180699,-0.98368742,-1.0895549,-0.72446929,-0.76169978,-0.50180699
1133,E020-02,-0.17088139,-0.99785306,-1.2258215,-0.17088139,-1.3897681,-0.30597787
1134,E020-02,0.034286092,-1.1260934,-1.2515961,-0.30120273,-0.77478391,0.034286092
1135,E020-02,0.41550456,-1.2070236,-1.2754535,0.41550456,0.054335593,-0.083691289
1136,E020-02,1.3054988,-0.271161,0.079128579,-1.0091545,1.3054988,-1.2120733
1137,E020-02,0.86182481,-0.47641051,-0.33788217,0.56193598,0.68909726,0.86182481
1138,E020-02,1.6173646,-1.727795,-1.3655466,0.91643613,1.6173646,0.60297594
1139,E020-02,1.483735,-1.6611449,-1.1988133,-0.71609001,1.483735,-0.99011187
1140,E020-02,-0.09534172,-1.196285,-1.0292963,-0.91681429,-0.09534172,-1.067457
1141,E020-02,1.772819,-2.6408482,-2.4442192,1.772819,0.36881046,1.6459743
1142,E020-02,0.11318525,-0.39937453,-0.33289193,-0.24176634,-0.4300818,0.11318525
1143,E020-02,0.27261245,-0.040817692,0.18167563,-1.0580734,0.27261245,-1.1973694
1144,E020-02,2.303627,-1.2677076,-1.2146607,2.303627,-0.73618862,1.9880198
1145,E020-02,1.9644221,-1.2255702,-0.9852706,1.8995261,-0.49604492,1.9644221
1146,E020-02,0.72258759,0.31808984,0.69626921,0.10953384,0.72258759,0.12642953
1147,E020-02,0.81416746,-1.5200515,-1.5453315,0.44457205,0.81416746,-0.039728573
1148,E020-02,-0.93432252,-2.7981514,-2.9015109,-0.93432252,-2.1819449,-1.1170709
1149,E020-02,0.44692651,0.36376049,0.27850442,0.44692651,-0.55883229,0.43720326
1150,E020-02,2.1446986,-0.33727031,-0.025692852,-0.16209506,2.1446986,-0.10180918
1151,E020-02,1.7881881,0.60766069,1.1950126,-1.479319,1.7881881,-1.3364939
1152,E020-02,0.89965134,-0.50218924,-0.4904881,0.89965134,-0.68830576,0.86782696
1153,E020-02,1.0123745,-1.1016696,-0.78327456,0.80683087,1.0123745,0.40236613
1154,E020-02,1.179037,-1.2409706,-0.5351025,0.071900467,1.179037,0.18321741
1155,E020-02,1.384513,-0.87136639,-0.74696107,1.3338273,0.27413493,1.384513
1156,E020-02,1.8162526,-2.8569825,-2.1003842,0.16638524,1.8162526,0.061794822
1157,E020-02,0.98985467,-0.57482192,-0.46901226,0.88295198,0.56273589,0.98985467
1158,E020-02,0.19219411,-0.41001351,-0.23824044,0.13310424,0.19219411,-0.21678433
1159,E020-02,-0.04432791,-2.0308227,-2.132779,-1.4573284,-0.04432791,-1.6318353
1160,E020-02,0.11905392,0.11905392,-0.11497792,-0.40249627,-1.0042362,-0.85615026
1161,E020-02,1.3089259,-0.21546753,-0.067314242,0.69760826,1.3089259,0.59574982
1162,E020-02,0.20562901,0.11465902,0.20562901,-0.10563487,0.095991143,0.11439907
1163,E020-02,0.46165999,-1.3628717,-1.3151235,0.46165999,0.24258769,-0.36465032
1164,E020-02,1.4420104,-1.2221103,-1.0707321,0.74342721,-0.76576208,1.4420104
1165,E020-02,0.10962952,-0.070658625,-0.14632991,0.10962952,-0.10376025,-0.59827287
1166,E020-02,0.44348984,-1.4554654,-1.1258166,-0.1270471,0.44348984,-1.1157292
1167,E020-02,1.6403252,0.50384726,0.6752724,0.2655585,1.6403252,0.32258865
1168,E020-02,-0.073314798,-0.44694625,-0.59893967,-0.44343322,-0.5461622,-0.073314798
1169,E020-02,1.5410678,1.1939185,0.78321364,1.2785881,-1.3047302,1.5410678
1170,E020-02,1.4879935,-0.3439744,0.019480606,0.91370712,0.51928912,1.4879935
1171,E020-02,0.70548724,0.51533755,0.70548724,-0.52459514,-0.017413771,-1.0107618
1172,E020-02,0.175837,-0.15145766,0.12598925,-0.76931457,0.175837,-0.095038196
1173,E020-02,-0.9625366,-2.5456034,-2.6245053,-2.3642595,-0.9625366,-1.8128918
1174,E020-02,1.370491,1.370491,1.3452535,-0.21487703,0.56369471,-0.39154173
1175,E020-02,0.30272508,-1.4170993,-1.2542619,0.30272508,-0.67998749,0.15341474
1176,E020-02,0.4718119,-2.2800845,-2.4521529,0.41565813,-1.2707959,0.4718119
1177,E020-02,1.5236629,1.5236629,1.3741834,1.4618097,-0.42313577,0.0091311419
1178,E020-02,-0.36064575,-0.36064575,-0.42897288,-1.3210382,-0.57860283,-1.2644053
1179,E020-02,0.95298903,-3.0622968,-2.9973713,0.95298903,-0.33656563,0.89576478
1180,E020-02,-0.20962333,-1.5315173,-1.6696962,-0.20962333,-2.1850265,-0.29185077
1181,E020-02,0.82993921,0.30773028,0.49715599,-0.45760612,0.82993921,-0.21973448
1182,E020-02,0.82716587,0.82716587,0.56352905,-0.15820741,-0.60738626,0.0946647
1183,E020-02,1.8682981,0.20298345,-0.31145816,1.6887963,-1.8193169,1.8682981
1184,E020-02,0.41745887,-2.3471076,-2.2331197,0.27576079,0.41745887,-0.0022007498
1185,E020-02,0.69413639,0.33447829,0.69413639,0.64335848,0.53061021,0.36335849
1186,E020-02,1.1256535,-0.54577309,-0.091091256,-0.69758371,1.1256535,-0.65535046
1187,E020-02,1.6024304,1.4763841,1.6024304,1.2696096,0.68573407,0.6249625
1188,E020-02,0.20936798,-0.9635308,-1.0547478,-1.0509396,-0.80650155,0.20936798
1189,E020-02,0.44861816,-0.27500934,-0.29354553,-0.39940357,0.44861816,-0.036579495
1190,E020-02,0.81307194,-1.8315395,-2.0183814,-0.10916099,0.81307194,-0.051133076
1191,E020-02,1.0454929,0.99093364,1.0454929,0.56547302,0.97012231,-0.03351334
1192,E020-02,0.59016685,-0.56147867,-0.65430885,0.52697359,0.59016685,0.19176184
1193,E020-02,1.1590564,-0.33203348,-0.25716277,1.1042807,0.73406901,1.1590564
1194,E020-02,0.035540671,-2.0335993,-2.2169615,-0.25974006,-1.0363852,0.035540671
1195,E020-02,-0.1799719,-0.1799719,-0.59608776,-1.1744703,-1.1241069,-0.9511816
1196,E020-02,1.0821835,-2.599803,-2.708431,-2.0127695,1.0821835,-1.5615333
1197,E020-02,0.021570789,-0.4622553,0.021570789,-0.14410552,-0.45021695,-0.17403216
1198,E020-02,-0.66752945,-1.1659658,-1.1849472,-0.83961643,-0.66752945,-1.2886686
1199,E020-02,0.26901536,-2.8933249,-2.7865338,-1.1044175,0.26901536,-0.94004725
1200,E020-02,0.52158687,-1.4635344,-1.7683871,0.52158687,-0.86949171,0.41335966
1201,E020-02,2.0149008,1.2439047,1.4793807,-0.36397319,2.0149008,-0.97849953
1202,E020-02,0.0025478163,-2.156657,-2.0231871,-0.91496595,0.0025478163,-0.81162028
1203,E020-02,-0.083158822,-0.30369325,-0.083158822,-0.88275373,-0.24088973,-1.1340492
1204,E020-02,0.53434697,0.3421668,0.42539654,-0.57603915,0.53434697,-0.84584727
1205,E020-02,0.61906468,-1.1114838,-0.58075599,-0.18983928,0.41945169,0.61906468
1206,E020-02,2.6089593,-0.71692411,-0.82509771,2.3096171,-1.5800101,2.6089593
1207,E020-02,0.90668725,-0.3541266,-0.7135041,0.58490996,0.093239947,0.90668725
1208,E020-02,0.40317865,-0.78425585,-0.54075695,-0.57417975,0.40317865,-0.65842101
1209,E020-02,0.13356767,0.045833271,0.13356767,-1.0167188,-0.20860219,-0.7860551
1210,E020-02,0.98009524,0.80959312,0.98009524,-3.0622475,-0.26887345,-3.2260057
1211,E020-02,0.83816434,-0.16928835,-0.048073087,0.42396258,0.51937678,0.83816434
1212,E020-02,1.9232576,0.32480258,0.7167766,1.4147185,1.9232576,1.3672473
1213,E020-02,-0.047643202,-2.9765149,-2.9900963,-0.87453392,-0.24719234,-0.047643202
1214,E020-02,0.89236041,0.1903206,-0.13463432,0.55923084,0.4863922,0.89236041
1215,E020-02,2.2375922,-0.22539382,-0.1214889,2.2375922,0.43833477,2.0665879
1216,E020-02,-0.32630951,-1.3661608,-1.3726629,-1.3633793,-0.32630951,-1.0085133
1217,E020-02,0.86197785,-0.40876173,-0.21302999,-0.084148055,0.5018879,0.86197785
1218,E020-02,0.77144293,-0.71944774,-0.48783488,-0.19529933,0.77144293,-0.59314036
1219,E020-02,2.167501,-1.0110633,-1.0638604,1.4961932,0.45518095,2.167501
1220,E020-02,1.1431009,-0.36227918,-0.22558287,1.1431009,-0.21173604,0.65136555
1221,E020-02,0.30600024,0.30600024,0.18213974,-0.30919405,-0.27266759,0.1466465
1222,E020-02,0.01567512,-1.790954,-2.4274476,-1.1338373,-1.8076128,0.01567512
1223,E020-02,0.42983509,-0.31743037,-0.16294306,-0.23823084,0.42983509,0.14985758
1224,E020-02,0.44748663,0.44748663,0.36926929,-1.3361339,-0.56362193,-1.3194711
1225,E020-02,0.29223596,-1.0907176,-1.0014818,-1.4116147,0.29223596,-1.4037775
1226,E020-02,0.5878265,-0.93539104,-1.2737196,-0.23721073,0.5878265,-0.65821764
1227,E020-02,0.73960148,-1.2371636,-0.80424234,-0.96318466,0.73960148,-0.77915432
1228,E020-02,0.91820037,-0.93298341,-0.74638678,0.91820037,0.86981112,0.34768474
1229,E020-02,1.1097813,-1.987564,-1.6245244,-0.97930277,1.1097813,-0.64429318
1230,E020-02,1.5496172,1.2544909,1.5496172,-0.87042568,1.046061,-0.6545659
1231,E020-02,1.410498,0.50795871,0.81240798,-1.2021958,1.410498,-1.1129147
1232,E020-02,-0.60517801,-0.92436353,-0.60517801,-0.69978136,-0.73022459,-1.4728741
1233,E020-02,0.47099808,-1.4963124,-1.2518425,0.17413212,0.47099808,0.2366991
1234,E020-02,0.77584499,-1.0841181,-0.70097414,0.54891722,0.72630693,0.77584499
1235,E020-02,1.2273376,-0.70109824,-0.64500472,1.1914532,1.2273376,1.1912701
1236,E020-02,0.667882,-0.44193917,-0.27419044,-1.067725,0.667882,-0.66795603
1237,E020-02,0.57526133,0.41358133,0.25860531,0.57526133,-0.39089194,0.4618938
1238,E020-02,1.7216841,0.095585721,0.33370601,1.414401,1.7038138,1.7216841
1239,E020-02,-0.3186387,-1.6577695,-1.3842061,-0.65198917,-0.3186387,-0.795635
1240,E020-02,0.55218489,0.55218489,0.24211937,-1.8556259,-0.60832532,-1.5317364
1241,E020-02,-0.28139875,-0.28139875,-0.38082701,-1.1894022,-1.6769861,-1.2503905
1242,E020-02,0.72568609,0.38954241,0.72568609,-1.5268118,0.62133437,-2.2533204
1243,E020-02,0.31258957,-0.91232794,-1.1075853,0.31258957,-1.5668236,0.12955063
1244,E020-02,-0.66229539,-0.94694376,-1.2724171,-1.0398227,-1.0399033,-0.66229539
1245,E020-02,1.0847158,0.045475198,-0.56028216,0.88105119,-2.7586317,1.0847158
1246,E020-02,1.3447581,-2.3913374,-1.8417033,1.1393675,1.3011564,1.3447581
1247,E020-02,0.53576848,-0.42881225,-0.76852686,0.53576848,-2.1373236,0.21379728
1248,E020-02,-0.076230692,-0.12972055,-0.076230692,-1.414295,-0.87843905,-1.0803045
1249,E020-02,0.31525075,-0.94016975,-0.81073831,-1.6170016,0.31525075,-1.0366381
1250,E020-02,1.8629743,0.45516702,0.41317628,1.8629743,0.4680249,1.3483356
1251,E020-02,0.15597442,-0.77076864,-0.49983322,-1.4087654,0.15597442,-1.2524003
1252,E020-02,1.1320101,0.56689399,1.0243538,-0.37483627,1.1320101,-0.3910709
1253,E020-02,1.5350944,0.31909311,0.42550849,1.5350944,-0.085898359,1.4120332
1254,E020-02,0.29733373,0.003916043,0.29733373,-0.4896847,0.18013142,-0.6783897
1255,E020-02,1.4809845,-1.3561494,-0.68715513,-1.8754736,1.4809845,-1.1264322
1256,E020-02,2.2507236,-0.5302861,-0.46141699,1.6516027,0.57175637,2.2507236
1257,E020-02,2.0174878,-0.6685597,-0.066908533,-0.03998873,2.0174878,-0.22844929
1258,E020-02,0.5891409,-0.83594042,-0.57724231,-0.99169717,0.5891409,-0.63685716
1259,E020-02,2.6145571,-0.54253177,-0.47039965,2.6048092,-0.88461083,2.6145571
1260,E020-02,0.67972298,-1.4986,-1.5578459,0.67972298,0.34563016,-0.21019816
1261,E020-02,0.61372334,-0.56623754,-0.29398497,-0.45059004,0.61372334,-0.7318628
1262,E020-02,-1.0326063,-1.2469218,-1.2670884,-1.0326063,-1.4135403,-1.7788492
1263,E020-02,0.48631812,0.48631812,0.29871892,-0.9368037,-1.2737969,-0.61390821
1264,E020-02,0.84073554,-1.9398533,-2.2095118,0.84073554,0.37579012,0.4927
1265,E020-02,1.1224958,-0.57269402,-0.42988359,0.86758423,-0.23865712,1.1224958
1266,E020-02,0.53118912,-0.69375886,-0.69051428,0.53118912,0.23639121,0.4715491
1267,E020-02,0.56925549,0.3418935,0.2015514,0.32080873,0.56925549,0.20098177
1268,E020-02,0.092228624,0.092228624,-0.11950265,-1.1036504,-0.60508861,-1.2336803
1269,E020-02,-0.56618223,-1.5551593,-1.7548391,-0.56618223,-0.81880868,-0.96046206
1270,E020-02,0.34527697,-0.56225406,-0.59066638,-0.27302135,0.34527697,-0.060827458
1271,E020-02,1.3058459,-0.31328419,-0.010740181,0.041478424,1.3058459,-0.56167159
1272,E020-02,0.51805584,-0.70260676,-0.22886188,0.47890365,0.51805584,-0.015590133
1273,E020-02,1.4187589,0.12339617,0.14297377,1.4187589,0.14209092,1.3947804
1274,E020-02,1.0554275,1.0554275,0.96863129,0.086031731,-1.0292258,0.26359829
1275,E020-02,1.3480366,-0.58361073,-0.019492247,1.3480366,1.2090578,0.81547217
1276,E020-02,0.92280462,-0.58558642,-0.69880604,0.92280462,-0.17524488,0.81648928
1277,E020-02,-0.38703004,-0.47386079,-0.6265993,-0.38703004,-1.5245076,-0.44500376
1278,E020-02,-0.12161764,-0.84708533,-0.82107463,-0.95876257,-0.12161764,-0.80521782
1279,E020-02,0.23999328,0.23999328,0.0031735832,-1.5048412,-1.7932494,-0.74103998
1280,E020-02,0.84715474,0.63142781,0.84715474,-0.91212341,0.12523283,-0.88349896
1281,E020-02,0.92401799,-1.613854,-1.4512248,0.92401799,0.57846529,0.47016088
1282,E020-02,-0.69436621,-0.69436621,-1.0335511,-1.099443,-1.9046189,-0.79654784
1283,E020-02,-0.099999939,-1.2231681,-1.1825838,-0.37636939,-0.29653067,-0.099999939
1284,E020-02,1.170638,-1.2472784,-1.2249449,0.57760384,0.47867145,1.170638
1285,E020-02,0.34570368,-0.19214897,0.1607896,0.24286079,0.34570368,-0.73667592
1286,E020-02,0.76202147,-0.13422209,-0.43510664,0.37729358,-2.0038811,0.76202147
1287,E020-02,1.4378137,-0.8143301,-0.44813595,-0.39183964,1.4378137,-0.3448993
1288,E020-02,0.39058069,-1.2500255,-1.1918506,-0.68058818,0.39058069,-0.43778815
1289,E020-02,-0.1508079,-1.9956218,-2.6933343,-0.74956529,-1.6405698,-0.1508079
1290,E020-02,0.9435001,0.9435001,0.72678554,-1.4287848,-1.2853805,-1.4959645
1291,E020-02,-0.010987141,-1.5348279,-1.4359849,-0.010987141,-1.0263486,-0.42577878
1292,E020-02,0.41458142,0.3641177,0.41458142,-0.99457474,-0.52157616,-0.43241513
1293,E020-02,0.91967465,-2.8070983,-2.392212,0.91967465,0.35520672,0.61922757
1294,E020-02,1.2143152,-0.1590412,-0.11914232,1.2143152,0.10370911,0.98213783
1295,E020-02,0.96818633,-1.9525854,-1.6258297,0.96818633,0.030453211,0.73841157
1296,E020-02,1.3148671,-0.33980434,-0.35708771,-1.7414121,1.3148671,-1.8199721
1297,E020-02,0.32367185,-1.2460087,-0.87357686,-0.24350107,0.28620087,0.32367185
1298,E020-02,-0.20711744,-0.97809799,-1.2213553,-0.20711744,-0.64130333,-0.25852251
1299,E020-02,1.0165373,1.0165373,0.95027626,0.25464625,0.060276293,0.26412696
1300,E020-02,0.66902016,-0.5372265,-0.94943537,0.30274469,-1.4305616,0.66902016
1301,E020-02,1.2220935,-0.28600091,-1.2613814,1.2220935,-2.5909274,1.1510156
1302,E020-02,0.77887441,-2.1491771,-2.2988993,0.77887441,0.0143319,-0.18396203
1303,E020-02,1.5188212,-1.7557627,-1.5930852,-0.21057836,1.5188212,0.52119617
1304,E020-02,0.76463739,0.76463739,0.52018823,-0.51690183,-0.24927321,-0.77259928
1305,E020-02,1.3887832,0.998241,1.3887832,-0.31415867,1.1457668,0.18539586
1306,E020-02,1.2192776,-0.1365386,-0.3361495,1.2192776,-0.43999911,1.1717193
1307,E020-02,1.1272132,0.8836521,1.1272132,-0.86982282,0.57438464,-0.80820804
1308,E020-02,1.9748541,1.1004161,1.1998507,1.7505283,1.5638347,1.9748541
1309,E020-02,2.0636955,-0.0090998179,0.50826888,2.0636955,1.3774546,2.0571216
1310,E020-02,0.61218225,-1.1858669,-0.9810279,-3.4065813,0.61218225,-3.9221902
1311,E020-02,-0.10409205,-1.6195438,-1.6222711,-0.10409205,-0.99612341,-0.1486509
1312,E020-02,0.15897439,-1.2291852,-1.1452631,-1.7639337,0.15897439,-1.7117834
1313,E020-02,1.6392237,1.3960878,1.4960799,-0.39581714,1.6392237,-1.2218399
1314,E020-02,2.1884429,-1.0731376,-0.60122956,0.3565651,2.1884429,0.027061776
1315,E020-02,-1.3389884,-1.6142768,-1.8321948,-1.6583345,-1.3389884,-1.8569404
1316,E020-02,-0.46376379,-1.0972426,-0.91169561,-0.52587943,-0.46376379,-0.88279466
1317,E020-02,0.22729521,0.22729521,0.057200215,-0.97303797,-0.56345284,-0.59854393
1318,E020-02,-0.74783582,-2.3065164,-2.2203774,-2.2525917,-0.74783582,-2.4982271
1319,E020-02,1.4174035,-0.041846476,-0.18196324,0.8647345,-0.96836495,1.4174035
1320,E020-02,0.12611766,-1.567422,-1.7947321,-0.35739488,-0.19867389,0.12611766
1321,E020-02,0.56654385,0.33539614,0.082431225,0.56654385,-1.2041137,0.55238821
1322,E020-02,0.6824829,0.40796562,0.6824829,-0.54068738,0.44469956,-0.27300511
1323,E020-02,0.65981855,0.53947709,0.65981855,0.10537661,0.58884002,0.24350394
1324,E020-02,0.59356785,0.12853465,-0.34792806,-0.0528142,-0.81208098,0.59356785
1325,E020-02,0.57464838,0.57464838,0.43303065,-2.2768041,0.2345747,-2.029267
1326,E020-02,-0.78681401,-1.1330181,-1.1015109,-0.78681401,-1.5224601,-1.3683266
1327,E020-02,0.23004686,-0.85095487,-0.82051891,0.23004686,-0.6896763,0.069146839
1328,E020-02,1.6948261,-2.6597748,-2.6206616,1.5498905,-0.28172476,1.6948261
1329,E020-02,0.77766567,-0.91200728,-0.55252286,-0.36263367,0.77766567,-0.33878115
1330,E020-02,0.19456995,-0.83566407,-0.81441256,-0.14489775,-0.93704986,0.19456995
1331,E020-02,0.59514381,-1.2851779,-1.3803274,0.010965531,-1.075338,0.59514381
1332,E020-02,1.1837928,-0.16024424,-0.25140191,1.1837928,0.01957066,0.9712151
1333,E020-02,2.4474362,2.2915092,2.4474362,1.0686824,1.2697625,0.69623299
1334,E020-02,0.69487046,0.40426355,0.69487046,-0.5003332,-0.32009993,-0.15978526
1335,E020-02,1.6744514,0.64932416,0.87901696,1.6744514,0.22832991,1.3905335
1336,E020-02,1.5318559,1.321468,1.5318559,-0.40367009,0.96628882,-0.83860464
1337,E020-02,0.23432156,-0.69670776,-0.95783734,-0.78448337,0.23432156,-0.38254499
1338,E020-02,0.32017285,0.10396653,0.32017285,-0.27188862,-0.087060366,-0.24100661
1339,E020-02,2.8812509,0.86239239,1.2918149,-0.23326445,2.8812509,-0.20579855
1340,E020-02,0.64146675,-0.43104662,-0.44197273,-1.167447,0.64146675,-0.78415144
1341,E020-02,-0.14702815,-0.19844294,-0.53372671,-0.20149541,-1.0296722,-0.14702815
1342,E020-02,0.71144294,0.71144294,0.65620749,-0.698517,-0.21191937,-1.0975933
1343,E020-02,0.053707726,-1.0081409,-1.177455,-0.060049366,-1.7009333,0.053707726
1344,E020-02,0.18660545,-1.3571537,-1.6471932,-0.30493884,0.15084609,0.18660545
1345,E020-02,1.1181163,-0.674235,-0.2387277,-1.748129,1.1181163,-1.0271886
1346,E020-02,1.0263216,-0.38615329,-0.6660984,0.68509178,-0.46157363,1.0263216
1347,E020-02,1.332283,1.332283,1.1292308,-1.4986376,-0.25309398,-1.6199733
1348,E020-02,0.64080054,0.64080054,0.63037137,-0.20791802,-0.0062023135,0.085689911
1349,E020-02,0.7534794,-0.52375557,-0.69596645,0.7534794,0.24932733,0.20240412
1350,E020-02,-0.17584432,-2.0113855,-2.1047077,-0.70432963,-1.656574,-0.17584432
1351,E020-02,1.1703482,-0.94104954,-0.94611519,0.77076293,-0.19525209,1.1703482
1352,E020-02,3.734984,-0.82222192,-0.18643848,-1.2029511,3.734984,-0.82225713
1353,E020-02,0.20273423,-0.88551088,-1.1970582,0.17296078,-0.75467158,0.20273423
1354,E020-02,0.96177576,0.6755013,0.90700397,0.42760379,0.96177576,0.51148103
1355,E020-02,0.74684865,0.58677396,0.63733168,0.25204742,-0.14109068,0.74684865
1356,E020-02,1.2086021,-0.23812238,-0.19908864,1.1620985,0.5248397,1.2086021
1357,E020-02,-0.88671202,-0.88671202,-1.3099252,-1.2779989,-1.0725172,-1.5376489
1358,E020-02,0.33966026,-0.47016368,-0.0053833503,-0.37262247,0.33966026,-0.51392737
1359,E020-02,0.74543053,-1.2425931,-1.222348,-0.59975316,0.74543053,-0.21288369
1360,E020-02,0.3857094,-1.3204297,-1.0218649,-1.6124561,0.3857094,-1.3226341
1361,E020-02,0.91522026,-0.37074198,-0.11850493,0.42507173,0.094397422,0.91522026
1362,E020-02,0.49135262,-0.35469904,-0.33529401,-1.0969619,0.49135262,-0.70593982
1363,E020-02,0.30217589,-0.51979782,-0.2312668,-0.31503757,0.30217589,-0.053893857
1364,E020-02,-0.62822853,-0.62822853,-0.71122988,-1.3447124,-0.8110754,-0.74253819
1365,E020-02,1.3995709,-0.40631468,-0.42134673,-1.8486463,1.3995709,-2.1695824
1366,E020-02,1.2618904,-0.092960036,-0.47683817,1.2618904,-1.1720682,0.77061072
1367,E020-02,0.66087288,-1.8395618,-2.1335519,0.66087288,-3.6613554,0.56253931
1368,E020-02,0.067351493,0.025423187,0.067351493,-1.5820526,-0.69977214,-1.7270864
1369,E020-02,0.83502693,-0.14171286,-0.27899786,0.67456906,-0.61477612,0.83502693
1370,E020-02,0.41748946,-0.62314717,-0.44491311,0.19285622,0.41748946,-0.23131526
1371,E020-02,2.1176792,-0.78542942,-0.43773213,0.92767478,2.1176792,1.1878855
1372,E020-02,0.90810131,-2.4456646,-2.1583594,-0.55235333,0.90810131,-1.003379
1373,E020-02,0.98600319,-0.49949576,-0.90113554,0.62414866,-0.52335579,0.98600319
1374,E020-02,0.95418338,-1.6484699,-1.1546133,0.95418338,0.51872023,0.79920662
1375,E020-02,1.1262796,-0.65672371,-0.78369025,0.25699126,0.45868237,1.1262796
1376,E020-02,-0.51932029,-0.5712677,-0.51932029,-1.4410986,-0.59457651,-1.5065093
1377,E020-02,1.8099239,-0.41486521,-0.16974005,-1.5201828,1.8099239,-1.6841428
1378,E020-02,-1.0030887,-1.1068999,-1.2166503,-1.0030887,-1.3708693,-1.1840853
1379,E020-02,1.6461638,-1.0352907,-0.82418811,0.44590956,1.5329878,1.6461638
1380,E020-02,0.86193298,-2.1838295,-2.0156861,0.76207502,-0.70334741,0.86193298
1381,E020-02,1.1816598,-0.74520236,-0.9315854,1.1816598,-1.3810938,1.0351269
1382,E020-02,0.90054804,-0.032800799,-0.34478675,0.90054804,-2.5988045,0.62237895
1383,E020-02,0.16092718,-0.87620803,-0.75848475,-0.22540247,0.16092718,-0.86161845
1384,E020-02,1.1426312,-0.90353583,-1.1162252,1.0399192,1.0580804,1.1426312
1385,E020-02,0.62756279,0.020217363,-0.31935538,0.62756279,-2.2918258,0.25887728
1386,E020-02,0.3639305,-0.74726776,-0.81877503,-0.78025794,0.3639305,-0.74980602
1387,E020-02,0.2202725,-1.0737017,-1.0330794,-0.35002662,0.2202725,-0.89264586
1388,E020-02,0.55985281,-1.4202484,-1.0972411,0.19815885,0.15360116,0.55985281
1389,E020-02,0.99495997,-1.9085374,-1.6029648,-0.20072405,0.99495997,-0.81301074
1390,E020-02,0.3219285,-1.0048324,-1.1374484,-0.036337611,-0.464141,0.3219285
1391,E020-02,3.0604562,-0.96962092,-0.2853686,0.40616065,3.0604562,0.12453059
1392,E020-02,2.541316,0.0041874233,-0.2797447,2.541316,-1.7541793,2.3146625
1393,E020-02,0.13175427,0.13175427,-0.19544365,-0.33548053,-1.6545178,-0.41058067
1394,E020-02,1.2345109,-1.1209104,-1.0908602,1.2345109,-0.65546284,0.58654906
1395,E020-02,1.5435361,-0.92431268,-0.70743075,1.1686161,0.41433456,1.5435361
1396,E020-02,1.1454294,-0.50121813,-0.53009495,0.90924567,-0.48656375,1.1454294
1397,E020-02,2.9586144,1.2380744,1.1304029,2.8877836,-0.64071062,2.9586144
1398,E020-02,0.60633674,0.085733664,-0.31902796,0.026213206,-1.8122163,0.60633674
1399,E020-02,0.31443427,0.31443427,0.27234088,-0.7293444,-0.34194194,-0.86959639
1400,E020-02,0.92101356,-1.2630866,-0.8746329,-0.45127804,0.92101356,-0.047016633
1401,E020-02,0.89430363,-0.11044828,-0.44289289,0.89430363,-0.4663384,0.55905091
1402,E020-02,0.49824818,-0.80822815,-0.7043307,0.24959504,0.49824818,0.44081036
1403,E020-02,0.44033351,-0.68168375,-0.92594745,0.44033351,-0.7144652,0.25180961
1404,E020-02,0.0050406675,-0.77491738,-0.52655588,-0.40825773,0.0050406675,-0.13100128
1405,E020-02,0.61550787,0.60627449,0.61550787,-0.62566014,-0.10630842,-0.59719006
1406,E020-02,1.2301755,-0.98879839,-1.1307125,1.2301755,-0.43692052,1.0484695
1407,E020-02,0.40142888,-1.8040868,-1.6844021,0.0015356373,-0.59648289,0.40142888
1408,E020-02,-0.2983143,-1.9553335,-2.0630185,-0.2983143,-1.0506663,-0.30594415
1409,E020-02,1.7754876,-1.0982322,-0.99530937,1.7754876,0.38012839,1.2046845
1410,E020-02,-0.3857812,-0.3857812,-0.52401246,-0.91574147,-0.8122923,-1.4701316
1411,E020-02,-0.011765845,-0.011765845,-0.39970807,-1.2342831,-0.94268645,-1.2374441
1412,E020-02,-1.0328156,-1.1886865,-1.475746,-1.4426056,-1.0328156,-1.7642392
1413,E020-02,0.76439693,0.7590376,0.75708888,0.21815706,0.52554982,0.76439693
1414,E020-02,0.17259961,-1.0622747,-1.167144,0.096635049,-1.0390016,0.17259961
1415,E020-02,1.0737746,-0.96184017,-0.57417444,-0.20846601,1.0737746,0.52757383
1416,E020-02,-0.37361317,-0.64477383,-1.019569,-0.37361317,-1.4431121,-0.48374035
1417,E020-02,-0.195196,-0.195196,-0.28867191,-1.0156089,-0.37027814,-1.3273014
1418,E020-02,0.011448986,-0.21451112,-0.26999573,-0.021409775,-0.03783997,0.011448986
1419,E020-02,-0.18725277,-1.2170697,-1.4088721,-0.18725277,-1.5061539,-0.29858607
1420,E020-02,0.47077326,-1.9207035,-1.5847217,-1.2222486,0.47077326,-1.3686196
1421,E020-02,0.95861307,0.88937817,0.95861307,-0.65773716,0.015308538,-0.38514372
1422,E020-02,0.2913412,-0.028762501,0.22280833,-0.92224643,0.2913412,-1.1119952
1423,E020-02,1.1109875,-1.3342057,-1.0632126,-0.73505238,1.1109875,-1.1451977
1424,E020-02,1.0924035,-0.80439282,-0.5727142,0.49995359,1.0924035,0.83998082
1425,E020-02,0.86806462,0.80764389,0.85013862,-0.29378406,0.86806462,-0.35458327
1426,E020-02,1.7561112,0.46356381,0.31757083,1.7561112,-0.86518874,1.4613386
1427,E020-02,0.96913047,-2.2004725,-2.3866547,0.96913047,-0.64440945,0.93107215
1428,E020-02,-0.12807586,-0.9448868,-0.88901055,-0.30135418,-0.35068652,-0.12807586
1429,E020-02,1.664484,-0.48390946,-0.38802769,0.86761019,1.5386112,1.664484
1430,E020-02,-0.27732883,-1.7891678,-1.7533785,-0.27732883,-0.72184011,-0.42428351
1431,E020-02,1.8315005,1.0698464,0.91987176,1.7551111,0.4272969,1.8315005
1432,E020-02,0.96276698,0.33876124,0.69304154,0.16154414,0.96276698,0.36779015
1433,E020-02,0.33688959,-1.4566029,-1.4503847,0.15788555,-0.54336805,0.33688959
1434,E020-02,0.29974518,-0.65473633,-0.5611278,-0.54057239,0.29974518,-0.62882294
1435,E020-02,-0.058073337,-0.15182519,-0.058073337,-1.1342831,-0.36787914,-0.55299814
1436,E020-02,1.0460807,-0.00518116,0.1444059,-0.14760731,1.0460807,-0.706864
1437,E020-02,0.62056482,-2.4124892,-2.1489477,-0.42715778,0.62056482,-0.60197577
1438,E020-02,0.98258156,-0.472541,-0.32135286,0.50833823,0.98258156,0.81453965
1439,E020-02,0.32663689,0.32663689,-0.021352063,-0.32753739,-1.3416367,-0.89417452
1440,E020-02,1.9280801,-1.7719399,-1.3047609,-0.36969915,1.9280801,-0.65506835
1441,E020-02,-0.012327182,-0.82025325,-0.8504935,-0.29810247,-2.4251405,-0.012327182
1442,E020-02,0.31952912,-0.51783901,-0.48051085,-0.675835,0.31952912,-0.49658094
1443,E020-02,0.2857159,0.2857159,-0.14419179,-0.084781086,-2.7698621,-0.088485074
1444,E020-02,1.5221757,-0.6914442,-0.20858625,0.0667513,1.5221757,0.27113314
1445,E020-02,0.36058942,-0.54085161,-0.74396796,0.36058942,-0.81229942,0.20114175
1446,E020-02,1.3668104,-0.10235164,0.20186951,1.2665039,1.3668104,1.2549777
1447,E020-02,-0.038637381,-0.038637381,-0.19794774,-0.69771203,-0.33180935,-0.3355759
1448,E020-02,2.0901585,-1.6351537,-1.2878875,1.1248641,2.0901585,1.1564383
1449,E020-02,0.57905411,-1.4831034,-1.2274682,-1.809348,0.57905411,-1.9583165
1450,E020-02,0.11030162,-1.4725093,-1.6928597,-0.14358954,-0.40625754,0.11030162
1451,E020-02,-0.45567381,-1.7328725,-1.8843864,-0.45567381,-1.6237885,-0.69860884
1452,E020-02,0.32625504,0.32625504,0.19601037,-0.41865742,-1.5872452,-0.55011961
1453,E020-02,0.65460499,-0.83251455,-0.58611806,-0.72946073,0.65460499,-0.091004418
1454,E020-02,0.58961032,-0.2698011,-0.12218478,-1.228382,0.58961032,-0.67760488
1455,E020-02,0.22990507,-1.3575913,-1.2831156,-0.19660665,-0.49262975,0.22990507
1456,E020-02,1.1014832,0.21998322,0.4902474,0.68004615,0.69682451,1.1014832
1457,E020-02,0.21154632,-0.55762117,-0.5972615,0.21154632,0.056599148,0.072358229
1458,E020-02,1.3285696,-1.8980669,-1.9360003,1.3285696,-1.3840593,0.78856121
1459,E020-02,1.0656678,-0.5742089,-0.55521359,1.0656678,0.026899949,0.79188463
1460,E020-02,2.2749622,-0.67523181,-0.49790377,1.6328279,0.28858898,2.2749622
1461,E020-02,-0.37860257,-0.66648103,-0.92634292,-0.42995268,-1.9225722,-0.37860257
1462,E020-02,0.94202766,-2.0859487,-1.7327971,0.16132747,0.94202766,0.15372368
1463,E020-02,-0.048792076,-1.6855235,-1.6331871,-0.38249885,-0.13385363,-0.048792076
1464,E020-02,0.41692802,-0.66052698,-0.56214314,-3.5509592,0.41692802,-2.7331406
1465,E020-02,0.82648441,0.61626287,0.82648441,-0.18380663,0.3259184,-0.19291304
1466,E020-02,0.29409193,0.29409193,0.064447989,-0.52747293,-1.3289618,-0.50666532
1467,E020-02,0.17271462,-1.6385406,-1.7206173,-0.55438929,0.17271462,-0.61824416
1468,E020-02,-0.23699903,-1.3918697,-1.6524856,-0.73820171,-0.34179518,-0.23699903
1469,E020-02,0.1417851,-1.9803867,-1.8838264,-0.6798181,-0.78961238,0.1417851
1470,E020-02,1.0794451,-0.91056032,-0.82337221,0.71330125,0.091876031,1.0794451
1471,E020-02,-0.65079376,-0.65079376,-0.79584812,-1.2465334,-1.2639196,-1.2130909
1472,E020-02,0.7293267,0.13747815,0.020443113,0.7293267,-0.69120617,0.23101555
1473,E020-02,1.1585214,-1.2357811,-0.87067157,-0.014881028,1.1585214,0.059212714
1474,E020-02,1.1884596,-2.499089,-2.1595434,-0.96799283,1.1884596,-2.6479534
1475,E020-02,1.0151379,-2.8987863,-2.7822345,-1.3481749,1.0151379,-1.2351827
1476,E020-02,0.42897769,-1.5111309,-1.1907798,0.1713904,0.42897769,0.18615952
1477,E020-02,-0.0034143556,-2.5175333,-2.4980939,-0.56559089,-0.28002753,-0.0034143556
1478,E020-02,1.0585886,-1.2855327,-1.1811235,0.64905096,0.82803553,1.0585886
1479,E020-02,1.004942,-0.79387188,-0.43870438,0.55612069,1.004942,0.53641586
1480,E020-02,0.60761947,-1.0089776,-0.73874909,-0.37344774,0.60761947,-0.37545196
1481,E020-02,-0.22142605,-2.4330157,-3.3009968,-0.22142605,-3.1367006,-0.61455744
1482,E020-02,0.92318155,-0.10510894,-0.33491803,0.77488525,-1.6986446,0.92318155
1483,E020-02,0.98569178,0.89881748,0.956314,0.34836519,0.98569178,-0.24119777
1484,E020-02,1.3726385,-0.25273723,-0.29284348,1.3405127,-1.1614244,1.3726385
1485,E020-02,0.18404126,0.18404126,-0.11093691,-0.19538341,-1.1229235,-0.054250227
1486,E020-02,-0.25732483,-0.53228582,-0.25732483,-0.49665741,-0.53353618,-0.51789962
1487,E020-02,0.20625809,-0.04761239,0.071017412,-0.14443572,-0.51990448,0.20625809
1488,E020-02,1.3956947,0.019685892,-0.00066680736,0.60462034,-0.36015889,1.3956947
1489,E020-02,-0.71480041,-1.3219887,-1.3217429,-1.0377359,-0.71480041,-1.8800096
1490,E020-02,1.1502628,1.1502628,0.90140762,-0.57465912,-1.5126961,-1.1184485
1491,E020-02,0.19879537,-0.04716351,-0.23784886,-1.739141,0.19879537,-1.9336035
1492,E020-02,1.415423,-0.68443638,-1.0231428,1.2373138,-1.6185862,1.415423
1493,E020-02,1.7094188,-1.0311102,-0.7362959,-0.39498977,1.7094188,-0.25533233
1494,E020-02,0.5044299,0.48288508,0.5044299,-0.15464547,-0.96692013,-0.44775724
1495,E020-02,0.16464595,-1.0383313,-0.85350313,-0.31749791,0.16464595,-0.21868657
1496,E020-02,0.6730881,0.43510224,0.6730881,-1.2063771,0.098672441,-0.54168262
1497,E020-02,0.67350273,-1.7779422,-2.0539704,0.63608376,0.60229509,0.67350273
1498,E020-02,0.89678421,0.03401413,0.028608044,0.89678421,-0.46127455,0.39907352
1499,E020-02,0.12010606,-2.0460467,-2.0682518,-0.12770552,0.12010606,-0.078229871
1500,E020-02,0.44911798,-0.68811959,-0.98802462,0.38638016,-0.75409683,0.44911798
1501,E020-02,0.76828367,-0.66411669,-0.48600798,-1.7038399,0.76828367,-1.6573328
1502,E020-02,1.4651296,-0.69871786,-0.37656548,-0.14469833,1.4651296,0.22275211
1503,E020-02,0.95055817,-0.70429502,-0.94255142,0.80910229,-1.4757154,0.95055817
1504,E020-02,1.97967,-2.912674,-2.7778707,1.97967,0.50316192,1.0716163
1505,E020-02,-0.072532115,-0.40596015,-0.95795668,-0.072532115,-1.3244153,-0.1695107
1506,E020-02,0.85169541,-0.33897933,-0.22813357,-0.75277754,0.85169541,-0.41473758
1507,E020-02,1.5045789,0.90242699,0.83313235,1.4086264,0.2988496,1.5045789
1508,E020-02,1.7101276,1.6439473,1.7101276,-0.26264938,0.92251828,-1.492041
1509,E020-02,1.7958655,-1.0524086,-0.788758,-0.53668577,1.7958655,-0.52611685
1510,E020-02,0.56352955,-0.41030123,-0.47054591,0.18122539,-0.31944811,0.56352955
1511,E020-02,-1.2572486,-2.046483,-2.1931383,-1.6993714,-1.3613198,-1.2572486
1512,E020-02,1.1711805,-0.52437493,-0.33786149,1.1711805,0.89248393,1.0879104
1513,E020-02,0.71523469,0.20198815,-0.0078150035,-0.037585762,0.71523469,-0.13849179
1514,E020-02,0.13778586,-0.37064661,-0.19425125,-0.72301354,0.13778586,-0.3873
1515,E020-02,1.3628451,-0.026645203,0.2587694,-0.90403378,1.3628451,-0.70659589
1516,E020-02,0.79953382,-2.0541456,-2.0596263,0.73437678,0.016102225,0.79953382
1517,E020-02,-0.52199077,-1.2104014,-1.4665514,-0.76141363,-1.1848816,-0.52199077
1518,E020-02,0.32121255,-1.8276528,-2.1226138,-0.007066926,-1.4214487,0.32121255
1519,E020-02,0.32696471,-0.85843059,-0.60892751,-0.042521624,0.32696471,0.19754697
1520,E020-02,0.14307327,-0.30131614,-0.10255092,-1.3445256,0.14307327,-0.60371401
1521,E020-02,0.40949624,0.17742482,0.40808949,-0.7524975,0.40949624,-0.22982422
1522,E020-02,0.81143602,0.81143602,0.78999236,0.63727552,-0.38472536,0.66890239
1523,E020-02,0.90266735,0.72239278,0.4619562,0.90266735,-0.52967817,0.74656163
1524,E020-02,0.91622129,0.91622129,0.64012802,0.34659448,0.17870329,0.43852316
1525,E020-02,1.1579095,-1.2129983,-0.73861904,-0.99724361,1.1579095,-1.1397485
1526,E020-02,1.7434739,0.048718733,0.037725168,0.95605822,-0.37104834,1.7434739
1527,E020-02,4.0932955,-0.51190698,-0.018173813,3.6771209,1.661643,4.0932955
1528,E020-02,1.3380647,-0.80577031,-0.27013614,1.1687207,0.79590778,1.3380647
1529,E020-02,2.1342161,0.5093604,0.63648134,2.1342161,-0.37609213,2.0991812
1530,E020-02,0.66546625,-0.026094152,0.12374723,0.66546625,-0.28441939,0.21587342
1531,E020-02,0.4056111,-0.22040674,-0.24383811,-0.4499741,-0.51117722,0.4056111
1532,E020-02,0.10595179,-0.037865007,-0.059501333,-0.46381602,0.10595179,-0.63123179
1533,E020-02,1.6348427,0.20480589,0.36811175,1.4862228,1.5500938,1.6348427
1534,E020-02,1.2668433,-1.5353051,-1.4518263,1.2368279,-0.8749747,1.2668433
1535,E020-02,0.64278817,0.56567081,0.45032325,0.64278817,-0.20884074,0.15071225
1536,E020-02,-0.081838908,-0.10021186,-0.12660253,-1.4381341,-0.081838908,-1.4695819
1537,E020-02,-0.80267644,-0.85949061,-0.80267644,-1.050977,-1.6187701,-0.93726014
1538,E020-02,0.13864986,-0.41137953,-0.22458386,0.13864986,-1.0837807,-0.22704272
1539,E020-02,0.44527968,-0.19717571,-0.3502581,0.44527968,-1.0453753,0.32491587
1540,E020-02,0.48069956,-0.12979692,0.083252282,-2.7620401,0.48069956,-2.6823521
1541,E020-02,-1.4105572,-2.1503819,-2.4067589,-1.5432812,-1.4105572,-1.8258577
1542,E020-02,1.3176199,-3.3617907,-3.1082891,-1.0105114,1.3176199,-1.2158128
1543,E020-02,0.75883622,0.40853396,0.054876775,0.5902581,-1.1260743,0.75883622
1544,E020-02,0.42635201,-0.7529245,-0.98149867,-0.19370845,0.42635201,-0.13658109
1545,E020-02,0.93099645,-0.63210783,-0.70343525,0.74345733,-1.1190065,0.93099645
1546,E020-02,0.25784217,-3.1659135,-2.674156,0.25784217,-0.20356137,0.24985904
1547,E020-02,0.088666671,-1.0651856,-0.9628502,-1.9110471,0.088666671,-1.1633939
1548,E020-02,1.2808618,0.29956833,-0.39942094,1.2808618,-1.5125047,0.68281318
1549,E020-02,0.51377687,-1.2565551,-0.9711253,0.51377687,0.25820397,0.32878033
1550,E020-02,-0.54083662,-0.54083662,-0.8001536,-1.3407996,-0.97450512,-1.3686875
1551,E020-02,0.55198329,-1.9572018,-1.5569318,0.55198329,0.54334049,-0.55775352
1552,E020-02,0.38194932,0.38194932,0.10384075,-3.6825027,-1.7778863,-3.3775612
1553,E020-02,1.0036561,-0.10194027,-0.27466438,0.97180184,-0.65606125,1.0036561
1554,E020-02,0.9225193,-0.037206053,0.18388041,-0.41133682,0.9225193,-0.78834303
1555,E020-02,0.19965051,-2.6028802,-2.3075216,-0.83004094,0.19965051,-1.0203613
1556,E020-02,0.75648901,-0.3086241,-0.47463607,0.67131672,-1.8961697,0.75648901
1557,E020-02,0.70598282,0.69895311,0.70598282,-0.48951316,0.079794567,-0.54931901
1558,E020-02,0.39306659,-2.0556279,-2.0300379,0.26364428,0.39306659,0.1345201
1559,E020-02,0.76557476,0.76557476,0.32554407,0.61518612,-1.1625514,0.49743935
1560,E020-02,0.84620096,-1.981499,-1.7636381,-0.44649092,0.84620096,-0.58707086
1561,E020-02,1.1383497,-1.2879927,-1.0894142,1.1383497,0.36780956,0.34261621
1562,E020-02,1.3691017,-0.976557,-0.95703726,1.2249662,-0.65483313,1.3691017
1563,E020-02,0.54454801,-1.5799866,-1.7740657,0.54454801,-1.0618402,0.42251751
1564,E020-02,-0.27364818,-2.796033,-3.2062648,-0.34054104,-2.1926504,-0.27364818
1565,E020-02,1.6951602,-1.7128264,-1.2449881,-2.5832409,1.6951602,-2.1936181
1566,E020-02,0.4186065,0.034886959,0.22431251,-0.46639557,0.4186065,0.18199074
1567,E020-02,0.1375381,-0.58470364,-0.44546413,-0.6828404,0.1375381,-0.41323189
1568,E020-02,0.99347557,-1.31334,-1.112452,0.35016149,0.99347557,0.56612646
1569,E020-02,1.5346913,-1.8112826,-1.4134201,-0.33880634,1.5346913,-0.15953959
1570,E020-02,1.6749654,1.2991415,1.6749654,-0.51239535,1.6272805,-0.85202759
1571,E020-02,0.474781,0.474781,0.40830968,0.46973563,-0.019971308,-0.61382777
1572,E020-02,2.3361556,1.891874,2.3361556,0.36076429,1.078578,-0.062173955
1573,E020-02,-0.18754392,-1.6966868,-1.8758091,-1.955132,-0.18754392,-1.7099229
1574,E020-02,1.1048457,-1.4022227,-1.2056862,1.0333431,-0.076735834,1.1048457
1575,E020-02,2.4208059,-0.79203295,-0.67423317,2.4208059,0.20985929,2.3246719
1576,E020-02,0.87636986,-1.0508095,-1.0700598,0.23468193,-0.34441398,0.87636986
1577,E020-02,0.70019116,-0.22483019,0.1566083,-0.62261529,0.70019116,-0.76836854
1578,E020-02,0.76238381,-1.985923,-2.0075819,0.67585917,-0.42056843,0.76238381
1579,E020-02,-0.84851967,-1.0642829,-0.92669121,-1.5400547,-0.84851967,-1.5787702
1580,E020-02,1.6280855,-1.6464946,-0.85918178,0.41738343,1.6280855,0.62218884
1581,E020-02,0.27146163,-2.0517355,-1.7101995,0.27146163,0.10667028,-0.82550455
1582,E020-02,0.78093035,-1.299782,-1.2065185,0.78093035,-0.15616968,0.39503869
1583,E020-02,1.8875686,-1.7933772,-1.5815735,1.8875686,1.1665609,1.2746055
1584,E020-02,0.39429181,0.39429181,0.19744613,-0.45365422,-1.264317,-0.11085704
1585,E020-02,-0.99233458,-1.3135392,-1.5418379,-0.99233458,-1.0334718,-1.7229195
1586,E020-02,0.90984015,-0.80876842,-0.4924384,0.064231209,0.90984015,0.23704975
1587,E020-02,1.5392357,1.5392357,1.3836563,-1.0927389,-1.9419004,-0.44396869
1588,E020-02,0.51539226,-0.64172876,-0.79008262,0.056611747,-0.40432219,0.51539226
1589,E020-02,2.6609029,0.40561719,0.8075773,1.1660126,2.6609029,0.80343207
1590,E020-02,0.97303307,-0.18497095,0.029191807,0.028135979,0.97303307,-0.47655147
1591,E020-02,-0.61405657,-1.813112,-1.870189,-0.80015013,-1.0595524,-0.61405657
1592,E020-02,0.75436376,0.57495937,0.75436376,-1.7880556,0.22691471,-2.028058
1593,E020-02,-0.17198532,-2.4371044,-2.6427199,-0.33473021,-0.17198532,-0.61534284
1594,E020-02,1.2825528,-1.479769,-1.1751997,1.2825528,-0.18623394,1.2424148
1595,E020-02,0.99960829,-2.8712638,-2.674874,-2.4931134,0.99960829,-2.235142
1596,E020-02,-0.71422145,-1.8938702,-2.2293042,-0.71422145,-1.9981306,-1.2166283
1597,E020-02,0.40126098,-0.35722943,-0.33067939,-0.35690009,0.40126098,-1.2693945
1598,E020-02,1.1361674,-1.1269749,-1.1507576,1.1361674,-0.22133978,0.14535327
1599,E020-02,0.6292278,0.42971774,0.6292278,-0.22673151,0.36076884,-0.39215034
1600,E020-02,0.99672985,-3.9876928,-4.2022012,0.99672985,-0.76631333,0.1439499
1601,E020-02,1.0022347,-1.507047,-1.3975969,0.036855022,1.0022347,0.40349046
1602,E020-02,1.007451,0.51411966,0.71822646,1.007451,0.46602526,0.78057062
1603,E020-02,0.7548152,0.023922256,0.13035325,0.026000589,0.7548152,-0.75982
1604,E020-02,0.84817574,-0.21266193,0.0083490465,-0.28000557,0.84817574,-0.18255242
1605,E020-02,1.0668185,0.90591894,1.0668185,-0.50810171,-0.19672746,-0.72714003
1606,E020-02,1.2084195,-1.0044067,-1.2513288,1.2084195,-0.25254107,1.0570025
1607,E020-02,1.121904,-1.504287,-1.3002111,1.121904,0.64330686,0.98330987
1608,E020-02,0.48817959,-0.73518303,-0.78218864,0.48817959,-0.67178564,-0.03287615
1609,E020-02,0.50691959,-0.963816,-1.1030754,0.058205333,-1.4792223,0.50691959
1610,E020-02,0.44155703,-0.034523801,0.20896643,0.44155703,0.37430905,-0.045397875
1611,E020-02,0.22171337,0.19807217,0.22171337,-0.91529234,0.22059654,-0.24956962
1612,E020-02,-0.1679105,-0.92797906,-0.75473574,-1.4132528,-0.1679105,-1.5005962
1613,E020-02,1.1500018,-1.2470228,-1.1619991,1.1500018,0.26536368,0.59682226
1614,E020-02,-0.018327227,-1.5462767,-1.1574839,-0.31907444,-0.018327227,-0.63350286
1615,E020-02,0.38605666,-1.770408,-1.5118728,-0.66425279,0.38605666,-0.6164338
1616,E020-02,0.49199265,-0.7766585,-0.59269579,-1.5406323,0.49199265,-1.804117
1617,E020-02,1.5582439,-0.38244291,-0.46965866,1.5582439,-0.32159605,1.2521483
1618,E020-02,1.1780454,-1.586839,-1.3961479,-0.1521078,1.052413,1.1780454
1619,E020-02,1.438115,-2.1719755,-2.2208744,-0.52611004,1.438115,-0.090509348
1620,E020-02,0.1420285,-1.4311757,-1.4676604,0.1420285,-0.060795093,-0.1720289
1621,E020-02,0.97982,-1.5889563,-1.7248713,0.96291373,-1.5246389,0.97982
1622,E020-02,0.34159861,-0.1319079,0.21332248,0.031623614,0.0049113073,0.34159861
1623,E020-02,2.3144003,-0.55536964,-0.32284551,1.7251032,1.6403899,2.3144003
1624,E020-02,0.27206698,-0.51892311,-0.45704334,-0.22349011,0.27206698,-0.012810443
1625,E020-02,0.34117632,-1.841737,-1.9344036,0.34117632,-0.7512309,-0.0070837154
1626,E020-02,1.2968416,-0.96043414,-0.90678871,1.2968416,0.43701398,0.84426511
1627,E020-02,0.95098698,0.11469463,0.30274191,-1.213015,0.95098698,-1.1469774
1628,E020-02,1.1189157,-1.0325741,-0.82025441,0.95750371,1.1189157,1.10752
1629,E020-02,1.6534638,1.6534638,1.6210159,-0.6824289,-0.70087486,-0.62609579
1630,E020-02,0.58881469,0.24713831,0.19801156,-4.5523915,0.58881469,-4.1823596
1631,E020-02,0.98141578,-1.0697027,-0.97799277,0.98141578,-0.11939639,0.95972206
1632,E020-02,0.98364408,-1.7785557,-1.4668048,0.37156199,0.98364408,0.299364
1633,E020-02,1.0076623,0.8435467,1.0076623,0.20120947,0.81102742,-0.43857615
1634,E020-02,1.3107166,-0.69200161,-0.36113862,1.3107166,-0.064788412,0.67820211
1635,E020-02,1.9372331,-0.92451082,-0.46801126,1.6373893,1.4194057,1.9372331
1636,E020-02,1.4569755,-1.6161704,-1.1663237,-0.94701741,1.4569755,-1.2284287
1637,E020-02,1.9475341,-0.96832719,-0.68252591,1.6300334,-0.041619003,1.9475341
1638,E020-02,1.2805821,-1.8384021,-1.933702,-0.39908779,1.2805821,-0.11030135
1639,E020-02,0.76599128,0.1091942,0.20422416,-1.5669111,0.76599128,-1.9137776
1640,E020-02,0.12916994,0.12916994,-0.31639474,-0.26268737,-3.0506705,-0.7239411
1641,E020-02,1.3238019,-1.421685,-0.73003964,-0.48483244,1.3238019,0.23205186
1642,E020-02,0.26607054,-2.0863795,-2.1073281,-0.52496932,0.26607054,-0.81261128
1643,E020-02,1.1436338,-1.2376386,-1.2110391,-0.11886631,1.1436338,-0.44008287
1644,E020-02,1.3102633,-1.5743579,-1.3929119,1.3102633,-1.484066,0.41616598
1645,E020-02,0.93183235,-1.0906976,-0.81558117,-0.83499734,0.93183235,-0.52211059
1646,E020-02,1.5662805,-0.19660472,0.10154283,1.0358291,1.3843469,1.5662805
1647,E020-02,1.2033519,-0.91594016,-1.3054525,0.46841841,-1.236412,1.2033519
1648,E020-02,2.2053589,-0.027310817,0.28679937,-0.4582901,2.2053589,-0.8185922
1649,E020-02,-1.0942407,-1.7345875,-2.1007555,-1.0942407,-2.2339084,-1.1180386
1650,E020-02,1.6627112,0.11842369,0.37885575,1.1633695,0.070950325,1.6627112
1651,E020-02,-0.71217652,-0.71217652,-0.89824682,-1.4357196,-1.6183073,-1.3174592
1652,E020-02,1.636554,1.636554,1.4936215,1.0918159,-0.53331014,0.47193968
1653,E020-02,0.23403266,-0.66596789,-0.65401129,-1.7733988,0.23403266,-1.6909721
1654,E020-02,0.77493543,0.10412953,0.13502961,-0.34567471,0.77493543,-0.27794217
1655,E020-02,-0.1959762,-0.1959762,-0.50865378,-0.37515745,-1.3903442,-1.3358653
1656,E020-02,-0.063306276,-0.91956888,-1.0099343,-1.78702,-0.063306276,-0.79516294
1657,E020-02,0.28864764,-1.0054407,-1.2442659,0.21001307,-1.4430239,0.28864764
1658,E020-02,0.27078388,-0.47370093,-0.71146693,0.27078388,-1.2602728,0.25756533
1659,E020-02,1.4162119,1.4162119,1.3286255,0.15819568,-1.0434333,-0.53146885
1660,E020-02,0.14534908,-0.33397606,-0.15213445,-0.069680371,0.14534908,0.081437772
1661,E020-02,1.7445681,1.7445681,1.7396094,-1.0338009,-0.038853746,-0.74049143
1662,E020-02,2.1497228,1.917149,2.1497228,-0.65626102,0.74024401,-1.5411561
1663,E020-02,1.2646059,-1.8695675,-1.7022937,1.2646059,-0.86822087,0.80147494
1664,E020-02,0.70333146,-1.5899387,-1.4559469,-0.87763176,0.70333146,-0.26608061
1665,E020-02,0.44681372,-1.8357204,-1.8586074,-2.4998209,0.44681372,-2.1703494
1666,E020-02,0.57293381,0.4446388,0.57293381,0.52900854,0.10580982,0.52735559
1667,E020-02,0.80818619,-1.1036542,-1.5159396,0.66826254,-1.4902024,0.80818619
1668,E020-02,-0.049021047,-1.1311843,-1.1053589,-0.58657516,-0.37854589,-0.049021047
1669,E020-02,1.8650169,-1.7643154,-1.3310383,1.0168584,1.8650169,1.020705
1670,E020-02,0.25065245,-0.79812098,-0.98175752,-0.051295805,-0.29024101,0.25065245
1671,E020-02,1.963985,-1.4867294,-1.7504325,1.963985,-0.94931263,1.3476914
1672,E020-02,0.2964562,-0.93558299,-0.83983162,0.2964562,-0.26430554,0.11134907
1673,E020-02,-0.020317992,-0.020317992,-0.25012309,-2.247779,-0.8972734,-1.980301
1674,E020-02,-0.69008946,-1.634515,-1.826142,-1.0243139,-1.3292221,-0.69008946
1675,E020-02,-0.26304569,-1.204633,-1.384322,-1.3641809,-0.26304569,-0.94344572
1676,E020-02,0.47031803,0.47031803,0.29792511,-0.031119675,-0.80094268,0.11604904
1677,E020-02,0.62624636,0.017533717,0.26274687,-0.3411497,0.62624636,0.36270299
1678,E020-02,0.055882787,-0.71303932,-0.54540587,-0.60148771,-0.31998257,0.055882787
1679,E020-02,0.72524181,0.36966643,0.72524181,-0.35133,0.4934536,-0.021723669
1680,E020-02,0.049850036,-1.2843,-1.2086101,-0.15214604,-0.65522506,0.049850036
1681,E020-02,0.32470532,-1.2391226,-0.97655448,-1.0946194,0.32470532,-1.1654674
1682,E020-02,-0.58397324,-0.58397324,-0.87899684,-2.1351134,-1.4524837,-2.0198406
1683,E020-02,0.93364575,-2.2060029,-1.9709356,-0.094910541,0.93364575,0.089832954
1684,E020-02,1.603687,-0.2206301,-0.032436866,0.97959105,1.0463448,1.603687
1685,E020-02,1.5222096,1.5222096,1.1796236,0.5015058,-0.83377473,0.38542046
1686,E020-02,0.95807183,-0.058021303,0.25545527,-0.7695387,0.95807183,-0.33885107
1687,E020-02,0.88549133,0.73493731,0.88549133,-2.3621972,0.77231897,-1.7597284
1688,E020-02,0.56109685,0.37450858,0.56109685,-1.9753379,-0.14931383,-2.0669595
1689,E020-02,1.0024437,-0.4295939,0.036799762,0.034880305,1.0024437,0.20503351
1690,E020-02,0.25780691,-1.1997193,-1.0615348,-0.20265017,0.25780691,-0.78531933
1691,E020-02,1.1069556,-0.56012276,-0.39005992,-0.56559656,1.1069556,-0.61615332
1692,E020-02,0.013593437,-1.5842465,-1.6641973,-0.39742161,0.013593437,-0.39627553
1693,E020-02,0.98967217,-1.4022305,-1.2409237,0.26893114,-0.30366761,0.98967217
1694,E020-02,0.9336161,-0.3064124,-0.23277652,0.86536138,0.030521208,0.9336161
1695,E020-02,1.0326796,0.2811617,0.24105325,0.6098101,-1.1175097,1.0326796
1696,E020-02,1.152071,-1.5352827,-1.6331922,0.83848785,-1.0541948,1.152071
1697,E020-02,-1.1615187,-1.9741898,-2.4572436,-1.742811,-1.1615187,-1.8060862
1698,E020-02,1.9584658,-0.93223416,-1.0346503,1.9584658,-0.951147,1.710363
1699,E020-02,2.2920432,0.85348782,0.53246423,1.6714475,-1.6768196,2.2920432
1700,E020-02,1.6576514,-1.4846968,-1.0903666,-3.1043594,1.6576514,-2.9686567
1701,E020-02,-0.49961134,-2.2759398,-2.3959128,-0.49961134,-0.61548967,-0.82653583
1702,E020-02,1.5101924,0.10802348,-0.41151934,1.5101924,-1.693845,1.4606924
1703,E020-02,2.0331051,1.2782754,1.7425028,-0.49668916,2.0331051,-0.82956246
1704,E020-02,0.18465503,-0.12114128,0.049900315,0.18465503,-0.014431965,-0.060390715
1705,E020-02,0.40555939,-1.2660599,-0.93460152,0.34864297,0.40555939,0.23197596
1706,E020-02,0.34909636,-1.4242605,-1.2848986,0.34909636,0.22985438,0.31628623
1707,E020-02,0.60076195,-0.41704948,-0.25474612,0.57328098,-0.3771954,0.60076195
1708,E020-02,1.8488271,-0.59336607,-0.35353726,-0.67449422,1.8488271,-0.39470721
1709,E020-02,0.69771163,-0.76762574,-0.63988705,0.084713837,0.69771163,0.13945201
1710,E020-02,0.8082411,0.41216137,0.36786709,0.8082411,-0.49019761,0.64302072
1711,E020-02,0.8354749,-1.2837487,-1.2295705,0.8354749,-0.26743555,0.52553283
1712,E020-02,0.77355541,-0.0340193,-0.09384893,0.77355541,-0.81971674,0.49091396
1713,E020-02,0.42957498,0.42957498,-0.013931174,-2.0644746,-2.1656268,-1.7459883
1714,E020-02,1.3682211,0.59722359,0.96416353,0.67460098,1.3682211,0.80992695
1715,E020-02,0.96883168,0.27401448,0.73529385,0.90609467,0.96883168,0.47311616
1716,E020-02,0.89258989,-1.1259058,-1.1959101,0.47841676,-0.35731432,0.89258989
1717,E020-02,1.3576534,-1.538071,-0.97754344,-0.81542359,1.3576534,-0.34634653
1718,E020-02,0.97242459,-0.22832934,-0.17413659,0.81479111,0.74036888,0.97242459
1719,E020-02,0.98430649,-1.1901872,-0.829546,-0.87716621,0.98430649,-0.45926935
1720,E020-02,1.0718212,-0.30646957,-0.33896151,1.0718212,-0.21768794,1.0602946
1721,E020-02,1.3432593,-0.64659944,-1.0402426,1.3432593,0.063985952,1.065823
1722,E020-02,0.0013993358,-0.25220487,-0.43364426,0.0013993358,-0.45715472,-0.25022094
1723,E020-02,1.478148,-0.3401644,0.14769423,-1.9380952,1.478148,-2.2084138
1724,E020-02,1.3774732,-0.79132093,-0.51408778,0.88835748,-1.0861409,1.3774732
1725,E020-02,-0.64922274,-0.86689965,-0.89361823,-0.67346916,-1.2770972,-0.64922274
1726,E020-02,1.2306948,-0.90669308,-0.49884145,-0.29431696,1.2306948,-0.076880078
1727,E020-02,0.066105312,-0.67709426,-0.43360283,-0.49348165,-1.0212079,0.066105312
1728,E020-02,0.084110397,0.084110397,-0.49594078,-1.5580832,-1.3339321,-1.2217957
1729,E020-02,1.4837849,-0.38200619,-0.13774166,-0.7063399,1.4837849,0.0088939981
1730,E020-02,0.83085726,-1.6589413,-1.5182745,-1.0423711,0.83085726,-0.39974245
1731,E020-02,-0.089144976,-0.089144976,-0.16507696,-0.64722351,-1.6742157,-0.37407474
1732,E020-02,0.828361,-0.18456587,-0.013245226,0.71185054,0.828361,0.071621542
1733,E020-02,-0.054819277,-0.79189796,-0.67254488,-0.20765408,-0.054819277,-0.21559507
1734,E020-02,1.1216152,-0.41248319,-0.054286574,1.1216152,1.0340998,0.55239469
1735,E020-02,1.1601016,-0.97348645,-0.51344703,0.025241057,1.1601016,-0.55437566
1736,E020-02,2.2903222,-0.82616528,-0.51005103,1.812444,-0.044115276,2.2903222
1737,E020-02,0.069974413,-0.88056891,-0.56654284,-0.2307816,-0.46135496,0.069974413
1738,E020-02,0.4240573,-1.3886317,-1.2090132,-1.198891,0.4240573,-0.99676153
1739,E020-02,0.15993284,-1.9427902,-1.8312898,-1.4871266,0.15993284,-0.65080421
1740,E020-02,0.43934268,-0.40987732,-0.31336185,0.062426537,-0.41266857,0.43934268
1741,E020-02,1.1832573,0.20056632,0.19691795,-0.74947002,1.1832573,-0.61675841
1742,E020-02,1.3135592,0.023663771,0.1355739,-0.36480878,1.3135592,-0.10951701
1743,E020-02,-0.69359258,-0.69359258,-0.97830934,-1.1124482,-1.3097193,-1.0844712
1744,E020-02,1.290016,1.2710562,1.290016,1.0657015,0.042153724,0.8008533
1745,E020-02,1.4924849,-0.55387336,-0.25248043,0.14404175,1.4924849,-0.41866811
1746,E020-02,0.32004548,-0.66423901,-0.62538278,-0.63781962,0.32004548,-0.5230977
1747,E020-02,0.051076455,-1.0472189,-1.1208582,-0.089763388,-0.30420694,0.051076455
1748,E020-02,0.9223992,-0.37542658,-0.25472639,-0.48902657,0.9223992,-0.43629909
1749,E020-02,1.0270769,-1.5574406,-1.2024324,-0.4501581,1.0270769,-0.30725076
1750,E020-02,0.84308664,-0.7431671,-0.99906511,0.84308664,-1.93502,0.68232557
1751,E020-02,-0.46400827,-0.46400827,-0.7974216,-0.59627428,-1.0416747,-0.47057966
1752,E020-02,0.84083202,0.41997979,0.4780467,0.55061847,-0.0252418,0.84083202
1753,E020-02,0.94787218,-0.99095834,-0.95633394,-0.16532065,0.94787218,-0.060375955
1754,E020-02,1.1887027,0.1190508,0.091185755,1.1887027,-1.8189776,0.73561291
1755,E020-02,-0.07160592,-0.07160592,-0.82924278,-1.1508437,-1.5700225,-0.28487985
1756,E020-02,-0.68095149,-0.68095149,-1.0135125,-0.78966764,-1.4146405,-0.93111207
1757,E020-02,-0.53156766,-1.0635413,-1.0401983,-0.53156766,-0.84569729,-0.54722922
1758,E020-02,0.80323661,0.80323661,0.78643703,0.2937539,-0.63875706,0.29872969
1759,E020-02,-0.11511733,-1.0345489,-0.9729932,-0.11511733,-0.7622356,-0.29374796
1760,E020-02,0.26425434,-1.1222262,-1.2010294,0.26425434,-0.59082806,-0.3785824
1761,E020-02,0.056481762,-0.23418252,-0.12225559,-0.87674741,0.056481762,-0.75731114
1762,E020-02,0.51017952,0.42345262,0.51017952,-0.70405545,-0.24800821,-1.4353444
1763,E020-02,0.67901547,-0.019210657,-0.21095096,0.67901547,-0.24744882,0.58220855
1764,E020-02,1.3479747,-1.4548693,-0.94567964,1.3479747,0.86024984,1.1616406
1765,E020-02,-0.26372644,-0.26372644,-0.64591446,-0.63370054,-2.583035,-0.62866589
1766,E020-02,-0.31629371,-1.4196719,-1.5721877,-0.69848081,-1.5766292,-0.31629371
1767,E020-02,0.6108482,-0.0099287567,0.22316617,0.32829457,0.53505378,0.6108482
1768,E020-02,1.8170921,-2.1082891,-2.105586,1.8101828,0.13494387,1.8170921
1769,E020-02,-0.7551658,-1.1764036,-1.339812,-1.7943931,-0.7551658,-0.9264803
1770,E020-02,0.030626392,-0.65954746,-0.5998748,-0.45698045,0.0095761197,0.030626392
1771,E020-02,1.3057276,1.0170426,1.3057276,1.0170011,-0.35089272,0.87470457
1772,E020-02,0.89533448,-1.959197,-1.8328081,0.89533448,0.77909753,0.83318191
1773,E020-02,0.60338706,-2.7828212,-2.6215863,0.0410919,0.60338706,0.22219308
1774,E020-02,0.24192214,-0.92554081,-0.67814982,-0.8117925,0.24192214,-0.28531058
1775,E020-02,0.39215366,0.16576536,-0.00061117901,0.39215366,-0.48057876,0.14517086
1776,E020-02,1.5200223,1.023896,1.3696677,1.5200223,0.78278654,1.1667848
1777,E020-02,-0.34702813,-2.3659149,-2.1854593,-0.45172405,-0.53165832,-0.34702813
1778,E020-02,1.2380156,-0.55806857,0.014437613,0.69061653,1.2380156,0.22573484
1779,E020-02,0.75965686,0.50021355,0.75965686,-0.5798153,0.34936681,-1.1003606
1780,E020-02,0.68925182,-0.072001448,0.15176333,0.035074316,0.68925182,-0.14518861
1781,E020-02,0.50850199,-1.8300159,-1.7587073,0.50850199,-0.26984327,0.18556692
1782,E020-02,0.51387723,-0.90710874,-0.80736776,-0.11717917,0.41687238,0.51387723
1783,E020-02,1.3673905,-2.2740974,-1.8245148,0.81795842,-0.44007636,1.3673905
1784,E020-02,1.6964786,-0.54644719,0.045846035,0.54141103,1.6964786,0.42970468
1785,E020-02,1.0598622,-0.41689641,-0.40520073,1.0598622,-0.15588611,0.87073541
1786,E020-02,-0.083039316,-0.91127913,-1.3461199,-0.30532366,-2.4897645,-0.083039316
1787,E020-02,1.888118,-0.91926374,-0.84183389,-1.0829388,1.888118,-0.077765832
1788,E020-02,0.73623263,0.27762609,0.34005308,-0.37183506,0.73623263,0.011412302
1789,E020-02,0.87937094,-2.1390777,-2.1651599,-0.50234724,0.041845033,0.87937094
1790,E020-02,2.3625351,-1.9287772,-1.5010046,1.3856774,2.3625351,1.3335074
1791,E020-02,0.77302518,0.77302518,0.68767888,-1.0411958,-0.087160888,-1.3348253
1792,E020-02,0.81168274,-0.43353521,-0.32583057,0.067750357,-0.62083709,0.81168274
1793,E020-02,0.47665702,-0.88805475,-0.89573901,-0.22026308,-0.13220687,0.47665702
1794,E020-02,1.1698167,1.1698167,0.86430932,-1.3362428,-1.7999889,-1.3331695
1795,E020-02,0.83975547,-0.33764476,-0.028929379,-0.70330869,0.83975547,-1.0383552
1796,E020-02,0.42400559,0.1221152,0.020302551,0.22193409,-0.38564343,0.42400559
1797,E020-02,0.38806625,0.3369795,0.38806625,-0.30637652,0.31290272,-0.22055024
1798,E020-02,0.96491804,-0.68810769,-0.68371974,0.96491804,-0.42544084,0.64211739
1799,E020-02,-0.7935571,-1.6507349,-1.944288,-0.7935571,-1.2618488,-1.1736716
1800,E020-02,0.57347034,-1.8805926,-1.702205,-0.16781183,0.57347034,0.26852433
1801,E020-02,0.74193633,0.12512706,0.32690967,-0.63419786,0.74193633,-0.17078954
1802,E020-02,1.4457318,-0.8978858,-0.63410761,0.47262171,1.4457318,-0.13142235
1803,E020-02,0.50213945,-2.0941265,-1.9920959,-0.51273862,0.50213945,-0.46311924
1804,E020-02,0.59547304,0.59547304,0.48127793,-0.51025866,-0.80768681,-0.46592122
1805,E020-02,0.5030949,-0.66590818,-0.73301825,0.5030949,-0.36109209,0.0026832424
1806,E020-02,0.71243416,-1.747675,-1.537667,0.71243416,-0.16241841,0.28269141
1807,E020-02,-0.41646434,-0.57361597,-0.41646434,-1.8112069,-0.4677507,-1.5330274
1808,E020-02,0.38294099,-0.60941071,-0.58446591,0.38294099,-0.52322278,0.19442323
1809,E020-02,0.80896567,0.67159777,0.80896567,0.17578819,0.5885637,-0.96975309
1810,E020-02,1.3592083,0.12915405,-0.0090992429,1.2450614,-0.84244715,1.3592083
1811,E020-02,2.9713542,-2.2415716,-1.9324881,-0.65426005,2.9713542,-0.37708057
1812,E020-02,2.2582286,-1.5277361,-1.6665491,2.0498747,-0.76365251,2.2582286
1813,E020-02,2.1569596,-0.1193767,-0.23266058,1.4553426,-0.3366096,2.1569596
1814,E020-02,-0.12532428,-0.12532428,-0.45005547,-0.77181588,-0.86592529,-0.31905439
1815,E020-02,0.43420845,0.26058764,0.43420845,-1.8108153,-0.47988038,-1.926009
1816,E020-02,-0.22376184,-0.89128677,-0.80461975,-0.79197255,-0.22376184,-0.69100791
1817,E020-02,1.7811483,-1.6449562,-1.0883283,-1.3989844,1.7811483,-1.1615452
1818,E020-02,0.61394054,0.059833437,-0.097188932,0.61394054,-1.7295351,0.10128522
1819,E020-02,-0.33867188,-2.7514952,-2.4690041,-0.68469251,-0.43698253,-0.33867188
1820,E020-02,1.8725663,1.2496807,1.3215319,1.8725663,-0.48333747,1.0085607
1821,E020-02,0.29699787,-1.71569,-1.8558529,0.29699787,-0.5063018,-0.098534705
1822,E020-02,0.79277092,-0.85649547,-0.74198532,0.79277092,0.38983049,-0.079088094
1823,E020-02,2.2705536,1.8081552,1.8648441,2.2705536,0.080869193,1.7079529
1824,E020-02,2.0862099,0.45538157,0.88675325,-0.67569087,2.0862099,-0.43380507
1825,E020-02,1.8114087,-0.055087554,-0.039984337,1.8114087,0.55182019,1.7768385
1826,E020-02,-0.15561824,-1.9429721,-2.166549,-0.33631287,-0.15561824,-0.39140927
1827,E020-02,2.0220347,-0.26371028,0.053332106,-0.86713577,2.0220347,-0.6554618
1828,E020-02,1.3412827,-0.34930582,-0.2434714,1.3412827,-0.36554454,1.1485465
1829,E020-02,0.80920444,-0.48784359,-0.44362848,-0.10460717,0.80920444,0.2225106
1830,E020-02,1.3984315,-1.0724544,-1.1020306,1.3984315,0.24201652,1.150399
1831,E020-02,-0.56989803,-1.3523076,-1.4828023,-1.1621013,-0.81110839,-0.56989803
1832,E020-02,0.059241628,-1.7846466,-1.9186849,-0.18320404,0.059241628,-0.35717011
1833,E020-02,0.10082198,-0.27052108,-0.1231163,-0.018884456,-0.94657256,0.10082198
1834,E020-02,1.2396423,0.11223601,0.044442601,0.69478617,-1.367466,1.2396423
1835,E020-02,1.3099195,-0.89143137,-0.60876028,0.30861773,1.3099195,0.48483152
1836,E020-02,-0.61751025,-0.73481079,-0.61751025,-0.77668997,-0.6503081,-0.90884622
1837,E020-02,1.5325715,1.5325715,1.338659,-1.1607807,-0.26315938,-1.1513102
1838,E020-02,0.92006685,-0.47162834,-0.43716689,0.54741918,0.92006685,0.64840948
1839,E020-02,1.5982005,-2.7722793,-2.3047891,-1.4853856,1.5982005,-1.1270106
1840,E020-02,0.74864208,0.74864208,0.49897781,0.29038657,-0.43291208,-0.029330603
1841,E020-02,1.5264669,-2.1073663,-1.7268589,-0.26843876,1.5264669,-0.0016564792
1842,E020-02,1.2066414,1.2066414,1.137834,-0.28916977,-0.05705369,-0.044674665
1843,E020-02,-1.1386713,-1.4875353,-2.0629737,-1.1386713,-1.4039259,-1.4292954
1844,E020-02,1.8614975,-1.001107,-0.46294908,1.8614975,1.4889696,1.8298413
1845,E020-02,0.20476384,-0.77454535,-0.49286099,-0.26092837,0.20476384,-0.57052443
1846,E020-02,0.2147437,-0.77649708,-0.71905556,-1.6331026,0.2147437,-1.3543635
1847,E020-02,1.6998817,0.23917428,0.33714527,1.4198323,0.96656613,1.6998817
1848,E020-02,3.2277153,0.23521426,0.86263082,-1.6155514,3.2277153,-1.3356325
1849,E020-02,1.4369806,0.76858667,0.98400269,1.4369806,0.76615977,1.1989519
1850,E020-02,-0.094499004,-2.1022522,-2.1977363,-1.0677731,-0.094499004,-0.79931061
1851,E020-02,0.48598646,-0.30424698,-0.23605455,-2.4333671,0.48598646,-2.491186
1852,E020-02,0.88071726,0.17082512,0.08858856,0.88071726,-0.053823582,0.86257064
1853,E020-02,1.7081427,-0.057195177,0.50743525,-1.0491448,1.7081427,-0.30705832
1854,E020-02,0.3620773,0.31040371,0.3620773,-1.7678407,-1.7731636,-1.7574526
1855,E020-02,0.21125799,-0.95099929,-0.58362752,-1.2713501,0.21125799,-0.94440032
1856,E020-02,0.2155515,-0.12273947,-0.15781765,-0.21667556,0.14183398,0.2155515
1857,E020-02,0.89990449,-1.7686938,-1.5547198,-1.2777034,0.89990449,-1.1431686
1858,E020-02,1.4745459,0.251374,0.12357267,1.4745459,-1.5732648,1.3764961
1859,E020-02,2.3762071,-0.95085407,-1.128533,2.052838,-0.61730803,2.3762071
1860,E020-02,1.2462796,-0.38068109,-0.3614755,1.2462796,-0.77540967,0.95236658
1861,E020-02,0.67463817,-1.5623116,-1.3765797,0.67463817,0.59539878,0.50515848
1862,E020-02,1.4489077,1.1319109,0.98947209,-0.13212951,1.4489077,0.093558664
1863,E020-02,0.57665751,-0.56271377,-0.30013006,-0.3877155,0.57665751,-0.10095821
1864,E020-02,0.56040516,-0.31808026,-0.21742702,-0.72947243,0.56040516,0.050107146
1865,E020-02,0.24609782,-1.789229,-1.6026542,0.24609782,-0.36501082,0.21509327
1866,E020-02,0.20594729,-0.62993902,-0.44346686,-0.23215872,0.20594729,-0.26318401
1867,E020-02,1.9275664,-0.50210302,-0.59754297,1.9275664,-0.8764717,1.7108292
1868,E020-02,1.4141073,-0.98070694,-0.51614404,-1.3774088,1.4141073,-1.0887233
1869,E020-02,1.1904933,0.97431112,1.1904933,0.32349618,-0.086998081,-0.08745465
1870,E020-02,1.9500334,-0.092526296,-0.029790511,1.8179001,-0.02671176,1.9500334
1871,E020-02,1.3104432,-0.37108072,-0.3657099,-1.2073935,1.3104432,-1.0592116
1872,E020-02,1.1284282,-0.086012016,0.30539098,-0.89600263,1.1284282,-1.0796664
1873,E020-02,-0.33946181,-0.33946181,-0.51676209,-0.35987728,-0.83176338,-0.34501178
1874,E020-02,0.95507992,0.22885689,0.28677986,-0.080700924,0.95507992,0.34108638
1875,E020-02,0.39060373,-0.52904882,-0.56888767,-0.11201918,-1.1362588,0.39060373
1876,E020-02,0.62722999,-1.3772597,-1.0446385,0.45787734,-0.095237856,0.62722999
1877,E020-02,0.68378405,-0.2401609,-0.059438357,0.60040537,0.34827474,0.68378405
1878,E020-02,-0.20576921,-0.3651642,-0.20576921,-0.73521969,-0.50666438,-0.61576213
1879,E020-02,-0.65353182,-2.6865493,-2.5755845,-0.65353182,-0.84131118,-0.83872444
1880,E020-02,-0.0027813018,-1.3455259,-1.2294639,-0.0027813018,-0.53782309,-1.4256071
1881,E020-02,-0.20378714,-1.6676496,-1.9881104,-1.04449,-2.1046547,-0.20378714
1882,E020-02,0.18525978,-1.8420362,-1.9246793,-0.08077164,0.18525978,0.11719035
1883,E020-02,0.25192329,-2.516527,-2.274711,-0.56286838,0.25192329,-1.1474332
1884,E020-02,0.88688888,-0.38399428,-0.33415761,-0.97013763,0.88688888,0.22684569
1885,E020-02,0.79007458,-2.5429359,-2.2957887,-1.5947858,0.79007458,-1.8988402
1886,E020-02,0.48896749,-1.2956309,-1.2135748,-0.35260327,0.48896749,0.15619862
1887,E020-02,3.9410026,0.074403846,0.77291849,2.001002,3.9410026,1.2689084
1888,E020-02,1.6566966,-2.6229964,-2.1875785,1.6566966,1.5541877,1.1949245
1889,E020-02,-0.36341123,-0.71692507,-0.79238847,-1.1379443,-0.36341123,-0.37996477
1890,E020-02,0.60238696,-1.8744551,-1.8418183,0.60238696,-0.74970191,0.56618809
1891,E020-02,1.1130767,-2.1769823,-2.3132605,1.1130767,-0.62403994,0.92039224
1892,E020-02,-0.3758214,-1.0903474,-1.04792,-0.7488419,-1.3507092,-0.3758214
1893,E020-02,2.3372724,-0.74425887,-0.070403098,-0.41449304,2.3372724,-0.80579121
1894,E020-02,-0.0013611287,-0.83363856,-0.88632665,-0.0013611287,-1.0756225,-0.019376687
1895,E020-02,2.1110768,0.20952258,0.13996863,1.2752166,-0.10043696,2.1110768
1896,E020-02,-1.2165393,-1.2165393,-1.4824295,-1.3095677,-1.6028346,-1.6200717
1897,E020-02,0.46396968,0.22823952,0.46396968,-1.1261972,-0.58815275,-1.1059555
1898,E020-02,-0.58362187,-1.2058296,-1.3024524,-1.1052553,-0.58362187,-0.78227806
1899,E020-02,-0.010733351,-2.446194,-2.6194949,-0.047260478,-0.010733351,-0.98083114
1900,E020-02,-0.76710886,-0.76710886,-1.0587586,-0.76901798,-2.0727063,-0.92938965
1901,E020-02,0.31819541,-0.29378434,-0.12171019,-0.36284809,0.31819541,-0.3037251
1902,E020-02,0.23063333,0.0029112992,0.23063333,-1.0913445,0.1662159,-1.4823614
1903,E020-02,0.34967648,-1.8895968,-2.0060022,0.34967648,0.29942354,-0.32531415
1904,E020-02,0.79851284,-0.55627238,-0.32828381,0.79851284,-0.036135421,0.46089186
1905,E020-02,1.2038645,-1.2166991,-0.66725727,0.46466567,1.2038645,0.96494183
1906,E020-02,0.48546828,-1.7451438,-1.782798,0.48546828,0.084309589,0.27954614
1907,E020-02,0.50639977,-0.36972481,-0.57178675,-0.014318622,-1.685454,0.50639977
1908,E020-02,1.1149209,-1.7033026,-1.716032,0.9445785,0.15624466,1.1149209
1909,E020-02,2.003567,-0.26849669,0.24193701,-0.080313818,2.003567,-0.37018126
1910,E020-02,1.684153,-2.417354,-2.2091102,1.4435343,0.1445005,1.684153
1911,E020-02,1.2737976,0.56120178,0.6488913,1.2737976,1.1156098,0.6207074
1912,E020-02,0.31271496,0.12462089,-0.11283819,0.31271496,0.12545226,0.26190516
1913,E020-02,1.2722519,0.943447,0.83608618,0.81877028,0.71054308,1.2722519
1914,E020-02,1.5335759,-2.5870505,-2.4520989,1.1648736,0.13290689,1.5335759
1915,E020-02,1.054334,0.64918034,1.054334,-0.004375647,-0.31865574,-0.22738022
1916,E020-02,0.54868315,0.36557461,0.044704135,0.54868315,-0.85744629,0.39040177
1917,E020-02,0.34747314,0.13887873,0.34747314,-1.0154032,0.111509,-0.8040429
1918,E020-02,1.1398354,-0.61179743,-0.36160407,0.40850332,1.1398354,0.22091156
1919,E020-02,0.068771939,-0.083950315,-0.17482694,0.068771939,-0.81583329,-0.033687649
1920,E020-02,0.82995103,-2.4502493,-2.3275834,0.17518145,0.82995103,0.29897728
1921,E020-02,1.9938203,1.9419588,1.9938203,0.49675203,-0.53611035,-0.74981405
1922,E020-02,0.13802559,0.13802559,-0.074952568,-0.030022151,-0.22293888,-0.95179341
1923,E020-02,0.53781947,-0.090590463,-0.32894779,0.53781947,-1.2583039,0.28851473
1924,E020-02,-0.20039843,-0.92307108,-0.69931725,-0.52408311,-0.20039843,-0.54544733
1925,E020-02,1.2321705,0.1560531,0.4269095,-0.3931271,1.2321705,-0.20136102
1926,E020-02,-0.14262451,-0.45978805,-0.7542478,-1.0353143,-1.4841647,-0.14262451
1927,E020-02,1.7034531,-1.7150272,-1.5509841,1.7034531,-0.014636496,1.3872012
1928,E020-02,3.0141633,-1.5414754,-0.76307048,-0.20910078,3.0141633,-0.10621516
1929,E020-02,0.30184885,0.073929603,0.096409029,-0.61227531,0.30184885,-0.85257604
1930,E020-02,0.38526892,0.38526892,0.17568908,-0.041751911,0.15092446,0.098002586
1931,E020-02,0.78314468,-1.5908176,-1.7423924,0.57659986,-1.6929284,0.78314468
1932,E020-02,-0.28981428,-2.2756781,-2.3783418,-0.29505837,-1.2825418,-0.28981428
1933,E020-02,0.67072435,-1.1730719,-1.040945,0.38398175,0.67072435,0.4094602
1934,E020-02,0.90894844,-1.881347,-1.5789107,-1.5405373,0.90894844,-1.726661
1935,E020-02,1.033215,0.80712245,1.033215,-0.75974885,-0.034836825,-0.54020176
1936,E020-02,1.3132418,-1.0459936,-1.047352,0.62778375,1.3132418,0.29595784
1937,E020-02,1.0052516,-0.32167226,-0.11023361,0.95807062,0.10486977,1.0052516
1938,E020-02,1.5028704,-1.4897337,-1.0007369,1.2325929,1.5028704,1.124892
1939,E020-02,0.77142419,0.37108628,0.41511625,-1.2227099,0.77142419,-0.46003858
1940,E020-02,1.7301562,1.7231675,1.7301562,-1.4489037,0.64989413,-1.9842609
1941,E020-02,0.93483252,-2.0218439,-1.9775008,0.43152527,0.93483252,0.75558545
1942,E020-02,0.5355201,-1.7247796,-1.6333166,0.5355201,-0.62935037,0.23115448
1943,E020-02,2.2884585,-0.77651209,-0.25142309,0.14105675,2.2884585,0.72781986
1944,E020-02,0.86630978,0.83156153,0.67069578,0.57482798,-0.92081432,0.86630978
1945,E020-02,0.3925572,-1.3247307,-0.90582565,-0.31503253,0.3925572,-0.97969488
1946,E020-02,0.1232573,-0.39015282,-0.092713632,0.1232573,0.077625896,-0.014136964
1947,E020-02,0.64729596,-1.5091735,-1.735624,0.38249339,-0.45039909,0.64729596
1948,E020-02,2.5979869,0.36972893,0.91439622,1.742359,2.5979869,2.4121471
1949,E020-02,2.3510994,0.23702818,0.493965,1.201525,2.3510994,0.52967226
1950,E020-02,0.56330806,0.56330806,0.2807838,-1.2988414,-1.5834759,-1.0651162
1951,E020-02,2.1601889,2.1601889,1.7434264,-1.0177009,-1.9112902,-1.3728861
1952,E020-02,0.90890013,-1.2687356,-1.0686365,0.45562809,-0.34702059,0.90890013
1953,E020-02,0.027534462,-1.2645207,-1.2179487,-0.34670926,0.027534462,-0.55505592
1954,E020-02,1.1434052,-2.2375888,-1.9591843,1.1434052,-0.3627528,0.94600351
1955,E020-02,0.30879666,-0.44890372,-0.47371135,-0.38445937,0.30879666,-0.17317658
1956,E020-02,0.93491562,-1.022262,-0.87077091,0.93491562,-0.52942378,0.78749934
1957,E020-02,0.89228076,0.89228076,0.87164162,0.46750289,-1.683141,0.30485099
1958,E020-02,1.0621575,0.29765646,0.65597014,-0.82539245,1.0621575,-1.1077967
1959,E020-02,0.58552085,-1.1879269,-1.1366316,0.58552085,-0.85519844,0.51380481
1960,E020-02,0.90544287,-0.58919676,-0.17353921,0.06432071,0.90544287,0.32972129
1961,E020-02,0.45751165,-1.5557858,-1.4075111,-0.79372502,-0.0092455398,0.45751165
1962,E020-02,0.18088182,-1.3911186,-1.597219,-1.5803416,0.18088182,-1.4848091
1963,E020-02,0.43723557,-0.010656621,0.43723557,0.3385029,0.042728745,0.018175595
1964,E020-02,-0.37794541,-0.37794541,-0.68127843,-0.81964343,-0.88839011,-0.42675916
1965,E020-02,1.1434659,-0.40727431,-0.50673244,1.1434659,-0.30689973,1.0257978
1966,E020-02,0.47369217,-0.75580643,-0.90040964,0.43156264,-1.1677618,0.47369217
1967,E020-02,1.532854,1.4396472,1.532854,0.77193402,0.35378677,0.45011506
1968,E020-02,2.9118435,-1.8656305,-1.9753896,1.772571,-0.3152485,2.9118435
1969,E020-02,3.0775209,0.31489746,0.99007292,1.4933445,3.0775209,2.3188728
1970,E020-02,1.7967623,0.1339272,0.44058481,-0.17758289,1.7967623,-0.29062892
1971,E020-02,0.10977897,-2.4411199,-2.5765732,-0.12835298,-1.7539899,0.10977897
1972,E020-02,-0.24780115,-0.6039269,-0.80554146,-0.73366832,-1.933661,-0.24780115
1973,E020-02,1.6333858,1.6333167,1.6333858,0.89223364,-0.20392802,0.7638563
1974,E020-02,0.6253126,-0.45908593,-0.32558837,-0.58338238,0.6253126,-0.58320406
1975,E020-02,1.4899169,0.85354688,1.0671726,1.2042362,1.4899169,0.9747207
1976,E020-02,0.01332495,-2.1103343,-2.2445692,-0.74796464,0.01332495,-0.33257058
1977,E020-02,0.31416213,-1.0768396,-1.2080877,-1.9486381,0.31416213,-2.0641919
1978,E020-02,-0.2450823,-0.81643491,-0.55486763,-0.34801743,-0.2450823,-1.3627679
1979,E020-02,1.3332981,-1.7354138,-1.3286735,-0.31459315,1.3332981,-0.34168261
1980,E020-02,-0.13829926,-0.65985782,-0.36640239,-0.13829926,-0.60286954,-0.33118284
1981,E020-02,0.23277491,-0.54007782,-0.69945769,-0.40616006,0.23277491,-0.24252373
1982,E020-02,-0.12742587,-1.2714415,-1.0213606,-0.72666174,-0.32579067,-0.12742587
1983,E020-02,0.99079045,-2.2010421,-2.0720289,0.99079045,-0.44719969,0.83064933
1984,E020-02,0.90676354,-0.34886346,-0.19285748,-3.8425675,0.90676354,-4.0292374
1985,E020-02,1.0268827,-0.39660024,-0.1572717,0.84791068,0.68820077,1.0268827
1986,E020-02,1.1089668,-1.4902946,-1.2948507,1.0362347,0.28022834,1.1089668
1987,E020-02,0.50695337,0.11811001,0.17029077,0.12849991,0.16900321,0.50695337
1988,E020-02,-0.11904121,-0.34697458,-0.43712727,-1.1280288,-0.11904121,-0.86440469
1989,E020-02,0.94561931,-1.14795,-1.3962873,0.35073853,-0.93731527,0.94561931
1990,E020-02,1.5768015,-1.6285797,-1.6904602,0.45060232,0.44701596,1.5768015
1991,E020-02,0.64793753,-0.099999411,0.36158642,-0.083518692,0.64793753,-0.0971602
1992,E020-02,2.0878897,0.23087322,0.52317264,2.0878897,1.098907,1.6505398
1993,E020-02,0.71408206,-1.6112739,-1.5695725,0.71408206,0.47905985,0.60372379
1994,E020-02,0.75646807,0.26234891,0.1985973,-0.40772958,0.75646807,-0.58810984
1995,E020-02,-0.37725928,-2.985456,-3.3761094,-1.7650648,-0.37725928,-1.7342596
1996,E020-02,-0.52677939,-0.85613078,-0.72230715,-1.296079,-0.52677939,-1.5077377
1997,E020-02,1.0820495,1.0820495,0.57212486,0.12542244,-1.9127803,-0.029401565
1998,E020-02,1.2509535,-1.5051111,-1.1923,0.23813899,1.2509535,0.60640856
1999,E020-02,1.2757795,-2.2933445,-2.1406972,0.98924229,-0.5576613,1.2757795
2000,E020-02,1.0306718,0.17176025,-0.2931596,1.0306718,-1.2667143,0.66949256
2001,E020-03,-0.01835669,-1.0450605,-0.75472113,-0.063522023,-0.01835669,-0.48271349
2002,E020-03,1.7884381,0.50810202,0.62837073,1.1114219,0.42989854,1.7884381
2003,E020-03,0.66423737,0.20873121,0.66423737,0.49743516,-0.42679907,0.48489823
2004,E020-03,-0.13295391,-0.82950426,-0.61344371,-0.69584108,-0.23022573,-0.13295391
2005,E020-03,0.52942634,-1.874611,-1.8526789,-0.17338174,0.52942634,-0.017826346
2006,E020-03,0.50884036,-1.4367498,-0.92058056,-1.71912,0.50884036,-1.5910778
2007,E020-03,2.6507334,-1.4650232,-1.0536298,1.9262694,1.6607032,2.6507334
2008,E020-03,0.082393824,-2.0377206,-1.8848939,-0.3967982,-0.73114197,0.082393824
2009,E020-03,0.68296462,-1.4022412,-1.2080847,0.68296462,0.27083267,0.24024679
2010,E020-03,0.21433627,-0.6364882,-0.6392143,-0.02859005,0.21433627,-0.22836181
2011,E020-03,0.11422856,0.023210682,0.11422856,-2.3720713,0.095644939,-1.4885555
2012,E020-03,-0.45711976,-1.5962911,-1.3759934,-3.4094184,-0.45711976,-2.9771375
2013,E020-03,0.93112352,-2.2522553,-1.7976868,-0.34288741,0.93112352,-0.061071839
2014,E020-03,0.5149953,-0.75224262,-0.85871908,0.5149953,0.040693861,-0.095715921
2015,E020-03,1.0140252,-2.015528,-1.8291965,-1.3491829,1.0140252,-1.3118258
2016,E020-03,0.034053626,0.034053626,0.0085622229,-0.057129153,-0.77793879,-0.24645657
2017,E020-03,1.060088,-0.4751589,-0.35353381,0.49221123,0.62218264,1.060088
2018,E020-03,-0.19322638,-0.4695604,-0.57159435,-0.19322638,-0.66592911,-0.48408003
2019,E020-03,1.1298094,-1.7383294,-1.3885718,-0.7361292,1.1298094,-0.50342803
2020,E020-03,0.69454104,0.65676245,0.69454104,-1.5678582,0.26819859,-1.0460772
2021,E020-03,0.75372841,0.75372841,0.62785063,0.36775819,-0.9351583,0.43504383
2022,E020-03,-0.34637622,-1.2424882,-1.3537636,-2.460299,-0.34637622,-3.0665048
2023,E020-03,0.029114662,-0.43236393,-0.84350133,-0.72398909,-2.1321981,0.029114662
2024,E020-03,1.4727678,-0.77473089,-0.59393245,-0.086511135,1.4727678,0.3261557
2025,E020-03,1.2788788,-1.0124633,-0.98406714,0.86961845,-0.42603698,1.2788788
2026,E020-03,1.9092144,-2.0320829,-2.1175474,1.9092144,-1.1398719,1.7445452
2027,E020-03,3.004344,0.53267295,0.58461032,2.9699471,-0.29665528,3.004344
2028,E020-03,1.0783267,-0.47512947,-0.31508099,1.0783267,1.0172809,0.98286116
2029,E020-03,-0.33726778,-0.33726778,-0.42427396,-0.73417115,-0.85793648,-0.63594498
2030,E020-03,0.94176818,0.0086904072,0.081406783,0.81187915,0.94176818,0.85095284
2031,E020-03,1.4779376,-0.55086484,-0.56103808,1.2610096,0.052594358,1.4779376
2032,E020-03,0.26829345,-0.62350498,-0.6533268,-0.771903,0.26829345,-0.48121799
2033,E020-03,0.4929335,0.4929335,0.16516948,-2.1216587,-2.1885807,-1.920305
2034,E020-03,0.28713571,-0.46129197,-0.30329688,-0.3949841,0.28713571,-0.64058039
2035,E020-03,0.34856236,0.34856236,0.16296717,0.10671186,0.21253134,-0.64560783
2036,E020-03,0.37279366,-0.32024095,-0.23673285,0.37279366,-0.40932933,0.080692277
2037,E020-03,0.58415482,0.58415482,0.36357479,-0.63570117,-1.1920813,-0.6781911
2038,E020-03,0.17450152,-1.8989367,-1.6299797,-1.3948142,0.17450152,-1.0974062
2039,E020-03,-1.0353387,-1.1492112,-1.0353387,-1.1656887,-1.7287168,-1.1313001
2040,E020-03,0.67677855,-1.0228902,-0.7024041,0.67677855,0.59200125,0.64237327
2041,E020-03,0.68744149,-0.14418739,0.031105744,-0.52893143,0.68744149,-0.68558286
2042,E020-03,1.1758429,-0.36016405,-0.26283636,0.91024081,-0.51514333,1.1758429
2043,E020-03,1.2362952,0.66131271,0.731043,0.64688993,-0.25951385,1.2362952
2044,E020-03,0.86752052,-0.33825625,0.041877448,0.81949105,0.39979808,0.86752052
2045,E020-03,1.0522003,-0.21944555,-0.065693404,1.0522003,0.7402531,0.67022985
2046,E020-03,3.0100656,-0.57912603,-0.16135319,-0.4986313,3.0100656,-0.97359957
2047,E020-03,1.0364107,-1.0032091,-0.70865235,-0.76584662,1.0364107,-0.60017642
2048,E020-03,0.8763972,0.47491763,0.097855615,0.64440057,-1.4915931,0.8763972
2049,E020-03,0.88071076,0.40444722,0.0894909,0.88071076,-2.4021864,0.6220775
2050,E020-03,0.3066703,-1.7176932,-1.7440518,-1.5552032,0.3066703,-1.3233913
2051,E020-03,0.22881839,-0.8036011,-0.56481643,0.084744477,0.22881839,-0.62703561
2052,E020-03,0.074372251,0.074372251,-0.25177309,-1.7755308,-2.4426014,-1.4431856
2053,E020-03,-0.25832419,-0.87772585,-0.60788253,-0.93237797,-0.25832419,-1.2601007
2054,E020-03,1.6745498,0.10867357,0.43853426,0.92539157,1.6745498,0.94881288
2055,E020-03,2.494902,-1.0846731,-1.2369383,2.494902,-0.53444431,2.4116526
2056,E020-03,0.65991197,0.11327713,0.29254395,-1.8522304,0.65991197,-1.0494185
2057,E020-03,0.58711628,-2.4798915,-2.602355,-0.63684628,0.58711628,-1.2763439
2058,E020-03,0.20805664,-0.52433953,-0.46824651,0.16494235,0.057231866,0.20805664
2059,E020-03,-0.74707399,-1.5693792,-1.6573112,-0.74707399,-1.4923714,-0.78724732
2060,E020-03,-0.32637041,-0.96062925,-0.95671186,-1.0229312,-0.32637041,-0.85619259
2061,E020-03,1.0964812,-0.33149822,-0.26184258,-0.98176948,1.0964812,-0.78755733
2062,E020-03,-0.30241697,-2.5948656,-2.4319947,-1.1429137,-0.30241697,-1.4163208
2063,E020-03,1.2365193,1.1954709,1.2365193,-0.071847149,-0.18773428,-0.34138457
2064,E020-03,0.9425582,-0.57664064,-0.30922035,0.9425582,0.85912318,0.3896098
2065,E020-03,-0.43505195,-0.70707229,-0.95992427,-0.99739417,-0.86862576,-0.43505195
2066,E020-03,1.6645067,-0.17767464,0.31091041,-0.55402847,1.6645067,-0.021748421
2067,E020-03,3.0179651,-0.28086672,0.7225267,-0.023144884,3.0179651,0.23396946
2068,E020-03,0.60158196,-1.5169047,-1.5509163,0.60158196,0.057323936,0.43690056
2069,E020-03,1.4544434,0.59202165,0.71899773,1.0793944,0.71954948,1.4544434
2070,E020-03,1.7541261,-1.3682206,-1.2899631,1.5135488,0.90933062,1.7541261
2071,E020-03,0.33444014,0.15520381,0.33444014,-0.24719076,0.25033604,0.20479407
2072,E020-03,0.92795653,-0.67668241,-0.52096276,-0.42822292,0.92795653,-0.48358336
2073,E020-03,0.53101248,-0.99222197,-0.53635709,-0.3344642,0.53101248,-0.45836737
2074,E020-03,0.028711673,-0.40441856,-0.59249381,-0.10264083,-0.21038904,0.028711673
2075,E020-03,0.75530436,-0.30745875,-0.25088032,-0.048591076,0.37031878,0.75530436
2076,E020-03,0.61636189,-0.0084875322,-0.23065434,0.61636189,-1.0470428,0.3134902
2077,E020-03,1.0722835,-1.724984,-1.6633019,-1.0646373,1.0722835,-1.2449285
2078,E020-03,-0.59675308,-0.95123636,-1.1044129,-0.98435699,-0.93469069,-0.59675308
2079,E020-03,-0.12633685,-0.15071381,-0.12633685,-0.83440279,-0.73937903,-0.56031988
2080,E020-03,-0.73745366,-1.2341649,-1.1648327,-0.86899379,-0.73745366,-1.0135663
2081,E020-03,0.79314873,0.78756944,0.79314873,-0.680542,-0.4573866,-0.57799298
2082,E020-03,1.622042,0.40409678,0.45090153,1.0353844,-0.11400812,1.622042
2083,E020-03,-0.14386769,-1.5887906,-1.6451249,-0.52291348,-1.1597624,-0.14386769
2084,E020-03,-0.12544653,-0.55152716,-0.37052819,-0.78966959,-0.12544653,-0.6280861
2085,E020-03,-0.21049466,-1.5523263,-2.0674189,-0.26747344,-1.4034811,-0.21049466
2086,E020-03,-1.0177871,-1.3343448,-1.9449566,-1.0177871,-1.6344485,-1.2678912
2087,E020-03,-0.25729162,-1.2497114,-1.5119452,-1.0972444,-0.25729162,-1.3140047
2088,E020-03,-0.31273082,-0.91474896,-1.122289,-0.31273082,-1.7215794,-0.54873758
2089,E020-03,0.90256833,-1.9080084,-1.9105155,0.90256833,0.21388101,0.71810708
2090,E020-03,0.012496718,-0.19145704,-0.14241794,-0.5143665,0.012496718,-0.49855753
2091,E020-03,-1.044132,-1.6997044,-1.8817997,-1.5222637,-1.7392937,-1.044132
2092,E020-03,0.8518647,-2.2711272,-2.1090085,0.12570609,0.8518647,-0.078603997
2093,E020-03,0.079585982,-1.7675039,-1.6100178,0.079585982,-0.030494474,-0.44925106
2094,E020-03,1.8136323,-0.034355344,-0.093262727,1.8136323,0.62624447,1.4787977
2095,E020-03,-0.63285819,-0.63285819,-0.83854277,-0.9767184,-1.3885498,-0.99746422
2096,E020-03,0.64281482,-0.89302111,-1.1287188,-0.12961161,0.64281482,-0.084615293
2097,E020-03,-0.13201201,-0.47166472,-0.70895143,-0.75980027,-0.13201201,-0.15856625
2098,E020-03,0.6025719,-1.5582241,-1.4759052,-0.30155337,0.6025719,-0.15497139
2099,E020-03,-0.70474165,-0.70474165,-0.89758501,-2.4483339,-1.5594837,-1.8953485
2100,E020-03,2.2338502,-0.52595057,0.077364301,-0.61614893,2.2338502,0.056674447
2101,E020-03,-0.58941712,-0.58941712,-0.8539779,-2.000047,-0.92915768,-2.5477271
2102,E020-03,0.20582364,-1.5210894,-1.2161181,-0.58303156,0.20582364,-0.75452949
2103,E020-03,1.7491684,-0.038127406,0.044050726,1.7491684,0.022766343,1.3308037
2104,E020-03,1.2941867,-2.1566897,-1.9595797,0.30529063,1.2941867,0.28272063
2105,E020-03,0.91810501,0.82732044,0.91810501,-1.8703274,0.23645004,-1.4072266
2106,E020-03,0.81012373,-0.50832993,-0.20785564,-1.1072594,0.81012373,-1.1326989
2107,E020-03,1.0068964,0.8749385,0.74599399,-1.6198549,1.0068964,-1.4127263
2108,E020-03,-0.14538012,-0.86418795,-0.73048495,-0.14765702,-0.14538012,-0.19529213
2109,E020-03,-0.086088316,-0.11426783,-0.086088316,-0.78579877,-0.37859761,-1.1117886
2110,E020-03,1.3731054,-0.58787505,-0.5091007,0.20893717,1.3731054,-0.17502099
2111,E020-03,1.1428629,-0.90715598,-0.56853162,-0.98425444,1.1428629,-0.73912555
2112,E020-03,1.3730747,0.63202318,1.3730747,1.3691404,-0.11218709,0.84014019
2113,E020-03,1.6707024,-0.33796679,-0.364524,0.61950889,1.6707024,0.41741175
2114,E020-03,-0.97758061,-1.1238969,-1.1619876,-1.7787183,-0.97758061,-1.3224623
2115,E020-03,0.64332682,-1.3202714,-1.6875845,0.2297314,-0.73061333,0.64332682
2116,E020-03,0.98669346,0.28048925,0.56476297,0.98669346,-0.082736554,0.68049871
2117,E020-03,0.7322887,-0.42122256,-0.54170427,0.21662349,-1.2924208,0.7322887
2118,E020-03,1.0852218,-1.1925598,-0.92696463,-0.14971947,1.0852218,0.42712155
2119,E020-03,-0.39094631,-1.0514625,-1.2966039,-1.0051243,-0.39094631,-0.80880869
2120,E020-03,0.48291421,0.20792412,0.48291421,-0.75691112,0.23419034,-0.20982808
2121,E020-03,-0.36679494,-0.96951296,-1.4766009,-0.36679494,-1.3363599,-0.43784591
2122,E020-03,0.54675555,-1.261816,-1.2004005,0.35985409,0.32754194,0.54675555
2123,E020-03,-0.019603349,-1.6019736,-1.6597349,-0.80663555,-0.019603349,-0.77850313
2124,E020-03,0.28387881,0.28387881,0.098336253,-0.21085636,-0.56834377,-0.39736962
2125,E020-03,1.4851621,-1.2321154,-0.65344202,0.42537592,1.4851621,0.98905612
2126,E020-03,2.7839906,0.37047609,0.81571099,0.36909181,2.7839906,0.23327556
2127,E020-03,1.8812245,0.38465435,0.35547951,1.8334023,0.57463377,1.8812245
2128,E020-03,0.20483792,-1.7605191,-1.4239175,-0.42875013,-0.18087602,0.20483792
2129,E020-03,0.92777882,0.92777882,0.83471479,0.068881999,-1.4500153,0.32269102
2130,E020-03,1.1685988,-1.9046224,-1.58714,-1.951847,1.1685988,-0.81902082
2131,E020-03,1.325576,-0.60423224,-0.21974802,0.06868211,1.325576,0.19593718
2132,E020-03,-0.11106694,-0.99811264,-1.1201211,-0.11106694,-0.96414764,-0.31513767
2133,E020-03,-0.10526294,-0.10526294,-0.22515564,-1.1004785,-1.2920783,-1.1609401
2134,E020-03,0.73059494,-2.0848408,-1.9456533,-0.21404974,0.73059494,0.25482292
2135,E020-03,0.91608998,-0.88720113,-0.7877847,-0.30922267,0.91608998,-0.60739718
2136,E020-03,2.1999134,-0.28621947,-0.31134242,1.2363654,-0.9678538,2.1999134
2137,E020-03,0.49294557,-1.2365865,-1.0367852,-0.98237042,0.49294557,-0.4635546
2138,E020-03,0.29371333,-2.1181705,-2.0146938,0.29371333,-0.78677715,-0.27990058
2139,E020-03,0.38948916,-2.1352522,-1.8682448,0.070334751,0.17589051,0.38948916
2140,E020-03,-0.50590246,-2.5898885,-2.5228748,-2.0036189,-0.50590246,-1.4852149
2141,E020-03,1.8933202,-0.37094206,-0.38194259,1.8933202,-0.24683012,0.74374094
2142,E020-03,-0.25590041,-3.0132654,-3.0339142,-0.25590041,-0.71286166,-0.93041574
2143,E020-03,1.3468343,-1.4394501,-1.2003274,-1.4174669,1.3468343,-1.1382022
2144,E020-03,0.17931213,-0.17757705,-0.45027479,-0.14133006,-1.1511479,0.17931213
2145,E020-03,0.94114709,0.59721164,0.94114709,-0.6756775,0.89973297,-0.10976533
2146,E020-03,0.84382402,0.5495917,0.39415573,-0.81300192,0.84382402,-0.75532442
2147,E020-03,1.9274905,-0.81639809,-0.65326425,1.1347406,0.39622441,1.9274905
2148,E020-03,-0.38689633,-0.9104807,-0.86297444,-1.3739779,-0.38689633,-0.89133553
2149,E020-03,1.0561418,-0.54559666,-0.69948182,0.93983767,-0.33109278,1.0561418
2150,E020-03,-1.0470943,-1.2173508,-1.4912469,-1.1344493,-1.0470943,-1.4058122
2151,E020-03,1.3976941,-3.5677225,-2.9595106,-0.65439717,1.3976941,-1.1996583
2152,E020-03,0.7973698,-1.7801775,-1.5071584,-0.53142365,0.7973698,0.083461686
2153,E020-03,-0.10075085,-0.10075085,-0.27641198,-1.5639517,-0.83010664,-1.3816778
2154,E020-03,2.142869,-1.0124663,-1.6232949,2.142869,-2.3437159,2.0074336
2155,E020-03,1.0564756,-2.2898411,-2.3361362,0.7156937,-0.35061149,1.0564756
2156,E020-03,1.467381,-0.44954615,-0.16887079,-1.1720934,1.467381,-0.24467218
2157,E020-03,2.3665546,-0.80677306,-0.78248327,2.3665546,0.16779756,1.293428
2158,E020-03,0.015557563,-0.67812483,-0.47173124,-0.88419499,0.015557563,-0.53487074
2159,E020-03,0.78579481,-1.6204165,-1.3658927,0.78579481,0.31889433,-0.22019847
2160,E020-03,0.67271826,0.56728998,0.67271826,0.43612773,-0.078617853,0.2739334
2161,E020-03,0.23314479,0.17114,0.23314479,-0.79508557,0.014092632,-1.5502869
2162,E020-03,0.63175192,0.36653827,0.60895913,0.55709147,0.43904118,0.63175192
2163,E020-03,0.79138485,-0.89617419,-0.95089334,0.63117152,0.1291741,0.79138485
2164,E020-03,1.7570818,-0.32641189,0.052487557,0.10169161,1.7570818,0.36824423
2165,E020-03,1.1218921,-1.8264875,-1.3671337,-1.4141281,1.1218921,-1.3467266
2166,E020-03,0.1392636,0.11121842,0.1392636,-2.8532873,-0.024292125,-2.4186598
2167,E020-03,1.9610132,1.6886369,1.9610132,0.59823803,1.5535798,-0.065380049
2168,E020-03,0.87560129,-2.2022279,-1.8510473,0.87560129,0.74693853,0.4550415
2169,E020-03,3.4961676,-2.0571489,-2.1203788,3.1801808,0.86229205,3.4961676
2170,E020-03,0.85837073,-1.1020963,-0.75274745,-1.2918714,0.85837073,-1.0114785
2171,E020-03,0.15860432,-0.85781371,-0.8318492,-0.2220828,-0.42216008,0.15860432
2172,E020-03,0.28031233,-0.9675718,-0.92434642,0.28031233,0.054088357,0.25697789
2173,E020-03,1.020408,0.82121192,0.75321924,0.29135783,1.020408,0.70547397
2174,E020-03,1.3763595,-0.40458046,-0.20702529,-0.62836748,1.3763595,-0.44740484
2175,E020-03,1.3673637,1.3673637,1.1797273,-0.49972735,-1.0286661,-0.15898096
2176,E020-03,0.69363718,-1.0738112,-1.0183603,0.69363718,-0.40943558,0.084382926
2177,E020-03,0.21935374,-1.7158368,-1.6680135,0.21935374,-0.10175565,0.0096162966
2178,E020-03,1.0924921,0.80707082,1.0924921,0.8310008,0.77232954,0.4109047
2179,E020-03,1.431533,-0.33613898,-0.20087855,0.73143725,1.431533,1.0201735
2180,E020-03,0.77236858,-1.6883788,-1.8870908,0.64898929,-1.1696957,0.77236858
2181,E020-03,1.0998842,0.25199185,0.45402104,-1.839808,1.0998842,-1.7578888
2182,E020-03,-0.27665571,-1.1634423,-1.4181368,-0.30664074,-0.27665571,-0.3028124
2183,E020-03,1.4561698,-1.211348,-1.6316358,1.4561698,-3.2699244,0.63517481
2184,E020-03,-0.27274242,-2.0404108,-1.7514693,-0.85789137,-0.27274242,-0.83107656
2185,E020-03,0.72176081,-2.3106997,-2.7489812,0.72176081,-1.4946349,0.47828558
2186,E020-03,-0.22084529,-1.0733576,-1.2110365,-0.22084529,-1.3635805,-0.26412633
2187,E020-03,1.2761714,0.29114565,0.19651484,0.98406259,-0.18778113,1.2761714
2188,E020-03,-0.2861338,-1.5111189,-1.9603239,-0.2861338,-1.7358649,-0.45794433
2189,E020-03,1.3426289,-1.3703524,-1.1688557,0.29241545,1.3426289,0.070412136
2190,E020-03,0.74218937,-0.34297714,-0.20618494,0.70648301,0.31464072,0.74218937
2191,E020-03,1.0326142,0.9066709,1.0326142,-0.63434632,-0.020226128,-0.82851895
2192,E020-03,0.91859874,-1.5300887,-1.2681225,-0.11754724,0.91859874,-0.36418074
2193,E020-03,2.0845034,-0.67733554,-0.33902433,1.7729398,0.63107263,2.0845034
2194,E020-03,1.0436486,-0.31939214,0.051280412,-0.9504128,1.0436486,-0.81112285
2195,E020-03,-0.20618368,-0.20618368,-0.27648,-1.9025426,-1.1092115,-1.7921277
2196,E020-03,0.93034736,-1.0192537,-0.7817716,0.48460571,0.93034736,0.68183867
2197,E020-03,1.0838675,0.14314246,0.37417218,-0.58195284,1.0838675,-0.58318305
2198,E020-03,1.0430138,-0.93574767,-0.9043038,1.0430138,-0.15607389,0.96805257
2199,E020-03,-1.3487219,-1.3903424,-1.6280971,-1.3615554,-1.3487219,-2.0013866
2200,E020-03,0.38479982,-1.2495029,-1.4164207,-0.066588157,-0.13446037,0.38479982
2201,E020-03,3.5011484,-0.21467635,0.58147564,0.47488422,3.5011484,0.85569415
2202,E020-03,-0.030354693,-1.6329386,-1.7700221,-0.084903023,-1.0459007,-0.030354693
2203,E020-03,1.5695398,0.31967808,0.18040813,1.33517,0.33590513,1.5695398
2204,E020-03,0.4209089,0.38103606,0.4209089,-0.017754367,-0.18393348,-0.65775311
2205,E020-03,0.78628877,-0.21416284,-0.063695927,0.13674703,0.78628877,0.5248779
2206,E020-03,1.5352042,-1.1973312,-1.3465106,1.5352042,-0.060115468,1.0833494
2207,E020-03,0.23536117,0.15953247,-0.0083348455,0.23536117,-1.4255206,-0.020777216
2208,E020-03,-0.12544684,-0.75066249,-0.61269451,-0.1849492,-0.12544684,-0.52009095
2209,E020-03,0.88143403,-0.50451892,-0.33707634,0.51758029,0.88143403,0.72594693
2210,E020-03,0.23055446,-0.47545988,-0.53888069,-0.71329646,0.23055446,-0.27215005
2211,E020-03,2.5105446,-0.37344939,0.051356087,0.60140483,2.5105446,0.94214602
2212,E020-03,1.0179485,0.93167051,1.0179485,0.013557635,-0.11111668,0.11794368
2213,E020-03,-0.44145007,-0.6013409,-1.2592151,-0.69833408,-1.6218213,-0.44145007
2214,E020-03,0.50506221,-0.63557504,-0.54844127,-0.31261268,0.50506221,-0.39180966
2215,E020-03,-0.37646705,-3.0330215,-2.8686927,-0.37646705,-0.53683735,-0.45780454
2216,E020-03,0.54708001,-1.9528838,-2.2734566,0.54708001,-1.9814795,-0.02699978
2217,E020-03,1.0116414,0.6717886,0.51451438,0.89643529,-1.0060097,1.0116414
2218,E020-03,0.015578639,-0.67089965,-0.63184618,-0.23133191,0.015578639,-0.56087405
2219,E020-03,-0.1444304,-0.1444304,-0.19195,-1.0149187,-0.72561517,-1.1576694
2220,E020-03,-0.051872906,-0.24638811,-0.43185137,-0.62514172,-0.051872906,-0.46652389
2221,E020-03,1.3975482,-0.34128038,-0.5836348,1.3975482,-1.2680255,1.3635827
2222,E020-03,0.87473494,-0.36239592,-0.19906004,0.21018225,-0.21960047,0.87473494
2223,E020-03,-0.29881445,-0.42673565,-0.29881445,-0.99324059,-1.380279,-0.42749055
2224,E020-03,0.15491644,-0.66369499,-0.70462216,0.15491644,-0.91575442,0.061462339
2225,E020-03,0.93703263,-2.1165792,-1.6887428,-0.97462446,0.93703263,-1.1220562
2226,E020-03,-0.17432512,-0.40792077,-0.39184222,-0.17432512,-0.6267189,-0.60356898
2227,E020-03,0.57600125,-1.5651781,-1.3652751,-1.3153186,0.57600125,-1.4424901
2228,E020-03,1.1868289,0.70289782,0.72413142,-0.35415861,1.1868289,0.048009808
2229,E020-03,0.1016803,-0.50547176,-0.67291166,-0.51521139,-0.94245035,0.1016803
2230,E020-03,1.6658468,-1.9666059,-1.8629375,1.5231676,-0.28354523,1.6658468
2231,E020-03,0.50015517,-0.29919995,-0.050472269,-1.9876238,0.50015517,-1.9178095
2232,E020-03,0.90624362,-2.434337,-2.5513303,0.2240459,-1.4034028,0.90624362
2233,E020-03,0.81502839,-1.5693177,-1.3076183,-0.77626826,0.81502839,-1.0618551
2234,E020-03,-0.31277296,-1.4803209,-1.4726859,-1.5737277,-0.84211757,-0.31277296
2235,E020-03,-0.43254125,-0.63619984,-0.99354962,-1.7372789,-0.43254125,-1.7342069
2236,E020-03,0.3779494,0.3779494,0.27539684,0.041278068,-0.43547971,0.34722275
2237,E020-03,0.79392574,-1.0665811,-0.66641137,-0.8562101,0.79392574,-0.11942349
2238,E020-03,1.22928,-0.40181587,-0.1765589,0.89035538,1.1487557,1.22928
2239,E020-03,1.4627696,-0.39334274,0.13939601,-0.16214742,1.4627696,0.36623073
2240,E020-03,2.3904182,-1.7404107,-1.5190251,2.2172929,1.0771036,2.3904182
2241,E020-03,-0.47250107,-1.1019389,-1.1277611,-0.47250107,-1.5070398,-0.53705244
2242,E020-03,0.032980387,-0.39562405,-0.17187305,-0.76851481,0.032980387,-0.59783781
2243,E020-03,0.5874045,-0.15783854,-0.028584231,-1.0076646,0.5874045,-0.98601219
2244,E020-03,0.20612822,-0.36584377,-0.47414786,0.20612822,-0.11409089,-0.65478228
2245,E020-03,0.047144911,0.029128914,0.047144911,-0.076118723,-0.28962952,-0.31826484
2246,E020-03,1.2234651,-1.2851437,-1.7134028,1.2234651,-0.40304702,0.62386308
2247,E020-03,1.1790836,-1.0953147,-1.0331849,-0.61904042,1.1790836,-0.21379547
2248,E020-03,0.41133385,-1.6512954,-1.7101787,0.41133385,0.32567746,-0.14528222
2249,E020-03,-0.025561341,-1.7333093,-1.6017401,-0.99423029,-0.025561341,-0.58351893
2250,E020-03,1.9682083,-0.62073221,-0.42734479,-0.70026573,1.9682083,-0.71615188
2251,E020-03,1.0748146,1.0748146,0.61664838,-1.2434141,-2.3338984,-1.220089
2252,E020-03,1.1246436,0.1137449,0.30627814,-0.58756353,1.1246436,-0.68058032
2253,E020-03,1.7173163,-1.0575253,-0.83387423,1.7173163,0.13977627,1.5114738
2254,E020-03,-0.98798756,-1.5338891,-1.7733973,-0.98798756,-1.3856232,-1.2636638
2255,E020-03,0.89120501,0.80167887,0.61889295,0.7269808,-0.32606389,0.89120501
2256,E020-03,1.2057591,-1.8955554,-1.7881056,1.0529642,-0.47378874,1.2057591
2257,E020-03,1.4201304,-1.5885917,-1.3205496,-0.16383827,1.4201304,0.07567891
2258,E020-03,0.29306774,-0.38005217,-0.44847359,-0.39937278,-1.5719403,0.29306774
2259,E020-03,-0.12352575,-2.0081965,-2.335526,-0.12352575,-1.0729679,-0.39437056
2260,E020-03,1.7104887,-1.4831187,-1.0972417,1.5175267,1.2059008,1.7104887
2261,E020-03,1.5306351,-1.3203406,-1.2024413,1.5306351,0.6800481,1.1243875
2262,E020-03,-0.20901469,-1.5232651,-1.3055858,-0.83967723,-0.20901469,-1.1402212
2263,E020-03,0.63077385,-2.3238382,-2.0054517,0.22182182,0.63077385,-0.68816579
2264,E020-03,0.76380933,-0.33585413,-0.79236479,-0.058028071,-1.1515651,0.76380933
2265,E020-03,-0.34185966,-0.70516108,-0.34185966,-1.4137015,-0.41676556,-0.73868015
2266,E020-03,2.3428682,-1.5964486,-1.0816094,1.1626352,2.3428682,0.93318017
2267,E020-03,1.9466652,-1.5149931,-0.92533304,-0.98925971,1.9466652,-0.90841315
2268,E020-03,1.3631032,1.3631032,1.1369862,-1.5989934,0.26654881,-0.81290516
2269,E020-03,0.8686335,-2.7688606,-2.4014866,0.045813777,0.8686335,-0.71627126
2270,E020-03,1.7092558,-0.10140047,-0.11825609,1.7092558,-0.026705487,0.94279816
2271,E020-03,1.3037594,-0.059393478,0.11496621,-1.7299167,1.3037594,-1.9188272
2272,E020-03,0.96980956,-1.6109669,-1.0387396,0.96980956,0.96003149,0.690444
2273,E020-03,0.83066098,-1.3832616,-1.4646831,-0.3326899,0.83066098,-0.61927152
2274,E020-03,0.03709938,-0.43951738,-0.74700025,-1.041239,0.03709938,-1.0399237
2275,E020-03,2.0445289,2.0445289,1.9611418,0.74905532,-0.29834341,0.31678468
2276,E020-03,1.17932,1.0705693,1.17932,-0.032860457,0.13198565,-0.19949505
2277,E020-03,0.20875269,-1.2637503,-1.207973,-1.6145213,0.20875269,-1.4580928
2278,E020-03,1.1540684,-0.03415292,0.02529264,-3.4061186,1.1540684,-3.1684163
2279,E020-03,1.723576,-2.7368382,-2.3544637,1.723576,1.4491309,0.94988663
2280,E020-03,-0.11275467,-1.8032109,-1.7707983,-1.7869283,-0.11275467,-1.4727192
2281,E020-03,-0.36590057,-0.36590057,-0.44443959,-0.77438448,-0.8259626,-1.2519354
2282,E020-03,0.12930989,0.12930989,0.038582159,-1.9927366,-1.9422609,-1.9673511
2283,E020-03,1.0703269,-1.4738331,-1.5847267,1.0703269,0.50489153,0.84206964
2284,E020-03,1.1198925,-0.56695434,-0.38286017,0.47146816,-0.80915902,1.1198925
2285,E020-03,0.34704664,-0.15544108,-0.1352377,0.27106598,-0.3145717,0.34704664
2286,E020-03,1.0914952,-0.65179316,-0.68092359,-0.21454514,1.0914952,0.18409452
2287,E020-03,0.60366322,-0.34368845,-0.088040883,-1.362462,0.60366322,-1.8469227
2288,E020-03,1.7625664,-1.3877125,-1.0658363,0.18817169,1.7625664,-0.42493595
2289,E020-03,0.86469572,-2.283747,-2.2508218,0.4461917,0.30499314,0.86469572
2290,E020-03,1.2759193,1.2759193,1.1552951,-0.55058213,-0.66185597,-0.31567464
2291,E020-03,0.77762977,-0.97197166,-0.72921862,-0.77595067,0.77762977,-0.82637782
2292,E020-03,1.1027667,-2.0744771,-1.5150896,-1.9610113,1.1027667,-2.2258628
2293,E020-03,1.9800179,-0.80725827,-0.20585078,0.83124384,1.9800179,0.51715514
2294,E020-03,0.44487732,-0.62821037,-0.60038397,0.33554868,-0.31052749,0.44487732
2295,E020-03,0.044412739,0.044412739,-0.053353605,-0.66265776,-0.073431324,-0.6962916
2296,E020-03,0.78679628,-1.4478163,-1.0976123,0.78679628,0.74629727,0.24204968
2297,E020-03,-0.23459621,-1.0218267,-1.082817,-0.23459621,-0.33383602,-0.52018848
2298,E020-03,2.3181593,-0.070823433,0.44167203,-2.0163653,2.3181593,-1.7845936
2299,E020-03,0.17703272,0.17703272,-0.03018406,-1.0732084,-1.6961294,-1.1733592
2300,E020-03,0.64005968,-1.2557936,-1.1283761,-0.06996043,0.64005968,0.044134359
2301,E020-03,1.8960305,0.53097564,0.37914615,1.8960305,-0.95520816,1.8929701
2302,E020-03,0.49659617,0.14004816,0.31066175,0.49659617,0.44913746,-0.44377568
2303,E020-03,1.2143337,-0.70517036,-0.75740939,1.2143337,-0.73988556,1.0033833
2304,E020-03,1.0229676,0.76528286,1.0229676,0.66326245,1.0195432,0.54948978
2305,E020-03,2.0425639,0.094166351,0.66370975,0.2342915,2.0425639,0.76881076
2306,E020-03,0.19872666,0.19872666,0.18948756,-1.956854,-0.41303993,-1.7634478
2307,E020-03,1.5047925,-2.5208453,-1.9710602,1.5047925,1.2233516,1.1316648
2308,E020-03,-0.29023824,-1.2678947,-1.362815,-0.33194083,-1.9062464,-0.29023824
2309,E020-03,0.89805829,-2.1226943,-1.9698707,-0.61489433,0.89805829,-1.2188593
2310,E020-03,0.35630529,-0.76306474,-0.80460386,-0.25301591,0.35630529,-0.19295869
2311,E020-03,-0.10699268,-1.6572913,-1.8572504,-0.85189875,-0.10699268,-0.22240604
2312,E020-03,0.31329539,-0.0030375734,-0.16825573,-0.1183523,0.18211959,0.31329539
2313,E020-03,2.4205378,-1.5939299,-1.217643,-0.090256707,2.4205378,0.049364265
2314,E020-03,-0.67544736,-0.71669364,-0.98545873,-0.83329164,-0.67544736,-0.98215257
2315,E020-03,1.1490067,-0.53736859,-0.35802866,-0.09596808,1.1490067,0.28491162
2316,E020-03,-1.2506871,-1.3117712,-1.4528466,-1.4750453,-1.4165465,-1.2506871
2317,E020-03,0.89847895,-0.67041459,-0.79263578,0.78259042,-1.6832559,0.89847895
2318,E020-03,0.65553112,-0.050127163,0.15197143,-2.2665629,0.65553112,-1.8887511
2319,E020-03,1.9407328,-0.19142546,-0.14467516,1.9407328,0.49895878,1.2472134
2320,E020-03,0.8520706,-1.3696975,-1.1733462,0.25492876,0.8520706,-0.018678539
2321,E020-03,0.3863712,-0.15858646,0.32198456,-2.4585449,0.3863712,-2.1620883
2322,E020-03,-0.11179167,-1.302374,-1.5370611,-1.5037812,-0.11179167,-1.3776921
2323,E020-03,0.19164985,0.07634799,0.19164985,-0.1163663,-0.24182214,0.07411009
2324,E020-03,1.9141818,0.51487581,0.83445374,0.61913629,1.9141818,-0.077365747
2325,E020-03,1.6527066,-0.1634905,-0.37108241,1.6527066,0.68430794,1.2608252
2326,E020-03,0.68788494,0.1952704,0.34476678,0.68788494,0.10117181,0.3797576
2327,E020-03,0.74042528,-1.6203078,-1.2327466,-0.30892985,0.74042528,-0.29797369
2328,E020-03,0.82628944,0.73470058,0.82628944,-1.2872471,-0.26314044,-1.2352876
2329,E020-03,0.42272073,0.32265634,0.42272073,0.17918086,-0.27673575,-0.2152174
2330,E020-03,1.2305018,-0.25735945,-0.18073408,-0.74759431,1.2305018,-1.3775517
2331,E020-03,1.0851411,-1.0541239,-0.54798046,0.39796195,1.0851411,0.79896336
2332,E020-03,-0.24957511,-0.60187161,-0.85599783,-1.7962075,-0.24957511,-2.0093077
2333,E020-03,-0.34242786,-0.39688681,-0.70087033,-0.34242786,-0.74931674,-0.51409647
2334,E020-03,2.3283816,0.31442726,0.52578241,-0.92326334,2.3283816,-0.58970681
2335,E020-03,0.2156739,-1.3605679,-1.1540661,-1.2518827,0.2156739,-0.69437695
2336,E020-03,0.16105208,-0.1656809,-0.099830512,-0.86167457,-0.30443537,0.16105208
2337,E020-03,0.95562003,-0.11279209,0.22588283,-0.036575734,0.95562003,0.54383795
2338,E020-03,0.88724219,-0.48325287,-0.72261448,0.88724219,-1.3123974,0.61253735
2339,E020-03,1.0033544,-0.046320659,0.059003397,0.87933115,-0.22761332,1.0033544
2340,E020-03,1.1725841,-1.1696938,-1.0875773,-2.5924402,1.1725841,-2.4369927
2341,E020-03,0.46822271,0.46822271,0.43353682,0.14660599,0.26765152,0.2419301
2342,E020-03,0.70210833,-1.9652355,-2.0429403,-0.81950815,0.70210833,-0.76970556
2343,E020-03,0.20228565,0.20228565,0.16218681,-0.66324951,-0.40375533,-0.66093538
2344,E020-03,1.411256,-1.348764,-1.3193434,1.0051709,0.87392881,1.411256
2345,E020-03,0.28866169,-1.2059651,-1.2745279,0.25752393,-0.28747748,0.28866169
2346,E020-03,1.2989692,-2.6848386,-2.5950672,-1.1997744,1.2989692,-1.4990108
2347,E020-03,0.22804483,-0.14041467,0.22804483,-0.3079497,0.076971683,-0.6308992
2348,E020-03,-0.030227394,-0.31352309,-0.39795094,-0.081278516,-0.10787578,-0.030227394
2349,E020-03,0.4544292,-1.1541135,-0.94686032,0.18868083,0.4544292,0.0068582787
2350,E020-03,0.43072183,-1.4381031,-1.2331533,0.019196021,-0.47061507,0.43072183
2351,E020-03,1.2669801,-0.85210061,-0.99547946,0.89364786,-0.094015063,1.2669801
2352,E020-03,0.24739212,-0.7594247,-0.84588722,-0.79606491,0.24739212,-0.41309858
2353,E020-03,1.5521618,-0.91825844,-0.76546724,-0.0014615573,1.5521618,0.45833286
2354,E020-03,1.3173595,-1.3932856,-1.3148094,0.91251157,0.10227296,1.3173595
2355,E020-03,0.53823127,-2.9728202,-2.6264282,0.53823127,-0.20901753,0.27630828
2356,E020-03,0.94696925,0.78131808,0.94696925,-0.067715219,-0.036762922,-0.7207365
2357,E020-03,0.15170023,-0.43288586,-0.43559604,-0.84071899,0.15170023,-0.98616494
2358,E020-03,-0.4430162,-2.094943,-1.960842,-0.4430162,-0.56814683,-0.47435263
2359,E020-03,1.9697505,-1.2248558,-0.40819436,-0.90308381,1.9697505,-0.71972646
2360,E020-03,1.074937,-1.2180895,-1.0006091,-1.6900218,1.074937,-1.4390623
2361,E020-03,1.3891124,1.3891124,1.0737441,-0.35852052,-0.90484634,-0.18146931
2362,E020-03,-0.084284257,-0.70657651,-0.77895217,-1.0059985,-0.231644,-0.084284257
2363,E020-03,0.39001318,-0.55855863,-0.54128888,-0.6272507,0.39001318,-1.0626214
2364,E020-03,0.50592644,0.10655622,0.35893537,-0.16214973,0.44207905,0.50592644
2365,E020-03,0.99593312,-1.7632418,-1.6804001,0.62127002,-0.58830153,0.99593312
2366,E020-03,1.7725953,-0.70948943,-0.70077839,1.7725953,-0.14084152,1.1251514
2367,E020-03,1.2163286,-0.83092365,-0.6732915,-2.1504692,1.2163286,-1.7348623
2368,E020-03,0.36270961,-0.82823701,-0.68106498,-0.44715196,0.36270961,-0.31169639
2369,E020-03,1.2249511,1.1082314,1.2249511,-0.3233957,-0.66011572,-0.18913449
2370,E020-03,2.4674964,-0.35173722,-0.20750652,2.0870803,-0.23027438,2.4674964
2371,E020-03,0.18734765,-2.607409,-2.8123813,0.18734765,-0.95577192,-0.13197932
2372,E020-03,0.88274942,0.5891526,0.88274942,0.19705089,0.769149,0.62309007
2373,E020-03,1.2822264,1.1705885,1.2822264,-0.72901519,0.077727586,-0.82288702
2374,E020-03,2.6937452,-1.2669895,-0.60288447,-1.669326,2.6937452,-1.2259287
2375,E020-03,1.016001,-1.0113888,-0.96226866,1.016001,0.26735842,1.0097419
2376,E020-03,0.87477996,-1.3165219,-1.3430924,-0.089947856,0.12280582,0.87477996
2377,E020-03,2.0204645,0.48844719,0.32077663,1.6400741,0.076376055,2.0204645
2378,E020-03,1.1909036,-0.37114487,-0.29571545,-1.2533119,1.1909036,-1.2667574
2379,E020-03,-0.55069185,-0.55069185,-0.73429362,-0.75858338,-0.83824437,-0.62708167
2380,E020-03,3.7557087,-0.63153022,-0.53320605,3.2718626,-1.0089629,3.7557087
2381,E020-03,2.0636765,-2.0238066,-1.8916961,2.0636765,1.1152057,1.925975
2382,E020-03,-0.30085203,-0.52865528,-0.54039931,-1.4191206,-0.30085203,-1.1567497
2383,E020-03,1.8450779,-0.18579272,0.104822,1.2496904,1.8450779,1.1525208
2384,E020-03,0.16038265,-0.13154739,0.16038265,-0.55466976,-0.58047828,-0.40555285
2385,E020-03,0.85796675,0.85796675,0.82888484,0.36061805,-0.47541545,-0.05800702
2386,E020-03,1.7427564,-1.4269027,-1.8343303,1.7427564,-0.58795344,1.2899954
2387,E020-03,2.3031032,0.20487799,0.10893294,2.0700622,-1.1249334,2.3031032
2388,E020-03,1.7345254,-0.42878925,-0.46190663,1.160852,-0.11768863,1.7345254
2389,E020-03,0.41618528,0.11725461,0.15419434,0.41618528,-1.027171,0.38381717
2390,E020-03,0.43540937,0.32876603,0.43540937,-0.24416937,-0.74905378,0.089532786
2391,E020-03,0.33325774,-1.5753456,-2.107222,0.33325774,-1.8150927,0.091242593
2392,E020-03,-0.41732209,-1.9165005,-1.8758081,-2.6005592,-0.41732209,-2.9487381
2393,E020-03,-0.74460007,-1.1178989,-1.0440689,-1.6982917,-0.74460007,-1.4077277
2394,E020-03,0.13518757,-0.11954739,-0.12288354,-0.39337189,-0.15245421,0.13518757
2395,E020-03,2.5319709,-1.5283135,-1.3570043,-0.31478198,2.5319709,-0.28593778
2396,E020-03,1.9685494,1.7430544,1.9685494,-0.18120436,-0.17407186,-0.57649975
2397,E020-03,0.2477966,0.072752864,0.11823081,-0.47478989,0.2477966,-0.14726425
2398,E020-03,0.64393682,-0.6502133,-0.71902213,0.64393682,-1.2287096,0.18637576
2399,E020-03,0.22241182,-0.36318903,-0.27165026,0.11672226,-1.421029,0.22241182
2400,E020-03,1.8893475,0.52555474,0.50188395,1.8893475,-0.088558942,0.79897437
2401,E020-03,0.35464905,0.35464905,0.19478109,-1.4897341,-0.6783883,-0.91849886
2402,E020-03,-0.3836952,-1.4194591,-1.6867514,-0.54635406,-2.065826,-0.3836952
2403,E020-03,0.47960125,-1.2240908,-0.88308304,0.046200863,0.47960125,-0.32707353
2404,E020-03,0.58201853,0.55580474,0.43498787,0.58201853,0.45983656,0.51498
2405,E020-03,0.54966261,-1.6477489,-1.7319942,0.16522057,-0.025580939,0.54966261
2406,E020-03,1.3331901,1.3331901,0.83188422,-1.1121444,-1.9060595,-0.75055601
2407,E020-03,3.7112527,-0.012893449,0.56687873,3.7112527,1.6214171,2.9423497
2408,E020-03,0.95233955,-0.1249258,-0.11361399,0.95233955,-0.87170653,0.76170368
2409,E020-03,0.058073001,0.058073001,-0.097553805,-1.1589697,-0.49416157,-1.4579583
2410,E020-03,0.72231078,-1.3611786,-1.3632886,0.48021022,0.72231078,0.41223463
2411,E020-03,0.35403553,-1.6247845,-1.687989,-0.55898204,0.35403553,-0.416557
2412,E020-03,0.58895314,-2.3630983,-2.02284,-0.10771147,0.58895314,-0.30960173
2413,E020-03,0.79914979,-0.33254488,-0.23492769,0.32767064,0.21505979,0.79914979
2414,E020-03,0.89713867,-1.041471,-0.76284804,0.68553131,0.89713867,0.80503296
2415,E020-03,1.2715249,-1.7483881,-1.4807189,0.015079539,1.2715249,-0.20267432
2416,E020-03,2.6433382,0.67415119,0.37000272,2.6433382,-1.5053759,2.0984554
2417,E020-03,1.3318782,-0.10472948,0.12713959,-2.1249354,1.3318782,-1.3766128
2418,E020-03,0.52847519,-0.66060003,-0.53306029,0.13123858,0.52847519,0.33726081
2419,E020-03,1.1196517,-0.37316213,-0.74125143,0.70218387,-1.7118507,1.1196517
2420,E020-03,2.6016743,-1.8385182,-1.2080655,2.6016743,0.44373945,1.9650392
2421,E020-03,0.91435035,-0.46203551,-0.62110233,0.91435035,-0.6819391,0.46341871
2422,E020-03,0.19352241,-0.064617932,0.19352241,-0.35716713,-0.65055119,-0.14248798
2423,E020-03,0.45573514,-0.91737926,-0.71442427,-1.5446471,0.45573514,-1.6557567
2424,E020-03,0.52768842,-2.4457779,-2.4604575,0.52768842,0.31827174,0.12895918
2425,E020-03,2.1808339,-2.0278594,-2.1571509,2.1808339,-0.45494643,1.7455202
2426,E020-03,1.5258541,-1.1958843,-1.085857,1.1804578,0.94067767,1.5258541
2427,E020-03,2.3385812,-0.44427787,0.95341718,2.3385812,1.0167,2.3143291
2428,E020-03,0.20659937,-0.2217221,-0.25978665,0.20659937,-0.67496242,-0.14627491
2429,E020-03,2.1358493,-0.43245655,0.029805946,2.1358493,0.652215,1.8021983
2430,E020-03,0.73273233,-0.058846807,0.11201255,-1.0448898,0.73273233,-1.2181163
2431,E020-03,0.63526282,-0.080555625,0.38652099,-1.4129579,0.63526282,-0.97561949
2432,E020-03,0.054985823,-0.56240614,-0.63835504,-1.3392101,0.054985823,-0.38045966
2433,E020-03,0.74986231,-0.52998478,-0.38922997,-0.76277957,0.74986231,-0.9669339
2434,E020-03,0.94716816,-0.61410495,-0.33390759,-1.194248,0.94716816,-0.087368704
2435,E020-03,1.3892202,-0.7963711,-0.67435646,1.2737628,-0.58741813,1.3892202
2436,E020-03,-0.52202177,-0.75095584,-0.58221689,-0.52202177,-0.59865916,-0.70804587
2437,E020-03,0.86190171,-1.1121017,-1.1519021,0.59890759,-0.9081926,0.86190171
2438,E020-03,0.12564589,-0.73999202,-0.86268446,-0.62936808,0.12564589,-0.37284555
2439,E020-03,1.262075,-0.98951601,-0.83760818,1.262075,-1.1452456,1.0821781
2440,E020-03,1.1254598,0.76242083,0.83773235,0.37006111,1.1254598,-0.13942892
2441,E020-03,0.27653783,-0.69770302,-0.77555359,-0.62235344,0.27653783,-0.35210498
2442,E020-03,1.5177424,-0.089882081,0.088001207,1.0562666,0.40392282,1.5177424
2443,E020-03,0.90152782,-2.2080956,-2.4144065,-0.15928142,0.90152782,0.14941777
2444,E020-03,0.0059327885,-2.6280859,-2.6568412,-1.7670492,0.0059327885,-1.0871525
2445,E020-03,-1.2199235,-1.9955547,-2.4163802,-1.4043723,-2.2795306,-1.2199235
2446,E020-03,0.48574324,0.48574324,0.47065143,-1.079806,-0.56233572,-0.91943036
2447,E020-03,-0.20520217,-0.20520217,-0.34263147,-1.3144301,-1.4699981,-0.67953486
2448,E020-03,1.0143554,-1.2648686,-0.71507025,-0.11552237,1.0143554,0.084473937
2449,E020-03,1.8845478,-0.16073991,0.22110153,0.055885298,1.8845478,0.6285051
2450,E020-03,1.5067514,-0.30847757,-0.079317214,1.1665957,0.68791845,1.5067514
2451,E020-03,0.55991741,0.061568797,0.039654182,-0.61622294,0.55991741,-1.264559
2452,E020-03,0.85067599,-0.13967593,-0.14306586,0.069990175,-0.88720835,0.85067599
2453,E020-03,0.29898523,-0.3920751,-0.36255837,-0.31153168,0.29898523,-0.44892279
2454,E020-03,0.34414696,-0.823504,-0.8110776,-1.187158,0.34414696,-0.86622479
2455,E020-03,0.40868216,-1.1419917,-0.94108397,0.32610694,-0.1347491,0.40868216
2456,E020-03,1.1167956,-1.660873,-1.7073034,0.59865321,-1.2441985,1.1167956
2457,E020-03,0.63199895,-1.434918,-1.223286,-0.88469442,0.63199895,-0.43344778
2458,E020-03,0.58948888,0.13839041,-0.047070174,0.47383424,-0.32105495,0.58948888
2459,E020-03,1.3224225,-0.94674098,-0.52842416,1.0942665,1.3224225,0.90818138
2460,E020-03,0.1757683,-0.33331446,-0.35396499,0.1757683,-0.56845228,-0.26653587
2461,E020-03,0.95712426,-0.39544136,-0.2660951,0.95712426,-0.21367703,0.7552408
2462,E020-03,0.31587902,0.14485445,0.31587902,-1.351138,0.22119317,-0.88882272
2463,E020-03,0.56542194,-0.72207791,-0.53129639,-1.6610651,0.56542194,-1.5795014
2464,E020-03,0.78470032,0.66476608,0.039903856,0.63603933,-1.573275,0.78470032
2465,E020-03,0.70324634,0.70324634,0.46421352,-0.87526495,-1.6657274,-1.0777001
2466,E020-03,0.79038034,-0.25904349,-0.52581427,0.33226953,-1.4000638,0.79038034
2467,E020-03,0.42151695,-0.84064458,-0.42976898,-0.45232444,0.42151695,0.31325002
2468,E020-03,2.111127,-0.95959281,-0.6068369,-0.36648508,2.111127,-0.054989244
2469,E020-03,0.80262923,-0.42850431,-0.6059191,0.51928236,-1.1734787,0.80262923
2470,E020-03,1.9864702,0.95779537,1.5516446,-0.47542645,1.9864702,-0.62703488
2471,E020-03,-0.68285414,-0.73859309,-0.86241444,-0.68285414,-1.1434798,-0.6996341
2472,E020-03,0.33637873,0.10743033,0.33637873,0.1643302,0.10592901,0.047327719
2473,E020-03,0.17288699,0.1336272,0.012072038,0.014791699,-0.1857102,0.17288699
2474,E020-03,0.2366817,-0.084862025,-0.19178922,0.2366817,-0.8232467,-0.045508714
2475,E020-03,1.0393386,-2.0213015,-1.8360114,1.0393386,0.031498856,0.55697168
2476,E020-03,0.65304984,-0.42876296,-0.36912921,-0.56699341,0.65304984,-0.73065119
2477,E020-03,1.0353324,-0.84944917,-0.60031209,0.35287892,0.79606791,1.0353324
2478,E020-03,0.6513229,-1.1033037,-1.0464103,0.067587725,0.6513229,0.11984484
2479,E020-03,0.49801301,-2.5099343,-2.4474468,0.49801301,-0.21397191,-0.17021591
2480,E020-03,-0.26883313,-0.26883313,-0.73488314,-1.4376368,-1.3399677,-1.54364
2481,E020-03,0.52513208,-0.44066718,-0.24933923,0.52513208,-0.52838834,0.38608585
2482,E020-03,1.6662665,0.32682449,0.48293348,-0.64272204,1.6662665,-0.93707362
2483,E020-03,0.015181394,0.015181394,-0.47832807,-1.9221501,-1.3211873,-1.4133488
2484,E020-03,-0.2512961,-0.2512961,-0.34908348,-1.206045,-0.88057002,-1.3041794
2485,E020-03,1.2576472,-0.39766417,-0.6037963,0.99570235,-1.2157502,1.2576472
2486,E020-03,-0.061051625,-0.061051625,-0.37892696,-0.90078148,-0.12906139,-1.7205111
2487,E020-03,-0.0553695,-0.86364253,-0.887032,-0.0553695,-0.69164816,-0.50730639
2488,E020-03,0.065765298,-0.78738662,-0.75439874,-0.93485311,0.065765298,-0.2888903
2489,E020-03,0.42630593,-0.90952325,-0.80079502,-0.2861838,0.42630593,-0.44774891
2490,E020-03,0.84780839,-1.0571614,-0.77002031,-1.3014889,0.84780839,-0.82115209
2491,E020-03,1.4572653,0.71580917,0.57593273,1.4572653,-1.0875037,1.2529239
2492,E020-03,-0.80568722,-1.9537495,-1.8143434,-0.80568722,-1.3102677,-1.3841589
2493,E020-03,0.69807735,0.42083107,0.69807735,-0.28332954,0.62827986,0.31140677
2494,E020-03,1.3767778,-1.4284313,-1.3516818,1.3767778,0.84156821,0.67993683
2495,E020-03,1.3200027,-1.1966592,-0.54587496,0.70894405,1.3200027,1.1154579
2496,E020-03,0.69531581,-2.6189357,-2.3745973,0.53174336,0.69531581,0.14201629
2497,E020-03,-0.022527043,-0.44002915,-0.62484611,-2.0343162,-0.022527043,-1.4672946
2498,E020-03,0.89300553,0.13154261,0.010928885,0.72740694,-0.41207399,0.89300553
2499,E020-03,0.3555299,0.092315526,0.3555299,-0.72622852,0.30643231,0.090521376
2500,E020-03,0.97962166,-1.1307063,-1.388662,0.67201492,-0.54146235,0.97962166
2501,E020-03,2.2302173,0.43018263,0.34075166,2.1362624,0.74145668,2.2302173
2502,E020-03,0.35912207,-0.62433275,-0.71589105,0.021040842,0.35912207,0.03106796
2503,E020-03,1.3120521,0.12244117,0.25669618,1.3120521,0.27064978,0.63914478
2504,E020-03,1.4291984,-0.51009636,-0.14557444,-0.79159588,1.4291984,-0.37462041
2505,E020-03,0.81927775,-1.3021081,-1.4257738,0.3126867,-0.097669097,0.81927775
2506,E020-03,0.16309975,-1.7093565,-1.6424451,-0.8079398,-0.50666348,0.16309975
2507,E020-03,0.19540162,-1.7577478,-2.1295001,-0.20969174,-1.5461035,0.19540162
2508,E020-03,0.42331233,-2.813803,-2.8057067,0.40022997,-0.65728092,0.42331233
2509,E020-03,0.70110021,-1.6313234,-1.3762925,0.17815901,0.70110021,0.41610994
2510,E020-03,-0.15402755,-2.0902975,-2.0741677,-0.52844185,-1.1293743,-0.15402755
2511,E020-03,1.3146527,-1.0024913,-0.5878943,0.45563925,1.3146527,0.6341765
2512,E020-03,0.80658743,-1.2443868,-1.6006466,0.73300499,-1.6569538,0.80658743
2513,E020-03,2.0401682,-0.0001743881,0.43063463,0.76397366,2.0401682,1.1072669
2514,E020-03,0.020252364,-1.0366028,-1.4267594,-0.6425795,-0.60811425,0.020252364
2515,E020-03,2.8041615,0.21161788,0.58976021,2.7041831,0.80967582,2.8041615
2516,E020-03,1.7985578,-0.70267316,-0.59796687,1.29596,0.21368472,1.7985578
2517,E020-03,1.7493097,-0.50236211,-0.53591005,1.7493097,-0.12697657,1.7000909
2518,E020-03,2.2658274,-0.62980394,-0.0053755042,-0.80833779,2.2658274,-0.89964823
2519,E020-03,1.8063768,-1.7440357,-1.2844652,-0.79574247,1.8063768,-0.44278572
2520,E020-03,0.82429019,0.82429019,0.8028006,-0.34674218,-0.79853552,-0.081899523
2521,E020-03,0.59111821,0.59111821,0.5232979,-0.3555076,0.45281808,-0.26724356
2522,E020-03,-0.44258171,-1.2334256,-1.4424512,-0.60661985,-1.2664531,-0.44258171
2523,E020-03,1.7427331,-0.98416382,-0.79592025,-0.063112819,1.7427331,0.034120229
2524,E020-03,3.0522594,-2.2643995,-1.771766,0.56416774,3.0522594,-0.077506319
2525,E020-03,1.2707275,-1.2926419,-0.91582899,0.13151847,1.2707275,0.54564477
2526,E020-03,1.0291547,-0.43100279,-0.2827625,-0.23027778,1.0291547,-0.13875365
2527,E020-03,-0.0026172888,-0.0026172888,-0.3937088,-1.0268739,-2.1499451,-0.91559599
2528,E020-03,1.7404954,-0.31669116,-0.39752685,1.7404954,-0.10659183,1.3274078
2529,E020-03,-0.71563071,-2.2396449,-2.2910665,-0.71563071,-0.97482467,-0.86065512
2530,E020-03,0.21398401,-0.13777834,-0.26489192,-0.23896647,-0.81153193,0.21398401
2531,E020-03,0.3102116,-1.8298084,-2.079926,0.3102116,-1.4877613,0.063573072
2532,E020-03,0.18065645,-0.010243429,0.030868166,-0.78660065,0.18065645,-0.40507326
2533,E020-03,2.536952,-0.47982595,-0.35081468,1.7307338,-0.93849884,2.536952
2534,E020-03,0.76807168,-1.8094508,-1.3957274,-1.4745659,0.76807168,-1.6534556
2535,E020-03,-0.23256359,-0.23256359,-0.30932008,-1.1484023,-1.6769626,-1.7186578
2536,E020-03,-0.434424,-1.5638719,-1.5976756,-1.1851907,-0.434424,-0.80008813
2537,E020-03,1.1420451,-0.1184178,-0.045244937,0.60498607,-0.15445485,1.1420451
2538,E020-03,1.5553815,1.367869,1.5553815,-1.0162914,0.66110613,-0.94829546
2539,E020-03,-1.0676394,-1.9087192,-2.021654,-1.5030602,-1.7803613,-1.0676394
2540,E020-03,1.0821217,1.0821217,1.0267199,-2.0105138,-1.0636538,-2.0057855
2541,E020-03,1.4511327,-0.83781644,-0.69077531,1.4511327,0.75401835,1.1013946
2542,E020-03,1.5871732,-1.1673758,-0.96813772,-2.2226763,1.5871732,-2.1501695
2543,E020-03,0.5672443,-1.1427235,-1.2869954,0.15478923,0.48453514,0.5672443
2544,E020-03,-0.33386586,-0.8178677,-1.1559167,-0.64430858,-0.78508126,-0.33386586
2545,E020-03,0.94288732,-1.9354668,-1.4294546,0.62636288,0.94288732,0.11353212
2546,E020-03,0.048966325,0.048966325,-0.24962906,-0.34915816,-1.4349073,-0.43844611
2547,E020-03,0.31946864,-0.070297222,-0.37478458,-0.68928034,0.31946864,-1.2874966
2548,E020-03,-0.11355771,-1.757287,-1.7630645,-0.11355771,-0.30119123,-0.24254554
2549,E020-03,0.68134794,0.61577937,0.68134794,0.54165162,0.17246426,0.1716947
2550,E020-03,2.8987603,-0.61800357,-0.1682726,2.2383756,1.4363581,2.8987603
2551,E020-03,0.20021864,-0.73405482,-0.60224768,0.19392524,0.20021864,0.090514572
2552,E020-03,1.9860272,-1.5234604,-1.3857062,1.9860272,0.72157181,1.8706822
2553,E020-03,1.9339449,-1.6209926,-1.0985121,0.34913693,1.9339449,0.90923361
2554,E020-03,1.4152241,-1.1388247,-1.0326367,1.2741748,0.88655944,1.4152241
2555,E020-03,0.29470987,0.28798239,0.29470987,-0.8661583,-0.48005475,-0.50705774
2556,E020-03,1.1007032,-2.0656215,-1.6309373,0.55506282,1.1007032,0.077218455
2557,E020-03,0.78930324,-0.69941358,-0.62274267,0.78930324,0.56990554,0.2341665
2558,E020-03,0.58587606,-0.6144509,-0.64680078,0.57884666,-0.070729344,0.58587606
2559,E020-03,0.96458405,0.58479295,0.89061765,0.55587342,0.96458405,0.3656657
2560,E020-03,3.7423222,0.25091841,0.28779915,3.7423222,-1.8238172,3.5262444
2561,E020-03,-0.23416783,-1.1153423,-1.2502079,-0.23416783,-0.72361023,-0.55453351
2562,E020-03,0.28920351,0.03102659,0.043864724,-0.08617822,0.28920351,0.13171798
2563,E020-03,1.5585638,0.077098986,0.28270728,1.1259485,1.3577356,1.5585638
2564,E020-03,0.54231814,-0.88077592,-0.81536033,-0.78296401,0.54231814,-0.69777804
2565,E020-03,-0.31121794,-0.45106832,-0.31121794,-1.1890232,-0.99050601,-0.89203323
2566,E020-03,0.73558867,0.73558867,0.72837001,0.51487253,0.41805888,0.43866206
2567,E020-03,0.61434324,-0.54410612,-0.43189963,-0.6263952,0.61434324,-0.2723729
2568,E020-03,-0.69954099,-1.3757438,-1.8259202,-1.9921874,-0.69954099,-1.9051344
2569,E020-03,0.56826306,0.40004096,0.37612263,0.46822052,-0.97174353,0.56826306
2570,E020-03,0.2592076,-1.9219652,-2.1635016,0.2592076,-1.5263835,-0.023677565
2571,E020-03,0.11120454,-0.77113301,-0.82414345,-0.39685307,-1.4615233,0.11120454
2572,E020-03,1.4932655,1.4932655,1.4680929,0.84542315,0.52723185,0.95531929
2573,E020-03,0.40705122,-0.83986018,-0.73647527,-0.15776931,0.40705122,0.035042694
2574,E020-03,-0.031325445,-0.24064783,-0.11275483,-0.51778051,-0.086045551,-0.031325445
2575,E020-03,1.2512427,-0.064827133,0.41729369,-0.051929215,1.2512427,-0.22674353
2576,E020-03,0.4988905,0.4988905,0.42924444,-0.77952469,-1.1308969,-1.0978769
2577,E020-03,0.36596188,-2.3028644,-2.7403105,0.36596188,-1.243944,-0.14225522
2578,E020-03,0.60690427,0.60690427,0.57702764,-0.59131428,-0.94025888,-0.45371158
2579,E020-03,1.5475263,-1.2361975,-0.63444474,0.348591,1.5475263,0.50469565
2580,E020-03,0.87168278,-0.3619946,-0.2023518,-0.39532414,0.87168278,-0.3816832
2581,E020-03,1.051936,-2.0172321,-1.7144039,-0.42502047,1.051936,-0.094855089
2582,E020-03,-0.096108695,-0.096108695,-0.45020857,-0.6789311,-1.5424896,-0.82633572
2583,E020-03,0.38014811,-1.4912395,-1.2877906,-0.97944396,0.38014811,-1.3797835
2584,E020-03,1.1785127,-1.9733857,-2.0210663,1.1785127,-0.12891519,0.53272074
2585,E020-03,-0.10892997,-0.10892997,-0.29212552,-0.89889444,-1.7418035,-0.54969857
2586,E020-03,0.82133801,0.51778154,0.82133801,0.61457814,-0.051158739,-0.014182042
2587,E020-03,0.62559501,-1.5938688,-2.0243831,0.62559501,-1.8786454,0.34020564
2588,E020-03,1.2408597,1.2408597,1.2141786,-1.6787644,0.16671581,-1.9906269
2589,E020-03,0.080583935,-0.89792059,-1.021395,-0.44279883,0.080583935,-0.30672836
2590,E020-03,1.6094121,0.34279846,0.64374398,-0.44046399,1.6094121,0.10115205
2591,E020-03,1.0768374,-1.5754519,-1.5463282,0.98595316,-1.0939218,1.0768374
2592,E020-03,2.0217816,-1.4255894,-0.99753277,-0.25274992,2.0217816,-0.23976203
2593,E020-03,0.26533848,-1.1473227,-1.0682328,-0.2193872,0.26533848,-0.38277847
2594,E020-03,1.8991833,0.4329226,1.1067291,0.23336033,1.8991833,0.1678788
2595,E020-03,-0.17143663,-1.7687088,-1.8575731,-1.1940794,-0.17143663,-1.9170802
2596,E020-03,2.1642614,0.13225497,0.084513537,2.1642614,-0.32984739,1.0042111
2597,E020-03,3.1969323,-1.7525976,-1.8053752,3.1969323,-0.24441013,2.7138424
2598,E020-03,0.70442332,-2.5426929,-2.5828474,0.70442332,0.15328454,0.021726743
2599,E020-03,1.1508401,1.1508401,1.1274088,1.0706229,-0.19455407,0.13089526
2600,E020-03,1.2845797,-2.545713,-1.9353084,0.97049297,1.2845797,0.8642983
2601,E020-03,1.7719326,-1.1378359,-0.67380025,0.93316083,1.7719326,0.86037942
2602,E020-03,1.3774479,0.23756072,0.21265523,-0.65308869,1.3774479,-0.77991499
2603,E020-03,2.2995336,-0.78258993,-0.41135949,1.5900956,2.2995336,1.6217819
2604,E020-03,-0.25492573,-0.53885421,-0.70935494,-0.25492573,-0.93344778,-0.4544967
2605,E020-03,1.5506155,-0.38576849,0.23397909,0.25232227,1.5506155,0.23596819
2606,E020-03,-0.090031753,-0.090031753,-0.68816801,-0.41693141,-1.6521263,-0.15541974
2607,E020-03,0.55804505,-0.68126808,-0.87009526,0.17017364,-0.57677187,0.55804505
2608,E020-03,0.34869474,0.055572494,0.34869474,-0.76555429,-0.40469029,-0.58782133
2609,E020-03,1.4074756,-1.2527671,-1.6480834,0.49569665,-1.2407404,1.4074756
2610,E020-03,-0.17043716,-0.17043716,-0.54646684,-0.55434271,-0.80014527,-0.53089334
2611,E020-03,0.28931936,-0.33327372,-0.23163068,-0.58566598,0.28931936,-0.62370067
2612,E020-03,2.7941298,0.028583315,0.3489003,2.7941298,0.59892842,2.1715492
2613,E020-03,1.1050787,-0.11784051,-0.15266224,0.75917551,-0.29374889,1.1050787
2614,E020-03,2.9803845,-0.83932396,-0.92413365,2.9803845,0.67361628,2.2248698
2615,E020-03,1.4411972,-3.0099429,-3.5719868,1.2121349,-0.65679689,1.4411972
2616,E020-03,0.75296826,0.75296826,0.71831003,-0.54723281,-0.13144327,0.039353886
2617,E020-03,1.2994059,1.2774501,1.2994059,0.77045463,0.39417353,0.6255621
2618,E020-03,1.8586859,0.58152126,0.31390886,1.8586859,-0.88187992,0.91697627
2619,E020-03,1.6890649,0.75264607,1.1911222,0.29541884,1.6890649,0.11661448
2620,E020-03,1.3984824,-1.0147048,-1.1845187,1.0801591,-2.100538,1.3984824
2621,E020-03,1.7803735,-0.90845192,-0.80156488,-0.53933418,1.7803735,-0.12690075
2622,E020-03,0.77728976,-0.51111693,-0.32426169,-1.15961,0.77728976,-1.3613306
2623,E020-03,1.4182192,-0.67445692,-0.26387489,-0.33567579,1.4182192,0.042492417
2624,E020-03,1.4979819,0.93130146,0.94587903,1.1146408,0.71722569,1.4979819
2625,E020-03,0.13090751,-0.28136968,-0.41541626,0.0023178345,-0.83064229,0.13090751
2626,E020-03,1.0076462,-1.6288133,-1.5298017,1.0076462,-0.070839029,0.57925187
2627,E020-03,2.3018844,0.60090214,0.64456267,1.6895241,-0.75781406,2.3018844
2628,E020-03,1.8279355,-0.60519823,-0.21617131,-0.025514112,1.8279355,-0.40380957
2629,E020-03,0.45215502,-1.6854897,-1.3861977,-2.512598,0.45215502,-1.7799736
2630,E020-03,1.1480422,1.1480422,0.9204841,0.29233649,-0.94306806,0.25936345
2631,E020-03,0.40587327,0.40587327,-0.010420366,-0.11908924,-1.1714401,-0.15043369
2632,E020-03,-0.21501934,-0.21501934,-0.36164476,-0.39923854,-0.45904862,-0.87915953
2633,E020-03,0.78909938,-0.60382478,-0.27583684,0.28379377,0.78909938,0.38631038
2634,E020-03,1.1785166,-0.84839893,-1.4010091,0.76067729,-2.2321929,1.1785166
2635,E020-03,1.6490044,-0.005866423,-0.015617609,-1.052327,1.6490044,-0.90426618
2636,E020-03,-0.68655296,-1.9497654,-2.0146291,-1.003447,-0.68655296,-0.81884454
2637,E020-03,0.068409801,-1.2414211,-1.2485969,-1.440235,0.068409801,-2.2691848
2638,E020-03,0.58380411,-0.40488534,-0.58330558,0.34938777,-1.1949808,0.58380411
2639,E020-03,0.70780508,-0.62433441,-0.63884803,0.34245916,0.55290279,0.70780508
2640,E020-03,-0.50943955,-1.1671655,-1.2313127,-0.74912946,-0.91891026,-0.50943955
2641,E020-03,0.67348449,-0.87563303,-0.52431961,-1.1527057,0.67348449,-0.74423208
2642,E020-03,0.48203523,-0.53705872,-0.90580178,0.336672,-1.0948946,0.48203523
2643,E020-03,0.096977138,0.096977138,0.094839227,-2.4899221,-1.1762924,-1.9435049
2644,E020-03,0.4910994,0.36292146,0.4910994,0.058360849,-0.058634153,0.1955745
2645,E020-03,0.45371867,-0.93747445,-1.0570599,-0.47220652,-1.2530356,0.45371867
2646,E020-03,0.92384834,0.92384834,0.39064519,-0.20698976,-0.97718297,0.25141935
2647,E020-03,0.53444234,0.22984107,0.1194173,-2.6264795,0.53444234,-2.3752217
2648,E020-03,-0.0671487,-0.92960146,-0.89346056,-0.47702345,-0.20280898,-0.0671487
2649,E020-03,1.9118059,-0.047393883,0.14263912,-0.47417352,1.9118059,-0.59268003
2650,E020-03,0.40206336,-0.35003188,-0.32386298,0.28152575,0.12340027,0.40206336
2651,E020-03,0.61246792,0.61246792,0.32131246,-0.66853461,-0.82278381,-0.68238912
2652,E020-03,-0.012763687,-2.5070346,-2.9293934,-1.4270013,-0.012763687,-2.0145918
2653,E020-03,-0.9258759,-2.2069945,-2.531362,-0.9258759,-1.3041414,-1.0707667
2654,E020-03,0.40338758,0.40338758,0.30493755,0.19358527,-0.52051184,-0.38926404
2655,E020-03,0.86829989,0.53932205,0.86829989,-0.41398308,0.8521416,-0.75437022
2656,E020-03,0.43219958,0.014093303,0.050330685,0.10657737,0.073096883,0.43219958
2657,E020-03,0.2006709,-1.8979895,-1.5852048,0.2006709,0.11180197,-0.38440872
2658,E020-03,0.46748593,-0.72780423,-0.62090811,0.37072322,0.46748593,0.18694358
2659,E020-03,-0.046430815,-0.046430815,-0.20289331,-0.8914045,-0.096683624,-0.80614265
2660,E020-03,-0.77295156,-1.5175301,-1.7280113,-2.0669354,-0.77295156,-2.5791588
2661,E020-03,0.97544737,0.97544737,0.89589558,0.52674411,0.54836755,0.83473845
2662,E020-03,0.26301281,0.26301281,0.065685601,-1.0585943,-0.56995116,-0.85672926
2663,E020-03,0.59693715,-0.30236988,-0.58803013,0.4019623,-0.8704735,0.59693715
2664,E020-03,1.5538065,-0.78797603,-0.48498072,-1.7610591,1.5538065,-1.9409692
2665,E020-03,1.2019746,-0.12832046,-0.022144476,0.97991066,-0.45815298,1.2019746
2666,E020-03,1.0064367,0.42202424,0.43488677,0.61089425,0.022450712,1.0064367
2667,E020-03,2.7407763,2.279618,2.7407763,0.31967603,0.45552452,0.37701559
2668,E020-03,-0.033660252,-0.86247683,-0.82657425,-1.0197367,-0.033660252,-1.3361926
2669,E020-03,2.1935751,-2.3739613,-2.0089788,-0.043656917,2.1935751,0.13913434
2670,E020-03,1.460537,0.99674733,1.0814329,0.17970648,1.460537,-0.0059192615
2671,E020-03,-0.35926209,-1.4057138,-1.5412273,-0.73930475,-0.35926209,-0.41363888
2672,E020-03,0.38811751,-0.7294418,-1.1339548,0.38811751,-1.1103404,0.35020407
2673,E020-03,0.8125869,0.10266881,0.66078768,0.030878561,0.8125869,0.47957767
2674,E020-03,-0.43845159,-1.7215616,-1.8760589,-0.43845159,-1.6743898,-0.68449978
2675,E020-03,0.56669138,-0.52344166,-0.25360862,-1.2029144,0.56669138,-0.91785968
2676,E020-03,1.124799,-0.82025752,-0.730355,1.0313075,-0.061490455,1.124799
2677,E020-03,0.66096577,0.62274613,0.66096577,0.072757703,-0.3825093,-0.041068583
2678,E020-03,0.75218427,-0.23202008,-0.46795133,-0.68346526,0.75218427,-0.66924255
2679,E020-03,1.6794504,-1.5899542,-1.4725843,1.6794504,0.51939916,1.3542751
2680,E020-03,-0.075789739,-0.18028562,-0.13623236,-0.075789739,-0.494432,-0.4191999
2681,E020-03,0.0062392582,-0.90338668,-0.99211559,-1.7902385,0.0062392582,-1.2872101
2682,E020-03,1.1653793,1.0547882,1.1653793,-0.59547208,0.29747601,-1.2069273
2683,E020-03,-0.10036533,-2.2877514,-2.4278763,-1.8545553,-0.10036533,-1.5874343
2684,E020-03,0.97732466,-0.38218125,-0.3434349,-0.12639933,0.97732466,0.63456834
2685,E020-03,1.7434953,-1.0454859,-0.33429676,0.16891277,1.7434953,0.32125437
2686,E020-03,0.54534403,-0.47254841,-0.72119431,0.19732985,-1.5134131,0.54534403
2687,E020-03,0.36289988,-0.62618012,-0.67954773,0.064369475,0.36289988,-0.24374736
2688,E020-03,-0.0092216281,-1.8083093,-1.8340511,-0.9791567,-0.0092216281,-0.82808607
2689,E020-03,1.1100041,0.35268945,0.076907547,0.58480819,-1.5759002,1.1100041
2690,E020-03,1.0808854,0.81756808,1.0808854,-0.94193602,0.85566005,-0.79912386
2691,E020-03,1.4557922,-2.0751496,-1.8752595,1.4557922,-0.334758,1.3973525
2692,E020-03,0.77428967,-1.0410618,-1.3047656,-0.28425004,0.77428967,0.10707156
2693,E020-03,0.78212452,-0.87239116,-0.54572153,-0.19931699,0.78212452,0.33359026
2694,E020-03,1.384205,1.3458946,1.384205,0.81457893,-0.28810328,0.59447524
2695,E020-03,0.17015757,-1.1856317,-0.72765765,0.097950202,0.08238964,0.17015757
2696,E020-03,1.71744,-2.4605555,-1.7403496,0.11237901,1.71744,0.08504861
2697,E020-03,1.1967873,-2.2704639,-2.0037644,1.031984,-0.46479519,1.1967873
2698,E020-03,1.0788011,1.0788011,0.75953404,-0.79482043,-2.090487,-0.45963708
2699,E020-03,-0.18235104,-0.83270577,-0.96599837,-0.76661499,-1.1491406,-0.18235104
2700,E020-03,1.713033,-0.73603047,-0.45813844,0.30804201,1.713033,1.1087216
2701,E020-03,0.35710874,-2.2074601,-2.1150648,-0.94167184,0.35710874,-0.48716485
2702,E020-03,1.0763421,-0.71405074,-0.75672987,0.84524694,0.11571042,1.0763421
2703,E020-03,0.26644952,0.26644952,0.14645147,-1.0715915,-0.83720847,-0.94484462
2704,E020-03,-0.4336645,-1.230722,-1.6016305,-0.52545315,-0.80383429,-0.4336645
2705,E020-03,-0.030641998,-0.55205383,-0.57471346,-0.68714675,-0.030641998,-0.82516306
2706,E020-03,-0.13932744,-0.13932744,-0.38721457,-2.2107162,-0.56709363,-2.1544285
2707,E020-03,-0.64979642,-0.64979642,-0.8931809,-0.78624723,-0.83441715,-0.85784456
2708,E020-03,1.4157823,-1.3497548,-0.97465251,-0.074219321,1.4157823,-0.22853766
2709,E020-03,0.52605213,-0.51802652,-0.49907543,0.31992362,0.35738864,0.52605213
2710,E020-03,2.0600008,-0.18883253,0.31535038,0.058726283,2.0600008,0.17557028
2711,E020-03,-0.072210808,-0.072210808,-0.097985474,-1.018262,-1.0643209,-1.6083693
2712,E020-03,1.0055892,-0.22781876,-0.20939206,0.66508139,-0.73594992,1.0055892
2713,E020-03,-0.34979408,-0.93888654,-0.82331163,-0.56711802,-1.3205718,-0.34979408
2714,E020-03,0.73976457,0.73976457,0.65116925,-0.94401673,-0.65653987,-0.92745251
2715,E020-03,0.72977603,-1.547864,-1.9168326,0.34036467,-0.97812101,0.72977603
2716,E020-03,1.1137733,1.0113891,0.77020635,1.1137733,-1.3385598,1.0862393
2717,E020-03,0.95032676,0.61757397,0.95032676,0.65439442,-0.15546281,0.1424381
2718,E020-03,0.35008909,0.30204342,0.35008909,-1.2811768,-0.01498736,-0.80597318
2719,E020-03,1.9595108,1.6602741,1.9595108,-0.55694541,0.52224172,-0.85953414
2720,E020-03,0.2239211,-1.0249448,-0.82976894,-0.46115379,0.2239211,-0.56892016
2721,E020-03,-0.50624576,-2.1056512,-1.9789751,-1.1458576,-0.50624576,-1.3153217
2722,E020-03,2.0925011,0.28466848,0.37371114,0.60655355,2.0925011,1.1081261
2723,E020-03,-0.38716011,-0.38716011,-0.5537043,-1.4417649,-0.39556459,-0.92503877
2724,E020-03,0.34715769,-1.6963168,-1.6092209,0.34715769,-0.39456349,-0.36065166
2725,E020-03,0.89821262,-0.77003696,-1.0404249,-0.57136285,-1.2036381,0.89821262
2726,E020-03,0.96045501,0.24934432,0.11269273,0.93433233,-0.19295866,0.96045501
2727,E020-03,2.2932875,-1.0816174,-1.3663152,2.2932875,-1.653764,1.6367335
2728,E020-03,0.020535377,0.020535377,-0.021213692,-0.78464514,-0.64275018,-1.1230781
2729,E020-03,0.41866763,-1.1403226,-1.1759668,-0.52321309,0.41866763,-0.61427852
2730,E020-03,0.74018808,0.74018808,0.63989492,0.48192725,-0.4071135,0.22540204
2731,E020-03,0.57211002,-0.98798134,-1.4636763,0.016135052,-1.814581,0.57211002
2732,E020-03,1.8545115,0.31802197,0.33355121,1.8545115,0.28668127,1.4543144
2733,E020-03,1.2899617,0.97765098,1.2899617,0.29321259,-0.096155217,0.91771343
2734,E020-03,0.41133385,-2.3866681,-2.3612501,0.41133385,0.39236365,0.34480388
2735,E020-03,0.97518067,-1.663851,-1.4538945,0.39796859,0.40808367,0.97518067
2736,E020-03,-0.0070737481,-0.26465954,-0.24900603,-0.0070737481,-0.38937712,-0.21242273
2737,E020-03,0.81437347,-0.40025652,-0.59492138,0.073863899,-1.2197643,0.81437347
2738,E020-03,-0.072518934,-0.50285171,-0.76997891,-0.32253844,-2.0384244,-0.072518934
2739,E020-03,-0.23261628,-1.7280488,-1.9706338,-0.33838736,-0.5471897,-0.23261628
2740,E020-03,0.031432326,0.0093011908,-0.11681194,0.031432326,-0.72282461,-0.020432798
2741,E020-03,0.012355524,0.012355524,-0.23226808,-0.56707761,-1.235624,-0.5381037
2742,E020-03,-0.21715255,-1.6508203,-1.793918,-0.8697501,-0.69884975,-0.21715255
2743,E020-03,0.068861743,-0.64828687,-0.87700076,0.04939359,-1.7665829,0.068861743
2744,E020-03,-0.92588975,-1.4729037,-1.3778892,-2.6777997,-0.92588975,-2.7894767
2745,E020-03,0.11011063,-1.8243587,-1.7380452,-1.6510268,0.11011063,-1.1912629
2746,E020-03,2.1477579,-0.98985822,-0.71004634,1.5496637,1.5003104,2.1477579
2747,E020-03,0.69154566,0.69154566,0.59139293,0.13165808,-0.72778362,0.26262213
2748,E020-03,0.25219446,-0.82707944,-1.1123704,0.25219446,-0.90873959,0.054397112
2749,E020-03,1.2625092,-1.285964,-1.1671507,-1.3673962,1.2625092,-1.5528452
2750,E020-03,1.1933116,0.44099362,0.44988417,1.1933116,1.1278751,0.64484355
2751,E020-03,-0.69955719,-0.69955719,-0.89355048,-1.1258544,-0.80729793,-1.0503521
2752,E020-03,0.26864253,0.18888806,-0.04430924,-0.34359728,-0.27029049,0.26864253
2753,E020-03,-0.067243907,-0.23127603,-0.13382137,-0.97580565,-0.067243907,-1.1276194
2754,E020-03,0.085055498,-0.083817199,-0.10461848,0.085055498,-0.33180461,-0.1840508
2755,E020-03,0.1080139,-1.1489114,-1.0943285,-1.8849533,0.1080139,-0.953016
2756,E020-03,3.212932,1.3974488,2.0072287,-1.1565702,3.212932,-0.42826618
2757,E020-03,-0.30244633,-1.1344317,-1.1790943,-1.9473318,-0.30244633,-1.3933814
2758,E020-03,0.5015643,-0.87635356,-1.0000393,0.4012577,0.22327357,0.5015643
2759,E020-03,0.24277022,-0.55261473,-0.72013782,0.24277022,-2.1905356,-0.63572167
2760,E020-03,0.92866921,-1.6288051,-1.6146045,0.92866921,-0.74217544,0.91264845
2761,E020-03,1.2075514,-0.61311761,-0.71744782,0.78687893,-1.307132,1.2075514
2762,E020-03,0.79145127,-1.0873929,-0.94083535,-0.24295662,0.79145127,0.4564683
2763,E020-03,0.64258014,0.22167897,0.64258014,-0.12916539,-0.64063945,-0.16187704
2764,E020-03,0.74380595,-1.7845119,-1.8183409,-0.62534839,0.74380595,-1.1193651
2765,E020-03,-0.30198289,-1.5557941,-1.7053674,-0.30198289,-1.3618039,-0.69574598
2766,E020-03,0.80801278,-0.67571959,-0.67678493,0.80801278,0.081620378,0.5960543
2767,E020-03,1.1862569,-0.60838692,-0.60806669,-0.072974109,1.1862569,0.60047899
2768,E020-03,0.95934355,-0.31257826,-0.85293747,0.95934355,-2.3742912,0.92969866
2769,E020-03,1.1181928,0.053489562,0.18355156,-1.3416882,1.1181928,-1.5063141
2770,E020-03,-0.16248215,-2.0540506,-2.4194576,-0.16248215,-1.8309182,-0.33838776
2771,E020-03,0.22211478,0.22211478,0.18187311,0.21316388,-0.44018051,0.032405327
2772,E020-03,1.096725,-0.30244146,-0.35195527,1.096725,-0.76042039,0.93193133
2773,E020-03,1.3444411,-1.4508363,-1.546501,1.3444411,0.61329508,1.1352509
2774,E020-03,0.3953658,-2.0894524,-2.1880036,-0.087459197,0.3953658,-0.36496403
2775,E020-03,0.30147886,-1.3647195,-1.3824846,-0.0080836694,0.30147886,0.078743536
2776,E020-03,1.109013,-0.1785575,-0.005463511,-0.92847437,1.109013,-0.11051831
2777,E020-03,0.23877293,0.23877293,0.14500103,-1.3418033,-0.63174244,-0.98878913
2778,E020-03,1.2724346,-0.16996988,-0.38803888,1.2724346,0.20167332,0.93316502
2779,E020-03,1.3065521,-0.45057599,-0.24665034,1.3065521,1.2447177,1.1265359
2780,E020-03,0.90307718,-2.2931701,-2.4155499,0.51746366,-0.18681455,0.90307718
2781,E020-03,-0.5033978,-2.0014923,-2.2413521,-0.5033978,-1.0445015,-1.0640726
2782,E020-03,-0.018182773,-1.4787361,-1.498883,-0.018182773,-0.17940372,-0.19662388
2783,E020-03,-0.20977778,-0.79444944,-0.75240446,-1.7777541,-0.20977778,-1.3137804
2784,E020-03,0.70677684,-1.6336671,-1.9173311,-2.0744364,0.70677684,-2.3228823
2785,E020-03,-0.22102435,-1.1316938,-1.5273243,-0.36206782,-0.91827294,-0.22102435
2786,E020-03,0.16736487,-0.59223333,-0.28714229,-0.3290108,0.16736487,-0.93582276
2787,E020-03,0.033372427,-0.13410284,-0.3265535,-0.04351431,-1.3072056,0.033372427
2788,E020-03,-0.22268814,-0.22268814,-0.23033081,-0.49349835,-0.6037575,-0.51126887
2789,E020-03,3.9070282,-3.0221484,-3.0612594,3.9070282,-1.0918429,3.4141752
2790,E020-03,1.1463407,1.0345677,1.1463407,0.83861184,0.2836732,1.0351358
2791,E020-03,0.025195092,-0.9005954,-1.24588,-0.50639746,-1.6850246,0.025195092
2792,E020-03,0.22208217,-2.1181138,-2.0111288,-0.25594655,0.091910684,0.22208217
2793,E020-03,0.22324481,-0.26684688,-0.27523433,-0.51937748,0.22324481,-0.20779702
2794,E020-03,1.1081025,0.93814819,1.1081025,0.57456924,-0.010746779,0.40262348
2795,E020-03,1.1912849,0.77184626,1.1912849,-2.9483144,0.98015918,-2.7256359
2796,E020-03,0.61953955,-0.072835296,-0.022074937,-0.86200325,0.61953955,-0.4668926
2797,E020-03,0.26736989,0.015916762,-0.35653074,-0.048518482,-1.8632452,0.26736989
2798,E020-03,1.3843768,-2.195054,-1.7821414,1.2711076,1.3843768,1.1975021
2799,E020-03,0.73832805,-2.3853484,-2.7148114,0.70559545,-0.81312268,0.73832805
2800,E020-03,0.9516009,-0.59496649,-0.85326755,0.18585843,-1.0115104,0.9516009
2801,E020-03,0.79099402,-0.095776558,-0.32156678,0.79099402,-0.89687975,0.78609603
2802,E020-03,1.51175,1.335998,1.51175,1.1092665,0.23080288,0.85492665
2803,E020-03,0.80838438,0.80838438,0.80325517,-0.96872355,0.44043507,-1.0159018
2804,E020-03,0.097570233,-2.1457611,-1.9972247,-0.24615225,0.097570233,-0.22522018
2805,E020-03,1.1875057,-0.77170526,-1.251809,0.9941019,-1.8194288,1.1875057
2806,E020-03,1.0326223,-1.7187675,-1.9151979,1.0326223,-0.88292173,1.0065374
2807,E020-03,1.6611009,-0.30318197,-0.1730944,1.6611009,1.1084691,-0.010407238
2808,E020-03,2.1837716,-0.78168728,-0.56145151,2.0927699,0.11378522,2.1837716
2809,E020-03,1.2674311,0.098075481,0.41245617,-0.27926599,1.2674311,-0.10857289
2810,E020-03,1.0968857,-0.1220444,0.25907972,0.98841374,-0.11994488,1.0968857
2811,E020-03,-0.058095135,-1.9186686,-1.7319711,-0.3936254,-0.059450499,-0.058095135
2812,E020-03,0.90509884,0.90509884,0.88772464,-0.64761247,0.43114442,0.22841513
2813,E020-03,0.5136417,-0.86975414,-0.82254091,0.40159787,0.38882108,0.5136417
2814,E020-03,1.5857939,1.5857939,0.94929397,-0.0057889308,-1.5580531,-1.0968523
2815,E020-03,0.26452626,0.26452626,-0.07438498,-1.7372116,-1.6139867,-1.4127426
2816,E020-03,1.6777294,0.37779103,0.50786584,-0.14927617,1.6777294,0.15904643
2817,E020-03,0.91593665,0.63521954,0.91593665,-1.144141,0.19938936,-1.472043
2818,E020-03,0.31804099,-0.080569684,-0.2700459,-0.28671481,-1.0219461,0.31804099
2819,E020-03,0.23147971,-0.14645213,-0.23468718,0.18116668,0.13353639,0.23147971
2820,E020-03,0.46486715,-1.6534143,-2.0319669,0.46486715,-0.30529481,0.17262018
2821,E020-03,0.92454017,-0.6678482,-0.58731615,0.028201133,0.92454017,0.85160312
2822,E020-03,1.7751328,-0.079210783,-0.26895475,1.0050874,0.49105851,1.7751328
2823,E020-03,0.41366987,0.41366987,0.084426098,-1.6689087,-0.91068134,-2.0760335
2824,E020-03,0.68001054,-0.17958373,-0.11895942,0.38561383,0.21970487,0.68001054
2825,E020-03,1.4810896,-0.72199679,-0.51828957,1.0860397,-0.95077517,1.4810896
2826,E020-03,0.24415529,-1.850968,-1.9252782,-1.0055351,0.24415529,-0.60753816
2827,E020-03,0.63988475,0.49155826,0.63988475,-1.732033,0.45403732,-1.8386312
2828,E020-03,0.13033951,-1.2394059,-1.4682949,-0.0441062,-1.1924421,0.13033951
2829,E020-03,1.2186797,1.2186797,0.97324792,-0.81932113,-1.4867016,-0.42534763
2830,E020-03,1.5420279,1.5420279,1.4649556,0.59384215,-0.11323077,0.68505585
2831,E020-03,0.43647887,0.28158732,0.43647887,-1.7753165,-0.60533348,-1.0979569
2832,E020-03,2.2951342,-2.6202046,-2.101685,-0.74744354,2.2951342,-0.28553704
2833,E020-03,2.9805674,2.2909895,2.9805674,2.1481137,1.4990076,2.5082555
2834,E020-03,1.056408,-0.50451493,-0.32746224,0.96769321,-0.36500522,1.056408
2835,E020-03,1.5976504,1.101027,1.3766029,1.4994595,0.2863459,1.5976504
2836,E020-03,2.8463758,0.36868885,0.19972739,2.8463758,-0.66812456,2.5142891
2837,E020-03,1.362468,-1.6636379,-1.4236315,0.70011122,1.362468,0.3997901
2838,E020-03,0.87332915,-0.049258357,-0.046826742,-0.40565517,0.87332915,0.082118952
2839,E020-03,0.7430249,0.43445153,0.64656662,-0.49373725,0.7430249,-0.99508665
2840,E020-03,2.1242197,-0.13381259,0.057166084,0.51830378,2.1242197,0.51762481
2841,E020-03,-0.15908107,-1.098187,-1.0699949,-0.85885916,-0.15908107,-0.31747693
2842,E020-03,0.7148421,0.7148421,0.64631586,-1.7022277,-1.7314464,-1.6349841
2843,E020-03,0.92554898,-1.366795,-1.3051501,0.92554898,0.283603,0.72278553
2844,E020-03,0.87464409,-1.3320046,-1.1134299,0.47024313,0.17779699,0.87464409
2845,E020-03,0.77608991,0.31242476,0.14370502,0.77608991,-0.81190171,0.44824556
2846,E020-03,0.26919306,-1.5726631,-1.6085742,0.18565372,0.056707873,0.26919306
2847,E020-03,0.65603334,-1.4756175,-0.98122974,-0.22078811,0.65603334,0.05818918
2848,E020-03,-0.68196365,-0.68196365,-0.97188143,-2.3578568,-0.80195882,-1.9488326
2849,E020-03,0.6952309,-1.2435956,-0.96500893,-2.1302897,0.6952309,-1.6955538
2850,E020-03,-0.66338367,-0.8027719,-0.94398345,-1.5182432,-0.66338367,-1.6272215
2851,E020-03,-0.076193128,-0.48754335,-0.49091688,-0.68050958,-0.076193128,-1.0019863
2852,E020-03,0.020229916,-2.6843649,-2.1894797,-1.6068564,0.020229916,-0.80105781
2853,E020-03,0.34273698,-0.64404215,-0.63304652,-1.1658931,0.34273698,-0.5494945
2854,E020-03,2.4414325,0.64045631,0.88772591,0.14891213,2.4414325,0.24848253
2855,E020-03,1.8791649,1.7650992,1.8791649,0.38540312,0.69126391,-0.064789757
2856,E020-03,1.5149308,0.04234959,0.33778178,0.72801217,1.0652253,1.5149308
2857,E020-03,-0.36171886,-1.3686071,-1.3526904,-1.2467369,-1.1279948,-0.36171886
2858,E020-03,0.45102615,0.45102615,-0.059608358,-0.65730583,-1.8845913,-0.48680319
2859,E020-03,1.8631264,-0.2108555,0.56261064,-0.32546699,1.8631264,-0.13277813
2860,E020-03,0.28825006,-0.068746898,-0.1546956,-0.97714812,0.28825006,-0.58101398
2861,E020-03,0.774586,-0.55671168,-0.50490446,0.36853044,0.774586,0.021932762
2862,E020-03,1.4850624,-0.88825632,-0.70951188,-0.83060884,1.4850624,-0.51223553
2863,E020-03,0.073760622,-0.15726746,-0.1148151,-0.065322729,-0.96431028,0.073760622
2864,E020-03,1.1934469,0.035801462,0.084426966,1.1934469,-0.58858392,0.96878568
2865,E020-03,1.4110829,-0.59736205,-0.19288425,1.4110829,1.248005,0.90646181
2866,E020-03,1.2191337,1.1721363,1.2191337,0.88328714,0.26986896,1.2049902
2867,E020-03,1.5651182,-0.78099324,-1.20371,1.3984315,-0.712634,1.5651182
2868,E020-03,1.5785299,0.94114194,1.2800611,1.0942743,1.5785299,1.2621437
2869,E020-03,0.51304533,-3.9036985,-3.8566796,-0.015083339,0.51304533,-1.8728137
2870,E020-03,0.64781434,-0.88681783,-0.61538497,-0.52746381,0.64781434,-0.95382923
2871,E020-03,-0.50689994,-0.50689994,-0.64070972,-1.351462,-0.59919657,-1.5217732
2872,E020-03,-0.0025727965,-1.5626963,-1.7547554,-0.63196065,-0.78471601,-0.0025727965
2873,E020-03,1.5905293,0.35692734,0.63901053,1.3635165,0.7203262,1.5905293
2874,E020-03,0.24485081,0.24485081,-0.036349715,-0.82603515,-0.60896292,-0.81823954
2875,E020-03,0.85009358,-0.19486872,0.29520149,-2.2729166,0.85009358,-1.9123945
2876,E020-03,0.81541837,-2.3236421,-2.2199614,-0.81435907,0.81541837,-0.44560231
2877,E020-03,1.130374,-1.2136444,-0.97364141,0.90370367,0.163287,1.130374
2878,E020-03,2.5535462,-0.54018069,-0.34536826,2.5535462,0.99352985,2.5000769
2879,E020-03,0.55798063,-1.1552704,-1.1893835,0.55798063,-0.17233845,0.34821938
2880,E020-03,0.56076841,-1.1405718,-1.5926024,0.31612467,-1.9960674,0.56076841
2881,E020-03,1.444047,-0.74893615,-0.41723861,-1.7555503,1.444047,-1.4447431
2882,E020-03,1.422995,0.22179443,0.51540492,-0.72342599,1.422995,-1.0320464
2883,E020-03,-0.096641754,-1.9343185,-2.0530723,-0.69410946,-0.096641754,-1.2201853
2884,E020-03,-0.11339837,-0.11339837,-0.13198252,-0.72542391,-0.69833738,-0.28267949
2885,E020-03,0.75153689,-2.0857861,-1.8745754,-0.63524435,0.75153689,-0.41579082
2886,E020-03,1.7153769,1.7153769,1.496915,-0.48450247,-0.24099973,-0.82525538
2887,E020-03,2.8296915,-0.14150171,0.358232,1.8913814,2.8296915,2.0429896
2888,E020-03,1.3217349,0.2755448,0.51055857,0.5751684,0.59982859,1.3217349
2889,E020-03,1.5437404,-0.45005418,-0.81100107,1.4789143,-1.1529405,1.5437404
2890,E020-03,0.22114338,0.22114338,0.068810292,-0.83435235,-0.76748318,-0.85641452
2891,E020-03,2.1955328,-1.0514667,-1.1457622,2.0239135,-0.92949208,2.1955328
2892,E020-03,2.7127243,-0.78199916,-0.43212983,2.7127243,1.866689,2.5159889
2893,E020-03,1.1484221,-1.508709,-1.2665428,-0.024238979,1.1484221,0.59639606
2894,E020-03,1.5988286,-0.22535987,0.060690581,-1.2742072,1.5988286,-1.2445832
2895,E020-03,1.3516567,-0.7532636,-0.6204498,-2.6394552,1.3516567,-1.3004175
2896,E020-03,0.53919237,0.53919237,0.51949949,-1.8616801,0.23031203,-1.7636439
2897,E020-03,1.1574792,-0.20185282,0.0033943911,0.87155304,0.81809593,1.1574792
2898,E020-03,-0.63957161,-1.4930645,-1.6278276,-0.63957161,-0.65665843,-1.3206179
2899,E020-03,0.43024233,-1.4257932,-1.3063728,0.43024233,-0.17483965,0.34557462
2900,E020-03,0.6783976,0.17943502,0.43107241,0.14178597,0.6783976,-0.072363485
2901,E020-03,0.13115811,-0.62323748,-0.77475822,0.13115811,-2.4792475,0.049604691
2902,E020-03,0.19294134,0.12866556,0.1802988,-1.3730008,0.19294134,-0.38540623
2903,E020-03,0.14072445,-0.40755396,-0.441398,0.14072445,-1.238035,-0.1117263
2904,E020-03,1.5694195,0.24812811,0.55943682,-0.0084934906,1.5694195,0.48867869
2905,E020-03,0.97851196,-0.66522873,-1.0845191,0.97851196,-3.3331819,0.93379312
2906,E020-03,0.81957101,-0.19855964,-0.07349005,0.63810502,0.032326382,0.81957101
2907,E020-03,0.30785435,-2.0036984,-2.016884,-0.20881497,0.30785435,-0.16340661
2908,E020-03,2.0399608,-0.6980908,0.20796206,-1.4366917,2.0399608,-1.5450597
2909,E020-03,0.56734738,-0.093752436,-0.20428143,0.56734738,-0.91437226,0.19306718
2910,E020-03,0.57174272,0.10824385,0.28926596,0.54477542,0.23917093,0.57174272
2911,E020-03,1.530807,-0.69144356,-0.79440398,0.85732264,-0.11287925,1.530807
2912,E020-03,0.0018561865,-0.042115822,-0.28272033,-0.34493569,-0.53538965,0.0018561865
2913,E020-03,0.28437018,0.06574751,-0.18834382,-0.18843879,-1.2698763,0.28437018
2914,E020-03,0.70793681,-0.74585505,-0.42459438,-0.51716484,0.70793681,-0.10737484
2915,E020-03,0.21597086,-0.62690477,-0.50922723,-0.20864605,0.12677117,0.21597086
2916,E020-03,3.3783998,-0.19372419,-0.22608861,3.0126395,0.12593326,3.3783998
2917,E020-03,0.35200415,0.24547141,0.35200415,-0.74923059,-1.5236562,-1.1443379
2918,E020-03,1.143581,-2.0248308,-2.2845632,0.86237008,-0.60439554,1.143581
2919,E020-03,-0.044166026,-1.9107037,-2.1271469,-0.13552575,-0.093159791,-0.044166026
2920,E020-03,1.5282238,0.99273356,1.0513188,1.2344459,-0.20466358,1.5282238
2921,E020-03,0.062214563,-0.85029954,-0.88823054,-0.076371741,-1.7628296,0.062214563
2922,E020-03,1.9060135,-1.3877933,-1.4201226,1.9060135,0.29613897,1.8644621
2923,E020-03,1.0070485,-1.5801632,-1.6939105,1.0070485,-0.10801007,0.56255274
2924,E020-03,-0.50431673,-0.68261636,-0.50431673,-1.9613478,-1.6748723,-1.9326089
2925,E020-03,-0.41450072,-0.51588501,-0.41450072,-0.80022627,-1.4166146,-0.90162212
2926,E020-03,0.65008581,0.013525193,0.29985957,0.15122139,0.65008581,0.23533747
2927,E020-03,-0.35623873,-1.2294255,-1.2970716,-0.51618332,-0.51683512,-0.35623873
2928,E020-03,1.9894159,-1.0619619,-0.78960681,1.9894159,1.5281073,1.5574296
2929,E020-03,0.033095553,-2.1340697,-2.3035371,-0.30577389,-1.605885,0.033095553
2930,E020-03,0.98008589,0.60441188,0.98008589,-2.2747161,0.57535821,-2.2417074
2931,E020-03,1.5534047,-1.4066609,-1.2476173,1.5534047,0.073561355,1.0235702
2932,E020-03,0.73574034,-1.5509657,-1.5801647,0.58777055,-1.8138707,0.73574034
2933,E020-03,0.3934375,-1.4716907,-1.3605912,0.3934375,-0.091101761,0.12241095
2934,E020-03,0.55531397,0.22117818,0.010745614,-0.035180834,-1.5487566,0.55531397
2935,E020-03,1.7721807,-0.20065326,0.32070626,-2.0937116,1.7721807,-2.1706682
2936,E020-03,0.25693121,-0.89245295,-0.84564793,-3.3125596,0.25693121,-3.74908
2937,E020-03,1.0489664,0.32943073,0.5123304,0.87348806,0.18527701,1.0489664
2938,E020-03,0.23209439,0.12059032,0.23209439,-0.5663195,-0.41543425,-0.45698078
2939,E020-03,0.78851797,-1.0133248,-0.83329455,0.26237954,0.54051186,0.78851797
2940,E020-03,0.4462594,0.10268734,0.26432446,0.4462594,0.084478484,0.20582286
2941,E020-03,0.36980725,-2.6208968,-2.7032916,0.28169638,-1.2401329,0.36980725
2942,E020-03,1.1841643,1.1841643,0.83797836,-1.6474388,-0.39357185,-1.6859988
2943,E020-03,0.88627478,0.072470468,-0.056357335,0.88627478,-0.24486331,0.59721971
2944,E020-03,2.0578337,-0.58994965,-0.088613521,0.3227719,2.0578337,0.12670958
2945,E020-03,1.9098841,0.77589682,0.21353744,1.9098841,-0.76276138,1.3766411
2946,E020-03,0.57007738,-0.22648431,-0.17941742,-0.9665544,0.57007738,-1.2686216
2947,E020-03,-0.18294941,-1.3106645,-1.5861027,-0.18294941,-1.3775106,-0.67815379
2948,E020-03,0.55329928,0.55329928,0.37545535,-0.98856435,-1.4025561,-1.4138236
2949,E020-03,0.76570798,-1.5610127,-1.7541981,0.76570798,-0.51370281,0.61074601
2950,E020-03,1.3978296,-1.8944897,-2.0129285,1.3978296,-1.3526137,1.0988621
2951,E020-03,0.57612395,0.24738368,0.28784187,0.57612395,0.027028516,0.33839862
2952,E020-03,0.65532089,-1.7818012,-1.7526084,0.65532089,-2.6960657e-05,0.32463715
2953,E020-03,-0.11521317,-0.8729574,-1.0881918,-1.299988,-0.11521317,-0.87528407
2954,E020-03,-0.30904449,-0.30904449,-0.52984498,-0.43698007,-0.55780125,-0.60266912
2955,E020-03,0.95139595,0.95139595,0.92009459,-0.002322006,0.76184281,0.55174313
2956,E020-03,1.1783728,-1.2502013,-1.3453615,1.131732,0.041763825,1.1783728
2957,E020-03,1.6741318,-1.5435298,-1.1271074,-0.69313397,1.6741318,-1.0022815
2958,E020-03,0.30903239,-0.61520225,-0.88287736,-0.46742551,-0.35673648,0.30903239
2959,E020-03,1.3567873,-0.28620883,0.17369102,0.12210743,1.3567873,-0.13713209
2960,E020-03,2.1347191,2.1347191,2.0943822,2.1114083,0.13648531,1.4090041
2961,E020-03,1.5169962,-0.89642499,-0.69344984,1.2940115,0.24857192,1.5169962
2962,E020-03,-0.29682055,-1.3365148,-1.3253619,-0.29682055,-0.81339723,-0.53784858
2963,E020-03,0.21719303,-1.600852,-1.6372767,-2.5732442,0.21719303,-3.4360234
2964,E020-03,-0.61932523,-2.2834501,-2.4808446,-3.2353728,-0.61932523,-2.7782984
2965,E020-03,0.77869737,-0.58776098,-0.33188763,0.64493096,0.77869737,0.70425552
2966,E020-03,0.87511941,-0.78774963,-0.31034071,0.77125744,0.36659229,0.87511941
2967,E020-03,2.867512,0.10541026,0.56372426,-0.82827223,2.867512,-0.5869482
2968,E020-03,-0.15357557,-1.9097766,-2.3983145,-0.61011254,-0.81603658,-0.15357557
2969,E020-03,-0.54730311,-0.54730311,-0.58101881,-1.452115,-0.7574485,-1.9534976
2970,E020-03,0.49186714,0.40875771,0.49186714,-0.41808198,-0.40623665,-0.40579377
2971,E020-03,0.79770789,-1.1639908,-1.5031395,0.79770789,-1.4698015,0.79079054
2972,E020-03,0.48395228,-1.885051,-1.3922436,0.44960289,0.44450546,0.48395228
2973,E020-03,0.67570204,0.55867354,0.67570204,-0.46285681,-0.3174898,-0.48643732
2974,E020-03,0.75452375,0.25980045,0.69685043,-2.5593845,0.75452375,-2.7163217
2975,E020-03,1.5453983,0.16621038,0.13863578,1.3247682,1.2730963,1.5453983
2976,E020-03,0.12001066,-0.57930444,-0.78052801,-0.43956027,-0.72308164,0.12001066
2977,E020-03,0.88593996,-1.255311,-1.1029946,-0.061236867,0.88593996,0.087865
2978,E020-03,1.5212366,-0.68602988,-0.97867008,1.1857411,-0.95149245,1.5212366
2979,E020-03,0.53212144,-0.66128477,-0.41052874,-0.034357419,0.53212144,-0.13077607
2980,E020-03,-0.54621499,-1.490651,-1.3706438,-0.54621499,-1.157287,-0.58604198
2981,E020-03,-0.25990436,-0.25990436,-0.43651218,-1.6515641,-0.60796135,-0.99783444
2982,E020-03,0.79813234,-1.0967934,-0.8518968,-1.418992,0.79813234,-0.83532403
2983,E020-03,0.075101408,-1.4116953,-1.2373807,-0.24850338,-0.54946165,0.075101408
2984,E020-03,1.0496167,-0.90468025,-0.91648875,0.43292424,0.84647661,1.0496167
2985,E020-03,1.1827572,-0.32980295,-0.21810943,1.1827572,-0.012280265,0.69784568
2986,E020-03,1.3149025,-0.85358389,-0.64616771,0.36479981,0.20731266,1.3149025
2987,E020-03,1.5797075,-0.039763039,-0.045000505,1.4077344,0.66020606,1.5797075
2988,E020-03,1.5607095,-1.1105358,-0.54509258,-0.25703267,1.5607095,-0.39841552
2989,E020-03,1.607288,-0.59228642,-0.29134956,-2.56876,1.607288,-1.274209
2990,E020-03,0.3865198,-0.081705962,0.017256843,-0.52163985,0.3865198,-0.72811155
2991,E020-03,1.923586,-0.29390318,-0.084876756,-2.4540246,1.923586,-1.9714327
2992,E020-03,-0.1675892,-0.63798126,-0.9085733,-1.3157608,-0.1675892,-0.50898547
2993,E020-03,-0.68642572,-1.3608949,-1.4895921,-2.2214097,-0.68642572,-1.4170477
2994,E020-03,0.51006698,-0.37122178,-0.48244955,-0.52095381,0.51006698,-0.76320511
2995,E020-03,1.4161202,-1.2786395,-1.2093744,1.4161202,-0.52481404,0.95126314
2996,E020-03,1.2184646,0.78988361,0.64388135,0.83065373,0.13669043,1.2184646
2997,E020-03,1.0062458,0.64926673,1.0062458,-1.3509518,0.83013841,-1.3220454
2998,E020-03,1.2013625,-1.7254814,-1.3600982,-2.0051365,1.2013625,-0.9700167
2999,E020-03,-0.31457327,-0.67280526,-0.82525696,-0.45479971,-1.3785125,-0.31457327
3000,E020-03,1.2093046,-1.0452328,-0.76308019,0.18531176,-0.16906372,1.2093046
3001,E020-04,1.6498005,0.74914491,0.29535042,1.4252754,-1.2772767,1.6498005
3002,E020-04,0.90447848,0.82735422,0.90447848,-0.96506797,-0.10142021,-0.30530163
3003,E020-04,-0.17511685,-0.67398433,-0.78775896,-0.18159937,-1.68659,-0.17511685
3004,E020-04,1.3362098,1.0535158,1.3362098,0.8517933,1.1933076,0.30799251
3005,E020-04,0.17857328,-0.12449552,-0.26597172,-0.12888988,-0.093922753,0.17857328
3006,E020-04,1.9478062,-1.1899413,-1.5089121,1.6621176,-1.0142594,1.9478062
3007,E020-04,0.31425448,-0.43957429,-0.28312426,-0.03112722,0.31425448,-0.6983728
3008,E020-04,1.5372242,-0.43075816,0.11716789,-0.5538167,1.5372242,-0.7677821
3009,E020-04,1.1638218,-2.9747961,-3.1086173,1.1638218,-1.664959,0.80988387
3010,E020-04,1.0411941,-1.2047746,-0.95627749,1.0411941,-0.18740692,0.61504168
3011,E020-04,-0.017719185,-1.0733239,-1.1293457,-0.6838443,-1.0902232,-0.017719185
3012,E020-04,1.133824,-0.7975486,-0.54055494,-0.3955509,1.133824,-0.85257968
3013,E020-04,-0.559846,-1.1893075,-1.1451271,-0.932673,-0.559846,-0.82038581
3014,E020-04,0.43243743,-1.5403989,-1.456721,0.14454222,-0.34586857,0.43243743
3015,E020-04,0.47474725,-0.40554889,-0.56861599,0.40062936,-2.7520948,0.47474725
3016,E020-04,0.82076623,-1.9034587,-1.8460978,-0.19798217,0.82076623,0.16608088
3017,E020-04,-1.2826252,-1.9995818,-2.2359857,-1.9563168,-1.2826252,-1.5318467
3018,E020-04,0.24670476,0.19233698,0.24670476,-0.53305407,-0.01793498,-0.43949571
3019,E020-04,4.3349548,-0.70343728,0.052182389,0.078108031,4.3349548,0.39856579
3020,E020-04,0.66244876,-0.53740396,-0.66249182,-0.13536186,-0.2455516,0.66244876
3021,E020-04,0.5074431,-0.85749232,-1.1688136,0.38705661,-0.55895042,0.5074431
3022,E020-04,1.1189847,0.12612562,0.10877595,1.1189847,-1.1084585,0.46263471
3023,E020-04,1.674427,-0.61035979,-0.20779759,-1.5559847,1.674427,-1.4751203
3024,E020-04,1.7780484,1.2247144,1.7780484,0.11815902,1.2634299,-0.31034255
3025,E020-04,0.34992384,0.07678654,0.20727514,-1.9721422,0.34992384,-1.3595149
3026,E020-04,-0.87678704,-0.92633068,-1.195689,-1.0914792,-0.87678704,-1.2205249
3027,E020-04,0.94304206,-1.5841399,-1.4934261,-0.52200562,0.94304206,-0.7352629
3028,E020-04,0.53870866,-0.24188805,-0.4714442,0.31546263,-0.56892144,0.53870866
3029,E020-04,-0.26805465,-0.26805465,-0.54569947,-1.0804872,-1.9245484,-0.45632741
3030,E020-04,0.21348597,-1.0070515,-1.3786218,0.21348597,-2.2892206,-0.25253475
3031,E020-04,-0.80155559,-1.202756,-1.3696567,-0.9088928,-0.80155559,-0.83337243
3032,E020-04,1.2945491,0.38729529,0.33445291,0.74422888,-1.2169914,1.2945491
3033,E020-04,3.4408478,0.048169129,0.33409849,3.4408478,0.35053023,3.3019804
3034,E020-04,1.6321276,-2.6836515,-2.1996895,1.6321276,1.1660373,1.375616
3035,E020-04,0.26969063,0.26969063,0.06791161,-2.0107371,0.23301906,-2.1481358
3036,E020-04,-0.14680097,-0.37707882,-0.55230019,-1.5796245,-0.14680097,-1.4359381
3037,E020-04,0.14163094,-0.07135647,-0.091861625,-2.8259382,0.14163094,-2.0593741
3038,E020-04,-0.29181957,-1.4248236,-1.7661361,-0.3259498,-2.0932594,-0.29181957
3039,E020-04,1.0284007,-1.2915312,-1.0582653,0.86789781,-0.044366544,1.0284007
3040,E020-04,1.1723281,0.13761049,0.48999569,-0.48659415,1.1723281,0.044503207
3041,E020-04,0.72086055,0.72086055,0.58664321,0.1794416,-0.4950432,0.068329362
3042,E020-04,-0.3442192,-0.3442192,-0.57503561,-3.7314462,-0.6276521,-3.056037
3043,E020-04,2.1037838,0.38336406,0.5918328,1.9117889,1.2532305,2.1037838
3044,E020-04,2.9137786,0.05934085,0.41058003,-1.1824241,2.9137786,-0.75553343
3045,E020-04,0.48299037,-0.81959839,-1.1194408,-0.080128855,-1.3106017,0.48299037
3046,E020-04,-0.48697115,-0.60838401,-0.60734143,-3.1027858,-0.48697115,-3.2882561
3047,E020-04,-0.65847373,-0.7557155,-0.65847373,-2.635398,-0.84723234,-2.3357462
3048,E020-04,0.82471352,-0.88530232,-0.6725401,-0.063257652,0.82471352,-0.034844865
3049,E020-04,0.61339295,-0.1339319,0.31730818,-1.5030061,0.61339295,-0.84851593
3050,E020-04,-0.43423222,-0.97702812,-1.1915008,-1.1430082,-0.43423222,-0.82813012
3051,E020-04,0.7910459,-1.1490311,-0.84194603,-0.8616822,0.7910459,-1.5993245
3052,E020-04,0.20598021,-1.9446131,-2.1133839,-0.13507956,-2.2463391,0.20598021
3053,E020-04,0.24227957,0.082896411,0.24227957,-1.2574043,-0.11662524,-1.056762
3054,E020-04,0.3734471,-2.2751147,-2.2222261,0.3734471,-0.64822252,-0.095296917
3055,E020-04,0.76458716,0.69669548,0.76458716,-0.71447028,-0.72485659,-1.0444781
3056,E020-04,0.48647495,0.48647495,-0.11886073,-1.9466107,-0.47543832,-1.851952
3057,E020-04,1.6418578,0.25685051,0.49504298,1.1305272,0.42221409,1.6418578
3058,E020-04,-0.10109472,-0.58696761,-0.71312763,-0.43268661,-0.15687195,-0.10109472
3059,E020-04,-0.14154818,-0.14154818,-0.29374956,-0.85295682,-0.71494993,-0.9954012
3060,E020-04,1.2464677,0.60242811,1.066694,0.60247128,1.2464677,1.1636331
3061,E020-04,-0.38960357,-1.1288067,-1.3120848,-0.73104701,-1.2721969,-0.38960357
3062,E020-04,0.39817286,-1.4072505,-1.6203761,-0.059062796,0.17685315,0.39817286
3063,E020-04,0.30200468,-0.77884367,-0.49463188,-0.066957985,-0.081120075,0.30200468
3064,E020-04,1.0893954,0.25493698,0.039268817,1.0893954,-0.64036769,0.46945051
3065,E020-04,1.2304526,-0.87966657,-0.73133886,0.6490505,0.72195545,1.2304526
3066,E020-04,0.47194053,-1.5658643,-1.3771047,-0.51740548,0.47194053,-0.55014477
3067,E020-04,0.13925814,-0.58416166,-0.37147544,0.13925814,0.0063386558,0.021432377
3068,E020-04,1.5573787,-0.2296312,-0.33610994,1.5573787,-0.44753887,0.94434684
3069,E020-04,0.56698601,-1.4167814,-1.1824881,0.56698601,-0.41923255,0.34900998
3070,E020-04,-0.21213906,-1.3114502,-1.5918737,-0.50583707,-1.3130217,-0.21213906
3071,E020-04,-0.91340486,-0.96345339,-1.1233915,-1.2626982,-1.6710033,-0.91340486
3072,E020-04,-0.10874425,-0.10874425,-0.50104576,-0.67656682,-1.437507,-0.52363708
3073,E020-04,-0.22473057,-0.22473057,-0.27791002,-3.2619795,-0.44543235,-3.3169145
3074,E020-04,0.53678422,-2.5352001,-1.7321904,-0.33438632,0.53678422,-0.62270363
3075,E020-04,1.4282241,-1.4268214,-1.3650649,1.4282241,-0.35512869,1.0515601
3076,E020-04,-0.21969791,-0.40049635,-0.60031042,-0.21969791,-0.70723848,-0.4545773
3077,E020-04,2.40776,-0.34332257,-0.16274338,-1.0531452,2.40776,-0.97310192
3078,E020-04,-0.01702908,-0.61071156,-0.25705792,-0.52525928,-0.01702908,-0.23483895
3079,E020-04,-1.3770583,-1.6988501,-1.6283978,-1.8890981,-1.3770583,-1.6274122
3080,E020-04,0.68198875,-0.057436925,-0.076602306,-0.012942984,0.32267552,0.68198875
3081,E020-04,0.58203377,-1.4312745,-1.0975283,0.58203377,0.25278125,0.52896398
3082,E020-04,1.2017488,-1.7698579,-1.747444,1.2017488,-0.28914289,1.1764725
3083,E020-04,-0.30246587,-2.6802316,-2.587597,-0.30246587,-0.57594612,-0.38683876
3084,E020-04,1.0807672,-1.6802955,-1.9427715,1.0807672,-0.41283161,0.93201994
3085,E020-04,-0.91851678,-1.5869942,-1.5876056,-0.91851678,-1.4083291,-1.0618847
3086,E020-04,0.85206878,-1.3201956,-1.4806421,-0.18680908,-0.37905676,0.85206878
3087,E020-04,1.4008667,-0.86140229,-0.71386749,1.3858876,1.4008667,1.2751991
3088,E020-04,1.385606,-0.34771204,-0.26750879,0.7881158,0.44022452,1.385606
3089,E020-04,0.76760189,-0.10886315,-0.036770793,0.12136809,-0.68764143,0.76760189
3090,E020-04,1.0062096,-0.06438468,-0.365693,0.6535774,-0.72682255,1.0062096
3091,E020-04,1.6978335,0.063331792,0.33995987,-0.072411703,1.6978335,0.016108836
3092,E020-04,1.3894127,-3.1652755,-2.9209081,1.3894127,0.71737024,0.75708032
3093,E020-04,-0.21710822,-0.21710822,-0.95702991,-1.0577951,-3.5958218,-0.8224447
3094,E020-04,0.045004245,-0.34856759,-0.25930505,-0.42671292,0.045004245,-0.27300416
3095,E020-04,0.062538526,-2.6972199,-3.1682887,0.037948975,-1.5092553,0.062538526
3096,E020-04,0.28336436,-2.4326783,-2.2667977,-0.39974926,0.28336436,-0.67261968
3097,E020-04,0.24815883,-2.2699973,-2.8988241,-0.59252396,0.24815883,-0.79602962
3098,E020-04,1.265584,-0.88173679,-0.56455963,-0.57273564,1.265584,-0.68184119
3099,E020-04,0.76649343,-1.9017348,-1.9904063,0.76649343,-0.31806502,0.67809677
3100,E020-04,2.4457954,-1.3378968,-0.90237244,0.47985408,2.4457954,0.96689924
3101,E020-04,2.6718259,-0.13893869,-0.12780548,2.6718259,0.41338189,2.6351248
3102,E020-04,1.0217279,-1.2486679,-1.4704725,0.40258412,-0.028768587,1.0217279
3103,E020-04,1.6959875,0.72555561,1.0026806,0.68036026,1.6959875,0.5753326
3104,E020-04,-0.23048831,-2.4561301,-2.5231266,-0.7941903,-2.1916109,-0.23048831
3105,E020-04,1.044667,-0.13336915,-0.022866527,-0.82742388,1.044667,-1.1102873
3106,E020-04,0.14008649,-0.14345417,0.098082006,-1.7602919,0.14008649,-1.2457346
3107,E020-04,0.30764517,-1.3769723,-1.1849874,-2.3641538,0.30764517,-1.844177
3108,E020-04,0.081066528,0.044843365,-0.13469913,-0.27069278,-1.1736009,0.081066528
3109,E020-04,0.66117015,-1.3196845,-1.1787107,-1.1619641,0.66117015,-0.8561404
3110,E020-04,2.3484395,1.2729721,1.6267304,2.2491739,0.47332212,2.3484395
3111,E020-04,1.2418374,1.0154654,1.2418374,0.31338614,0.64697255,0.78719698
3112,E020-04,1.4355516,1.4355516,1.0899492,0.045923931,-2.0820771,-0.12339288
3113,E020-04,-0.39849502,-0.87888996,-0.918547,-0.39849502,-1.152236,-0.66006823
3114,E020-04,1.2829762,0.99437937,1.2829762,-1.7624595,0.89761922,-2.2964695
3115,E020-04,0.30797417,-0.31589748,-0.13128625,-1.4561995,0.30797417,-1.4996766
3116,E020-04,0.76753222,-1.4609932,-1.028808,-0.42461864,0.76753222,-0.0014283881
3117,E020-04,-0.49341415,-0.49341415,-0.56280872,-1.5423147,-0.50853652,-1.3423086
3118,E020-04,0.27922383,-1.7846408,-1.8815899,-0.48815601,-0.41652927,0.27922383
3119,E020-04,0.020149654,-1.0860364,-1.1118262,-0.043101456,-0.22836514,0.020149654
3120,E020-04,0.52236402,-1.6905273,-1.3339268,-0.013220148,0.52236402,0.12784321
3121,E020-04,0.48795337,-1.7245302,-1.7389772,-0.75498989,0.48795337,0.042668388
3122,E020-04,2.8255857,-1.7372086,-1.5277054,2.6541198,-0.91273785,2.8255857
3123,E020-04,0.74253177,-0.5198684,-0.60893478,0.74253177,0.30230087,0.53631153
3124,E020-04,0.14991359,0.14991359,0.072919894,-0.30984,-0.086390408,-1.2144416
3125,E020-04,1.0399471,-2.1909373,-1.966312,-1.1128515,1.0399471,-0.85521726
3126,E020-04,1.5053102,0.38855508,0.43184545,-0.11596759,1.5053102,-0.5354304
3127,E020-04,1.9686039,-0.35277736,-0.2202502,1.0704882,1.9686039,1.4545187
3128,E020-04,1.5402075,-0.94231885,-0.45118163,-1.2632283,1.5402075,-0.36697837
3129,E020-04,-0.27794907,-0.27794907,-0.5355926,-0.89243771,-0.77906986,-0.84990406
3130,E020-04,0.91378952,-0.10730404,-0.080219164,-0.60443068,0.91378952,-0.21128411
3131,E020-04,0.8207755,-1.3042765,-0.9049597,0.8207755,-0.040417411,-0.10685505
3132,E020-04,1.8362785,-0.37574044,0.12839951,0.54715223,1.8362785,0.78043271
3133,E020-04,-0.072773069,-2.1407363,-2.081562,-1.8110768,-0.072773069,-0.66102799
3134,E020-04,1.5047368,-0.61900403,-0.3679667,-0.58281409,1.5047368,0.0098646588
3135,E020-04,1.8150104,-0.55337935,-0.096023909,0.33651624,1.8150104,0.09994277
3136,E020-04,0.7408727,-3.2706136,-3.6461551,0.64148573,-1.2883496,0.7408727
3137,E020-04,0.74908028,-1.454239,-1.0152248,0.29770147,0.74908028,0.10598363
3138,E020-04,1.0081149,-0.84764637,-0.53656471,-2.0845363,1.0081149,-2.1163938
3139,E020-04,1.2609722,-0.33010436,0.1164858,0.22826115,1.2609722,-0.34268373
3140,E020-04,-0.98200312,-1.8185775,-2.0212507,-1.4675088,-0.98200312,-1.9332717
3141,E020-04,1.8472676,-0.074195961,0.3679167,-2.0996698,1.8472676,-1.887465
3142,E020-04,1.1672604,-1.6040905,-1.290315,0.043213191,1.1672604,0.43146651
3143,E020-04,0.9463265,-0.20288856,-0.071909302,0.8889734,0.9463265,0.72357649
3144,E020-04,0.25022827,0.25022827,-0.0093890535,-1.6633074,-0.63535013,-1.1488531
3145,E020-04,0.29716961,-1.6938469,-1.5365082,0.2261544,-0.78872296,0.29716961
3146,E020-04,1.0248939,-1.7769336,-1.4605672,-2.0723169,1.0248939,-1.6231999
3147,E020-04,1.1972685,-0.4255769,-0.63387467,0.95914478,-0.85802563,1.1972685
3148,E020-04,0.23987863,0.23987863,0.038569665,-1.0022579,-0.41458815,-0.94476069
3149,E020-04,-0.30661144,-0.30661144,-0.58435215,-0.97420667,-0.54799778,-1.6317321
3150,E020-04,0.56261957,-2.2657688,-1.6237757,0.56261957,-0.073345358,0.23775482
3151,E020-04,0.062562523,-1.3230878,-1.0080496,-0.83491565,0.062562523,-0.97203408
3152,E020-04,0.9450397,-0.5391489,-0.63794364,0.9450397,-0.40439734,0.92814431
3153,E020-04,-0.045604807,-1.0049914,-1.1142801,-0.36128553,-0.62724246,-0.045604807
3154,E020-04,1.6273573,-0.47250187,-0.31767102,-1.6630807,1.6273573,-1.0021478
3155,E020-04,-0.21051106,-0.2539094,-0.21051106,-0.40252919,-0.23942148,-0.39229102
3156,E020-04,1.6999138,-1.2002477,-1.0779283,1.4484519,0.030812525,1.6999138
3157,E020-04,0.81259581,-0.01925408,0.10807905,0.79309805,-0.60314995,0.81259581
3158,E020-04,0.18537407,-2.2456776,-2.8990867,-1.0398013,0.18537407,-0.92084166
3159,E020-04,1.1638594,0.59188257,1.1638594,0.10369561,1.0210726,0.38414434
3160,E020-04,0.56460017,-0.2434477,0.01277707,-0.64549942,0.56460017,0.053623989
3161,E020-04,-0.12077982,-0.34766197,-0.26399213,-2.1770793,-0.12077982,-2.3234663
3162,E020-04,-0.18758039,-0.24969903,-0.18758039,-0.62529239,-0.50547254,-0.79496674
3163,E020-04,1.6610935,-1.2491152,-1.0057723,1.6610935,0.60222567,1.0133632
3164,E020-04,1.0529252,-1.2862023,-1.5002934,0.60172782,-1.1052462,1.0529252
3165,E020-04,0.8511988,-0.66366042,-0.60442361,-0.74190583,0.8511988,-0.28606241
3166,E020-04,0.37515482,0.22029311,0.37515482,-1.7904312,-0.18972359,-2.0764064
3167,E020-04,0.43216004,-0.56393692,-0.80562919,0.43216004,-1.2407994,-0.71804599
3168,E020-04,-0.0482416,-0.39139995,-0.56880976,-0.6052336,-0.0482416,-0.70604804
3169,E020-04,1.6685508,-0.20900891,-0.098412231,1.3514763,-1.1998045,1.6685508
3170,E020-04,1.0638247,0.29143401,0.24389593,0.96407575,-0.49196243,1.0638247
3171,E020-04,0.38560401,-0.73851577,-0.73048974,0.38560401,-0.97688479,-0.050481649
3172,E020-04,0.73106316,0.2535765,0.40324248,-0.6938284,0.73106316,-0.55255476
3173,E020-04,0.44812305,0.053469584,-0.17785604,0.44812305,-1.4387763,0.16043821
3174,E020-04,1.9621961,-0.67732248,-0.20261785,-1.1285512,1.9621961,-0.9876305
3175,E020-04,2.0632109,0.81254999,0.59729519,2.0632109,0.021216532,1.6956975
3176,E020-04,1.8326526,-0.45202205,-0.33558231,1.8326526,1.5925367,1.1973077
3177,E020-04,0.55695118,-0.45677907,-0.16092692,-1.2956562,0.55695118,-1.4120465
3178,E020-04,2.3548253,0.38519666,0.19992385,2.3548253,-1.3805106,2.3402508
3179,E020-04,0.87835457,-1.2134654,-0.77253803,-1.8639935,0.87835457,-1.5143944
3180,E020-04,0.29910642,-1.8525787,-2.1133929,0.29910642,-0.74470228,0.23942186
3181,E020-04,0.29685237,-0.0020997642,-0.31686796,0.29685237,-1.1064384,-0.049668625
3182,E020-04,0.63221354,0.17405322,0.071635294,0.63221354,0.57918303,0.103288
3183,E020-04,0.36666412,0.31146044,0.25056169,-0.26737484,0.27367082,0.36666412
3184,E020-04,1.2893878,-0.18064918,-0.56241206,1.2893878,-1.8767595,1.086364
3185,E020-04,2.5810687,-0.79648227,-0.50436117,0.87068116,2.5810687,0.42382068
3186,E020-04,-0.15639916,-0.45076516,-0.80109792,-0.15639916,-0.70777828,-0.8229546
3187,E020-04,1.5659323,1.5659323,1.2954233,-1.1178259,-1.3460668,-1.1210701
3188,E020-04,1.0048792,0.10071701,0.15302103,-2.3509323,1.0048792,-2.3369228
3189,E020-04,1.1036032,-2.4428798,-2.5862156,1.1036032,-0.81217842,0.74213402
3190,E020-04,1.6556103,-0.24772197,-0.023987013,1.6556103,1.2244921,1.4017424
3191,E020-04,1.0051864,-0.44614161,-0.39717677,0.68842569,-0.40081257,1.0051864
3192,E020-04,2.5165674,-0.36768008,-0.43958154,1.9677233,-0.14059566,2.5165674
3193,E020-04,1.8397316,1.1297019,0.91166594,1.8397316,-0.68682841,1.4264997
3194,E020-04,-0.39057297,-2.8707854,-3.2380582,-0.55358911,-0.99323857,-0.39057297
3195,E020-04,1.1104435,-1.5465851,-1.3037532,1.1104435,-0.23322022,0.59524687
3196,E020-04,0.068763696,0.068763696,-0.1792964,-3.1927224,-0.63707804,-2.8795044
3197,E020-04,1.4754935,0.30336315,0.50352532,0.49886282,1.4754935,-0.38395622
3198,E020-04,0.60241041,0.60241041,0.54265882,-1.323322,-0.86287395,-1.4299428
3199,E020-04,0.071640621,-0.6428792,-0.60517353,-0.19812415,-1.19274,0.071640621
3200,E020-04,0.91839704,-2.415792,-2.4654424,0.91839704,0.010281307,0.48341173
3201,E020-04,1.1260848,-3.034698,-2.8385229,1.1260848,-0.38095033,0.47302237
3202,E020-04,1.9376812,0.16445986,0.36067331,1.9376812,0.86317214,1.3261762
3203,E020-04,0.46101707,-1.8717416,-1.7027411,-0.36593911,0.46101707,-0.093614244
3204,E020-04,-0.1717063,-0.98029062,-1.016648,-0.37707216,-0.33024113,-0.1717063
3205,E020-04,-0.11573649,-0.11573649,-0.5042482,-0.77333867,-0.8196831,-0.5495224
3206,E020-04,0.034180978,-1.4094186,-1.5674818,0.034180978,-0.67686914,-0.41918421
3207,E020-04,0.94837126,-0.00029904559,0.10729949,0.48418043,0.43038971,0.94837126
3208,E020-04,0.6607188,-0.56755281,-0.3146561,0.6607188,-0.16540247,0.40101264
3209,E020-04,0.94643418,-1.871729,-2.0001416,0.27190445,0.94643418,0.24994328
3210,E020-04,1.2074356,-0.4135711,-0.14903368,1.0982655,0.10706131,1.2074356
3211,E020-04,0.2588708,-1.6861986,-1.5858075,-0.12295424,-0.66056781,0.2588708
3212,E020-04,0.63814127,0.49081514,0.59682923,0.31136929,-0.41870711,0.63814127
3213,E020-04,-0.013968718,-0.013968718,-0.16329812,-0.63683368,-1.9592155,-0.28641697
3214,E020-04,0.97325069,-0.61317609,-0.61857472,0.83500957,-0.61940479,0.97325069
3215,E020-04,0.92654562,0.84238541,0.92654562,-0.18866993,-0.32469608,-0.10844104
3216,E020-04,-0.034204302,-0.034204302,-0.09393275,-1.0718483,-1.6310055,-0.67786244
3217,E020-04,0.22095295,-0.15793963,-0.16282273,0.22095295,-0.55620974,-0.2106728
3218,E020-04,0.73059052,0.73059052,0.67798259,-0.43462976,-0.89914931,-0.20409404
3219,E020-04,0.5147969,-1.5360405,-1.7877977,0.5147969,0.33861729,0.38894617
3220,E020-04,0.65693978,-0.49451742,-0.63925989,0.64386863,0.65693978,0.61317473
3221,E020-04,-0.061836239,-0.10676072,-0.076983264,-0.11673988,-0.061836239,-0.076399088
3222,E020-04,-0.57707224,-2.3044371,-2.4217125,-0.57707224,-1.772065,-1.362818
3223,E020-04,0.67559837,-1.7844083,-1.9671198,0.20027859,0.52948129,0.67559837
3224,E020-04,-0.14288701,-1.0568244,-1.0606242,-0.41354013,-1.3925823,-0.14288701
3225,E020-04,1.1450811,-1.3035966,-1.1629349,-0.42142459,1.1450811,-0.78005718
3226,E020-04,2.2998046,0.1327531,-0.074642593,1.857536,-1.4070839,2.2998046
3227,E020-04,0.58694621,-0.82444689,-1.0723528,0.58694621,-1.032482,0.57607613
3228,E020-04,1.0433074,0.65677736,1.0433074,-1.3446678,0.20339606,-1.9455583
3229,E020-04,0.61014555,-0.22562872,-0.24997384,0.61014555,-0.71771005,0.49453087
3230,E020-04,0.072893898,-0.94884443,-1.1441124,-0.16853383,-0.43090213,0.072893898
3231,E020-04,1.4822171,1.2798291,1.4822171,-0.29657866,1.1138443,-0.43441729
3232,E020-04,0.60934342,-1.596556,-1.4057426,-0.10268318,0.60934342,-0.036277254
3233,E020-04,0.75463711,-0.46765363,-0.49680069,0.75463711,-0.7637052,0.62528082
3234,E020-04,0.095798348,-0.35218763,-0.16076533,-0.27092962,0.095798348,-0.50094597
3235,E020-04,0.94000887,-0.45293322,-0.36099355,-0.77609713,0.94000887,-1.2014287
3236,E020-04,0.77783484,-1.2061903,-0.95331125,-0.39081264,0.77783484,-0.15445533
3237,E020-04,0.84717455,-0.89674807,-0.85595067,-0.68381295,0.84717455,-0.58680349
3238,E020-04,0.7622465,0.048862331,0.06981721,0.59643915,0.22839227,0.7622465
3239,E020-04,1.2889012,0.84723003,0.79651544,1.2889012,0.3907042,1.2652652
3240,E020-04,0.20139414,-1.5692292,-1.4499738,0.20139414,-0.2241963,-0.19561214
3241,E020-04,1.6271399,-1.0821091,-0.59336655,1.4210256,1.6271399,0.99820948
3242,E020-04,0.48050557,-0.3077523,-0.21449004,-0.33603211,0.48050557,0.030603639
3243,E020-04,1.3658776,0.064336598,-0.33245975,1.3658776,-0.81205601,1.1776259
3244,E020-04,1.8461777,-0.62330481,-0.27269382,-1.0134827,1.8461777,-1.1316332
3245,E020-04,0.18727543,0.18727543,0.10492786,-0.8827168,-0.45204703,-0.64692843
3246,E020-04,1.2769073,-1.6235918,-1.5723905,0.94344483,0.0061801822,1.2769073
3247,E020-04,1.8925676,-1.1796234,-0.76757966,-1.7062134,1.8925676,-1.4244814
3248,E020-04,0.44557827,0.19560717,-0.089008652,0.44557827,-1.836192,0.058301036
3249,E020-04,0.40389329,0.032940603,0.21440681,-0.92120623,0.40389329,-1.1641124
3250,E020-04,0.52370876,-0.64951675,-0.83738429,0.52370876,-0.68097276,0.49201861
3251,E020-04,0.81931578,-0.12811831,-0.042948251,0.81931578,0.39297039,0.54468493
3252,E020-04,3.9805465,-0.27238725,0.30971522,-0.054809331,3.9805465,-0.49273276
3253,E020-04,0.73305445,0.73305445,0.64344768,-0.33516643,-0.84303091,-1.2552539
3254,E020-04,0.28646482,0.28646482,-0.030458836,-1.7120051,-0.40370672,-1.1588632
3255,E020-04,0.85102985,0.81785658,0.6704292,0.74567357,0.18250104,0.85102985
3256,E020-04,1.898007,0.83236813,0.99068535,1.566365,-0.27122837,1.898007
3257,E020-04,0.77231218,0.17211531,0.36851588,-0.44740308,0.77231218,-0.75212496
3258,E020-04,2.5887199,-0.7090895,-0.22952036,-1.5785116,2.5887199,-1.1468859
3259,E020-04,0.47896853,-1.4444696,-1.5737006,-2.2480685,0.47896853,-2.4064025
3260,E020-04,0.26866538,-0.5748989,-0.52571752,-0.14571604,-0.27349852,0.26866538
3261,E020-04,1.0391522,-2.0535939,-1.4458524,0.78392679,1.0391522,0.58402312
3262,E020-04,0.077269333,-0.21607572,0.077269333,-0.029624923,-0.54068488,0.063818124
3263,E020-04,1.59544,-1.1530695,-1.0124822,1.59544,-0.68457093,0.75571493
3264,E020-04,0.71540632,0.19686385,0.32487732,0.52754316,0.031952845,0.71540632
3265,E020-04,0.21564368,0.16741691,0.16536848,0.21564368,-0.15038153,-0.40203083
3266,E020-04,0.91749805,-1.5039771,-1.4770842,0.91749805,-0.50012525,0.91325381
3267,E020-04,0.61486179,-0.88837269,-0.95879399,0.43831897,-1.6662041,0.61486179
3268,E020-04,0.74430272,-0.27059672,-0.26929586,0.74430272,0.063245951,0.69750401
3269,E020-04,2.3968899,-1.0047353,-0.4302348,-0.77618517,2.3968899,-0.6922222
3270,E020-04,0.43243278,-2.2606756,-2.1983134,0.40453006,-0.35946529,0.43243278
3271,E020-04,0.85411256,-0.24897506,-0.60018996,0.5195896,0.85411256,0.34481206
3272,E020-04,0.27402359,-1.2216494,-1.2247663,-0.16138967,0.27402359,-0.75137374
3273,E020-04,2.1730041,-1.4717078,-1.2725189,1.5467397,-0.069901041,2.1730041
3274,E020-04,0.44489641,-0.49590048,-0.67427296,0.44489641,-2.9796023,0.377347
3275,E020-04,0.47421689,-0.462832,-0.5002961,0.27057771,-0.34373532,0.47421689
3276,E020-04,1.0927404,-0.31746772,0.1075123,-0.14246518,1.0927404,-0.62547568
3277,E020-04,-0.14602141,-1.2135736,-1.1478786,-1.7697407,-0.14602141,-2.019356
3278,E020-04,0.0026175681,-0.18615099,-0.37153343,-0.26053203,-0.3280405,0.0026175681
3279,E020-04,1.4738057,-0.5425052,-0.17255456,1.2650365,0.67251606,1.4738057
3280,E020-04,1.5596722,1.5596722,1.1882707,0.214601,-1.35928,0.01166452
3281,E020-04,0.43385125,0.43385125,0.32950774,-0.44786628,0.032450889,-0.54515974
3282,E020-04,0.0072664176,-0.17449942,-0.45631678,-0.27289879,-1.4362129,0.0072664176
3283,E020-04,1.3699167,0.82587755,1.3699167,-1.0787239,0.43552804,-1.3265197
3284,E020-04,-0.082552042,-0.18544384,-0.26759211,-0.12826221,-0.36668288,-0.082552042
3285,E020-04,0.099302286,-0.72081835,-0.6169038,-1.1013362,0.099302286,-0.74970057
3286,E020-04,0.46246203,-0.3009409,-0.52022756,-0.20124865,-0.7976403,0.46246203
3287,E020-04,1.8400657,0.52136464,0.54016985,1.8400657,-0.61011232,1.2337401
3288,E020-04,0.14637103,0.14637103,-0.077794883,-0.73039092,0.036364248,0.070886744
3289,E020-04,0.31102689,0.31102689,0.12622466,0.27148369,-1.2483175,0.016595449
3290,E020-04,1.3534047,-1.1559542,-0.9142831,1.0023575,1.2360915,1.3534047
3291,E020-04,1.1705021,0.096218167,0.13505484,1.0366546,-0.63050821,1.1705021
3292,E020-04,0.045052089,-1.2502926,-1.2773388,-0.91023065,0.045052089,-0.74868315
3293,E020-04,0.41284631,-1.5934591,-1.3100036,0.41284631,0.33870162,-0.096685735
3294,E020-04,0.62867443,-0.47655632,-0.27652941,0.083064881,0.62867443,-0.1510977
3295,E020-04,1.3186816,-2.3288222,-2.017734,-0.65922883,1.3186816,-0.79018986
3296,E020-04,0.9408756,-1.3483396,-1.4394253,0.60378952,-0.029405206,0.9408756
3297,E020-04,0.65374883,0.56613628,0.65374883,-1.4936666,0.64969644,-1.1090367
3298,E020-04,0.3331981,-0.84585899,-0.96358099,0.3331981,-0.59611869,0.27484867
3299,E020-04,-0.16102583,-1.9710759,-1.9536739,-1.3042814,-0.16102583,-1.7122881
3300,E020-04,0.2847809,-0.27173876,-0.42137333,-0.0081615975,-0.18810318,0.2847809
3301,E020-04,0.4636786,-0.20515446,-0.19123294,-1.4885063,0.4636786,-1.1726443
3302,E020-04,1.1089495,-0.40989212,0.027393471,-1.4726181,1.1089495,-1.2028028
3303,E020-04,0.58091293,0.1386468,0.58091293,0.20184885,0.33600409,0.48723503
3304,E020-04,1.7895356,-0.45722941,-0.45007462,1.4451877,0.10134106,1.7895356
3305,E020-04,1.1062617,-1.4212505,-1.2284934,0.13040606,1.1062617,0.36109246
3306,E020-04,0.38567147,-1.4434739,-1.4999715,-0.02909521,0.22898756,0.38567147
3307,E020-04,2.054338,-0.90515677,-0.43181402,-0.64870156,2.054338,-0.17931573
3308,E020-04,0.43364886,0.1480995,0.3483461,0.43364886,0.19611417,0.062025644
3309,E020-04,1.4270496,-1.9639164,-1.5881287,-1.0208523,1.4270496,-1.9195812
3310,E020-04,0.99067108,-0.55863443,-1.2271929,0.89753154,-3.6081533,0.99067108
3311,E020-04,0.87457556,-0.79227842,-0.86807035,0.80041934,-0.1862221,0.87457556
3312,E020-04,0.61909924,0.61909924,0.61197727,0.15335075,-0.21670962,0.40479433
3313,E020-04,3.609493,-0.72132779,-0.25495217,2.9246421,0.71642582,3.609493
3314,E020-04,-0.46053725,-1.3191926,-1.4488847,-0.92154184,-0.46053725,-0.52524208
3315,E020-04,2.0950288,-0.85556267,-0.88686354,2.0950288,-0.29104671,1.7648809
3316,E020-04,0.11602207,-3.4224035,-3.4764989,0.074072615,-0.90580288,0.11602207
3317,E020-04,0.12913503,-0.032819762,-0.41309093,-0.40647637,-2.1303879,0.12913503
3318,E020-04,-0.094540733,-0.28574479,-0.094540733,-1.2427415,-0.28497103,-1.2999953
3319,E020-04,0.40439113,0.40439113,0.072780918,0.15136301,-1.2200609,-0.52483244
3320,E020-04,-0.59707079,-0.70064729,-0.71021034,-1.0366772,-0.59707079,-1.0175763
3321,E020-04,0.76754776,-0.99293072,-0.85199977,-1.2060583,0.76754776,-1.3326818
3322,E020-04,-0.17301058,-1.7068492,-1.6384361,-1.6562001,-0.17301058,-1.2720858
3323,E020-04,1.0450554,-0.52401309,-0.33250767,0.36480833,1.0450554,0.78720696
3324,E020-04,1.3966606,-0.14624211,-0.34584696,1.3254267,-0.90427687,1.3966606
3325,E020-04,0.16790952,-1.6916217,-1.8513468,-2.30962,0.16790952,-2.2553764
3326,E020-04,1.2557568,-0.47683765,-0.1892515,1.2557568,1.2303449,0.87572348
3327,E020-04,0.93209117,0.93209117,0.89981122,0.44298473,0.12939357,0.36355155
3328,E020-04,1.0396221,-1.0195776,-0.40414899,0.998988,1.0396221,0.74827303
3329,E020-04,4.0934975,-1.1932027,-1.309543,3.988981,-2.2413605,4.0934975
3330,E020-04,-0.14012195,-0.14012195,-0.22326308,-1.0734372,-1.0250848,-0.29579009
3331,E020-04,1.3178021,0.50619866,0.54156092,-0.33423369,1.3178021,-0.41000844
3332,E020-04,2.3007062,-2.2384462,-1.4991029,1.9733575,2.3007062,1.4393847
3333,E020-04,0.11072061,0.11072061,-0.23485152,-1.9222606,-1.0767722,-0.83062124
3334,E020-04,0.41503514,0.34486165,0.41503514,-0.79111284,-0.14266521,-0.61531445
3335,E020-04,0.8298573,0.176884,0.40391158,-0.71081763,0.8298573,0.18588953
3336,E020-04,0.050611125,-0.38716106,-0.26500705,0.050611125,-0.15138417,0.022451245
3337,E020-04,0.4045885,-0.74074283,-0.45821865,-1.4365814,0.4045885,-0.97333286
3338,E020-04,1.6166256,-1.2628295,-0.9765635,1.6166256,1.1953612,1.5545963
3339,E020-04,0.45849117,-0.16784286,0.085575287,-1.8905725,0.45849117,-1.572437
3340,E020-04,-0.15367303,-0.15367303,-0.24526039,-0.52409725,-1.2510003,-0.38866035
3341,E020-04,1.4382049,-0.092224266,-0.11768914,1.2018046,-0.54986952,1.4382049
3342,E020-04,2.440428,0.74914184,1.2192357,0.70378857,2.440428,1.2316356
3343,E020-04,0.58959663,-0.0075336915,-0.20280467,0.55107191,-0.50508511,0.58959663
3344,E020-04,0.43648675,-1.5693218,-1.5877476,0.34558755,-0.20424428,0.43648675
3345,E020-04,-0.63815659,-1.6230123,-2.0366982,-2.2269835,-0.63815659,-1.9758437
3346,E020-04,0.97358331,-0.64009077,-0.34356116,0.49112248,0.77919944,0.97358331
3347,E020-04,1.1539072,-0.072966381,0.11873546,-0.12060846,1.1539072,-0.22732496
3348,E020-04,-0.038847866,-1.7547546,-1.8598044,-0.038847866,-1.1149389,-0.10078551
3349,E020-04,1.0538558,-1.9060164,-1.6370666,0.70384748,0.43685439,1.0538558
3350,E020-04,0.58361552,-1.5359794,-1.0238737,-0.025169362,0.58361552,0.27715678
3351,E020-04,1.3908527,-0.31181248,-0.19364634,1.3908527,-0.59002346,0.39248869
3352,E020-04,3.2353036,-4.0076446,-3.8883632,3.2353036,-0.37880788,2.4872707
3353,E020-04,1.1798064,-0.52773027,-0.67561781,0.50950238,-1.2742123,1.1798064
3354,E020-04,1.2042832,-0.86043998,-0.53687623,-1.0021948,1.2042832,-0.95462628
3355,E020-04,-0.077370754,-0.077370754,-0.22780311,-0.74674689,-0.5859379,-1.0556846
3356,E020-04,0.51470076,-1.232919,-1.375232,0.51470076,-0.31523694,0.42125668
3357,E020-04,0.65212744,0.27217088,0.65212744,-0.93800929,0.40501991,-0.07174557
3358,E020-04,0.88185504,0.27183992,0.050504583,0.56210254,-1.5347727,0.88185504
3359,E020-04,0.26581651,-0.65191447,-0.54719337,0.26581651,-0.83201337,0.080231485
3360,E020-04,1.3528923,-0.55525326,-0.13090529,-1.1668331,1.3528923,-0.77886403
3361,E020-04,0.37681242,-0.85950555,-0.78666112,0.37681242,-0.99879413,0.14870818
3362,E020-04,0.17296714,-1.6091966,-1.6550822,-0.011656318,-0.44149365,0.17296714
3363,E020-04,0.96122784,-0.21740214,-0.14831683,0.14703729,0.96122784,-0.32831529
3364,E020-04,-0.85755009,-1.1795132,-1.409163,-0.85755009,-1.6995766,-1.042149
3365,E020-04,-0.10242508,-0.44096635,-0.22633135,-1.2316728,-0.10242508,-1.6099322
3366,E020-04,1.0629948,-0.88521105,-0.89731853,1.0629948,0.20159565,1.0104769
3367,E020-04,0.49269007,-0.1663579,-0.15995833,0.43251897,0.34235899,0.49269007
3368,E020-04,1.4720862,0.59729538,0.63448542,1.2346742,-0.29631937,1.4720862
3369,E020-04,1.188553,0.0056734806,0.18520363,0.71305885,0.81805876,1.188553
3370,E020-04,0.60399465,-1.0383027,-1.2210239,0.253469,-0.70139975,0.60399465
3371,E020-04,2.1038202,0.059921394,0.42392435,0.61728984,2.1038202,0.99443836
3372,E020-04,0.1261146,-0.34922556,-0.70664928,-0.3461033,-1.1940176,0.1261146
3373,E020-04,1.175771,-1.6064916,-1.2985957,1.175771,1.0922747,1.1486742
3374,E020-04,-0.33857757,-0.91868967,-1.1466193,-0.97461892,-0.33857757,-0.53097841
3375,E020-04,0.988424,-1.6948962,-1.558652,0.988424,0.55068632,0.023924429
3376,E020-04,-0.23508286,-0.92782301,-0.92904066,-0.70895603,-0.50554136,-0.23508286
3377,E020-04,1.6855147,0.012027451,0.040034847,1.6855147,-0.3742195,1.2338228
3378,E020-04,-0.36426309,-0.36426309,-0.87032846,-1.8203905,-2.9695652,-1.8427816
3379,E020-04,-0.38240774,-0.38240774,-0.69400279,-1.9688774,-0.4239111,-1.3693159
3380,E020-04,-0.26817323,-0.26817323,-0.34097705,-0.81408946,-1.2587692,-0.4669433
3381,E020-04,0.87746467,0.26367279,0.56833596,-0.17279612,0.87746467,0.45530091
3382,E020-04,0.37282126,-0.6826197,-0.61317738,0.37282126,-2.412664,0.14216513
3383,E020-04,0.86874047,-1.4672703,-1.417024,0.86874047,-0.23562705,0.50363598
3384,E020-04,-0.95414841,-1.356469,-1.6673346,-1.0850642,-1.2374833,-0.95414841
3385,E020-04,-0.34399141,-0.34399141,-0.35366565,-0.8773587,-0.53620623,-0.72705264
3386,E020-04,0.55573778,-1.358134,-1.8140047,0.55573778,-1.5075343,0.4325694
3387,E020-04,0.75782288,0.14516595,0.22870923,0.75782288,0.24868635,0.71934178
3388,E020-04,0.4723781,0.4723781,0.28118154,-0.9398399,-1.5884178,-1.5794987
3389,E020-04,1.3713986,1.137376,1.3713986,-0.13118592,0.14138675,-0.26839114
3390,E020-04,0.31364177,-0.035699035,0.10748172,0.12580173,-1.5894328,0.31364177
3391,E020-04,1.5391488,1.5391488,1.3335967,-0.99757265,0.25792197,-1.5158956
3392,E020-04,0.21795947,0.21795947,0.1502229,-0.38568404,-0.063410515,-0.33531351
3393,E020-04,2.590206,0.55673993,1.0334514,1.2966366,2.590206,1.9074753
3394,E020-04,0.29601952,-1.0373404,-1.0671259,0.065696874,-0.79198139,0.29601952
3395,E020-04,1.9344733,-0.38081923,-0.4256779,1.9344733,-0.89812201,1.5762675
3396,E020-04,0.32259812,0.32259812,-0.082028315,0.23872558,-0.88454934,0.29902064
3397,E020-04,-0.11899481,-1.0414716,-1.2418268,-0.86625837,-0.11899481,-1.2568297
3398,E020-04,1.1517279,-4.3408181,-4.1064869,1.1517279,0.48866658,-0.00048795558
3399,E020-04,-0.34073399,-1.7359378,-1.5761911,-0.42988667,-0.4577722,-0.34073399
3400,E020-04,0.82756818,-1.4173053,-1.2978684,0.060398393,0.82756818,0.64399743
3401,E020-04,0.51090286,-2.4673815,-2.0897017,-0.98184989,0.51090286,-0.9187985
3402,E020-04,0.52109891,0.17657746,0.28193014,0.25688409,-0.20013831,0.52109891
3403,E020-04,-0.11593457,-2.2783357,-2.2340677,-0.28539196,-0.11593457,-0.63383473
3404,E020-04,1.3552568,-0.17579908,0.056683306,1.1738052,1.1243297,1.3552568
3405,E020-04,-0.070381521,-0.99044731,-1.0019903,-0.070381521,-0.71646993,-0.51654373
3406,E020-04,0.86550273,0.23567247,0.37348582,0.099257616,0.86550273,0.10159141
3407,E020-04,1.2673596,1.2673596,1.1596153,-0.47231126,-0.76115675,-0.61985313
3408,E020-04,0.19658606,0.19658606,0.17089443,-1.731103,-0.090619832,-1.7519474
3409,E020-04,2.2191528,1.6696328,1.9759959,0.99109115,2.2191528,0.91951999
3410,E020-04,-1.132065,-1.2925781,-1.4575995,-1.87668,-1.1460252,-1.132065
3411,E020-04,1.6380921,-0.27468368,0.20085887,0.2696643,1.6380921,0.39479791
3412,E020-04,0.33323633,-0.8841003,-0.65675227,0.124365,-0.20866067,0.33323633
3413,E020-04,1.0323913,-0.89994678,-0.57960701,1.0323913,0.33176909,0.71668424
3414,E020-04,-0.088890897,-0.27406074,-0.088890897,-0.14959511,-0.32092321,-0.21452021
3415,E020-04,0.8742151,0.10498267,0.70247435,-0.72129127,0.8742151,-0.77939057
3416,E020-04,1.7822148,-0.2252357,0.10174505,-1.5641473,1.7822148,-1.4532218
3417,E020-04,0.41127631,0.3805474,0.41127631,-0.24361035,-0.092828915,0.25678675
3418,E020-04,0.49133813,0.49133813,0.19172795,0.16479505,-1.0247436,0.42496381
3419,E020-04,0.7432242,0.12067981,0.18717566,0.47334308,-0.89103541,0.7432242
3420,E020-04,0.92676825,-0.31870316,-0.32299406,-0.31931082,-0.11151588,0.92676825
3421,E020-04,-0.099507923,-0.62433588,-1.1431736,-1.1286563,-0.099507923,-1.1602311
3422,E020-04,0.96062263,-0.49304508,-0.34312948,-0.59743153,0.96062263,-0.21281298
3423,E020-04,2.1430248,0.27076457,0.65149014,0.78232649,2.1430248,0.93214877
3424,E020-04,1.050155,0.15378491,0.26309862,0.98482491,0.19203916,1.050155
3425,E020-04,1.5800416,-1.6354967,-1.4104471,0.21075598,1.5800416,0.18168424
3426,E020-04,0.46018017,-2.4436173,-2.0660771,0.11955351,0.46018017,-0.50615014
3427,E020-04,-0.39634238,-1.4783021,-1.5290852,-1.6404707,-0.39634238,-1.6265733
3428,E020-04,0.38671405,0.28250298,0.15250368,0.0021327259,-1.7988412,0.38671405
3429,E020-04,-0.090342471,-0.090342471,-0.20302389,-0.3770084,-0.3645402,-0.45304415
3430,E020-04,0.46759987,-2.0827629,-2.1103865,0.43003789,-0.16374027,0.46759987
3431,E020-04,2.0511911,-1.2061026,-1.1134556,2.0511911,0.70605732,1.4076804
3432,E020-04,0.89940175,0.83104962,0.89940175,0.4537093,-0.40456463,0.75925772
3433,E020-04,0.46303726,-0.17745821,0.026356546,0.43407126,0.46303726,0.29261514
3434,E020-04,0.82363461,-0.51751082,-0.5893625,0.14931013,-0.52994163,0.82363461
3435,E020-04,3.1106369,-1.5873553,-1.8137736,2.8864498,-1.6530894,3.1106369
3436,E020-04,0.43984798,0.26144967,0.22562664,-0.019751199,-0.48230358,0.43984798
3437,E020-04,0.18421949,-0.50141373,-0.39905223,-0.48395235,0.18421949,-0.67855897
3438,E020-04,0.54665969,-0.45658077,-0.27367149,-0.95650073,0.54665969,-1.1008947
3439,E020-04,1.2322668,-1.1734849,-0.87025536,0.29758937,1.2322668,0.14867675
3440,E020-04,1.3618212,-0.97237381,-1.0116711,1.3618212,0.80607483,1.085712
3441,E020-04,0.12383541,-0.096028203,0.12383541,-0.61704045,-0.87372928,-0.18875354
3442,E020-04,0.075539299,0.035209005,-0.024525364,-0.61977004,0.075539299,-0.10655199
3443,E020-04,0.71985886,0.070625575,0.040486411,0.71985886,-0.17479459,0.59604885
3444,E020-04,0.12391673,-0.88626819,-0.79049975,-1.3534556,0.12391673,-0.54882297
3445,E020-04,1.1345136,0.21050242,-0.12419808,1.0890612,-0.25545064,1.1345136
3446,E020-04,-0.23761711,-0.5173828,-0.65811228,-1.9613467,-0.23761711,-1.9412175
3447,E020-04,2.2786951,-1.1821316,-0.6808603,-0.16568681,2.2786951,-0.041873015
3448,E020-04,0.011812834,-0.91943489,-0.62609482,-0.71573467,0.011812834,-0.60538007
3449,E020-04,1.5219316,0.69869011,1.0042996,-0.24244957,1.5219316,-0.2887895
3450,E020-04,-0.21413232,-0.90104752,-1.0302093,-0.49725711,-0.27019563,-0.21413232
3451,E020-04,2.0856075,0.90288035,1.4121764,1.0128911,2.0856075,0.45141492
3452,E020-04,0.75676596,-1.2014727,-1.2996598,0.34291914,-0.55490962,0.75676596
3453,E020-04,0.46076252,0.46076252,0.38504936,-0.19838747,-0.65631444,-0.28600378
3454,E020-04,1.0168436,0.79912845,1.0168436,-0.86201456,-2.2077605,-0.91683923
3455,E020-04,0.38299844,0.35994165,0.23108583,0.069674148,-0.66825019,0.38299844
3456,E020-04,1.1835044,-0.32209996,0.006904563,-0.72587181,1.1835044,-0.75365822
3457,E020-04,-0.20166641,-1.5153002,-1.407337,-0.93768235,-0.20166641,-1.5732542
3458,E020-04,0.96629534,-0.21031711,-0.36494676,-0.042550817,-0.77622905,0.96629534
3459,E020-04,0.47952262,-0.90106326,-0.87350023,0.39586867,-0.91204264,0.47952262
3460,E020-04,-0.48950139,-0.95595582,-1.212971,-0.80616087,-0.99753328,-0.48950139
3461,E020-04,-0.004743493,-1.021689,-0.59167125,-0.029636177,-0.69609343,-0.004743493
3462,E020-04,1.7517916,-1.5652956,-1.4048122,1.3496691,1.7517916,1.3888326
3463,E020-04,0.31957707,-0.39988643,-0.94236076,0.31957707,-2.4038936,0.18309515
3464,E020-04,1.598308,0.87781798,1.2449377,-0.78973367,1.598308,-0.46346014
3465,E020-04,-0.43344761,-0.43344761,-0.49257638,-0.8349418,-1.349553,-0.65654858
3466,E020-04,0.36288216,0.34853734,0.36288216,0.089959581,-0.31857802,-0.24095892
3467,E020-04,0.35367916,-0.61078288,-0.50675926,-0.58238005,0.35367916,-0.37864792
3468,E020-04,0.84095288,-0.74124213,-0.77236595,0.62271744,-0.5213455,0.84095288
3469,E020-04,0.82668713,-0.47989979,-0.16328056,0.82668713,0.67973439,0.63698792
3470,E020-04,2.7193295,-1.6220992,-1.2804104,0.55515811,2.7193295,0.42322849
3471,E020-04,1.8523994,-1.7714583,-1.5957944,-0.75215786,1.8523994,-0.64674762
3472,E020-04,1.4296135,-0.28541194,-0.58355748,1.0390539,-0.296547,1.4296135
3473,E020-04,1.2329633,-1.0470605,-0.7106266,1.2256099,0.34361921,1.2329633
3474,E020-04,0.70552997,-0.042320555,0.14736091,-0.13176081,0.45437723,0.70552997
3475,E020-04,1.3568584,-0.58820607,-0.36421228,1.3568584,0.3046701,0.97550482
3476,E020-04,1.6458744,-1.6423942,-1.8149674,1.4268514,-0.94164157,1.6458744
3477,E020-04,0.74003509,-0.77943322,-0.67588909,0.29779786,0.56927668,0.74003509
3478,E020-04,0.2252859,-0.20010333,-0.42800616,0.089341484,-1.5217926,0.2252859
3479,E020-04,1.2974216,-2.1194288,-2.387693,0.80326647,-0.15709841,1.2974216
3480,E020-04,1.6631909,-0.54499539,-0.27642544,1.6631909,0.27913104,1.6273615
3481,E020-04,1.1650597,-0.56082453,-0.21240705,1.1650597,0.16406759,0.37140969
3482,E020-04,0.10697929,-0.29162252,-0.59427445,-0.17187855,-1.1919041,0.10697929
3483,E020-04,0.5967132,0.31198918,0.5967132,0.32639839,0.0760103,0.43934126
3484,E020-04,0.94172734,0.94172734,0.83223295,-0.52965397,-2.0956886,-0.18151444
3485,E020-04,0.36832171,0.36832171,0.3060896,-1.0881505,-0.51068994,-0.99165915
3486,E020-04,0.26223836,-2.0473013,-1.7619181,0.21561797,0.26223836,0.15736872
3487,E020-04,0.12287553,-1.0858818,-0.82648733,0.12287553,-0.54417675,0.077423919
3488,E020-04,0.82630778,-1.981885,-2.0629043,0.27734853,0.82630778,0.50463327
3489,E020-04,0.79691084,-2.4327368,-2.5096008,0.70782654,-0.95056412,0.79691084
3490,E020-04,2.4999769,-1.0907893,-0.54740365,1.8292557,0.11384009,2.4999769
3491,E020-04,-0.30440905,-1.5309799,-1.8147494,-0.35373165,-1.6852202,-0.30440905
3492,E020-04,0.074379614,0.074379614,-0.099658371,-0.38877731,-0.61696494,-1.2164619
3493,E020-04,-0.0086799905,-0.0086799905,-0.16093766,-0.65731965,-0.50177334,-0.55213016
3494,E020-04,-0.37543325,-0.37543325,-0.57977097,-0.88179579,-1.0219598,-0.79915022
3495,E020-04,2.3462466,0.93546168,1.1402043,2.3462466,0.39786117,2.1285275
3496,E020-04,2.7592135,-0.80055886,-0.14411943,0.30799753,2.7592135,0.29242661
3497,E020-04,1.3259173,-1.2899168,-1.5133604,1.3259173,-0.50216366,1.2208588
3498,E020-04,1.6590618,1.045072,0.62451459,1.1865134,-0.95591504,1.6590618
3499,E020-04,-0.47164968,-0.51733127,-0.47164968,-1.9638064,-0.81451954,-1.7665557
3500,E020-04,0.54394451,0.54394451,0.22999847,-0.097018907,-1.4126082,0.34293842
3501,E020-04,-0.094699416,-0.094699416,-0.36802222,-0.99833089,-1.3189111,-0.64592646
3502,E020-04,0.31844215,0.31844215,0.062770464,-2.0651209,-0.88179064,-1.5509847
3503,E020-04,0.027824127,-0.70914508,-0.42724385,-0.63296966,0.027824127,-0.33499197
3504,E020-04,1.6556399,-0.34872379,-0.18938778,-0.40537462,1.6556399,0.50502492
3505,E020-04,0.42717861,-1.3259063,-0.98869573,-0.38502616,0.42717861,-0.24805677
3506,E020-04,0.88944913,-0.63190877,-0.42075544,-0.79419599,0.88944913,-0.7535763
3507,E020-04,-0.76747078,-1.0585685,-1.261703,-1.2783637,-0.76747078,-1.1626257
3508,E020-04,0.34540507,0.22949517,0.34540507,-0.93636724,-0.31718704,0.058260802
3509,E020-04,-0.0077568086,-0.0077568086,-0.13672457,-1.104283,-1.5206996,-1.4708532
3510,E020-04,0.79609641,-1.3433953,-1.1862402,0.71833911,-0.25765484,0.79609641
3511,E020-04,0.36048737,-0.92002941,-0.6492617,0.19893008,-0.70483867,0.36048737
3512,E020-04,1.4218309,-0.60844507,-0.064092415,0.71527183,1.0356836,1.4218309
3513,E020-04,0.44519525,0.43275253,0.44519525,-0.068071158,-0.11987688,0.10564813
3514,E020-04,0.24110992,-0.58746549,-0.58691591,-0.3939879,0.24110992,-0.053521905
3515,E020-04,1.1329107,-2.358689,-1.9039005,0.99406255,1.1329107,0.5810575
3516,E020-04,0.25570159,-0.95596286,-1.0406687,-0.70462504,0.25570159,-0.80907562
3517,E020-04,1.0251641,0.043248888,0.12825589,-0.25627678,1.0251641,-0.4383664
3518,E020-04,1.9600805,-0.65369433,-0.9568389,1.4639951,-1.0142167,1.9600805
3519,E020-04,1.3209586,-0.37883249,0.56997718,-0.54031983,1.3209586,-0.21809896
3520,E020-04,0.41317996,-0.58581048,-0.5063037,-0.47708762,0.41317996,-1.2438692
3521,E020-04,0.67525953,-0.42611183,-0.27212935,-1.5388335,0.67525953,-1.027154
3522,E020-04,0.97049758,0.97049758,0.87815656,0.45580702,-0.75915213,0.045681246
3523,E020-04,-0.098363506,-0.14722469,-0.36345787,-0.6705628,-0.098363506,-0.80904249
3524,E020-04,1.5594392,-1.4521994,-0.95521156,-0.4185122,1.5594392,-0.70013154
3525,E020-04,-0.059539956,-1.4309848,-1.2309898,-0.059539956,-0.13152396,-0.23817028
3526,E020-04,-0.71496807,-2.7131287,-3.0420591,-0.71496807,-2.0169776,-1.0468866
3527,E020-04,-0.61964363,-0.61964363,-1.085985,-2.0503806,-0.66356288,-1.6811529
3528,E020-04,0.37947613,0.15529572,0.08921584,-2.0136387,0.37947613,-1.9197215
3529,E020-04,0.4766029,-2.9411039,-2.7868808,0.4766029,-0.19535482,0.45003291
3530,E020-04,0.5730486,-0.84172129,-0.65094277,0.5730486,0.4754298,0.46726798
3531,E020-04,0.37175236,-0.40068412,-0.50685281,0.23304855,-0.91037704,0.37175236
3532,E020-04,1.3204356,-0.79743219,-0.74152302,1.3204356,0.074772631,1.2399602
3533,E020-04,0.12064639,0.12064639,-0.29073678,-0.26772089,-1.5603502,-0.54029391
3534,E020-04,0.96867179,0.052566136,0.43486827,0.96867179,0.35544852,0.93312325
3535,E020-04,1.4961404,0.37648519,0.91219451,1.4961404,0.29287709,1.392589
3536,E020-04,1.2487723,-1.1111973,-1.0336913,1.0219365,-0.42853985,1.2487723
3537,E020-04,1.0185163,-2.186534,-2.2826488,1.0185163,-1.4174409,0.64315204
3538,E020-04,-0.38852522,-0.38852522,-0.81123061,-0.55830378,-1.1078634,-0.55346043
3539,E020-04,0.88947933,-1.7905026,-1.6345492,-0.50895997,0.88947933,-0.92133908
3540,E020-04,1.331895,-1.6299482,-1.85559,0.86123616,-1.4170903,1.331895
3541,E020-04,0.4557394,0.33088987,0.4557394,-0.94991855,-1.1690657,-0.23169037
3542,E020-04,0.085275669,-0.44030116,-0.71989491,-0.11331569,-0.70018169,0.085275669
3543,E020-04,0.56845802,-0.17994263,-0.25528719,0.56845802,-1.2751411,0.25629565
3544,E020-04,1.487523,-0.59645896,-0.64789296,1.487523,0.53192699,1.3559927
3545,E020-04,-0.012169653,-0.012169653,-0.26557317,-0.21492835,-2.7967221,-0.13454379
3546,E020-04,1.6390974,-1.3731211,-0.72798266,0.88320958,1.6390974,1.1442109
3547,E020-04,2.1664913,-0.56386533,0.050889075,-1.7647661,2.1664913,-1.6717877
3548,E020-04,0.49573353,-2.0595307,-1.8830279,-1.3369323,0.49573353,-1.4739751
3549,E020-04,0.32715749,-0.17654069,-0.092517304,-0.99027637,0.32715749,-1.2966628
3550,E020-04,1.632934,-1.6054551,-1.7230609,1.632934,-1.8295102,1.6207114
3551,E020-04,1.0444394,-2.5498965,-2.1286841,1.0444394,0.73948362,0.44449908
3552,E020-04,1.0216289,0.5521055,0.62409909,-0.18664857,1.0216289,0.34908307
3553,E020-04,1.5424388,-1.2386734,-0.68405749,-0.3923294,1.5424388,-0.42656234
3554,E020-04,-0.5711404,-0.5711404,-0.92456136,-1.1411356,-0.83452416,-0.81584547
3555,E020-04,0.19153583,0.19153583,-0.036093863,-0.44669576,-0.87248329,-0.053748416
3556,E020-04,0.07199473,-0.15207748,-0.44803879,-0.12855817,-1.2574186,0.07199473
3557,E020-04,0.77533359,0.77533359,0.53962354,-0.056192245,-1.3320862,0.11401925
3558,E020-04,-0.1064709,-0.1064709,-0.25094887,-2.4363887,-0.79916523,-2.5178728
3559,E020-04,0.41287117,-1.4473519,-1.3621093,0.41287117,0.13776001,0.35249025
3560,E020-04,0.21598848,-1.265146,-1.5255308,0.20988164,-0.33548138,0.21598848
3561,E020-04,-0.071982975,-0.10789681,-0.071982975,-0.99068351,-0.3035941,-0.55528264
3562,E020-04,1.1693968,-1.0392867,-1.151928,1.1693968,-0.76481904,0.41859703
3563,E020-04,0.88714657,-1.1528328,-1.0191296,0.25468266,-0.29229865,0.88714657
3564,E020-04,0.45844844,-1.0724845,-0.92469323,0.45844844,-0.86810546,0.13726468
3565,E020-04,-0.82245264,-1.2697919,-1.2248074,-1.2777169,-0.82245264,-1.2794862
3566,E020-04,0.61707412,-1.1932713,-0.88316631,0.58753665,0.61707412,0.33300067
3567,E020-04,2.6057901,2.6057901,2.5677238,1.1676757,0.22228446,0.74810616
3568,E020-04,1.4785055,-0.54401241,-0.28544128,0.66625436,1.4785055,0.30160309
3569,E020-04,0.088239431,-0.065820343,-0.47299281,-0.14772846,-1.2198955,0.088239431
3570,E020-04,0.29088933,0.089040193,0.29088933,-1.9730164,-0.15132251,-1.6389607
3571,E020-04,0.20071724,0.20071724,0.080286483,-0.39583888,-1.2085182,-0.43073788
3572,E020-04,1.1802593,-1.3845333,-1.4063458,1.1802593,0.51890158,0.77053377
3573,E020-04,-0.81692339,-0.8727682,-0.88511637,-0.92897553,-1.2483155,-0.81692339
3574,E020-04,-0.60288618,-0.88185057,-0.68924085,-0.74834519,-0.87045119,-0.60288618
3575,E020-04,1.1424376,-0.48263456,-0.32890671,-1.0157471,1.1424376,-0.67033384
3576,E020-04,0.75617456,0.33920738,0.37289592,0.75617456,-0.55328453,0.74688108
3577,E020-04,0.47476495,0.28729097,0.22806032,-0.36121462,0.47476495,0.032073989
3578,E020-04,2.4750849,0.86997694,1.501368,1.6445123,2.4750849,1.8131327
3579,E020-04,0.82953968,0.014485963,-0.14089548,-1.0151306,0.82953968,-0.19297978
3580,E020-04,-0.28355839,-1.432907,-1.3945458,-0.97860851,-0.28355839,-0.90110749
3581,E020-04,0.68843134,-0.48192864,-0.30722132,0.54505666,0.26939878,0.68843134
3582,E020-04,1.0933474,-0.41448565,-0.55069105,0.09711863,1.0933474,0.36715552
3583,E020-04,-0.4518155,-2.1652295,-2.2667811,-0.4518155,-1.8361969,-1.0505569
3584,E020-04,0.80148635,-0.13128643,0.031330947,-1.3052545,0.80148635,-1.0634231
3585,E020-04,0.2731665,0.14240238,0.2731665,-0.64468829,-0.97136308,-0.79211763
3586,E020-04,1.352004,-1.0272713,-1.0147555,1.2249261,-0.75147,1.352004
3587,E020-04,0.76192657,-1.8790113,-2.0019729,0.055467216,-1.4859366,0.76192657
3588,E020-04,1.7156475,-0.21752734,0.039523591,1.7156475,0.42433112,1.660512
3589,E020-04,0.45919449,-0.82779085,-0.83502064,0.45919449,-0.14648243,0.44470075
3590,E020-04,1.2745648,0.51747236,0.74885588,1.2745648,-0.72599665,0.90998725
3591,E020-04,0.46572889,-1.3815768,-1.3361514,-1.8049642,0.46572889,-1.1895952
3592,E020-04,1.7810972,-0.80686944,-0.8904148,1.7810972,0.6978747,1.3405831
3593,E020-04,-0.40105035,-0.65457995,-0.40105035,-0.88430364,-1.1026195,-0.6562096
3594,E020-04,-0.96971349,-1.6039903,-1.9198144,-1.9460954,-0.96971349,-1.9865396
3595,E020-04,1.4982977,-0.082573337,0.010021721,1.4982977,-0.065282228,1.1168053
3596,E020-04,1.0538925,-1.8176908,-1.7668196,0.038351741,1.0538925,0.090078542
3597,E020-04,1.2958375,-2.6645926,-2.2465322,-0.79135314,1.2958375,-0.57523993
3598,E020-04,0.55139976,-0.11211109,-0.42240104,0.55139976,-1.3317788,0.0085426687
3599,E020-04,1.1266057,0.69834072,0.86280527,0.87814465,1.1266057,1.0210487
3600,E020-04,1.2163724,-0.3445997,-0.36739599,0.69124701,-0.29618826,1.2163724
3601,E020-04,-0.17830113,-0.67642472,-0.80869571,-1.5386232,-0.17830113,-1.4584466
3602,E020-04,0.77722882,-2.3478011,-2.2783903,-0.39720312,0.77722882,-0.053243281
3603,E020-04,0.08470749,-0.99224477,-0.94468238,-1.0321559,0.08470749,-0.94137765
3604,E020-04,1.850792,-0.43127574,-0.48775043,1.0381276,-1.4041327,1.850792
3605,E020-04,2.3601596,-0.13378111,0.0007656578,2.2422127,0.32067514,2.3601596
3606,E020-04,-0.14970423,-0.870093,-0.91268739,-0.53828276,-0.14970423,-0.53629848
3607,E020-04,2.3347075,-0.37560052,-0.37386816,1.9398642,-0.21231148,2.3347075
3608,E020-04,0.3678965,0.3678965,-0.046713416,-1.8452214,-2.1069717,-1.7440931
3609,E020-04,0.89079352,0.22495268,0.12917111,0.71555713,0.89079352,0.82517492
3610,E020-04,0.39223789,0.39223789,0.31923718,-3.857187,0.06012884,-3.1192604
3611,E020-04,1.139746,-0.00098006632,0.33414481,0.95743414,1.139746,0.84361689
3612,E020-04,0.76658706,-0.029121093,0.50677213,-1.1291212,0.76658706,-0.88749291
3613,E020-04,0.30676468,0.30676468,-0.023736249,-0.74010492,-2.8411124,-0.58128399
3614,E020-04,0.72314287,-0.34154371,-0.34867127,0.17950905,-0.37528468,0.72314287
3615,E020-04,1.0245527,0.99568939,1.0245527,-0.15999812,-0.12462307,-0.59506264
3616,E020-04,0.89881201,0.042752989,0.21728939,-1.170977,0.89881201,-1.1399291
3617,E020-04,0.53761091,-1.4939823,-1.4955827,0.53761091,0.19276327,0.4316672
3618,E020-04,0.27505682,-0.30677909,-0.066293474,0.10871472,0.10313181,0.27505682
3619,E020-04,1.2071706,0.38481235,0.70986985,-0.69165833,1.2071706,-1.2635577
3620,E020-04,-0.12352907,-0.66718744,-0.70254029,-1.6427085,-0.12352907,-1.7136708
3621,E020-04,0.95135744,-1.8446952,-1.6703375,0.89410339,-0.97939564,0.95135744
3622,E020-04,0.022466522,-2.3551079,-2.4414075,0.022466522,-1.7724799,-0.23417848
3623,E020-04,1.6096562,-1.8306732,-1.6269887,0.95515749,0.71855191,1.6096562
3624,E020-04,0.9199236,-1.708711,-1.5861031,-1.8235026,0.9199236,-2.0889859
3625,E020-04,1.0405579,-0.91660282,-0.76927383,-0.94116272,1.0405579,-0.80339131
3626,E020-04,2.074684,-3.058908,-2.4706878,1.1834075,2.074684,0.59813658
3627,E020-04,0.5589504,-2.2356789,-2.2570635,0.5589504,-0.40949213,0.45339165
3628,E020-04,0.61491311,-0.70024944,-0.48967737,0.16551936,0.61491311,0.60320254
3629,E020-04,2.3627546,-1.4533534,-1.3714313,2.3627546,-0.27677135,2.2290124
3630,E020-04,0.42222213,-1.4603643,-1.196197,-0.42890879,0.42222213,-0.061417909
3631,E020-04,-0.11340297,-2.4493944,-2.446693,-0.30642779,-0.12486069,-0.11340297
3632,E020-04,0.83790665,-0.86865964,-0.93959912,0.83790665,-0.69132167,0.60981202
3633,E020-04,-0.17041521,-1.6834726,-1.7575581,-0.17041521,-0.55684072,-0.17440592
3634,E020-04,0.87994122,0.46060817,0.23115821,0.049723305,-0.70790235,0.87994122
3635,E020-04,0.54023639,-1.2170374,-1.3568804,-0.12205482,0.54023639,-0.057002095
3636,E020-04,1.2837612,-0.83172556,-0.71037064,0.45554127,0.036651231,1.2837612
3637,E020-04,2.0189964,0.9432628,1.2468638,1.5112294,2.0189964,0.61842769
3638,E020-04,2.0179114,-0.62917894,-1.0238231,2.0179114,-0.89234037,1.1452341
3639,E020-04,0.91423719,-2.3320685,-2.0685725,-0.97721083,0.91423719,-1.736871
3640,E020-04,-0.020035582,-1.0740362,-1.1622676,-1.7436022,-0.020035582,-1.4486028
3641,E020-04,0.089847705,-0.66377572,-0.83511727,-0.18082931,-2.003778,0.089847705
3642,E020-04,0.77483961,0.77483961,0.64236108,-0.81899527,0.48251626,-0.54629588
3643,E020-04,1.2509707,-0.35197088,-0.09513969,-1.4899683,1.2509707,-2.1131165
3644,E020-04,2.9785624,-2.422936,-2.0034359,-0.87058705,2.9785624,-0.87476078
3645,E020-04,1.3511027,0.28721542,0.41367587,0.97578526,0.28687225,1.3511027
3646,E020-04,2.2485276,0.025378674,-0.098996485,1.8812445,-0.65595711,2.2485276
3647,E020-04,0.022430575,-2.0549601,-1.7532699,-1.008316,0.022430575,-1.1438307
3648,E020-04,-0.056715231,-0.056715231,-0.18820919,-1.3040245,-0.34796038,-1.1191921
3649,E020-04,0.23854039,-1.5966831,-1.2704998,-0.40041844,0.23854039,-0.42917176
3650,E020-04,-1.011339,-1.1610364,-1.4258176,-2.3429113,-1.011339,-1.5272236
3651,E020-04,0.37649026,-1.1269244,-1.0531762,-1.5830123,0.37649026,-1.2111168
3652,E020-04,0.83803766,0.83803766,0.65572409,-0.099017666,-0.21466468,-0.063176344
3653,E020-04,1.5987657,-1.2266972,-0.84808673,-1.0359195,1.5987657,-0.79950323
3654,E020-04,0.65104658,-1.6896728,-1.4344715,-0.43476504,0.65104658,-0.82349132
3655,E020-04,-0.23107829,-1.1447376,-1.5796598,-0.55272495,-2.1560372,-0.23107829
3656,E020-04,0.6167707,-1.3635658,-1.2063119,0.6167707,0.32418519,0.42014436
3657,E020-04,1.6180236,-0.30699371,-0.50051676,1.2806476,-1.6587929,1.6180236
3658,E020-04,0.2550858,-0.97675059,-0.96081458,-1.0037536,0.2550858,-0.69660545
3659,E020-04,0.30723124,-0.75663847,-0.74147402,-1.463554,0.30723124,-1.7424797
3660,E020-04,0.71576417,-0.7190327,-0.96439854,0.71576417,-2.3632158,0.67494956
3661,E020-04,0.52513148,-0.82960395,-0.68371824,0.396745,0.35981726,0.52513148
3662,E020-04,0.63886725,0.23022998,0.42573891,-0.63565328,0.63886725,-0.47853981
3663,E020-04,-0.006440728,-0.38767395,-0.53660292,-0.27721545,-0.54797137,-0.006440728
3664,E020-04,1.7394073,0.0064121357,0.44025162,-0.065821545,1.7394073,-0.52095562
3665,E020-04,2.1121655,0.58035124,0.82119067,2.1121655,1.6970246,1.9622916
3666,E020-04,2.4470804,-1.444031,-0.93539651,-2.5426378,2.4470804,-2.3865881
3667,E020-04,-0.10390166,-0.23573169,-0.10390166,-0.74515263,-0.49624117,-0.11851454
3668,E020-04,1.1349985,-1.3579074,-1.0949344,0.93015205,1.1349985,0.62963383
3669,E020-04,0.15433178,-1.0562337,-1.0896277,-1.2413133,0.15433178,-1.397588
3670,E020-04,0.17665101,0.17665101,0.006262333,-2.0012477,-2.1745307,-1.7181975
3671,E020-04,0.21127511,-1.8717442,-1.8503122,-0.27449119,0.21127511,-0.20234818
3672,E020-04,1.6590598,-0.10227174,-0.2000646,1.2035668,-0.76638592,1.6590598
3673,E020-04,0.96507071,0.42083896,0.86972171,-0.95461794,0.96507071,-1.6400607
3674,E020-04,-0.33178189,-0.62031071,-0.58742874,-1.1204213,-0.33178189,-0.91764231
3675,E020-04,1.6764978,-0.94356063,-0.49240321,1.2031682,1.4099966,1.6764978
3676,E020-04,1.5161114,-0.22305517,-0.19215514,0.22628127,1.5161114,0.51540015
3677,E020-04,0.61870609,0.61870609,0.57464025,-1.6622406,-0.77285624,-1.7504438
3678,E020-04,-0.048715427,-1.9900566,-1.8272212,-0.048715427,-0.19035556,-0.17983924
3679,E020-04,0.76113737,0.76113737,0.66526601,-0.7302289,-0.27772697,-1.1220269
3680,E020-04,-0.01651324,-0.82943405,-0.82036818,-0.46815982,-0.53406126,-0.01651324
3681,E020-04,1.1740824,-1.4310699,-1.0425984,1.0059774,-0.62314842,1.1740824
3682,E020-04,0.28737049,-1.5309711,-1.4287817,-0.94848912,0.28737049,-0.98514122
3683,E020-04,0.47278795,-0.61860584,-0.17178144,-2.0763539,0.47278795,-1.7757284
3684,E020-04,0.72193057,-0.31855563,-0.57081926,0.72193057,-1.0384039,0.32219973
3685,E020-04,1.319302,-1.0267464,-1.4927719,1.1426066,-0.27123729,1.319302
3686,E020-04,1.1614676,0.77738925,1.1614676,-0.54447695,0.84054041,-0.16711928
3687,E020-04,1.5367558,-2.4813422,-2.5268014,1.5367558,-0.12291377,0.89030897
3688,E020-04,0.019696165,-0.23112252,-0.1060095,-0.79423232,0.019696165,-0.66290878
3689,E020-04,1.5840819,0.30229862,0.40143318,1.4125964,0.33577303,1.5840819
3690,E020-04,1.1800894,-0.43731843,-0.26616502,-0.056472827,1.1800894,-0.020547551
3691,E020-04,0.94088548,-0.60112129,-0.32384149,0.44570812,0.94088548,0.52932888
3692,E020-04,2.3048203,-0.0078062066,0.36245676,-1.4295686,2.3048203,-1.1704452
3693,E020-04,1.2263106,-0.37901002,-0.33314835,0.62325604,-0.17941815,1.2263106
3694,E020-04,0.33199723,0.2835323,0.33199723,-0.93656599,0.073554533,-0.81863271
3695,E020-04,1.356604,-1.1511744,-1.0032968,-0.31952351,1.356604,-0.34657485
3696,E020-04,2.236076,0.69052182,0.64682996,1.9860477,-0.41979756,2.236076
3697,E020-04,0.30586454,-0.43237582,-0.32523508,0.30586454,-0.61666502,-0.036285351
3698,E020-04,1.4597651,-0.45623681,-0.33702232,0.57072935,-0.25961653,1.4597651
3699,E020-04,1.3902086,-0.33371614,0.043866042,-0.68975475,1.3902086,-0.41412638
3700,E020-04,0.67467677,-0.62185053,-0.49720282,0.66490591,-0.66986414,0.67467677
3701,E020-04,1.3285587,-1.6128617,-1.336479,-0.099882469,1.3285587,0.98197619
3702,E020-04,0.59587073,0.58865503,0.59587073,-0.52795169,-0.71853165,0.1495986
3703,E020-04,-0.47134115,-1.0669761,-1.2831178,-0.70487604,-0.84308007,-0.47134115
3704,E020-04,-0.16941005,-2.0102265,-1.5962945,-0.16941005,-1.8521745,-0.22365
3705,E020-04,0.65162943,-2.2511337,-2.1198291,0.65162943,0.11976412,0.58044442
3706,E020-04,1.4043065,1.4043065,1.3551179,-0.35962873,-0.13019644,-0.85962329
3707,E020-04,-0.049904738,-0.56768302,-0.5521803,-0.87206457,-0.049904738,-0.92233542
3708,E020-04,1.0643284,0.86368586,1.0643284,-0.70772313,0.49989914,-1.2369405
3709,E020-04,1.2225755,-1.7221381,-1.5296059,0.1692698,1.2225755,0.017997797
3710,E020-04,0.14469138,-0.035272171,0.1151106,-0.42768942,0.14469138,-0.42093637
3711,E020-04,1.3560362,-0.22198934,0.30986496,-0.98714345,1.3560362,-0.63180322
3712,E020-04,1.104042,-1.9792465,-1.7938534,1.104042,-0.73504132,0.47286296
3713,E020-04,0.88461083,0.86760698,0.88461083,-0.90211778,0.14920562,-1.4590579
3714,E020-04,0.041206863,-1.9241656,-1.6137548,0.041206863,-0.0050774972,-0.30355498
3715,E020-04,1.2167059,0.90845053,1.2167059,-0.86265878,0.8353743,-1.1837599
3716,E020-04,1.3586397,0.092683706,-0.030633714,1.3586397,-0.36496467,0.72284669
3717,E020-04,0.48583561,0.09868449,0.48583561,-0.081004691,0.14555074,-0.43656451
3718,E020-04,-0.255206,-0.38224831,-0.255206,-0.69723047,-0.74030058,-1.0851083
3719,E020-04,1.0699284,-1.4873375,-1.071127,-0.77526233,1.0699284,-0.7628132
3720,E020-04,-0.12457331,-2.1131758,-1.8661433,-2.0360036,-0.12457331,-3.0082555
3721,E020-04,0.52134116,-0.67822384,-0.4752536,0.52134116,0.12178194,0.31108048
3722,E020-04,0.68266633,0.19630837,0.38042045,0.24269178,0.68266633,0.66774994
3723,E020-04,-0.082825201,-0.17504138,-0.082825201,-0.94139339,-0.55959888,-0.83856113
3724,E020-04,1.1265872,-2.3858788,-2.3088681,-1.7661997,1.1265872,-1.4948681
3725,E020-04,0.6567491,0.47705517,0.45222664,0.6567491,-0.046911335,0.39212843
3726,E020-04,1.0431021,-3.5165417,-3.2107691,0.48069052,0.74742695,1.0431021
3727,E020-04,1.8398079,0.151156,0.064037369,1.8398079,-0.2451403,1.0785819
3728,E020-04,2.185784,-1.1189186,-0.76829354,2.0980139,1.5257679,2.185784
3729,E020-04,1.0134663,-0.14054276,0.19458296,-0.64526465,1.0134663,-0.9570356
3730,E020-04,1.8980067,-0.41382713,0.27904961,-0.56565236,1.8980067,-0.30845178
3731,E020-04,0.018555459,-0.22579751,-0.12575339,-0.61463833,0.018555459,-0.41708322
3732,E020-04,-0.29153989,-0.29153989,-0.68661045,-0.77587524,-1.6538325,-0.80045748
3733,E020-04,1.5064288,-1.6661546,-1.2483916,-2.6989742,1.5064288,-2.3077508
3734,E020-04,0.9486562,0.93033739,0.9486562,0.22956576,0.52095547,-0.59244092
3735,E020-04,1.5174886,-3.9218558,-3.2092565,1.5174886,0.3641924,0.35791192
3736,E020-04,-0.50954575,-0.83670236,-0.73931267,-1.1405552,-0.50954575,-1.2489046
3737,E020-04,1.1678748,-2.2937574,-1.9318321,-0.27558705,1.1678748,-0.70530754
3738,E020-04,0.75832757,-1.4362163,-1.5681695,0.66570535,-0.83469646,0.75832757
3739,E020-04,1.5822201,-0.43404301,0.023968434,0.65785499,1.5822201,-0.47418004
3740,E020-04,1.3854468,-0.15757206,0.24390834,-0.49458163,1.3854468,-0.73734353
3741,E020-04,1.2500608,0.24499474,-0.14313184,1.2208482,-1.6416609,1.2500608
3742,E020-04,-0.28935731,-2.3828964,-2.7641052,-0.28935731,-2.321879,-0.80704344
3743,E020-04,0.65070356,0.65070356,0.62592517,-1.3294261,-0.74238669,-1.0293649
3744,E020-04,-0.49728032,-1.4605398,-1.390559,-0.49728032,-0.63700055,-0.74509974
3745,E020-04,1.171318,1.1328957,1.171318,-0.7517414,0.96652534,-0.90703074
3746,E020-04,-0.090180322,-0.75770986,-0.42099145,-0.29651624,-0.090180322,-0.17309358
3747,E020-04,-0.8324954,-0.8324954,-1.0316858,-1.9972205,-1.5430508,-1.3753847
3748,E020-04,1.7786537,-1.2941005,-1.1560318,1.7016552,0.30605144,1.7786537
3749,E020-04,-0.19377128,-1.3026431,-1.2976572,-0.47490065,-0.19377128,-0.88378631
3750,E020-04,1.3108814,0.93939741,1.1741741,-0.14320644,1.3108814,0.12442367
3751,E020-04,1.1635096,0.28442954,0.83700469,-1.1444121,1.1635096,-1.1212456
3752,E020-04,-0.28596827,-0.61599578,-1.2726603,-1.2057775,-3.1544032,-0.28596827
3753,E020-04,0.68133286,-1.1669666,-1.3869452,0.68133286,0.38691117,0.056840387
3754,E020-04,-0.37689475,-0.52191903,-0.37689475,-1.1253617,-1.6183591,-0.68450508
3755,E020-04,2.8349658,0.79018529,0.76928834,2.8349658,-0.78418096,2.5851103
3756,E020-04,1.6057683,0.021453085,0.32080814,1.3190027,1.153206,1.6057683
3757,E020-04,-0.23704763,-1.7815017,-1.6266155,-0.23704763,-0.83045393,-0.24746622
3758,E020-04,2.2215469,-0.96230218,-0.3722529,1.8042193,1.0250256,2.2215469
3759,E020-04,-0.62425795,-1.5622305,-1.7562059,-0.82646108,-3.0851387,-0.62425795
3760,E020-04,1.490096,0.098827853,0.2572083,-1.4264369,1.490096,-1.3075921
3761,E020-04,1.422232,-0.26524883,-0.21691126,1.422232,-1.5292816,1.0007193
3762,E020-04,1.4903946,-0.16628071,-0.56115158,0.77938324,-2.6312959,1.4903946
3763,E020-04,2.4110352,0.071319256,0.19022698,2.0262014,-0.44210675,2.4110352
3764,E020-04,1.2737579,1.1338127,1.2737579,-1.184983,-1.7340419,-1.5547725
3765,E020-04,1.4904003,-0.38223538,-0.54863152,0.96021691,-1.0245032,1.4904003
3766,E020-04,0.5675363,0.33893111,0.5675363,-0.31052818,0.085871763,-0.40691331
3767,E020-04,0.15665631,0.15665631,0.15022784,-0.64019687,-0.3558653,-0.76845111
3768,E020-04,0.46453011,-0.75381206,-0.5337615,-1.5469289,0.46453011,-1.0694553
3769,E020-04,1.333811,-1.1486782,-0.89545788,-0.64278609,1.333811,-0.096043764
3770,E020-04,-0.19922694,-0.19922694,-0.81322925,-2.0988926,-1.6815432,-1.8154575
3771,E020-04,-0.78579279,-1.658693,-1.7153365,-1.1445024,-0.78579279,-1.0311097
3772,E020-04,0.34185732,-1.73042,-1.5713426,-1.2900073,0.34185732,-1.6504742
3773,E020-04,-0.78115189,-1.1426576,-1.0725995,-0.78115189,-0.8686942,-0.79452884
3774,E020-04,2.5788781,-1.9374945,-2.4227493,2.5788781,-1.9893338,1.8147593
3775,E020-04,0.30701364,-2.310173,-2.1466669,0.30701364,0.031471875,0.20880101
3776,E020-04,-0.23246191,-2.4920681,-2.8797514,-1.1251127,-0.23246191,-1.3818508
3777,E020-04,-0.30821882,-0.56605102,-0.5180433,-0.30821882,-0.58050063,-1.2384775
3778,E020-04,0.66530011,0.15312882,0.41740458,0.14954711,0.17663497,0.66530011
3779,E020-04,2.1456791,-1.7526041,-0.91190059,-1.0735556,2.1456791,-1.055049
3780,E020-04,0.78084833,-0.63915132,-0.51998937,-0.2221345,0.78084833,-0.41069589
3781,E020-04,0.52074268,0.52074268,0.47317183,0.10613739,-0.3001544,0.096928347
3782,E020-04,0.68038656,-0.34123853,-0.53387417,0.057924074,-1.9103603,0.68038656
3783,E020-04,0.80333951,-0.71942879,-0.65751994,-0.21745507,0.80333951,-0.42770815
3784,E020-04,-0.14166973,-1.5447143,-1.6729547,-0.18756098,-0.35870286,-0.14166973
3785,E020-04,-0.22609728,-1.2291775,-1.5008795,-0.23442351,-1.3485775,-0.22609728
3786,E020-04,2.6061922,-1.6121775,-0.85252348,0.1596825,2.6061922,-0.4403285
3787,E020-04,0.86120358,0.041333195,0.030868863,0.86120358,-0.25978147,0.75745633
3788,E020-04,0.15346431,0.15346431,-0.068212894,-2.5733226,-2.1284881,-1.7479
3789,E020-04,1.019929,-2.0067823,-1.8520496,1.019929,0.24979443,0.84235059
3790,E020-04,0.84252256,-2.4239354,-2.0305082,-0.63628003,0.84252256,-0.73406895
3791,E020-04,-0.41926144,-2.0084202,-1.6527927,-1.4402187,-0.41926144,-1.8868459
3792,E020-04,0.99040586,-1.6272223,-1.8061771,0.99040586,-0.4155143,0.96899116
3793,E020-04,0.053912025,-1.58215,-1.9158808,-0.65664035,-0.98640526,0.053912025
3794,E020-04,-0.3312465,-0.3312465,-0.40576138,-1.2027775,-0.46893094,-1.139997
3795,E020-04,0.060443836,-0.20524515,-0.14212937,-0.69433513,0.060443836,-1.1895487
3796,E020-04,1.2932804,-1.1399482,-1.1062185,-1.0397169,1.2932804,-0.94279566
3797,E020-04,0.98734554,0.34654947,0.30209954,-1.9311898,0.98734554,-1.6951656
3798,E020-04,1.2739721,0.90151799,1.2739721,-0.70509665,-0.61125807,-0.10341945
3799,E020-04,1.8128078,-0.39766032,-0.11147059,1.1123733,0.76061266,1.8128078
3800,E020-04,-0.14515753,-0.17066466,-0.14515753,-0.55806367,-0.47858434,-0.56903053
3801,E020-04,2.461472,-0.44576994,0.12656041,0.95490699,2.461472,1.270447
3802,E020-04,-0.31645443,-0.45758071,-0.39769588,-0.60994026,-0.74108972,-0.31645443
3803,E020-04,0.64347423,-0.40691304,-0.4280523,0.64347423,-0.33377779,0.34191402
3804,E020-04,1.2982471,-0.91066231,-0.69081357,-0.98992772,1.2982471,-0.50410855
3805,E020-04,0.83927096,0.83927096,0.38546436,-0.91236873,-0.90616238,-0.16521845
3806,E020-04,-0.74938495,-0.79955261,-1.0139124,-1.5000939,-0.74938495,-1.2165651
3807,E020-04,1.136477,0.91020022,1.136477,-0.38790427,1.0966937,-0.45560645
3808,E020-04,0.53246553,-1.3477895,-1.1200186,-0.14605992,0.41026649,0.53246553
3809,E020-04,0.85648571,0.56184412,0.85648571,-1.3198233,0.31092808,-1.4739696
3810,E020-04,0.16800731,-0.32586131,-0.24922366,-0.10520054,-0.39514044,0.16800731
3811,E020-04,0.28312041,-2.2237197,-1.9301759,-0.26035976,0.28312041,-1.0165113
3812,E020-04,0.54903539,-0.69109749,-0.70438729,0.086711746,0.022245935,0.54903539
3813,E020-04,1.2738332,-0.97032716,-0.6998261,1.2315984,1.1924256,1.2738332
3814,E020-04,0.020378044,-1.5112748,-1.6429368,0.020378044,-0.81690718,-0.33103683
3815,E020-04,0.17878102,0.17878102,0.11141296,-0.43916772,0.13172289,-0.60028466
3816,E020-04,0.082867377,0.082867377,-0.51951161,-0.42900008,-1.7834463,-0.78190254
3817,E020-04,1.9607291,1.1025804,1.1359493,1.9458129,0.38401286,1.9607291
3818,E020-04,-0.19482365,-0.19482365,-0.3513373,-0.45904955,-0.34281405,-0.42550597
3819,E020-04,0.71032214,-1.7766649,-1.7234604,0.64861994,-0.43941653,0.71032214
3820,E020-04,2.6459105,1.0737762,1.4649862,-1.7848388,2.6459105,-1.9919882
3821,E020-04,0.7543881,-0.62312839,-0.50605069,0.52959688,0.25553219,0.7543881
3822,E020-04,1.8526086,0.15569517,0.62167546,-0.52929307,1.8526086,-0.55255095
3823,E020-04,0.87249525,-2.0252828,-1.9246966,0.80342632,-0.028654449,0.87249525
3824,E020-04,2.5531289,0.47474542,1.018908,1.8496475,2.5531289,2.2758192
3825,E020-04,0.22960667,-0.41849333,-0.10340023,-0.0073634605,-0.37809307,0.22960667
3826,E020-04,1.6049644,0.61539272,0.87004519,1.6049644,-0.13152764,1.3518159
3827,E020-04,1.1666789,0.19081906,0.25434097,0.30110565,1.1666789,0.23674333
3828,E020-04,-0.37708782,-0.37708782,-0.435198,-1.0712041,-0.95851602,-1.1709457
3829,E020-04,1.0655882,0.036569516,0.33574237,1.0655882,-0.20491581,0.93026241
3830,E020-04,0.13387801,0.04727516,0.003289703,-0.15513118,-0.73200629,0.13387801
3831,E020-04,1.5525433,-1.7237764,-1.2187824,0.047802802,1.5525433,0.17082743
3832,E020-04,1.2327772,-0.77879372,-0.77603821,0.97274539,-0.52119518,1.2327772
3833,E020-04,1.8454527,-1.6945914,-1.4731851,1.8454527,1.1638837,1.585578
3834,E020-04,0.72749956,-1.0649204,-0.72845943,-0.85703027,0.72749956,-0.69485315
3835,E020-04,0.46574202,-1.4535736,-1.5466651,-0.76893021,0.46574202,-0.54834795
3836,E020-04,0.52473373,-2.3874583,-2.3458489,0.52473373,-0.32537606,0.4436238
3837,E020-04,0.84671949,-1.0971931,-0.7788475,0.10530459,0.84671949,0.006301675
3838,E020-04,0.42270947,0.42270947,0.15398869,-1.0954303,-0.92415122,-0.95311548
3839,E020-04,0.061099333,-0.56066387,-0.44471097,-0.37125118,-0.04776496,0.061099333
3840,E020-04,2.2146554,0.061200634,-0.53030079,2.2146554,-2.42751,1.8236706
3841,E020-04,-0.3576466,-1.1051695,-0.92533631,-1.3640786,-0.3576466,-1.6641739
3842,E020-04,-0.2836867,-2.5379453,-2.5817404,-0.68157846,-0.2978276,-0.2836867
3843,E020-04,0.85707514,-1.9501184,-1.6205221,-0.078550863,0.85707514,-0.038161162
3844,E020-04,0.1346726,0.1346726,0.12461193,-0.0058776302,-1.0308615,-0.035408686
3845,E020-04,0.59175746,0.56728447,0.59175746,-0.15104856,-0.12473807,-0.68029721
3846,E020-04,1.8000786,-1.5819842,-1.2505472,1.8000786,0.49650693,1.6104946
3847,E020-04,1.3379651,1.2539263,1.3379651,-0.064613135,0.50208862,-0.019455356
3848,E020-04,1.8152273,0.041162307,-0.27380922,1.7143459,-0.56234336,1.8152273
3849,E020-04,0.69607196,0.46286934,0.69607196,0.20711755,0.65594599,0.21508764
3850,E020-04,1.4459938,-0.64672033,-0.41449194,0.73380442,1.4459938,0.81290891
3851,E020-04,-0.12958092,-0.20366518,-0.12958092,-1.2761598,-0.68639572,-1.0507596
3852,E020-04,0.79890359,0.58105653,0.70220544,-1.6821477,0.79890359,-0.74995665
3853,E020-04,-0.39529361,-1.3946786,-1.5474735,-0.72789565,-1.3056268,-0.39529361
3854,E020-04,1.1261621,0.33698247,0.21124801,0.94278598,-0.04783919,1.1261621
3855,E020-04,1.1381805,0.19870385,0.0092966668,1.1224095,-1.5177129,1.1381805
3856,E020-04,0.693122,0.693122,0.61932352,0.51771724,-0.49670934,0.57204619
3857,E020-04,0.82288909,-1.9144274,-1.8605862,0.76458171,0.82288909,0.33840249
3858,E020-04,0.89303129,0.70176718,0.89303129,0.21520856,-0.75349753,0.162347
3859,E020-04,2.3173689,-0.13944448,0.14686185,-1.277638,2.3173689,-1.3859737
3860,E020-04,1.5801408,1.5801408,1.2017937,-1.857918,-1.2706931,-1.7568339
3861,E020-04,2.2363319,-0.99351411,-0.55148047,-1.4025643,2.2363319,-0.82577132
3862,E020-04,0.67434885,-0.4042885,-0.29333156,0.17629156,0.67434885,0.19195038
3863,E020-04,1.6419268,1.4233184,1.6419268,-1.0017583,0.7173172,-0.48706807
3864,E020-04,-0.70162205,-1.7316531,-1.9960314,-1.2473716,-0.84596223,-0.70162205
3865,E020-04,0.63710598,-0.33893481,-0.10320924,0.63710598,-0.95752555,0.010938568
3866,E020-04,0.80588383,-2.3749912,-2.5155778,0.80588383,-0.66491941,0.41009677
3867,E020-04,2.2251602,0.78203133,0.84731892,2.0879799,-0.27984501,2.2251602
3868,E020-04,-0.11321434,-1.5592114,-1.7909773,-1.2429746,-0.11321434,-1.3371297
3869,E020-04,0.73579158,-1.231165,-1.4463284,0.73579158,-1.4854004,0.30373334
3870,E020-04,0.8256284,-2.0421785,-1.8865293,-1.4169839,0.8256284,-1.4921737
3871,E020-04,-0.14366492,-1.7819192,-1.7346278,-0.37813329,-0.30657147,-0.14366492
3872,E020-04,2.5923168,-3.8773392,-3.8506821,2.45417,-0.14648617,2.5923168
3873,E020-04,2.0290028,0.39703854,0.88402201,-0.72507534,2.0290028,-0.29837802
3874,E020-04,0.70240362,-1.1114029,-0.90688496,-0.030394662,0.39834062,0.70240362
3875,E020-04,-0.43191727,-0.69673957,-0.6654707,-1.7751163,-0.43191727,-1.1821098
3876,E020-04,0.58325075,0.58325075,0.23869643,-0.7126172,-0.61613154,-0.82993004
3877,E020-04,-0.50218181,-0.50218181,-0.52985773,-1.0666983,-0.98227537,-1.0673197
3878,E020-04,1.7209852,0.2228341,0.56978634,-1.2501623,1.7209852,-1.1144313
3879,E020-04,0.63941548,-0.39563294,-0.19427196,-0.24515106,0.63941548,-0.33072198
3880,E020-04,0.90685452,-0.31045793,-0.031831963,-1.7050501,0.90685452,-1.3200472
3881,E020-04,-0.25275659,-1.2600728,-1.2516123,-0.27202252,-0.25385097,-0.25275659
3882,E020-04,1.6709289,1.6709289,1.334654,-1.3213511,-0.69740894,-2.4335097
3883,E020-04,1.6435833,-2.9805751,-2.7378123,1.6435833,-1.1552251,1.0158812
3884,E020-04,0.67257323,-0.17881751,0.027269383,0.22731954,-0.60012221,0.67257323
3885,E020-04,0.35481435,-1.323875,-1.2869114,0.35481435,0.33471758,-0.0016209427
3886,E020-04,0.11144248,-0.78272815,-0.77918481,-0.58167201,0.11144248,-0.454481
3887,E020-04,1.9037201,-1.9121248,-1.8894003,1.7421604,0.08673768,1.9037201
3888,E020-04,1.9095845,-0.52342527,-1.1743824,1.9095845,-1.8051958,1.4895731
3889,E020-04,0.18920045,0.18920045,0.086351928,-1.6321975,-0.93054127,-0.99491084
3890,E020-04,1.6431062,-0.60098582,-0.96327779,1.6431062,-0.61959837,1.6214824
3891,E020-04,0.9668588,-0.91973284,-1.1187911,0.9668588,0.89230779,0.76547404
3892,E020-04,1.3981214,-0.46677164,-0.26246526,0.79728715,1.3981214,-0.091120277
3893,E020-04,0.10761288,-0.79706758,-0.59626157,0.10761288,-0.21145498,-0.24629025
3894,E020-04,0.68961723,-1.1653963,-0.8836314,-0.53623534,0.68961723,-1.184065
3895,E020-04,0.6440447,0.064152754,-0.17148507,0.6440447,-1.8347386,0.07076952
3896,E020-04,1.9543831,-0.84140362,-0.73316836,1.8999863,0.30199365,1.9543831
3897,E020-04,0.44917297,-0.33029524,-0.71292689,-0.38042695,-1.121902,0.44917297
3898,E020-04,0.88022758,-0.35745959,-0.24559679,0.60620707,0.88022758,0.38319157
3899,E020-04,1.6526771,-0.15303519,-0.033088377,0.71715,1.484624,1.6526771
3900,E020-04,1.2161455,-0.57081365,-0.19348398,1.2161455,0.72929873,1.0696628
3901,E020-04,1.4624765,-0.75170899,-0.04014038,-1.4002596,1.4624765,-1.1191377
3902,E020-04,1.143337,0.96677425,1.143337,0.56564109,0.22412942,0.27288028
3903,E020-04,1.8775193,-1.5197168,-1.6132008,1.5472886,-0.99513026,1.8775193
3904,E020-04,1.3936879,0.4950484,0.711352,-0.68044284,1.3936879,-0.47809891
3905,E020-04,0.081167436,-0.48240424,-0.32432409,-0.3352512,0.081167436,-0.24170608
3906,E020-04,2.2115887,-0.38355073,0.02150352,0.55004765,2.2115887,-0.47995393
3907,E020-04,0.24195103,-1.0805985,-0.8447402,-2.2782432,0.24195103,-2.5153907
3908,E020-04,1.504505,1.504505,1.3505456,0.4641825,-0.40090596,0.063288175
3909,E020-04,0.45497698,-2.5747303,-2.6707843,0.3997955,0.45497698,0.16465384
3910,E020-04,-0.28172608,-0.28172608,-0.67397774,-2.5078088,-2.1852353,-1.7253179
3911,E020-04,1.4781738,0.58616667,0.79740745,1.4781738,0.32223026,0.89918288
3912,E020-04,0.45519254,-0.68029387,-0.47419813,-0.24866831,0.45519254,-0.26382526
3913,E020-04,1.1954052,0.2114766,-0.0074493293,1.0757725,-0.50613154,1.1954052
3914,E020-04,1.6331108,-1.4239212,-1.68301,1.5009861,-0.66634958,1.6331108
3915,E020-04,0.37383612,-1.1071901,-1.3052712,0.15627115,-2.0111656,0.37383612
3916,E020-04,0.66953031,-0.66137323,-0.5996486,0.5422102,0.34063527,0.66953031
3917,E020-04,0.55775178,0.078260628,0.16894949,-2.090869,0.55775178,-2.4108535
3918,E020-04,0.4399904,-0.30714724,-0.59616059,-0.0078795285,-0.70611944,0.4399904
3919,E020-04,0.89101718,0.74825261,0.89101718,-0.023256705,0.88167176,-0.66926756
3920,E020-04,1.158935,1.1457289,1.158935,-1.6585385,0.35739832,-2.195263
3921,E020-04,0.27366021,0.17702747,-0.05035416,0.27366021,-0.61723086,-0.28487347
3922,E020-04,1.1799957,-0.39890639,-0.24285189,0.23428102,1.1799957,0.31568841
3923,E020-04,0.68256147,-0.79564288,-0.54898618,0.44114879,0.68256147,0.38999201
3924,E020-04,0.65260938,-0.81624619,-0.56160146,-0.77951022,0.65260938,-1.0864175
3925,E020-04,1.1754613,-2.6389759,-2.5471424,1.1754613,-0.69014502,-0.10286866
3926,E020-04,-0.12814755,-0.12814755,-0.13574048,-1.1430095,-0.38266756,-0.17977973
3927,E020-04,-0.30653076,-1.0329203,-1.0808449,-0.53068289,-0.30653076,-1.310306
3928,E020-04,0.88023128,0.78342157,0.88023128,-0.96456788,-0.1470623,-1.1110799
3929,E020-04,1.568445,0.90727199,1.1771642,1.568445,-0.17582061,1.0448714
3930,E020-04,1.5858488,-2.1190393,-1.8630842,1.5858488,-0.31606046,0.97577489
3931,E020-04,-0.085515793,-1.5702356,-1.441698,-0.085515793,-0.12940775,-0.19481445
3932,E020-04,0.22276547,0.16145256,0.20042962,-0.77794093,0.22276547,-0.34259019
3933,E020-04,1.1719917,-0.9456134,-1.2267727,0.55008259,-2.8098916,1.1719917
3934,E020-04,-0.32380491,-0.32380491,-0.72262006,-0.5876638,-2.0251964,-0.57378533
3935,E020-04,-0.65471295,-1.1225336,-1.184448,-0.69930997,-1.258471,-0.65471295
3936,E020-04,0.19831205,0.082936534,0.19831205,-1.1304827,0.017955677,-0.94913011
3937,E020-04,0.74162111,-0.52273646,-0.12937326,0.58599839,-0.26396195,0.74162111
3938,E020-04,0.0074150095,0.0074150095,-0.029142922,-2.1408797,-1.3583821,-2.6613818
3939,E020-04,1.6045152,-1.1041721,-0.86542814,-0.4810392,1.6045152,0.13049086
3940,E020-04,-0.16364376,-0.22403385,-0.16364376,-0.71051251,-0.87105692,-0.81598655
3941,E020-04,1.0236415,0.1561364,0.17465916,0.44092438,0.071448364,1.0236415
3942,E020-04,0.39926073,-1.034493,-0.63961426,-1.9158418,0.39926073,-1.5604377
3943,E020-04,1.3567262,0.39098619,0.49113729,1.2227788,-0.36323263,1.3567262
3944,E020-04,0.39215032,-0.71944498,-0.61512716,-0.14811827,0.39215032,0.32707575
3945,E020-04,-0.17742068,-0.18652225,-0.17742068,-0.85212319,-0.24699194,-1.2062839
3946,E020-04,2.123232,-1.7926876,-1.3365232,0.20265038,2.123232,-0.0077751172
3947,E020-04,0.32118389,-0.2903083,-0.077763081,0.16880655,0.048896851,0.32118389
3948,E020-04,-0.60008093,-0.60008093,-0.71878209,-1.7222979,-1.047315,-1.5150389
3949,E020-04,1.1964025,-1.7240603,-1.8492553,0.47721998,1.1964025,0.89865853
3950,E020-04,0.18228052,-0.40666147,-0.35095491,-0.56870522,0.18228052,-0.40898733
3951,E020-04,-0.017945176,-1.2525752,-0.88904898,-0.1271784,-0.017945176,-0.15360992
3952,E020-04,-0.41520637,-1.3086848,-1.4764983,-0.44099643,-0.72475668,-0.41520637
3953,E020-04,0.51136612,-1.1430373,-1.3945406,0.024738764,0.3456777,0.51136612
3954,E020-04,0.25407613,0.25407613,0.24130822,-1.0369999,-0.61799749,-0.29375764
3955,E020-04,0.2839591,-0.093070063,0.1280507,-0.20235278,0.2839591,0.17244717
3956,E020-04,1.6357806,-0.61448019,-0.14976681,-0.365101,1.6357806,-0.64299382
3957,E020-04,-0.12369301,-1.1323764,-1.5780194,-0.75301659,-3.4888741,-0.12369301
3958,E020-04,0.34635411,0.34635411,0.22425291,-0.0091707715,-1.6625178,-0.52186245
3959,E020-04,2.100088,-0.074144207,0.068939899,2.100088,-0.49834835,1.9103792
3960,E020-04,-0.60565145,-0.66709747,-0.63152316,-0.60565145,-1.1889061,-0.824631
3961,E020-04,0.12717412,-1.6338446,-1.9097733,0.12717412,-1.5376754,-0.30040167
3962,E020-04,1.48398,0.41877115,0.37813233,1.48398,0.25323705,0.94189967
3963,E020-04,2.1110454,-0.247812,-0.12019427,2.1110454,1.0858364,1.995222
3964,E020-04,0.22589915,-2.2578887,-2.3435549,-0.30637411,-0.79336418,0.22589915
3965,E020-04,-0.32376361,-1.469351,-1.4278447,-0.83871605,-0.32376361,-0.43351759
3966,E020-04,1.0845169,-0.12312978,0.21418528,0.34866443,1.0845169,0.40603008
3967,E020-04,1.3349201,0.14146978,0.69005496,1.3349201,0.62238632,1.0521912
3968,E020-04,0.50069461,-1.3211319,-1.1985769,-1.9960556,0.50069461,-2.4303911
3969,E020-04,0.53237348,-1.1433712,-1.2465708,0.040415566,0.53237348,-0.18422828
3970,E020-04,0.95958108,-1.1713429,-0.96093837,-0.64947794,0.95958108,-0.85541002
3971,E020-04,-0.76851123,-0.78399812,-1.0219195,-1.0796745,-0.76851123,-1.6740316
3972,E020-04,0.038846414,-0.97016766,-0.93330976,0.038846414,-1.412048,-0.23162848
3973,E020-04,1.0470076,-2.7266791,-2.5359286,-1.4943743,1.0470076,-1.0596073
3974,E020-04,2.5163185,0.3134812,0.72181071,-1.482154,2.5163185,-1.3716708
3975,E020-04,1.6639611,-0.54542956,-0.31102515,1.0487901,1.6639611,0.51059275
3976,E020-04,-0.08105892,-2.0165115,-2.0846619,-0.96377816,-0.08105892,-0.72785119
3977,E020-04,0.82791218,-0.90090882,-0.65297108,0.79962906,0.53360016,0.82791218
3978,E020-04,1.4093261,-0.73529511,-0.42631378,0.3225374,1.4093261,0.61053108
3979,E020-04,1.5394546,0.14292327,0.47673451,0.30248967,1.5394546,0.44611846
3980,E020-04,0.31827896,-1.9267275,-1.9567819,-0.16877305,-0.28708973,0.31827896
3981,E020-04,0.23103771,-1.0501759,-1.0636237,0.10850564,0.077714533,0.23103771
3982,E020-04,0.11350459,-2.0287191,-2.0586566,-0.55876421,-1.465653,0.11350459
3983,E020-04,1.8959677,-2.4556106,-1.9101403,-0.76460195,1.8959677,-0.65364612
3984,E020-04,0.83763893,-1.9227938,-1.6890253,-1.0242493,0.83763893,-1.0720876
3985,E020-04,1.4555234,-0.19851303,0.54169536,-1.5166527,1.4555234,-1.1793022
3986,E020-04,1.4423627,-2.0236891,-1.5854736,0.41932099,1.4423627,0.020894337
3987,E020-04,1.4715217,0.36587395,0.48225877,0.084947984,1.4715217,0.23005731
3988,E020-04,0.367384,-2.0473216,-1.9464485,-0.63628654,0.367384,0.017127464
3989,E020-04,0.36083882,-0.53336803,-0.46398674,0.36083882,-0.53939908,-0.079407825
3990,E020-04,0.69739683,-0.21410281,-0.19226984,0.69739683,-0.77363725,0.61888285
3991,E020-04,0.92990864,0.55441286,0.30854876,0.86825432,-0.26359864,0.92990864
3992,E020-04,2.4917257,-0.32142388,-0.011881736,2.3418562,-0.70700683,2.4917257
3993,E020-04,2.3484483,-2.0668386,-2.2264817,2.3484483,-0.48158567,1.8671505
3994,E020-04,0.33836368,-0.16138151,0.13613464,0.065213064,0.33836368,0.1434569
3995,E020-04,1.6486563,-2.3929943,-1.979383,0.64862659,1.6486563,0.41060322
3996,E020-04,1.5093555,-0.91837176,-0.91073665,1.5093555,0.18166113,0.19880695
3997,E020-04,1.6109179,-0.24405754,-0.24214031,0.95119658,-0.6316428,1.6109179
3998,E020-04,-0.032703772,-0.33714177,-0.51959343,-0.7740782,-1.464816,-0.032703772
3999,E020-04,0.99351819,0.75391162,0.99351819,-1.8717548,0.14005129,-1.4943645
4000,E020-04,0.42973635,-1.7818645,-1.5256477,-0.30751339,0.42973635,-0.44324104
4001,E020-05,0.82883078,-1.5177191,-1.4249402,-0.28376038,0.82883078,0.51023824
4002,E020-05,0.25501005,-2.2594446,-2.0901083,-0.5802049,0.25501005,-1.2158177
4003,E020-05,-0.28943349,-0.54051189,-0.56247864,-1.1984931,-0.28943349,-0.91995692
4004,E020-05,2.0576881,-1.9090832,-1.7954792,1.9369808,0.62841263,2.0576881
4005,E020-05,0.18266242,-0.43396344,-0.25709208,0.18266242,-0.52914357,-0.10628059
4006,E020-05,0.91862446,-0.32785828,0.07524621,0.78338331,0.91862446,0.77767722
4007,E020-05,1.1374449,-1.0681673,-1.3764114,1.0240193,-0.48146977,1.1374449
4008,E020-05,2.1265446,-1.6212818,-1.99445,2.1265446,1.2130983,1.9845806
4009,E020-05,0.090572352,-0.49541486,-0.59404242,0.090572352,-0.71197735,-0.19313803
4010,E020-05,0.45601476,-0.29431112,-0.72674798,0.45601476,-0.61824474,0.36337265
4011,E020-05,-0.29148352,-0.66111538,-0.85897494,-2.4706303,-0.29148352,-2.6754336
4012,E020-05,2.3674508,0.29796165,0.35529607,2.3674508,-1.1533016,2.0583951
4013,E020-05,1.6337346,-1.2168463,-1.3612649,1.6337346,-0.80969575,1.6313726
4014,E020-05,-0.18153289,-1.7515877,-1.6496216,-0.89087234,-0.18153289,-0.32833381
4015,E020-05,0.55919312,-0.48144738,-0.3373434,0.55919312,0.24722232,0.39389502
4016,E020-05,0.87214784,0.44328442,0.44877595,0.70444522,0.87214784,0.55824869
4017,E020-05,0.55953133,-0.29478568,-0.43271955,0.55643478,0.55953133,0.33101603
4018,E020-05,0.35284871,0.35284871,-0.0037404097,-2.8943203,-1.5227799,-2.7743763
4019,E020-05,-0.04142585,-0.34294916,-0.46123961,-1.1813334,-0.96451736,-0.04142585
4020,E020-05,1.9345374,1.0225959,0.96679109,1.9345374,-1.0858709,1.5074909
4021,E020-05,0.58811503,0.58811503,0.39943857,0.012455168,-2.079599,-0.16528135
4022,E020-05,0.51243688,0.29796714,0.51243688,-0.06940925,0.29119605,0.08846666
4023,E020-05,1.3632316,-1.3507452,-0.94334798,-0.4149825,1.3632316,0.086524959
4024,E020-05,-0.27499691,-0.49838493,-0.71943556,-1.8130498,-0.27499691,-1.8602795
4025,E020-05,0.83472291,-0.18838255,0.0024338598,-1.568246,0.83472291,-1.8308544
4026,E020-05,0.71446113,0.71446113,0.55126659,-1.3264303,0.29133974,-1.4274996
4027,E020-05,0.68676886,-0.49582379,-0.54055359,-0.16871344,0.68676886,-0.32534842
4028,E020-05,0.6804823,0.40388296,0.6804823,0.22578875,0.6678397,0.67969519
4029,E020-05,0.3846879,-2.159724,-1.9778709,0.28371283,-0.14754131,0.3846879
4030,E020-05,1.2813413,1.2813413,1.2756596,-0.22697044,0.087788582,-0.35525276
4031,E020-05,1.1378405,-0.88935907,-0.58895496,-0.44219663,1.1378405,-0.3106876
4032,E020-05,2.0801555,-0.086690903,0.347478,0.18523687,2.0801555,-0.20900258
4033,E020-05,0.81072059,-0.83846762,-0.50847442,-0.31164989,0.81072059,0.092770578
4034,E020-05,0.94139017,-0.73536886,-0.37987446,-1.1852002,0.94139017,-0.88018316
4035,E020-05,0.76876749,0.34064671,0.74245042,-0.15793902,0.76876749,-0.073323254
4036,E020-05,1.1157963,-0.80425549,-0.48198517,-1.9482336,1.1157963,-1.527673
4037,E020-05,0.0050006033,-1.6881097,-1.8705903,0.0050006033,-1.7462325,-0.30181586
4038,E020-05,0.15512243,-1.1585607,-0.96789135,-1.4543132,0.15512243,-1.5372169
4039,E020-05,1.3242475,-0.60271072,-0.62960794,1.0096716,-0.23823347,1.3242475
4040,E020-05,0.69122369,-0.31776685,-0.42497235,-0.20853837,0.69122369,0.59292825
4041,E020-05,0.53968213,-1.1130303,-1.295055,0.40859276,-1.5761525,0.53968213
4042,E020-05,1.3537683,-1.0313428,-1.2220035,-1.7655743,1.3537683,-1.4904983
4043,E020-05,1.1485536,-0.28931768,-0.16495692,0.72094906,1.1485536,0.77284393
4044,E020-05,0.4027282,-1.3539117,-1.6072961,0.4027282,-1.2727347,0.31178815
4045,E020-05,0.26337392,-0.1753529,-0.39771658,0.26337392,-0.73774699,-0.28421448
4046,E020-05,1.5490923,-0.0076704127,0.19460406,1.5490923,0.87606044,0.70729574
4047,E020-05,0.52514825,0.2946867,0.52514825,-1.3707291,-0.28460176,-1.1972286
4048,E020-05,1.5911912,-0.30772676,-0.47992098,1.2104255,-1.0431051,1.5911912
4049,E020-05,0.31522141,-0.9573916,-0.81087302,-0.14877283,0.31522141,-0.40303625
4050,E020-05,0.092513788,-0.41330914,-0.29505546,-0.84704416,0.092513788,-1.0435736
4051,E020-05,0.32199655,-0.9721945,-0.84522658,-0.30107386,0.32199655,-0.9136144
4052,E020-05,1.3289374,-1.3758687,-1.0979632,1.3289374,-0.094333672,1.2108929
4053,E020-05,1.0769318,-0.35629715,0.051399408,0.85085971,0.85623139,1.0769318
4054,E020-05,2.0784203,-0.36774252,-0.26122655,2.0784203,-0.93694291,1.7955898
4055,E020-05,-0.12425345,-0.69228981,-0.73799696,-0.7577213,-0.71192129,-0.12425345
4056,E020-05,0.42865615,-1.9279401,-1.7467519,-0.021453789,0.42865615,-0.14384104
4057,E020-05,0.60722767,-1.5860716,-1.3200872,-0.53494687,0.60722767,-0.27393206
4058,E020-05,-0.36566827,-0.61580248,-0.73211093,-1.6214626,-0.36566827,-1.3882374
4059,E020-05,0.62025168,0.29136016,-0.059032915,0.62025168,-0.97505676,0.080688757
4060,E020-05,1.15651,-1.1218207,-1.2914148,1.15651,-0.43585503,0.91299822
4061,E020-05,0.060696663,-0.30992119,-0.17460424,-1.327279,0.060696663,-1.3352489
4062,E020-05,0.18674522,0.18674522,-0.015341522,-0.33835022,-0.81094126,-0.65808054
4063,E020-05,0.41348816,-0.81881065,-0.94658332,0.18526422,-0.26400008,0.41348816
4064,E020-05,0.20663633,-0.61377766,-0.98771417,0.20663633,-1.947673,-0.53115132
4065,E020-05,0.28017273,0.079976476,0.081405529,0.16877742,-0.73577233,0.28017273
4066,E020-05,1.2132064,-1.3232989,-1.2797209,0.70344574,1.2132064,0.48775442
4067,E020-05,0.048321466,-0.64049767,-0.53153982,-0.59612345,0.048321466,-0.11733858
4068,E020-05,1.7949057,-0.11356969,-0.41231238,1.7949057,-1.0273168,1.7026599
4069,E020-05,1.0511631,0.10511359,0.30780762,1.0511631,0.62263919,0.11895331
4070,E020-05,1.2635796,-0.24773733,-0.066472241,-0.65126455,1.2635796,-0.63998885
4071,E020-05,0.59069218,0.29558861,0.42906769,0.11995121,-0.064074252,0.59069218
4072,E020-05,0.039319961,-0.31910021,-0.51023324,0.039319961,-0.4303931,0.017734074
4073,E020-05,0.21345491,-0.84342365,-1.0294085,-0.30486384,-0.46881114,0.21345491
4074,E020-05,0.32371311,-0.82575684,-0.82774489,-0.61518904,0.32371311,-0.5764057
4075,E020-05,0.902118,0.88221854,0.902118,-0.76756065,-1.1763139,-1.2196348
4076,E020-05,0.93316251,-1.4043653,-1.9294676,0.93316251,-0.63280353,0.30219354
4077,E020-05,0.95061562,0.95061562,0.78490469,-0.32085566,-1.8536104,-0.39739647
4078,E020-05,1.1338192,-0.2738497,-0.14285619,0.36848644,1.1338192,0.25956762
4079,E020-05,1.363286,0.032537196,0.12296017,-0.51247567,1.363286,-0.62888
4080,E020-05,-0.99802758,-2.3240628,-2.5600061,-1.3895112,-1.1856794,-0.99802758
4081,E020-05,1.154661,-1.837115,-1.8151497,-0.3975995,1.154661,-0.058312818
4082,E020-05,2.5394243,-2.0177104,-1.7454201,0.050107183,2.5394243,-0.24931041
4083,E020-05,0.72404501,-1.5805512,-1.1896803,0.54701934,0.72404501,0.29100021
4084,E020-05,0.46020539,0.19697405,0.46020539,-0.71954767,0.15563545,-0.69230498
4085,E020-05,1.910983,-0.14996639,-0.27477978,1.3621648,-0.2534515,1.910983
4086,E020-05,-0.21904308,-0.88885518,-1.2716829,-0.73855076,-1.8857063,-0.21904308
4087,E020-05,0.074213499,-0.26790811,-0.45611204,-0.35098022,0.074213499,-0.18477064
4088,E020-05,0.00041717694,-2.4059704,-2.2661514,-0.019849771,0.00041717694,-0.12211183
4089,E020-05,0.52384973,-0.17803599,-0.25023044,0.48517645,0.52384973,-0.1609827
4090,E020-05,0.5874781,0.090524361,0.0029161949,0.48009289,-0.00018522554,0.5874781
4091,E020-05,0.40549306,-0.079807876,-0.12205519,0.40549306,-0.13059951,0.40425342
4092,E020-05,1.7116327,1.364191,1.7116327,-0.26065903,0.42756308,-0.24608656
4093,E020-05,0.27094249,-1.2362154,-1.483631,0.16491875,-0.56421427,0.27094249
4094,E020-05,0.28563094,-0.031936903,0.21128876,-1.4622741,0.28563094,-1.0071299
4095,E020-05,0.99495841,-1.508841,-1.1990246,0.29351621,0.99495841,0.51700705
4096,E020-05,-0.12642356,-0.7419174,-0.64792883,-0.13163795,-0.12642356,-0.31811384
4097,E020-05,3.3561776,-0.88065726,-1.1205633,3.2827821,-0.11401665,3.3561776
4098,E020-05,0.1973004,-0.2006249,-0.29965195,-0.14334248,-1.3407336,0.1973004
4099,E020-05,0.93448229,0.4989479,0.93448229,-0.11645803,0.73785809,-0.41535854
4100,E020-05,0.3217035,-0.30369505,-0.60287788,-0.0662164,0.3217035,0.24012841
4101,E020-05,2.6703758,-1.3814942,-1.6848683,2.5892776,-1.8538889,2.6703758
4102,E020-05,1.7927966,-0.48200226,-0.49596474,1.7927966,-0.13030819,1.5429096
4103,E020-05,0.029741778,-0.2735878,-0.084703478,-0.2434965,0.029741778,-0.010672589
4104,E020-05,0.0012200163,-0.094838582,0.0012200163,-0.758571,-0.077339941,-0.5348965
4105,E020-05,1.1644151,-1.7853597,-1.0742845,-0.77576051,1.1644151,-1.8660637
4106,E020-05,1.5360841,0.27269213,0.65332085,0.69763164,1.5360841,0.87281917
4107,E020-05,0.25692814,-2.205171,-2.1773474,-0.01476153,-0.58413407,0.25692814
4108,E020-05,1.399449,-4.0007926,-3.7691748,1.399449,0.29430166,-0.15723435
4109,E020-05,0.93652257,0.66321953,0.93652257,-0.3918726,0.47789441,-0.045118491
4110,E020-05,0.3343197,0.28479826,0.3343197,-1.0271138,-0.41701218,-0.92584829
4111,E020-05,0.55770714,-1.9725297,-2.0575494,0.39634228,-0.83691219,0.55770714
4112,E020-05,1.8612141,-1.3898666,-0.99450312,-0.33309149,1.8612141,0.015387327
4113,E020-05,1.5084873,-0.078852468,0.47787569,-1.0951313,1.5084873,-1.0368295
4114,E020-05,0.83983564,-0.44368132,0.3467335,0.34571178,0.0016553652,0.83983564
4115,E020-05,-0.52419317,-0.52419317,-0.61974307,-1.9068325,-0.80913496,-1.7834206
4116,E020-05,2.0049351,-0.76324035,-0.9233886,1.2716436,-0.55015164,2.0049351
4117,E020-05,-0.15134158,-0.23780788,-0.42830319,-0.47801604,-0.15134158,-0.61437175
4118,E020-05,1.0429259,-0.75534782,-0.47601112,0.12156614,0.91234421,1.0429259
4119,E020-05,2.4257144,0.1617876,0.46043572,0.011061112,2.4257144,0.12047998
4120,E020-05,-0.19227654,-0.35229439,-0.34929327,-0.88502301,-0.19227654,-0.26738849
4121,E020-05,0.98907888,-0.46411537,-0.1285282,0.98907888,-0.2701757,0.85090351
4122,E020-05,0.53001173,0.086655187,-0.12033614,0.50606738,0.24242158,0.53001173
4123,E020-05,0.66441439,0.4478071,0.66441439,-0.049012135,0.6506864,-0.25795846
4124,E020-05,1.1717121,-1.3323823,-0.60437217,-0.01108565,1.1717121,-0.14602709
4125,E020-05,0.39198785,-1.3931636,-1.1069905,-0.98393246,0.39198785,-0.54887214
4126,E020-05,0.90050073,-0.94199078,-0.72120362,0.90050073,-0.35651364,0.6228216
4127,E020-05,-0.029478923,-0.029478923,-0.29066468,-1.8584009,-1.4875627,-1.3348406
4128,E020-05,-0.0032717777,-0.51707496,-0.54827558,-0.41583303,-0.12116519,-0.0032717777
4129,E020-05,0.33996611,-0.35082613,-0.34530777,0.33996611,0.13506064,-0.54121402
4130,E020-05,0.19875444,-0.61914899,-0.56261856,0.094062463,-0.74217164,0.19875444
4131,E020-05,1.0501932,-0.96169479,-0.82509106,-0.41056945,1.0501932,-0.30078006
4132,E020-05,-0.0043192189,-0.0043192189,-0.01260986,-0.42708477,-1.5384435,-0.31273163
4133,E020-05,0.50112241,-0.091654766,0.40580641,-2.2032497,0.50112241,-2.523142
4134,E020-05,1.3887617,-1.7554908,-1.4338171,-1.4115711,1.3887617,-1.8678264
4135,E020-05,0.4254628,-1.1072583,-0.95806667,-0.24813705,-0.34357696,0.4254628
4136,E020-05,1.2352921,1.0121427,1.2352921,0.37924742,1.1171418,-0.16272942
4137,E020-05,2.6688608,-0.86662381,-0.45060294,-1.2003979,2.6688608,-1.2391535
4138,E020-05,0.82089587,0.12429918,0.20937708,-0.19917478,0.82089587,0.74067932
4139,E020-05,0.6791293,-0.16466303,-0.33483321,0.55900178,-2.5698513,0.6791293
4140,E020-05,1.1898097,-0.026017776,0.48948643,1.1898097,1.0485527,0.71296914
4141,E020-05,0.071277923,0.071277923,-0.027185462,-0.28531329,-0.15129067,-0.24180008
4142,E020-05,-0.61717465,-0.61717465,-1.032906,-2.5991681,-0.87379639,-1.9205645
4143,E020-05,1.4455252,0.35716404,0.2536104,1.4455252,-1.1983956,1.1552389
4144,E020-05,1.0270812,-0.26446219,-0.11149003,0.77038639,1.0270812,0.86070072
4145,E020-05,0.88070672,0.35101291,0.31781245,0.87853086,-0.67433715,0.88070672
4146,E020-05,1.7949203,-0.77166939,-0.46259459,-2.2697061,1.7949203,-1.6570188
4147,E020-05,0.21200889,-0.14914521,0.21200889,-0.83402482,-0.42399209,-0.70215472
4148,E020-05,0.99346174,0.90494982,0.99346174,-1.5793744,0.59013493,-1.8880123
4149,E020-05,2.2194246,1.3382775,2.2194246,-0.28961793,0.75706411,-0.58030423
4150,E020-05,0.44151919,-0.96635186,-1.1084163,0.44151919,-1.7003649,0.096080048
4151,E020-05,0.80739498,-2.4989141,-2.5417018,0.80739498,-1.6044264,0.52314758
4152,E020-05,2.0053239,1.4443531,2.0053239,-0.38966349,0.98433995,-0.63312252
4153,E020-05,0.72649492,-0.33026202,-0.013140176,-0.058562263,0.72649492,-0.096113855
4154,E020-05,2.4276264,-0.67631459,-0.46010687,1.0903828,0.18414119,2.4276264
4155,E020-05,-0.62653919,-0.62653919,-1.0466732,-1.4283689,-1.4379918,-2.1464311
4156,E020-05,0.025500131,-2.4473313,-2.1735662,-0.6254371,0.025500131,-0.18842996
4157,E020-05,0.76718677,0.4662331,0.47784038,0.62551338,-0.011954479,0.76718677
4158,E020-05,1.6805362,-2.2423596,-1.6258674,1.4372202,1.2306404,1.6805362
4159,E020-05,1.1084042,-1.6391641,-1.6662617,0.7389022,-1.3291986,1.1084042
4160,E020-05,0.73619055,-1.2807954,-1.3607666,-0.57009172,0.73619055,-0.0567652
4161,E020-05,0.024605555,-0.82258657,-0.99042658,-0.32422585,-0.77128786,0.024605555
4162,E020-05,0.83604895,0.69643486,0.83604895,-0.17325508,0.6907352,0.047346539
4163,E020-05,-0.76172705,-1.636207,-1.8592524,-1.1776942,-1.1152423,-0.76172705
4164,E020-05,-0.030540358,-0.44334689,-0.3479822,-0.42934909,-0.69239228,-0.030540358
4165,E020-05,0.67566325,-0.55060566,-0.24093261,0.086326581,0.67566325,0.37878666
4166,E020-05,-0.045673309,-0.75565906,-0.63791299,-1.612008,-0.045673309,-1.1459754
4167,E020-05,1.370777,-0.22841641,-0.61796388,1.370777,-0.85185049,0.5694626
4168,E020-05,0.32897027,-1.2346816,-0.81914494,-1.5246664,0.32897027,-1.0238261
4169,E020-05,0.72447361,-1.0089125,-0.94591164,0.72447361,0.12165167,0.40645409
4170,E020-05,1.8612636,-1.6167011,-2.2835642,1.4644878,-3.3525637,1.8612636
4171,E020-05,0.54358628,-2.2736235,-2.2182048,-0.69018004,0.54358628,-0.74962228
4172,E020-05,1.3069414,-0.95759925,-0.47651551,-1.8477681,1.3069414,-1.7677096
4173,E020-05,0.97827569,-0.52874897,-0.58804505,-1.0428184,0.97827569,-0.61075644
4174,E020-05,0.55956372,-0.30984394,-0.31473451,0.48676608,0.17213237,0.55956372
4175,E020-05,1.7423968,-0.46217761,-0.25600132,1.7423968,-0.3146888,1.6345904
4176,E020-05,0.4090803,-1.7657842,-1.4956616,0.4090803,-0.15715783,-1.1298239
4177,E020-05,1.2745888,0.88136155,1.2745888,-0.55719445,1.1424795,-0.47754038
4178,E020-05,1.7929181,1.7818998,1.7929181,1.1113679,-0.50828615,1.0773071
4179,E020-05,2.0876473,-1.8592761,-1.9148478,1.781081,0.190693,2.0876473
4180,E020-05,0.88796386,-1.3345983,-0.81952857,-0.2250854,0.88796386,-0.051977765
4181,E020-05,0.39389592,-0.17670931,-0.17742318,-0.12910944,-0.31871402,0.39389592
4182,E020-05,-0.36697597,-0.51468489,-0.55920488,-0.36697597,-0.78454076,-0.44800882
4183,E020-05,0.89176747,0.87575256,0.89176747,-0.3378996,-0.03731219,-0.42668334
4184,E020-05,1.0562356,-0.87345333,-0.6742344,-1.3881452,1.0562356,-1.8855788
4185,E020-05,0.22426872,0.22426872,0.19327102,-0.396751,-0.20077914,-0.53675617
4186,E020-05,1.2572724,-0.98264274,-1.2589761,0.90481978,-1.662467,1.2572724
4187,E020-05,0.16625129,-0.65591208,-0.69310032,0.16625129,-0.51812106,-0.29754708
4188,E020-05,0.80643384,0.36758338,0.41509115,-0.50301707,0.80643384,0.099786124
4189,E020-05,0.69382854,0.67789945,0.69382854,-1.1020057,-0.33606844,-1.3716833
4190,E020-05,0.48696345,0.076710207,-0.13672543,0.09613683,-0.081602598,0.48696345
4191,E020-05,-0.33763852,-0.73939964,-1.0764727,-0.58378103,-0.55190118,-0.33763852
4192,E020-05,0.71725913,-2.3712199,-2.2256705,0.71725913,0.011973905,0.47244436
4193,E020-05,1.3296244,0.52739422,0.82071932,-0.070424643,1.3296244,-0.44314838
4194,E020-05,0.19460251,-0.89081186,-0.61757503,-0.34266685,-0.033869886,0.19460251
4195,E020-05,0.14236047,-0.94560086,-0.76839924,-1.6167491,0.14236047,-1.3368333
4196,E020-05,0.50982487,0.24500104,0.50982487,0.1639785,0.29914603,-0.11180415
4197,E020-05,1.1997578,-0.1835434,-0.26428746,-0.33500771,1.1997578,-0.066940047
4198,E020-05,0.27674584,-0.51476513,-0.3307781,-0.1616527,0.27674584,-0.2007438
4199,E020-05,0.9497823,-1.0252467,-0.95720986,0.55121799,0.9497823,0.36384301
4200,E020-05,0.86557652,0.64984641,0.86557652,-0.11066321,0.415075,0.60764098
4201,E020-05,2.2579613,-0.21421128,-0.2187955,2.2579613,-0.087953324,2.1228387
4202,E020-05,0.57839935,-1.0859519,-1.1437018,-1.1240981,0.57839935,-0.56378806
4203,E020-05,1.2720755,-0.07115899,0.099175373,-0.21635653,1.2720755,-0.16929031
4204,E020-05,0.54863183,-0.73096034,-0.86198978,0.09427329,0.13857051,0.54863183
4205,E020-05,1.1968045,-0.45907595,0.022691834,-2.3126728,1.1968045,-1.7718687
4206,E020-05,-0.11093643,-0.11093643,-0.30088747,-1.5426048,-0.29385131,-0.98713528
4207,E020-05,0.23773848,-0.00015835227,-0.054474738,0.23773848,-0.49937125,-0.23741277
4208,E020-05,1.2505179,-0.20162873,-0.11191816,0.99103311,0.33474259,1.2505179
4209,E020-05,1.5758205,1.3918141,1.5758205,0.17527403,0.15244939,0.8083829
4210,E020-05,0.30286921,0.15378395,-0.17760317,0.2919221,-1.5125222,0.30286921
4211,E020-05,1.2882849,-0.4252283,-0.3972167,0.13880568,1.2882849,0.51530333
4212,E020-05,0.7146655,-1.5942243,-1.3384042,0.7146655,0.19530494,0.6065288
4213,E020-05,-0.85182215,-0.85182215,-1.0076139,-1.8432847,-2.2091093,-1.2513512
4214,E020-05,0.88384634,0.59423321,0.6296756,-3.5615204,0.88384634,-3.2952142
4215,E020-05,0.90005109,0.79933844,0.90005109,-1.365123,0.42536046,-0.60645079
4216,E020-05,0.80146527,-2.1852429,-2.1084411,0.49675049,-0.70373293,0.80146527
4217,E020-05,2.1538166,0.30580233,0.83890426,0.33479575,2.1538166,0.88079757
4218,E020-05,1.255361,-0.38213644,-0.34161748,1.123344,0.017898058,1.255361
4219,E020-05,0.48291487,-1.0958758,-1.0959619,0.27856056,-0.40409225,0.48291487
4220,E020-05,1.086321,-1.325801,-0.79013598,0.024690359,1.086321,-0.37014486
4221,E020-05,0.12445642,-1.2566397,-0.96572784,-1.0989005,0.12445642,-0.82635738
4222,E020-05,0.59127109,0.01817999,-0.42606629,0.59127109,-1.1532202,0.32637884
4223,E020-05,0.17709835,-1.3244264,-1.2753957,-0.079322822,-0.1613089,0.17709835
4224,E020-05,0.64414335,-1.4232602,-1.3490177,-0.26880444,0.64414335,-0.51119804
4225,E020-05,0.63430178,0.63430178,0.5866329,-1.3347726,-0.25564405,-1.5381777
4226,E020-05,0.30323751,-2.5181488,-2.256534,0.30323751,-0.29276743,-0.021711611
4227,E020-05,0.050168184,-1.9091371,-2.1832747,-0.25364893,-2.2510625,0.050168184
4228,E020-05,0.24432259,-0.53882175,-0.20013989,-0.25449979,0.24432259,-0.11796384
4229,E020-05,2.0076132,-1.0236793,-1.067637,1.9259094,-0.60347482,2.0076132
4230,E020-05,-0.58571686,-1.1983745,-1.2727984,-0.58571686,-0.83705873,-0.84800287
4231,E020-05,1.5924421,-0.14968048,0.11793506,-1.2226238,1.5924421,-1.0431247
4232,E020-05,-0.24321696,-0.24321696,-0.53844604,-1.3054373,-1.6780618,-0.59837354
4233,E020-05,-0.60414105,-0.70339026,-0.88651737,-0.60414105,-1.1871029,-0.83106596
4234,E020-05,-0.10664046,-0.10664046,-0.11376821,-1.5490899,-1.3757449,-2.5989128
4235,E020-05,0.64674316,-0.51552335,-0.45780668,-0.34638182,0.64674316,-0.58127387
4236,E020-05,-0.17482656,-0.67780199,-0.64182947,-1.3417474,-0.17482656,-0.88420559
4237,E020-05,1.1030386,1.1030386,0.98789858,-2.0266313,-0.16050087,-1.5850874
4238,E020-05,1.9143812,-1.3827932,-0.87696137,-0.81023059,1.9143812,-0.17902503
4239,E020-05,0.017718375,-0.4615242,-0.3338458,-0.89676799,0.017718375,-0.8255828
4240,E020-05,-0.64010454,-0.64010454,-0.73411526,-1.190441,-1.2937877,-0.86345441
4241,E020-05,0.38459756,-1.596691,-1.493792,-1.5350867,0.38459756,-2.2068736
4242,E020-05,-0.053983705,-0.053983705,-0.38031753,-1.5654459,-1.1411938,-1.3371991
4243,E020-05,3.5557561,-0.23908183,-0.38970465,3.5557561,-0.33689686,3.2021199
4244,E020-05,-0.043373221,-0.08415523,-0.30090569,-0.58407948,-0.89890757,-0.043373221
4245,E020-05,1.8637963,-1.6399772,-1.0328912,0.28163324,1.8637963,0.47048545
4246,E020-05,0.67455575,-0.15534479,-0.22299641,0.45018657,-0.49616851,0.67455575
4247,E020-05,-0.37052862,-1.2422349,-1.0691755,-0.37052862,-1.0996594,-0.58665477
4248,E020-05,0.4196856,0.4196856,-0.13067138,-0.48842759,-3.0726383,-1.0566896
4249,E020-05,0.87535003,0.87535003,0.63573498,0.35306058,-0.00082892892,-0.32385232
4250,E020-05,-0.81345774,-2.0995523,-2.0411378,-1.2390837,-0.81345774,-0.86874055
4251,E020-05,-0.8227237,-1.2808807,-1.4922844,-0.8227237,-1.5362688,-0.85827215
4252,E020-05,0.68253929,-0.55364933,-0.043952213,-2.0648329,0.68253929,-2.083836
4253,E020-05,0.25286542,-0.002326874,0.15663528,-0.87102372,0.25286542,-0.71432042
4254,E020-05,0.25852138,-1.4044911,-1.4535026,0.10838216,-0.95021252,0.25852138
4255,E020-05,0.42284232,0.42284232,-0.10480708,-0.12424778,-1.2456666,-0.49326251
4256,E020-05,0.02958317,-0.74834579,-1.2160065,-0.30720648,-1.1268691,0.02958317
4257,E020-05,0.90129801,-1.1109702,-0.9530321,0.16129411,-0.26652236,0.90129801
4258,E020-05,1.0371609,1.0371609,0.80875483,-1.6458247,-1.0341973,-1.7159273
4259,E020-05,-0.70612876,-1.2045214,-1.2562922,-2.1625545,-0.70612876,-1.9142799
4260,E020-05,1.6529319,0.24756989,0.4228114,1.5809058,0.79685907,1.6529319
4261,E020-05,0.28458173,0.17452075,0.28458173,-1.5457034,-0.41559986,-1.4002322
4262,E020-05,1.1752359,-1.1917235,-1.1854744,0.6203857,-0.86945732,1.1752359
4263,E020-05,-0.47509536,-0.75908874,-0.66081072,-0.8897191,-0.47509536,-0.97547013
4264,E020-05,0.63940892,0.60194575,0.63940892,0.37687862,-0.2858282,0.10374057
4265,E020-05,0.80374159,-1.3568903,-1.4238503,0.80374159,-0.036457847,0.77773185
4266,E020-05,1.312547,0.17125974,0.25491151,0.39440619,1.312547,-0.26557836
4267,E020-05,1.5027315,-0.3972388,-0.70809811,1.4438295,-2.7300616,1.5027315
4268,E020-05,0.013323132,-0.80897043,-0.60493975,-3.1958789,0.013323132,-2.5214261
4269,E020-05,0.6195395,-0.83071653,-0.94537062,0.30795852,-0.50397291,0.6195395
4270,E020-05,0.031271491,-1.7185965,-1.532935,-1.4168775,0.031271491,-1.2251965
4271,E020-05,0.024574322,-0.14570068,0.024574322,-1.7206724,-0.13997364,-1.1531821
4272,E020-05,0.22950808,0.22950808,0.19605883,-0.66378028,-0.15698564,-0.59361376
4273,E020-05,3.6065099,-0.24128152,-0.2510117,3.4487985,0.5608576,3.6065099
4274,E020-05,0.42050982,-0.66347477,-0.67586242,0.42050982,-0.78932224,0.42030046
4275,E020-05,2.1695594,0.12109706,0.019738755,1.8623147,-0.30121298,2.1695594
4276,E020-05,0.767783,0.3107651,0.44709114,0.767783,-0.044004103,0.72024644
4277,E020-05,0.050048137,-1.6832285,-1.4277648,-0.41971257,0.050048137,-0.76883335
4278,E020-05,1.5869198,-0.26718563,0.13461345,0.99927753,1.5869198,1.2084334
4279,E020-05,1.55333,-1.5084331,-1.389809,1.55333,0.026735342,1.299609
4280,E020-05,0.88663577,-1.2873697,-0.94273112,-1.6217242,0.88663577,-1.4937194
4281,E020-05,1.3547972,-1.2386714,-0.92891238,0.85471095,1.3547972,1.1545228
4282,E020-05,0.52322516,-0.36404711,-0.18179553,-1.0813615,0.52322516,-1.2312749
4283,E020-05,0.053606323,-0.70968386,-0.40208743,-0.27436335,-0.076487585,0.053606323
4284,E020-05,0.78660398,-0.83177505,-0.46668304,0.77105477,0.08570177,0.78660398
4285,E020-05,0.45575423,0.21609606,0.22503216,0.40055535,0.38809634,0.45575423
4286,E020-05,1.0030661,-1.172017,-1.0742261,0.32171927,-0.79430398,1.0030661
4287,E020-05,-0.095022773,-1.3126948,-1.4571838,-0.095022773,-0.79336419,-0.18904615
4288,E020-05,1.5802984,1.5802984,1.3742342,-0.88654558,-1.1822662,-1.0474865
4289,E020-05,0.82824572,0.47320986,-0.18432465,0.57942986,-1.0398363,0.82824572
4290,E020-05,-0.038835003,-2.128399,-2.1813034,-0.23675317,-0.038835003,-0.41485781
4291,E020-05,0.39577693,-1.5859343,-1.6603403,0.0064362914,0.39577693,0.29617801
4292,E020-05,0.7236595,-1.3872825,-1.1019466,-0.36396827,0.7236595,-0.26130219
4293,E020-05,1.189113,-0.24797566,-0.16513684,1.189113,-0.41981358,1.06181
4294,E020-05,-0.712245,-0.96190562,-1.1769409,-0.712245,-0.94882875,-0.97343558
4295,E020-05,2.6138363,-0.25414239,0.3595842,-0.058273884,2.6138363,0.38215287
4296,E020-05,0.52000921,0.52000921,0.50712516,-0.17820228,0.20532767,0.071327576
4297,E020-05,1.2118859,-0.14474632,-0.15751121,1.2118859,0.30040264,1.0586017
4298,E020-05,0.5965312,-1.8115622,-1.7309666,-0.74148742,0.5965312,-0.48655758
4299,E020-05,0.25160224,0.25160224,0.17572123,0.072535436,-1.0546148,-0.64860928
4300,E020-05,0.62924599,-1.5029845,-1.2624462,-0.067801699,0.59840611,0.62924599
4301,E020-05,0.79436056,-1.4320685,-1.0085924,-0.28800122,0.79436056,0.051401059
4302,E020-05,0.061972875,-1.5686275,-1.6942952,-1.5882104,0.061972875,-1.54448
4303,E020-05,0.83160081,-1.2122312,-0.9107872,0.26951842,0.52787801,0.83160081
4304,E020-05,0.60175154,-0.93186908,-0.97794131,0.60175154,-0.95391664,0.35895589
4305,E020-05,-0.12428236,-1.2741612,-1.0933201,-1.1864005,-0.12428236,-0.9356034
4306,E020-05,-0.11005713,-0.17382926,-0.11005713,-0.70604381,-2.1488129,-0.91512667
4307,E020-05,0.29469621,-1.0058561,-1.0011689,0.15785641,-0.16722457,0.29469621
4308,E020-05,0.6047104,-0.98981111,-0.9317296,0.6047104,-0.38241595,0.46002813
4309,E020-05,-0.32399114,-0.66188901,-0.66319605,-0.76628456,-0.35208842,-0.32399114
4310,E020-05,0.21086927,0.19582343,0.21086927,-0.059178045,-0.19354359,-0.60828264
4311,E020-05,-0.16068057,-0.44512689,-1.0024537,-0.56824373,-1.9722919,-0.16068057
4312,E020-05,1.6995572,-0.22656144,-0.087828162,0.74956773,0.15653418,1.6995572
4313,E020-05,2.0117065,0.97972197,1.5299379,2.0117065,1.2102523,1.9188952
4314,E020-05,-0.52343939,-1.2610106,-1.2026606,-1.3387335,-1.1084845,-0.52343939
4315,E020-05,1.1209612,1.0733313,1.1209612,-0.90749747,0.69556205,-0.56554603
4316,E020-05,-0.56037461,-0.65226239,-0.74908168,-2.8152523,-0.56037461,-2.911286
4317,E020-05,0.41506997,-1.2054822,-1.213492,-0.5262438,0.41506997,-0.38558789
4318,E020-05,-0.12143823,-0.95135107,-0.76654071,-0.12143823,-0.71103778,-0.43258139
4319,E020-05,-1.0036332,-1.0036332,-1.2399269,-1.5492606,-1.1063924,-1.9024582
4320,E020-05,0.40853874,-0.90161896,-0.95208285,-1.2411291,0.40853874,-1.1437331
4321,E020-05,1.4846696,-1.2029348,-1.1063278,0.36757793,7.1501821e-05,1.4846696
4322,E020-05,3.4914913,-1.8677037,-1.5798589,0.57968672,3.4914913,0.94113274
4323,E020-05,0.19505015,-1.1055989,-1.1526267,0.19505015,-0.12808408,0.081795352
4324,E020-05,1.5609401,-1.6228353,-1.5417723,1.5594592,0.78609084,1.5609401
4325,E020-05,-0.36941582,-2.3298413,-2.3797759,-0.78119244,-0.36941582,-0.91693783
4326,E020-05,-0.23163652,-0.54956355,-0.63818685,-0.78883428,-0.90629513,-0.23163652
4327,E020-05,1.6205776,-1.9472151,-1.7867223,0.9603088,-0.10868258,1.6205776
4328,E020-05,2.8714967,2.5242308,2.8714967,-0.20785048,1.8020656,-0.33610878
4329,E020-05,2.0722382,-0.19393271,0.3664423,0.43341132,2.0722382,0.80890329
4330,E020-05,1.1840518,-1.7930357,-2.0157997,1.1840518,-0.19421964,1.110837
4331,E020-05,0.023244535,-2.4466122,-2.4922167,-0.3252295,-1.1257398,0.023244535
4332,E020-05,-0.01032488,-0.01032488,-0.27109757,-0.84079906,-1.5601364,-0.28655537
4333,E020-05,-0.0011655504,-1.7724451,-1.6397097,-0.52107816,-0.0011655504,-0.50098547
4334,E020-05,0.89074135,-1.2322648,-0.92852546,-0.026599747,0.89074135,-0.60777585
4335,E020-05,-0.4647181,-1.7081005,-1.7191191,-0.50827982,-0.4647181,-0.92817137
4336,E020-05,1.4227485,0.59959418,0.99208241,-0.18823236,1.4227485,-0.23875887
4337,E020-05,0.81989313,-0.67163165,-0.26659426,0.58525574,0.81989313,0.48826451
4338,E020-05,-0.17405359,-0.17405359,-0.30336363,-1.2363127,-0.3073747,-0.58098438
4339,E020-05,1.1797601,-0.33067452,-0.4506188,0.6507473,-0.9351224,1.1797601
4340,E020-05,0.53922549,-0.97452543,-1.0979974,0.53922549,0.44230746,0.24927513
4341,E020-05,1.0076534,1.0076534,0.82882804,0.41119939,-1.3324917,0.89954014
4342,E020-05,1.0864424,-0.52153844,-0.25823114,-1.2024641,1.0864424,-0.76263167
4343,E020-05,1.2402947,-0.33561801,-0.71639463,1.2402947,-2.4605443,1.0176431
4344,E020-05,1.3912977,0.55863546,0.75082309,0.010239172,1.3912977,0.010717668
4345,E020-05,0.067498758,-1.9574405,-1.8869559,-1.2339682,0.067498758,-1.2210743
4346,E020-05,-1.4231922,-2.252391,-2.3846438,-1.4231922,-1.6186208,-1.6138432
4347,E020-05,0.82792367,-0.59749708,-0.30158584,0.82792367,0.66024086,0.77600367
4348,E020-05,0.58477305,-1.5429749,-1.4066417,0.55888064,-0.63422629,0.58477305
4349,E020-05,0.59985237,-1.5846259,-1.3558972,-0.72181971,0.59985237,-0.89046542
4350,E020-05,1.8208065,-0.78165539,-1.43254,1.2876862,-0.94329649,1.8208065
4351,E020-05,0.29505764,0.23756828,0.1475965,0.088473776,-0.27023229,0.29505764
4352,E020-05,1.2522133,0.053560381,0.20785092,0.28315671,1.2522133,0.19124191
4353,E020-05,0.45778067,0.029218643,0.25328171,0.42336755,0.45778067,0.36260225
4354,E020-05,0.71695114,-1.9815906,-1.4007783,0.5917354,0.60767128,0.71695114
4355,E020-05,-0.17693308,-2.591169,-2.3586406,-0.25548331,-0.17693308,-0.39894222
4356,E020-05,0.28299596,0.097750493,0.10684982,-0.90043907,0.28299596,-1.1111583
4357,E020-05,0.1759371,0.1759371,0.078742103,-1.0901303,-0.87394114,-0.95138353
4358,E020-05,0.56240635,-0.98760886,-1.1112676,-0.57518565,0.41352215,0.56240635
4359,E020-05,1.6498511,-0.76159448,-0.49448744,-0.37499552,1.6498511,-0.12783598
4360,E020-05,-0.21565077,-1.1141381,-1.2289551,-0.48113117,-1.2072121,-0.21565077
4361,E020-05,1.87426,0.52455926,0.72539062,1.2439444,0.025928343,1.87426
4362,E020-05,-0.37511601,-2.2141066,-1.6506145,-1.9524146,-0.37511601,-2.4883083
4363,E020-05,0.039560733,-0.91324008,-0.80988426,-1.4288471,0.039560733,-1.1575541
4364,E020-05,0.14862859,-0.62762677,-0.63708946,-0.22227582,0.14862859,0.14663275
4365,E020-05,0.91033025,0.51897534,0.91033025,-1.809586,0.59764488,-1.3445559
4366,E020-05,0.72337286,-2.6622205,-2.6326888,0.72337286,0.54481479,-0.017673783
4367,E020-05,0.37402747,-0.94330072,-0.74194623,-0.79680115,0.37402747,-0.78144491
4368,E020-05,1.855144,1.855144,1.7029406,0.40815206,-0.24032151,0.41734852
4369,E020-05,0.12783881,-1.2169634,-1.145126,-1.2767972,0.12783881,-1.5368999
4370,E020-05,-0.19809259,-0.22367285,-0.32276882,-0.19809259,-0.94851636,-0.45244446
4371,E020-05,0.93184051,0.22070517,0.24126856,0.84756924,-0.40661064,0.93184051
4372,E020-05,0.27296027,-0.21487608,0.11811008,-0.016187671,0.27296027,0.21724788
4373,E020-05,0.50251581,-0.20666409,0.064656679,0.2556807,0.50251581,-0.20249821
4374,E020-05,0.98699136,-1.1685674,-1.4169381,0.98699136,-0.59587176,0.81447102
4375,E020-05,0.87999297,-0.18896359,-0.027680463,-1.9612142,0.87999297,-1.8985196
4376,E020-05,-0.40498695,-0.7633547,-0.79306155,-1.7740954,-0.40498695,-1.294926
4377,E020-05,1.0485785,1.0485785,1.0256209,-0.84192153,-0.0027589571,-0.74631269
4378,E020-05,0.57537857,-2.3124408,-2.4731318,0.57537857,-0.067806002,0.3047033
4379,E020-05,1.1321886,-0.80758435,-0.44912084,-0.50167486,1.1321886,-0.065414737
4380,E020-05,2.0120991,-0.99992566,-0.65441865,-0.76515405,2.0120991,-1.6299009
4381,E020-05,-0.42337238,-0.82689432,-0.97050829,-0.55593289,-0.58854018,-0.42337238
4382,E020-05,1.8737314,-0.4400089,-0.64469906,1.8737314,-1.4879544,1.4555267
4383,E020-05,0.82496979,-2.3227954,-1.8997119,0.39282677,0.82496979,-0.33623011
4384,E020-05,1.0828456,-0.95196697,-1.0768781,-0.18276722,1.0828456,1.0657991
4385,E020-05,0.57210065,-1.4115125,-1.534596,0.42509155,-0.5666459,0.57210065
4386,E020-05,-0.13708843,-0.45924293,-0.69087597,-0.83992142,-0.41815286,-0.13708843
4387,E020-05,1.0459043,-0.38662605,-0.4862281,0.81044086,0.019782049,1.0459043
4388,E020-05,1.886396,-1.150872,-0.56920485,0.10250165,1.886396,0.17421458
4389,E020-05,0.6616518,-0.0061328209,0.2404557,-0.013491256,0.20384115,0.6616518
4390,E020-05,0.22830225,-2.3759538,-2.2295804,0.22830225,-1.2211247,0.10464305
4391,E020-05,0.80941568,-1.1003666,-0.96712608,0.57010634,-0.56391864,0.80941568
4392,E020-05,0.75912087,0.059004282,0.12893081,-0.74633593,0.75912087,0.012961207
4393,E020-05,1.2914619,0.66517033,0.64673855,-0.51989901,1.2914619,-0.56996362
4394,E020-05,0.89704734,-2.4164136,-2.6823907,0.89704734,-1.3052755,0.097649116
4395,E020-05,1.0801652,-1.7935119,-1.2524733,-0.4065386,1.0801652,-0.62876091
4396,E020-05,0.70550701,0.2105534,0.70550701,-2.0540902,0.52229314,-1.9810193
4397,E020-05,-0.78518401,-2.0162628,-2.2972279,-1.0838218,-0.78518401,-0.97455873
4398,E020-05,0.41267476,-0.21444942,-0.22230919,0.13240598,-0.75534644,0.41267476
4399,E020-05,1.2319699,-1.3512929,-1.2100862,1.2319699,0.080534286,0.54680776
4400,E020-05,1.7748763,-0.52706395,0.11342846,-1.5064733,1.7748763,-1.1709347
4401,E020-05,1.8466834,-2.8511893,-2.8875777,1.3570628,-0.6147237,1.8466834
4402,E020-05,0.29942242,0.17140737,0.29942242,0.12008646,-0.38541695,-0.06802752
4403,E020-05,2.0517737,1.600246,1.3083424,2.0517737,-1.18306,1.8154151
4404,E020-05,-0.25523307,-1.2649183,-1.2887056,-0.62495152,-0.56657749,-0.25523307
4405,E020-05,0.62844358,0.046842489,0.43703554,0.29446689,0.62844358,0.17507853
4406,E020-05,1.159216,1.159216,1.0598243,0.55158408,-1.4970088,1.1174572
4407,E020-05,1.3720461,0.010919867,-0.032091366,0.94675064,0.85473612,1.3720461
4408,E020-05,1.8734912,-0.76215271,-0.28898047,0.86870999,1.8734912,0.99379691
4409,E020-05,0.001970355,-0.96848342,-0.98149056,-0.82789249,0.001970355,-0.45411049
4410,E020-05,1.0094624,-1.1527622,-1.4303818,1.0094624,-1.5200931,-0.0088195549
4411,E020-05,1.508355,-1.0191952,-0.88796876,0.85159205,1.508355,0.53638683
4412,E020-05,1.5010526,0.099308296,-0.27209109,1.5010526,-1.5824814,0.87289001
4413,E020-05,0.76033899,-2.0657275,-2.3860855,0.76033899,-0.49941092,0.39021248
4414,E020-05,-0.65276403,-0.89666271,-0.65276403,-2.0034674,-0.92883116,-1.7317186
4415,E020-05,0.7707407,-0.95414774,-0.88144043,0.39258066,0.48185222,0.7707407
4416,E020-05,1.2121995,-2.1473243,-1.6082598,0.12549096,1.2121995,-0.30656448
4417,E020-05,2.7137748,-0.65311345,-0.54942458,2.180987,-0.76375494,2.7137748
4418,E020-05,1.4620078,-0.27204406,0.07741437,1.4620078,0.85662603,0.86268782
4419,E020-05,1.3701028,-1.2318866,-1.1083994,1.0019623,0.49975928,1.3701028
4420,E020-05,0.43310498,-0.63317977,-0.57005276,0.43310498,0.18944101,-0.11861423
4421,E020-05,-0.18346867,-1.0678443,-1.4082793,-1.4176048,-0.18346867,-1.1341981
4422,E020-05,0.26037914,-1.3602,-1.293804,-1.2606253,0.26037914,-1.0786798
4423,E020-05,0.94494317,-0.16851011,-0.24198737,0.3815329,-0.24896103,0.94494317
4424,E020-05,1.0576567,-0.61703179,-0.3643367,1.0576567,0.80439525,1.00076
4425,E020-05,0.907181,-1.5365695,-1.808548,0.30466814,-0.51691002,0.907181
4426,E020-05,0.047286887,-2.0687288,-2.1929479,-0.062133296,-2.3741606,0.047286887
4427,E020-05,1.4352586,-1.7080447,-1.1334786,1.4352586,0.61882202,0.80866282
4428,E020-05,-0.01030994,-1.4544971,-1.775249,-0.60691483,-1.3253337,-0.01030994
4429,E020-05,1.1134472,-0.42907099,-0.2561312,0.53474528,1.1134472,0.65658338
4430,E020-05,0.75779399,0.56287659,0.75779399,-0.84624514,-0.22038478,-0.092209716
4431,E020-05,0.72083948,-1.8997092,-1.444949,-1.5470049,0.72083948,-1.9155645
4432,E020-05,0.26096758,-1.1741553,-1.2638706,0.26096758,-0.2706656,0.051117305
4433,E020-05,1.0638293,-1.1130275,-0.90561875,-0.045855826,1.0638293,0.039796903
4434,E020-05,1.6781641,1.0328777,1.4029685,0.74270316,1.6781641,0.79115958
4435,E020-05,-0.85640561,-3.243201,-3.3400515,-0.85640561,-1.2913073,-1.3675506
4436,E020-05,0.039238462,0.039238462,-0.21468907,-0.094526373,-0.83658847,-0.51474514
4437,E020-05,0.49447914,0.42195997,0.49447914,0.1380256,-0.47146493,-0.38019163
4438,E020-05,0.94312172,-0.95915794,-0.92958756,0.94312172,-0.16764137,0.44151227
4439,E020-05,2.5038205,-0.77495225,-0.25880364,0.94335722,2.5038205,-0.21346826
4440,E020-05,1.6559752,0.26048942,0.65167012,-0.22946191,1.6559752,0.33408869
4441,E020-05,0.055961275,-0.7515648,-0.83272981,-0.094753219,0.055961275,-0.31306457
4442,E020-05,1.2542457,-1.9419068,-1.4302573,-0.58211225,1.2542457,-0.53741194
4443,E020-05,0.39051515,-2.0106121,-2.1187539,0.39051515,-0.49756781,0.32487518
4444,E020-05,-0.75327205,-1.0759489,-0.80723861,-1.3110466,-0.75327205,-1.6275039
4445,E020-05,0.21465751,-0.17761634,0.015845862,0.20831105,-1.376915,0.21465751
4446,E020-05,-0.54950758,-1.6295808,-1.8184605,-0.54950758,-1.6592927,-0.78200505
4447,E020-05,-0.17843103,-0.70087162,-0.61465911,-0.17843103,-0.76987435,-1.1765696
4448,E020-05,1.1386427,-0.86345278,-0.62970052,-0.24706374,1.1386427,-0.067195653
4449,E020-05,-0.10808302,-2.5993172,-2.1430173,-0.10808302,-0.35928627,-0.20916445
4450,E020-05,-0.12762544,-0.13818097,-0.12762544,-0.72223643,-0.55271684,-0.8419092
4451,E020-05,-0.63972142,-1.7233906,-1.5820508,-1.4876978,-0.63972142,-1.5799067
4452,E020-05,-0.30435599,-0.30435599,-0.33407402,-0.66042172,-0.59915555,-0.68275527
4453,E020-05,0.75496569,-1.657933,-1.4550446,0.49222532,-0.29722379,0.75496569
4454,E020-05,0.56770404,-0.28626549,-0.59609675,0.40793143,-1.9704072,0.56770404
4455,E020-05,1.2892324,-0.46510443,-0.048496157,-1.8182262,1.2892324,-2.5491179
4456,E020-05,1.7953894,-1.4592939,-1.3771588,1.1598418,0.48742224,1.7953894
4457,E020-05,0.34403817,0.34403817,0.19156343,-1.6447195,-0.12703468,-1.5879183
4458,E020-05,2.1850497,-0.60826581,-0.16134295,2.1850497,0.90992657,2.1406108
4459,E020-05,1.263508,-1.4150511,-1.1296821,-0.3130198,1.263508,-0.12616189
4460,E020-05,0.44855475,-1.15653,-1.2896003,0.37835298,-0.73754336,0.44855475
4461,E020-05,0.40540002,-1.0069115,-0.83119605,0.40540002,-0.25063172,0.35248784
4462,E020-05,-0.56312835,-0.78628249,-0.61147873,-0.67559957,-1.3062033,-0.56312835
4463,E020-05,1.5534572,-1.2580597,-0.94967187,-0.089463567,1.5534572,-0.30989667
4464,E020-05,1.6670013,1.1728239,1.6670013,-0.53601943,0.82577904,-0.5780944
4465,E020-05,1.6932817,1.3036249,1.6932817,-0.49851335,1.6601328,-1.1405323
4466,E020-05,0.84784353,-1.630027,-1.5999118,0.78328571,0.84130931,0.84784353
4467,E020-05,0.86122157,-0.82128756,-0.5489372,-0.056835037,0.86122157,-0.044134747
4468,E020-05,0.36563352,-1.8761218,-1.8584148,-0.42763174,0.28148672,0.36563352
4469,E020-05,2.2643916,1.7299787,1.8354635,2.2643916,1.5917878,1.8613974
4470,E020-05,0.7466785,0.67013697,0.7466785,0.23199367,-0.22488101,-0.098600565
4471,E020-05,1.3178461,-0.73118157,-0.41426351,-0.048241587,1.3178461,0.57464026
4472,E020-05,0.46018771,0.3123828,0.46018771,0.1846545,0.075398323,0.036216374
4473,E020-05,0.86272151,0.058025128,-0.068232087,0.023911398,-0.58668736,0.86272151
4474,E020-05,1.0493434,-1.0282195,-1.0725041,1.0493434,-0.4088716,0.85249246
4475,E020-05,0.0286929,-0.051697216,0.0286929,-0.30626258,-0.34390068,-0.38117559
4476,E020-05,-0.32558341,-0.32558341,-0.43795957,-1.3425536,-0.4261432,-0.89318872
4477,E020-05,-0.36557141,-0.36557141,-0.74447674,-1.0802552,-1.142102,-0.61058916
4478,E020-05,-0.48940152,-1.8047784,-1.7468459,-1.3980741,-0.48940152,-1.5313575
4479,E020-05,0.81400309,-0.45355095,-0.8211075,0.22598439,-0.62899935,0.81400309
4480,E020-05,0.2662516,-0.98330808,-0.75720158,-0.10638087,0.2662516,-0.47495506
4481,E020-05,0.045019608,-0.9689954,-0.70536468,-0.97265453,0.045019608,-0.94733202
4482,E020-05,0.70856089,-2.4248283,-2.4610329,0.31287315,0.63514127,0.70856089
4483,E020-05,1.0660365,1.0660365,0.51969161,0.42409269,-1.7504178,0.41636595
4484,E020-05,1.084883,0.049643585,0.084719969,1.0614902,-0.070587438,1.084883
4485,E020-05,-0.03109374,-1.3746004,-1.5548165,-0.03109374,-0.86453666,-0.20290237
4486,E020-05,0.52624941,-0.18673041,-0.024947591,-2.0987901,0.52624941,-1.9376067
4487,E020-05,-0.21540391,-0.55408823,-0.93490208,-1.0260395,-1.8696913,-0.21540391
4488,E020-05,-0.16746542,-0.3790638,-0.16746542,-1.6308566,-0.24687834,-1.8870431
4489,E020-05,1.0273204,-1.8727852,-2.0141566,0.55013926,-0.14341941,1.0273204
4490,E020-05,0.73758168,-0.38543776,-0.3444365,-1.1175934,0.73758168,-1.3510315
4491,E020-05,1.3621087,1.2866347,1.3621087,-0.96546999,-0.41766076,-1.0405911
4492,E020-05,0.92908713,-0.32077852,0.014636312,-2.4306136,0.92908713,-1.6434704
4493,E020-05,0.75251891,0.75251891,0.61083776,-1.4277499,-0.39431602,-1.2332991
4494,E020-05,1.990511,-0.32773269,-0.038762777,1.990511,1.2914046,1.7685561
4495,E020-05,0.25924998,-0.0056395534,-0.23865254,0.25924998,-1.4079887,-0.071282086
4496,E020-05,2.0146555,-0.99598718,-1.3436535,1.4569431,-0.91262192,2.0146555
4497,E020-05,1.1600442,-0.56607021,-0.84206456,1.0189026,-0.40273217,1.1600442
4498,E020-05,1.2746779,-0.89036278,-0.67197591,0.70913756,1.2746779,0.40154484
4499,E020-05,0.57810028,-1.0473305,-0.85239237,-0.47544857,0.57810028,-0.6511625
4500,E020-05,0.70307828,-1.2813651,-1.1405182,-1.4120132,0.70307828,-1.0537902
4501,E020-05,0.21036216,-0.12027836,-0.21683551,-0.67991078,0.21036216,-0.92570043
4502,E020-05,0.38877931,-0.09627819,0.1182132,-2.2812439,0.38877931,-2.205462
4503,E020-05,-0.98200308,-0.98200308,-1.0939805,-2.4940576,-1.2524666,-2.2674971
4504,E020-05,0.92243077,0.32278399,0.83035149,-0.96852528,0.92243077,0.017980571
4505,E020-05,1.1386875,-2.9110709,-2.4922931,-0.17623543,1.1386875,-0.82714862
4506,E020-05,-0.20103943,-0.29268903,-0.52420542,-0.20103943,-0.91946362,-0.38563875
4507,E020-05,-0.38077679,-0.38077679,-0.64483501,-1.5119336,-1.5776927,-1.8362536
4508,E020-05,1.2158909,-1.1807957,-0.77875344,1.2158909,0.038496984,0.51421413
4509,E020-05,0.62894137,-0.49291841,-0.44812509,-0.12035955,0.62894137,0.07008017
4510,E020-05,0.64078733,-2.4843737,-2.2089033,-1.421134,0.64078733,-0.68167283
4511,E020-05,0.54711877,0.54711877,0.29842003,-2.1988881,-1.4055353,-2.1588659
4512,E020-05,1.6770736,0.40724665,0.38840947,1.6770736,0.89303561,1.5192588
4513,E020-05,-0.081089959,-0.94580621,-1.2744108,-0.69807011,-1.1117232,-0.081089959
4514,E020-05,1.6627256,-0.45956565,-0.70610045,1.6627256,-1.7768547,1.6607586
4515,E020-05,0.89339748,0.86139742,0.89339748,-2.0119584,-0.79399839,-1.884611
4516,E020-05,0.32957713,-1.517275,-1.7369826,0.32957713,-1.5647237,0.16718559
4517,E020-05,1.7705558,0.34227305,-0.11681936,1.3661519,-2.463339,1.7705558
4518,E020-05,0.30246993,-0.099982496,0.0034109764,-1.0319355,0.30246993,-1.3388663
4519,E020-05,-0.58198206,-1.4976022,-1.4645949,-0.58198206,-1.0431838,-0.87471361
4520,E020-05,1.9817781,-0.24095919,-0.3354976,1.9817781,-0.36884256,1.0428891
4521,E020-05,0.2072267,0.2072267,0.15151176,-2.5243827,0.10088104,-2.9559975
4522,E020-05,0.7936581,-1.6476819,-1.2975219,0.7936581,0.67640866,0.40453341
4523,E020-05,0.58722078,-2.0276074,-1.7957303,0.12634195,0.58722078,-1.6266238
4524,E020-05,0.82444815,-1.4651196,-1.2792056,0.71601174,0.82444815,0.028419051
4525,E020-05,-1.024715,-1.1524345,-1.3408635,-2.1023182,-1.024715,-2.4283573
4526,E020-05,1.8847764,0.52682246,0.18090929,1.8847764,-1.0880754,1.8082794
4527,E020-05,1.0740212,-0.18977456,-0.36901095,0.70524068,-0.22184238,1.0740212
4528,E020-05,0.65732244,-0.45915394,-0.27142405,-0.46934945,0.65732244,-0.24925017
4529,E020-05,0.64265963,0.46543747,0.64265963,0.15628559,-0.060410959,0.3695006
4530,E020-05,0.60072392,-1.400391,-1.6265703,0.60072392,-0.99650379,-0.36246009
4531,E020-05,0.88955916,-1.9999283,-1.7737353,0.83457049,0.5336207,0.88955916
4532,E020-05,-0.56223622,-0.56223622,-0.82119149,-1.0173044,-0.9669815,-0.60454826
4533,E020-05,0.095766858,-0.68165625,-0.52990859,-0.022842755,-0.022944873,0.095766858
4534,E020-05,0.19387391,0.12246124,0.19387391,-0.8923737,-0.037114704,-0.92070599
4535,E020-05,1.7042441,0.14575685,0.32220384,1.7042441,0.45365594,1.5386402
4536,E020-05,0.43797376,-1.3644281,-1.2189482,0.40251882,0.43797376,0.12843774
4537,E020-05,0.8056797,0.8056797,0.67599288,-2.2597022,-0.88942159,-1.8623116
4538,E020-05,0.62850892,-0.068961117,-0.28566865,0.29420667,-0.42974244,0.62850892
4539,E020-05,1.8558583,-0.2179069,-0.19843303,1.2451362,-0.092175538,1.8558583
4540,E020-05,1.2072442,-2.3168373,-2.0342333,-0.3160718,1.2072442,-0.11906423
4541,E020-05,-0.48454865,-0.91160946,-0.85686222,-1.5197661,-0.48454865,-1.4111599
4542,E020-05,1.4253662,-1.861094,-2.0041145,1.269168,0.27991128,1.4253662
4543,E020-05,1.3109505,-0.11591793,-0.1724557,-0.26504012,1.3109505,-0.29164035
4544,E020-05,-0.7523817,-0.97054443,-1.3105942,-1.5510065,-0.7523817,-1.5811311
4545,E020-05,0.90211655,-1.8593193,-1.7640814,-0.60054402,0.90211655,-1.2819618
4546,E020-05,2.189849,-1.4738938,-0.81473635,0.11494776,2.189849,-0.65165451
4547,E020-05,0.35284184,-0.4840612,-0.44393562,-1.5967851,0.35284184,-0.67743069
4548,E020-05,-0.20967553,-0.6123529,-0.46391968,-1.5256048,-0.20967553,-0.50109378
4549,E020-05,0.24154773,-0.40144278,-0.45531205,-0.05870475,-0.34978404,0.24154773
4550,E020-05,0.71002573,0.014019544,0.22998179,-0.50402977,0.71002573,-0.78878889
4551,E020-05,0.82806134,0.6396857,0.82806134,-0.67974076,0.75825431,-0.26578487
4552,E020-05,1.4257741,0.046677494,0.32499865,1.302124,1.4257741,0.74655334
4553,E020-05,0.11453087,-2.0831003,-2.0719196,-0.19705877,0.11453087,-1.0791166
4554,E020-05,1.2564905,-1.5450587,-1.4949889,1.2564905,-0.21958164,0.87489055
4555,E020-05,-0.051083759,-1.9269187,-1.7952857,-1.7426218,-0.051083759,-1.4110189
4556,E020-05,-0.087071104,-0.94139604,-0.87185626,-0.84431766,-0.087071104,-0.80305661
4557,E020-05,0.46440027,-1.0366438,-0.9461278,0.3816758,-0.31486913,0.46440027
4558,E020-05,0.27256634,-0.19020043,-0.27046222,0.27256634,-1.805476,0.07308127
4559,E020-05,-0.28586739,-1.1761672,-1.1523121,-0.41350422,-0.28586739,-1.0719412
4560,E020-05,0.43397886,-0.46522324,-0.61398923,0.38781867,-0.90935792,0.43397886
4561,E020-05,1.6134397,-0.12679912,-0.51653084,0.56540657,-1.2724712,1.6134397
4562,E020-05,1.3559374,-2.2367566,-1.8928945,0.8343883,1.3559374,1.2495378
4563,E020-05,-0.28815927,-1.3481918,-1.5098514,-0.29208146,-0.46753365,-0.28815927
4564,E020-05,2.5877092,-1.3457252,-1.4654546,2.1897118,0.25393059,2.5877092
4565,E020-05,1.8160335,-0.12719936,0.083680263,-0.72333701,1.8160335,-0.28308844
4566,E020-05,1.8577896,-1.7011931,-1.0954343,0.59404439,1.8577896,0.40474551
4567,E020-05,0.31750853,-0.17102465,-0.034517658,0.036345259,-0.015640236,0.31750853
4568,E020-05,0.70600114,-1.2428718,-0.80669284,-1.1413382,0.70600114,-0.64264004
4569,E020-05,1.7292683,-0.70749893,-0.70807171,1.7292683,-0.33569759,1.1892637
4570,E020-05,1.8673056,0.2834813,0.5706121,0.59014519,1.8673056,0.2200796
4571,E020-05,1.5552929,-0.17399139,-0.67678327,1.5552929,-1.2359425,1.2735577
4572,E020-05,0.50922946,-1.3159334,-1.4355487,0.10845387,-0.58967716,0.50922946
4573,E020-05,1.2738028,-1.0316205,-0.86343276,-0.94455451,1.2738028,-0.5431768
4574,E020-05,-0.29018577,-0.82283106,-0.98612239,-1.5430006,-0.29018577,-2.0072458
4575,E020-05,0.75016959,0.75016959,0.68061586,-0.36288784,0.36655073,-0.54903684
4576,E020-05,0.60970945,-1.7305804,-1.6748745,-0.004635113,0.60970945,0.40288654
4577,E020-05,1.5041486,-0.62658604,-0.084709888,1.0438582,0.31499279,1.5041486
4578,E020-05,1.1624389,0.88316477,1.0338108,1.1624389,0.73702263,0.63706061
4579,E020-05,0.98986179,-2.216499,-2.5961727,-1.8825445,0.98986179,-2.0570162
4580,E020-05,0.74535562,0.20279254,0.15798046,0.70422668,-0.019741938,0.74535562
4581,E020-05,1.4378501,-0.37643977,-0.37924639,0.73982252,-1.0756704,1.4378501
4582,E020-05,-0.18755194,-0.36457278,-0.18755194,-1.454313,-0.71592338,-1.3273139
4583,E020-05,1.4846919,-1.0247509,-0.70870287,1.1740219,0.92049568,1.4846919
4584,E020-05,1.5571498,-0.054766521,0.061075828,-0.91405582,1.5571498,-0.51555475
4585,E020-05,1.5426345,-0.0074084495,0.15549719,1.382827,0.33626202,1.5426345
4586,E020-05,1.7298902,-0.96138589,-0.64625568,1.7298902,0.72105461,1.6167596
4587,E020-05,1.083059,-1.5130909,-1.1354661,0.85920517,1.0178134,1.083059
4588,E020-05,0.561454,0.45666285,0.32739624,-0.29178404,-1.1475947,0.561454
4589,E020-05,0.2607608,-0.86080904,-0.62121695,-1.0058687,0.2607608,-0.64707478
4590,E020-05,0.21146339,-1.7037779,-1.8496475,0.21146339,-1.7740083,0.031912837
4591,E020-05,0.078787483,-1.6712482,-1.8501411,-0.4971254,0.078787483,-0.82480948
4592,E020-05,0.32079373,0.19402908,0.32079373,-1.1715104,-0.66192937,-1.0999685
4593,E020-05,-0.19020948,-2.1226686,-2.3423701,-0.94818406,-0.19020948,-0.69230081
4594,E020-05,0.51400291,-1.198816,-0.93071303,0.1469455,0.51400291,-0.42581791
4595,E020-05,0.49762682,0.41358177,0.49762682,-2.8725314,-0.13547917,-2.7160113
4596,E020-05,1.1072759,-0.94604504,-0.98435962,0.80191397,-0.41220889,1.1072759
4597,E020-05,2.4836842,-0.4037117,0.073774307,-0.45227241,2.4836842,-0.39189944
4598,E020-05,0.67862921,-0.037674154,0.080796878,-0.22312844,0.67862921,-0.16873083
4599,E020-05,0.99929256,0.99929256,0.75516548,0.19730695,-1.3474981,0.70841877
4600,E020-05,-0.39804809,-0.94276022,-1.0919052,-0.88794754,-0.39804809,-1.4868352
4601,E020-05,-0.87215565,-1.2591337,-1.7187164,-1.5344736,-2.3692898,-0.87215565
4602,E020-05,0.32214932,-0.22037145,-0.03824081,-0.82278992,0.32214932,-0.84324007
4603,E020-05,1.2292538,1.2292538,1.1505574,0.73729666,-1.0372262,1.1812604
4604,E020-05,0.088461782,-1.3079474,-1.6762818,0.088461782,-0.3498277,-0.1098037
4605,E020-05,0.27552179,0.27552179,0.14592737,-0.65979361,-0.66039349,-0.71216035
4606,E020-05,1.4024024,-1.1149403,-1.2518843,1.4024024,0.07818628,1.3686283
4607,E020-05,-0.099031529,-0.1558329,-0.3159447,-0.099031529,-2.3755538,-0.15990897
4608,E020-05,0.47906099,-0.44096119,-0.50405578,0.26702717,-1.6172362,0.47906099
4609,E020-05,0.59955843,0.59955843,0.21141931,-0.046885385,-2.0250001,-0.50270341
4610,E020-05,1.0608213,-0.48998652,-0.58568157,0.29834274,-0.53352813,1.0608213
4611,E020-05,1.5769689,-0.78438903,-0.35000495,-0.46320186,1.5769689,-0.85610704
4612,E020-05,1.0334048,1.0334048,0.99418888,-0.3350577,-0.77716163,-0.11075967
4613,E020-05,1.1664967,-2.0838251,-1.9987275,0.9191762,-1.0916795,1.1664967
4614,E020-05,1.9524062,1.6216811,1.5658427,1.9524062,-1.0258002,1.1793323
4615,E020-05,1.1423701,-0.47665619,-0.35871459,-1.0627636,1.1423701,-0.68641287
4616,E020-05,-0.040295572,-0.44211405,-0.52237894,-0.040295572,-1.5026346,-0.3194194
4617,E020-05,1.8603835,0.28269591,0.16991193,1.8603835,0.28388134,1.5739195
4618,E020-05,1.4820704,-2.8589637,-2.3177084,0.90661832,1.4820704,0.97518703
4619,E020-05,1.8102853,-0.94235483,-0.46165262,-0.027243331,1.8102853,-0.50636751
4620,E020-05,0.56659107,-1.0993671,-1.045036,-0.022290288,0.56659107,0.063004584
4621,E020-05,0.71073227,-0.90549569,-0.86624821,0.50771405,0.053401941,0.71073227
4622,E020-05,1.7757481,-0.37314277,-0.25880711,1.6746114,1.153603,1.7757481
4623,E020-05,1.0658243,0.30873046,0.45608475,1.0658243,0.080589344,0.98264339
4624,E020-05,1.3168035,-1.3622734,-1.1319282,1.3168035,0.58705251,1.0385815
4625,E020-05,0.47205834,0.1977278,0.44417665,-1.5249054,0.47205834,-1.0766489
4626,E020-05,0.85064554,0.51451958,0.85064554,-0.6645154,0.63216459,-0.86034395
4627,E020-05,0.086590586,0.062402687,0.086590586,-0.68151967,-0.33757792,-0.32178424
4628,E020-05,0.52924946,-0.67245363,-0.41406588,-0.17991342,0.52924946,-0.3058318
4629,E020-05,0.32462817,-0.30837776,-0.45281911,0.32125717,-0.86679764,0.32462817
4630,E020-05,1.3578001,0.10011799,0.15279366,1.0779278,1.3578001,0.21535737
4631,E020-05,2.0837451,0.71928102,0.89789317,2.0663736,-0.072778894,2.0837451
4632,E020-05,-0.58314661,-0.58314661,-0.63505075,-0.7171819,-1.2632725,-1.2056272
4633,E020-05,1.8448894,-0.59520028,-0.35888285,1.6597576,0.053361459,1.8448894
4634,E020-05,0.74113826,0.6745703,0.74113826,-0.44005248,-0.047338433,-0.85066779
4635,E020-05,1.4493751,-1.0982165,-1.0363135,1.3745152,1.0251486,1.4493751
4636,E020-05,1.2075785,-1.4279751,-1.2532404,1.2075785,-1.3710267,1.0393966
4637,E020-05,0.47875114,-1.5985784,-1.5981159,0.47875114,-0.49372926,-0.14793053
4638,E020-05,0.42844061,-0.95413651,-0.9192968,-0.22687156,0.31068132,0.42844061
4639,E020-05,-1.0729048,-1.2627821,-1.4404483,-2.0559793,-1.0729048,-2.0481623
4640,E020-05,1.0081767,-1.3003029,-1.1802465,1.0081767,-0.332406,0.70962635
4641,E020-05,3.2080285,-0.81293732,-0.78351437,3.2080285,-0.44822739,2.9381213
4642,E020-05,0.48063619,-1.5711598,-1.2726839,-1.4290892,0.48063619,-2.5898187
4643,E020-05,1.053767,0.070603715,0.28236799,0.04696062,1.053767,0.10993563
4644,E020-05,0.43587135,-1.5045027,-1.4499933,-1.3487714,0.43587135,-1.09352
4645,E020-05,1.3613078,-0.78634043,-0.1981118,-0.52772221,1.3613078,-0.70717777
4646,E020-05,-0.14868569,-0.14868569,-0.19798817,-2.1602407,-0.67022623,-1.7008266
4647,E020-05,1.1032432,-2.4258012,-1.7978917,-1.1190546,1.1032432,-1.506565
4648,E020-05,0.0065775398,-0.4905608,-0.7901189,-1.1904362,-0.40031218,0.0065775398
4649,E020-05,0.099202419,-0.6774733,-0.99919859,-0.43370327,-1.8084928,0.099202419
4650,E020-05,0.83623406,0.12367356,0.21537992,0.83623406,0.42512532,0.3033515
4651,E020-05,0.32130737,-1.4578142,-1.4572348,0.015971302,0.32130737,-0.81182227
4652,E020-05,0.49299809,-0.29004057,-0.31273204,0.14756447,0.49299809,-0.62638019
4653,E020-05,1.8262527,0.055724392,-0.30586994,1.8262527,-1.0495499,1.3663331
4654,E020-05,0.1425539,-0.836436,-0.69990159,-1.2238478,0.1425539,-1.1778108
4655,E020-05,0.015996324,0.015996324,-0.099060738,-1.927844,-0.31864721,-0.76987757
4656,E020-05,0.41354867,-1.955492,-2.1575771,0.13496624,-0.27021827,0.41354867
4657,E020-05,0.46700249,0.037275165,-0.0084319671,0.46700249,0.1326152,-0.10539406
4658,E020-05,-0.28246001,-0.28246001,-0.31100604,-0.84084336,-0.75215586,-1.0217971
4659,E020-05,1.2867094,-2.0854492,-1.5673328,0.14305286,1.2867094,0.10750067
4660,E020-05,0.83224479,-0.99274341,-0.42959562,0.18868628,0.41999923,0.83224479
4661,E020-05,0.24341931,-0.56977539,-0.63393127,-2.0577817,0.24341931,-2.1549562
4662,E020-05,2.0598387,1.9065302,2.0598387,1.451161,1.293205,1.7367354
4663,E020-05,0.55187955,-1.3394302,-1.0229977,-0.71668797,0.55187955,-0.81200811
4664,E020-05,1.0919658,0.97170981,1.0919658,0.50349199,-0.1511272,0.4342194
4665,E020-05,-0.18054684,-2.4536348,-2.3306281,-0.83178951,-0.18054684,-1.1331165
4666,E020-05,-0.59771562,-0.79705244,-0.87282709,-1.2119586,-0.59771562,-0.98493524
4667,E020-05,0.30959131,0.16772046,0.30959131,-0.92140052,0.0899068,-0.75421539
4668,E020-05,0.54244034,-0.16609437,0.28411278,-1.5760807,0.54244034,-1.5406874
4669,E020-05,1.3066886,-0.45116374,-0.069815956,0.72430963,0.52215993,1.3066886
4670,E020-05,1.8831576,-0.58039393,-0.42273881,1.44514,1.8831576,1.0661436
4671,E020-05,2.2741878,-1.3025649,-0.93182429,0.11624183,2.2741878,-0.15466121
4672,E020-05,1.0590661,-2.1112949,-2.1194376,1.0590661,0.71932394,0.80202282
4673,E020-05,1.0845253,-2.468855,-2.399268,-0.07840882,1.0845253,-0.1573522
4674,E020-05,1.2679163,1.2118648,1.2679163,-0.5652113,0.18792431,-0.93033559
4675,E020-05,0.32999112,-2.0509011,-2.0341693,-0.16009178,0.32999112,-0.089779889
4676,E020-05,1.8152601,-2.0114291,-1.5718801,0.75051017,1.8152601,-0.58678281
4677,E020-05,1.0409434,-0.72283507,-0.17646633,-0.37145179,1.0409434,-1.3160853
4678,E020-05,-0.48090626,-1.3628581,-1.292871,-0.48090626,-0.87902902,-0.73196587
4679,E020-05,0.56225804,0.56225804,0.33697356,-0.74582114,-1.2321287,-0.41105331
4680,E020-05,0.95158495,0.79731938,0.49599669,0.95158495,-1.2485617,0.89549831
4681,E020-05,0.38256888,-1.1791875,-1.0082944,-0.95363341,0.38256888,-1.4501623
4682,E020-05,-0.44430087,-1.6732589,-1.9242656,-0.70768684,-1.8388936,-0.44430087
4683,E020-05,0.69002132,-1.9445496,-1.8921314,0.69002132,-0.14334155,-0.048381772
4684,E020-05,0.2425518,-0.63242713,-0.7072716,-0.40491872,0.2425518,-0.41771266
4685,E020-05,-0.0095500753,-0.1254934,-0.17097843,-0.31766867,-0.0095500753,-0.28695306
4686,E020-05,0.52408114,-1.4139363,-1.3395134,-0.24945472,0.52408114,-0.12339541
4687,E020-05,1.4287638,0.7220485,1.1170056,0.083169411,1.4287638,-0.22335815
4688,E020-05,1.648457,-0.073161667,0.37742413,-1.2024349,1.648457,-0.87309768
4689,E020-05,0.48709675,0.43288163,0.48709675,-0.590635,-1.1746157,-0.57001744
4690,E020-05,0.32490938,-0.24356444,-0.067831814,-0.011565435,-0.36698087,0.32490938
4691,E020-05,1.9052272,-0.98382616,-0.70653181,1.7378191,-0.24062284,1.9052272
4692,E020-05,2.2472973,-2.3648138,-2.179137,2.2450176,-0.56239776,2.2472973
4693,E020-05,-0.024805737,-1.0820366,-1.0584505,-1.0085782,-0.024805737,-0.79176699
4694,E020-05,-0.26192285,-0.37155713,-0.81549658,-0.26192285,-2.6048689,-0.58056661
4695,E020-05,1.3298026,-0.41670218,-0.17787403,-0.68560513,1.3298026,-1.0744021
4696,E020-05,1.1993782,-0.83411787,-0.56771528,0.13183535,1.1993782,0.40463909
4697,E020-05,0.38696057,-0.86879511,-0.77946476,0.38696057,0.033159658,0.10384944
4698,E020-05,1.5187253,-0.5293805,-0.59009173,1.276292,0.17990103,1.5187253
4699,E020-05,0.63304761,-2.4309212,-1.9984223,-0.91543436,0.63304761,-1.1079753
4700,E020-05,1.7216236,-1.0998879,-0.76679516,-1.7705592,1.7216236,-2.1410945
4701,E020-05,2.0623891,-0.59594874,0.031895059,-1.8377825,2.0623891,-0.90234835
4702,E020-05,0.89826348,-2.6678778,-2.3228755,-0.59918989,0.89826348,-0.48983537
4703,E020-05,-0.1977773,-0.1977773,-0.28728574,-4.0830242,-0.35361263,-4.4204723
4704,E020-05,-0.20969759,-1.5765425,-1.4883135,-0.6831209,-0.29919837,-0.20969759
4705,E020-05,-0.083727709,-0.083727709,-0.3047036,-0.085912207,-0.61977215,-0.49608139
4706,E020-05,-0.027233518,-1.1872199,-1.0823822,-0.29920994,-0.27376143,-0.027233518
4707,E020-05,-0.0040208414,-0.77313372,-0.53104694,-0.015794557,-0.97426908,-0.0040208414
4708,E020-05,0.9314441,-0.26053408,-0.5510686,0.74765642,-0.3286533,0.9314441
4709,E020-05,2.5057194,2.1988578,2.5057194,-0.53640907,0.32491437,-0.9672373
4710,E020-05,0.54978385,-0.55243756,-0.4858041,0.39560084,0.54978385,0.47883763
4711,E020-05,-0.68523365,-0.88629953,-0.68523365,-1.6492,-0.75319143,-0.73316398
4712,E020-05,-0.43327178,-1.0262596,-1.0776046,-0.43327178,-0.90999485,-0.83126633
4713,E020-05,0.21186978,-0.97221207,-1.239728,-3.0022378,0.21186978,-2.6230346
4714,E020-05,2.2768105,2.0991143,2.2768105,0.53957853,-0.22378923,0.64138494
4715,E020-05,0.80719678,-0.33157201,-0.11662852,-0.44921691,0.80719678,-0.4960926
4716,E020-05,0.94076185,0.94076185,0.87389121,-0.39904851,-0.010290186,0.36029419
4717,E020-05,3.0075648,-2.1191041,-1.3682773,1.113651,3.0075648,0.67127952
4718,E020-05,-0.76014075,-1.2771859,-1.4870995,-1.5704446,-1.185974,-0.76014075
4719,E020-05,1.1251461,-1.0823257,-1.1664117,0.88394293,-0.48336147,1.1251461
4720,E020-05,1.4396492,-1.3053677,-2.025164,1.4396492,-2.2956455,1.3436811
4721,E020-05,-1.1043384,-1.1043384,-1.3901984,-1.545371,-2.0879629,-1.3905603
4722,E020-05,0.17143832,-1.0573602,-1.1833337,0.11971983,-1.1734083,0.17143832
4723,E020-05,1.2886238,0.52517197,0.80071915,0.33352391,1.2886238,0.3191881
4724,E020-05,0.16483189,-0.43883406,-0.15219358,-0.9921694,0.16483189,-1.0514716
4725,E020-05,0.20649907,-0.35785932,-0.43040119,0.20649907,-0.93717797,0.062651412
4726,E020-05,0.014150418,-0.74346989,-0.8380023,0.014150418,-1.1891085,-0.17300261
4727,E020-05,1.137053,0.016020971,0.47685329,-0.31091846,1.137053,-0.41095523
4728,E020-05,1.3514208,-1.7085571,-1.7416457,1.3514208,-1.3858964,0.94991038
4729,E020-05,0.21394314,0.21394314,-0.04535844,0.0041473772,-1.6294565,0.18736154
4730,E020-05,1.293373,-1.124545,-1.1868118,1.293373,0.034394298,1.0250238
4731,E020-05,-0.29697792,-0.67175641,-0.5923008,-1.0199121,-0.29697792,-1.2479163
4732,E020-05,0.45664406,-1.6277758,-1.2613507,0.45146928,-0.64351016,0.45664406
4733,E020-05,0.64915025,0.52178609,0.64915025,0.489302,-0.12913809,0.58439306
4734,E020-05,1.5015462,0.9975432,1.2271703,1.5015462,0.20318367,1.2120198
4735,E020-05,-0.0072848809,-0.9140175,-0.94616243,-0.0072848809,-0.92322477,-0.13926765
4736,E020-05,1.5203691,0.27604199,0.63307978,1.1157164,1.3361252,1.5203691
4737,E020-05,2.0290745,-0.35866922,0.020082621,1.919899,0.25952107,2.0290745
4738,E020-05,-0.016160177,-0.043031006,-0.031897345,-0.016160177,-0.49776188,-0.11846077
4739,E020-05,1.001781,-0.74515824,-0.878059,0.87824164,-0.89797831,1.001781
4740,E020-05,0.83609284,-0.9369222,-0.67795852,0.35473682,0.83609284,0.20807617
4741,E020-05,1.207044,1.207044,1.1625295,0.22669793,-0.21254506,0.27696297
4742,E020-05,1.2125754,1.2125754,1.1901167,0.66829122,-1.0304231,0.59047539
4743,E020-05,0.10714942,-0.75351463,-0.48081604,-0.52897106,0.10714942,-1.0892504
4744,E020-05,0.64231683,0.60756607,0.38059949,0.64231683,-1.8934631,0.20586886
4745,E020-05,0.40297878,0.36743458,0.13485492,-0.36570036,0.40297878,-0.19570147
4746,E020-05,0.807639,-0.255359,0.085387471,0.069705801,0.807639,0.35676481
4747,E020-05,0.7225115,-2.5123221,-2.2950106,0.014311331,0.7225115,0.25035244
4748,E020-05,1.0489729,-0.23161058,-0.39567317,0.84137785,-0.18126714,1.0489729
4749,E020-05,-0.21885592,-0.21885592,-0.22917478,-1.6936658,-1.2997016,-1.5895997
4750,E020-05,0.61843951,-0.86236254,-0.47194179,0.38558182,-0.51366202,0.61843951
4751,E020-05,1.4951926,-1.247973,-1.0292999,0.96962695,-0.59291837,1.4951926
4752,E020-05,1.0021813,-1.0077167,-1.0205553,0.54526019,-0.34046197,1.0021813
4753,E020-05,1.2038502,-0.65799091,-0.86633633,0.9058394,-0.84983236,1.2038502
4754,E020-05,2.0050391,0.47687631,0.67160588,1.8293779,1.2737356,2.0050391
4755,E020-05,0.45578294,0.36528727,0.45578294,-0.76564492,-0.25616151,-0.092645386
4756,E020-05,0.72104646,-1.1135509,-0.97158,0.72104646,0.37987324,0.59397224
4757,E020-05,1.3351098,-2.4490641,-2.3268087,0.096560242,1.3351098,-0.13100867
4758,E020-05,1.801261,-0.73854602,-0.47210112,1.801261,0.66786192,1.383531
4759,E020-05,0.70935857,-2.5596908,-2.2651293,-0.69916773,0.70935857,-1.0824121
4760,E020-05,0.26835689,-2.7992364,-2.5502568,-0.9827725,0.26835689,-1.2430495
4761,E020-05,1.2817288,-1.3871092,-1.2282756,-1.7003041,1.2817288,-1.1199009
4762,E020-05,-1.1258134,-2.4696396,-2.8512892,-1.1258134,-1.3527259,-1.2487517
4763,E020-05,1.1105965,-0.60162227,-0.2289886,1.1105965,1.0434845,0.65918342
4764,E020-05,0.1392888,-0.73345509,-0.86603143,0.083525995,-1.0223791,0.1392888
4765,E020-05,1.6476234,-0.20238469,0.52840555,1.6476234,1.1842404,1.2947127
4766,E020-05,0.53527719,-1.2225013,-1.1810952,-1.178755,0.53527719,-0.67973177
4767,E020-05,-0.26955661,-1.3247555,-1.2313944,-0.84967537,-0.26955661,-0.77072079
4768,E020-05,-0.14280299,-0.61956331,-0.910944,-1.1077783,-0.22301295,-0.14280299
4769,E020-05,0.11684101,-0.54940854,-0.40931102,0.11684101,-0.34760265,-0.14105808
4770,E020-05,1.041527,1.0240908,1.041527,-0.31131299,0.74473568,-0.94137297
4771,E020-05,0.46686422,-1.3501902,-1.3467995,-3.1311217,0.46686422,-1.9594578
4772,E020-05,0.13054847,-0.24698267,-0.17218574,-0.91118257,0.13054847,-0.88327599
4773,E020-05,0.32854214,-1.0706149,-0.88684541,-0.58735056,0.32854214,-1.0219306
4774,E020-05,2.2122232,-1.2700882,-1.1355327,2.2122232,1.6284064,1.8870882
4775,E020-05,1.4544167,-1.1180448,-1.4686277,1.4544167,-0.33000749,1.3617469
4776,E020-05,0.90438708,0.90438708,0.89331005,-0.99107271,-0.13814973,-0.85185021
4777,E020-05,0.38389895,-3.4493172,-3.3599122,-0.087515111,-0.69424998,0.38389895
4778,E020-05,1.1569415,1.1569415,0.99169592,-0.83514235,0.073363223,-1.0677388
4779,E020-05,0.58079776,-0.96046914,-0.91559896,0.56716866,0.27917609,0.58079776
4780,E020-05,0.48630093,0.10062889,0.10306674,0.35733804,-0.46038752,0.48630093
4781,E020-05,1.0821823,0.92280779,1.0821823,0.61064189,0.20881043,0.48248508
4782,E020-05,1.2600021,1.2600021,1.1316886,0.54813541,-0.27768486,0.53155668
4783,E020-05,0.51957269,-0.53674918,-0.3395319,0.045452025,-0.43346933,0.51957269
4784,E020-05,0.014957102,-2.6920315,-3.2571275,-0.71357503,-1.1619236,0.014957102
4785,E020-05,1.1742417,-1.8072996,-1.9965076,1.1742417,-1.2643263,1.0571027
4786,E020-05,1.497971,-2.0972239,-2.0122118,1.497971,-0.19170078,1.2834704
4787,E020-05,1.4367542,0.66880262,0.69350039,1.0753408,-0.53887927,1.4367542
4788,E020-05,1.0185101,-1.2629942,-1.3799875,1.0185101,-1.1107391,0.11964939
4789,E020-05,0.25650546,0.19302056,-0.10779018,0.25650546,-1.6113831,0.01027756
4790,E020-05,0.14576971,-0.38683958,-0.68312809,-0.18586981,-1.8994277,0.14576971
4791,E020-05,1.5298544,-0.21752002,0.39291136,-0.45201118,1.5298544,0.019088867
4792,E020-05,1.0365133,0.80194281,1.0365133,-1.0868942,0.95475911,-0.92714975
4793,E020-05,1.380218,-0.02712042,0.0254047,1.1454826,-0.048828846,1.380218
4794,E020-05,-0.51680982,-1.391016,-1.4631429,-0.89403904,-0.51680982,-0.94211451
4795,E020-05,0.58782925,-1.4036742,-1.4802737,-0.93920639,0.58782925,-0.069366641
4796,E020-05,0.22960546,-2.0759137,-1.8808006,0.22960546,0.011810967,0.16672866
4797,E020-05,0.19765804,-0.02132244,0.05287531,-0.20887,-0.70505796,0.19765804
4798,E020-05,1.8617795,-0.10104227,-0.0594173,1.8617795,-0.61459829,1.7998403
4799,E020-05,1.3443868,0.32676737,0.66140231,-0.010307764,1.3443868,0.2393742
4800,E020-05,2.1596787,-2.0211934,-2.1819161,2.0589561,-1.2661216,2.1596787
4801,E020-05,-0.42093773,-1.8756272,-2.0484186,-0.49940188,-0.42093773,-0.85443069
4802,E020-05,-0.19817069,-0.46287575,-0.44768116,-0.26788751,-0.49133584,-0.19817069
4803,E020-05,1.3934056,1.3934056,1.2550493,-0.14437271,-0.9773586,-0.4037383
4804,E020-05,0.46680645,0.46680645,0.43218068,-0.43283856,-0.030514298,-0.31223623
4805,E020-05,1.4707835,-0.32178273,-0.75805247,1.4707835,-1.2808937,1.0311314
4806,E020-05,0.48919347,0.27938646,0.44177479,-1.5404037,0.48919347,-1.7201157
4807,E020-05,1.2950698,-0.82113467,-0.97596182,1.2009304,-1.5125557,1.2950698
4808,E020-05,1.8033102,-1.1358135,-0.75465643,-0.45781498,1.8033102,0.2454696
4809,E020-05,0.91205757,-1.320241,-1.1114654,0.64207691,-0.47752621,0.91205757
4810,E020-05,2.5637403,-0.29189077,-0.10730915,2.5637403,-0.18982458,1.8986954
4811,E020-05,0.13815062,-1.0071165,-1.2200457,-1.7220411,0.13815062,-1.2904598
4812,E020-05,0.94462858,-1.37389,-1.142216,-1.04363,0.94462858,-1.2676461
4813,E020-05,1.4757014,-0.17157011,0.083404245,1.4584336,0.16365427,1.4757014
4814,E020-05,0.37423477,-0.065822357,-0.1073532,0.26265398,-0.030057519,0.37423477
4815,E020-05,-0.48747524,-2.4688224,-2.4998047,-2.1101899,-0.48747524,-2.007219
4816,E020-05,1.4272815,-0.45619079,-0.46422629,1.0714114,-0.44047291,1.4272815
4817,E020-05,1.132224,-1.0567213,-0.74365071,1.132224,-0.24774547,0.47702639
4818,E020-05,0.36572715,-1.2620768,-1.3923824,-0.87869593,0.36572715,-0.88240956
4819,E020-05,1.1526242,0.36858951,0.51046448,-0.78127589,1.1526242,-0.83116263
4820,E020-05,1.1679046,1.0225623,1.1679046,0.10359822,-0.069328686,0.90997478
4821,E020-05,0.32389269,0.044851492,0.068500996,0.18121545,0.20297691,0.32389269
4822,E020-05,0.70417221,0.70417221,0.14651904,-1.0187381,-2.4425791,-0.57245472
4823,E020-05,1.7597323,0.63933737,0.98435056,1.7597323,1.0146669,1.2759412
4824,E020-05,0.70203545,-0.93217733,-0.76722347,-1.557327,0.70203545,-0.56066847
4825,E020-05,1.7490601,1.2954499,1.7490601,-2.2815698,1.5281467,-1.7234867
4826,E020-05,1.2668053,-1.4800927,-1.0650355,-0.91410542,1.2668053,-0.61301802
4827,E020-05,1.5394022,-0.90669977,-0.46774232,-0.48725253,1.5394022,-0.70318189
4828,E020-05,1.4748422,-0.96216883,-0.84126856,1.4748422,0.69705253,1.0835119
4829,E020-05,0.29412986,-1.6948077,-1.7500921,0.29412986,0.11975881,0.14902037
4830,E020-05,0.43883292,-1.3598869,-1.3506486,-0.30632963,0.43883292,-0.30852853
4831,E020-05,0.52101527,-1.2359429,-1.3425944,-0.14148774,0.52101527,-0.24861687
4832,E020-05,0.58206409,0.25797341,0.58206409,0.11076748,-0.5812168,-0.046793778
4833,E020-05,1.0632579,-0.26624573,-0.78698079,0.82683174,-2.6727334,1.0632579
4834,E020-05,0.1770172,-1.0119422,-0.88896831,-0.93816843,0.1770172,-0.43163745
4835,E020-05,1.1514243,-0.70875593,-0.7739653,0.94548733,-0.076758258,1.1514243
4836,E020-05,1.8887455,-2.1955346,-1.787586,0.70008338,1.8887455,0.60617956
4837,E020-05,-0.033166909,-1.644495,-1.7851865,-1.9521623,-0.033166909,-2.1781403
4838,E020-05,-0.24393211,-0.75985366,-0.98685068,-0.56346394,-1.7496166,-0.24393211
4839,E020-05,1.8510934,-0.12500284,0.24480806,-2.8822343,1.8510934,-2.3332465
4840,E020-05,1.023262,0.85131576,1.023262,-0.49212407,0.87250958,-0.70035563
4841,E020-05,1.8294877,-1.4537625,-1.8416426,1.6595899,-1.0214957,1.8294877
4842,E020-05,0.29174582,-0.34763049,-0.12912663,-2.2248204,0.29174582,-1.7072289
4843,E020-05,1.3521873,-1.001622,-0.65927716,1.1537016,1.3521873,0.97438839
4844,E020-05,0.47384906,-0.59691914,-0.57034408,-1.4877345,0.47384906,-1.766239
4845,E020-05,0.93021119,0.85441624,0.93021119,-0.71762795,0.91020314,-0.15099639
4846,E020-05,0.84600856,-0.24483514,-0.42068969,0.49202263,-1.2247932,0.84600856
4847,E020-05,1.3865159,1.1978939,1.3865159,0.23153376,0.096203807,-0.18364653
4848,E020-05,1.43405,0.13825353,-0.19807173,1.0416867,-2.7228015,1.43405
4849,E020-05,0.19761282,-0.68923858,-0.46583085,-0.42606977,0.19761282,-0.18097818
4850,E020-05,0.64977842,-0.47834059,-0.58236512,0.64977842,-0.76549915,0.41493563
4851,E020-05,0.089691656,-1.0320515,-0.64355309,0.089691656,-0.24653018,-0.52868322
4852,E020-05,1.6545824,-2.6538087,-2.5096322,1.6545824,0.67136223,1.5202884
4853,E020-05,1.2099489,-0.9258536,-1.082249,1.2099489,-1.1305747,1.041302
4854,E020-05,1.1575926,0.42130907,0.35929582,0.83687605,-0.81890344,1.1575926
4855,E020-05,0.14689063,-0.91981763,-0.97444249,-0.01496958,-0.67404653,0.14689063
4856,E020-05,1.0069642,-0.79527019,-0.58915994,1.0069642,0.51989367,0.97703772
4857,E020-05,1.0410146,-1.7847663,-1.6933768,0.3554331,1.0410146,0.36349945
4858,E020-05,1.0866265,-1.1066915,-1.7050514,1.0866265,-2.6702338,0.93583517
4859,E020-05,0.38198505,0.38198505,0.29702776,-3.1300194,-1.2538713,-3.1496261
4860,E020-05,0.95704654,-0.52804628,-0.44823902,0.63817372,0.078059078,0.95704654
4861,E020-05,1.485837,0.17341857,0.39598054,0.36891608,1.485837,1.0016843
4862,E020-05,0.42516222,-1.1418879,-1.2771444,-0.26904931,0.42516222,-0.37198039
4863,E020-05,-0.0083590845,-1.4263323,-1.3080136,-0.057900025,-0.11330562,-0.0083590845
4864,E020-05,0.28363656,-0.92353268,-0.70081623,-0.40305262,0.28363656,-0.41503808
4865,E020-05,0.56777744,-0.35058989,-0.14295133,-1.3383236,0.56777744,-1.5228345
4866,E020-05,0.81522354,0.33574269,-0.12236782,0.48323356,-1.8580236,0.81522354
4867,E020-05,0.57255291,-0.1013107,0.35046254,0.34632218,0.50362042,0.57255291
4868,E020-05,0.99334173,0.62139757,0.5553765,0.25383371,0.97280525,0.99334173
4869,E020-05,0.30477732,-0.64598126,-0.59489386,0.30477732,-1.9509346,-0.26967679
4870,E020-05,0.039991781,-0.060197503,-0.26267445,-0.5092805,-1.4831363,0.039991781
4871,E020-05,0.29458692,0.29458692,0.11800614,0.2798892,-0.72369343,0.13124676
4872,E020-05,0.23107995,-0.8398242,-0.73249321,0.23107995,-0.72574822,-0.66608994
4873,E020-05,4.2506758,0.7101333,0.78902891,4.2506758,0.72543243,3.2871202
4874,E020-05,0.58463588,-0.098529702,0.19401815,-0.5576194,0.58463588,-0.7651656
4875,E020-05,-0.15925305,-0.62463847,-0.86970714,-0.3365209,-0.94630418,-0.15925305
4876,E020-05,-0.0048964278,-1.3856244,-1.602671,-0.16935223,-1.2005758,-0.0048964278
4877,E020-05,-1.0812892,-2.16396,-2.0657044,-1.7238854,-1.0812892,-2.235715
4878,E020-05,0.12564407,-0.19378103,-0.26561112,-1.4973443,0.12564407,-0.65785326
4879,E020-05,-0.27388475,-0.27388475,-0.42275954,-1.2210522,-0.91894276,-0.47505801
4880,E020-05,0.076371584,-0.91052268,-1.1072276,0.054510997,-0.4245493,0.076371584
4881,E020-05,1.2968258,-1.1225139,-0.84070011,1.2968258,0.91178055,1.0335919
4882,E020-05,-0.24889073,-1.5607499,-1.4519324,-1.9979201,-0.24889073,-1.3604893
4883,E020-05,2.3062663,-0.49539029,-0.30891316,2.3062663,0.093051139,2.117495
4884,E020-05,-0.0045427096,-1.0142225,-1.1150826,-0.0045427096,-0.69490005,-0.27063303
4885,E020-05,0.92666071,-0.35102716,-0.34018396,0.53305409,0.92666071,0.69601564
4886,E020-05,0.7095304,-0.47246744,-0.70829719,0.43303479,-1.3973127,0.7095304
4887,E020-05,0.27923223,-0.42927096,-0.40713952,-1.4018785,0.27923223,-1.5169991
4888,E020-05,0.40134291,0.19627145,0.40134291,0.11331837,-0.088583104,-0.12130126
4889,E020-05,1.492329,-0.45361434,-0.30171143,1.376134,0.090477797,1.492329
4890,E020-05,1.8419132,-0.09703269,-0.25315644,1.8419132,-0.86781273,1.6513096
4891,E020-05,0.90774234,-1.5196706,-1.7055836,0.90774234,-1.1907904,-0.0035422843
4892,E020-05,0.62878195,-1.1142401,-1.4051315,0.21242162,-0.77991429,0.62878195
4893,E020-05,0.34517625,-0.96440055,-0.81021256,-0.68273203,0.34517625,-0.95954792
4894,E020-05,1.8331179,-0.069990973,-0.099521903,1.8331179,-0.77079999,1.6623272
4895,E020-05,0.028257014,0.028257014,-0.43657515,-0.89512924,-2.1463057,-0.73183621
4896,E020-05,1.0691852,-0.98703997,-0.94632684,0.40515416,0.97464501,1.0691852
4897,E020-05,2.3778895,-1.1965587,-0.89012644,1.7518741,1.1410635,2.3778895
4898,E020-05,2.4379265,-1.7624399,-1.5135014,2.4379265,0.08813236,2.419507
4899,E020-05,-0.79914102,-0.79914102,-0.92584705,-1.6769121,-0.8025326,-1.2793965
4900,E020-05,0.52673712,0.40336652,0.52673712,-0.8915866,0.52653021,-0.29482849
4901,E020-05,1.6242581,-0.053810656,-0.009363193,1.3325028,0.078781939,1.6242581
4902,E020-05,0.34115001,-0.045807242,-0.087626829,0.10695477,-0.13085917,0.34115001
4903,E020-05,0.18238449,-1.1539332,-1.1422881,-0.17041185,-0.041644187,0.18238449
4904,E020-05,0.48352687,-2.4875551,-2.0325465,0.44548834,-0.046908966,0.48352687
4905,E020-05,-0.43000121,-1.0645106,-1.5416353,-0.57683431,-0.63291652,-0.43000121
4906,E020-05,0.63250579,-0.84629005,-0.51963145,0.12517844,-0.40923499,0.63250579
4907,E020-05,0.0089149203,-0.428303,-0.52454496,-1.4082008,0.0089149203,-0.80797092
4908,E020-05,0.58568442,-0.083785602,0.065481274,-0.54873833,0.58568442,-0.29878931
4909,E020-05,-0.40796015,-0.40796015,-0.69387482,-1.7788808,-1.2370942,-1.3146534
4910,E020-05,1.776849,-0.90755955,-0.53824043,-0.32918163,1.776849,-0.59448716
4911,E020-05,1.276815,-0.8284817,-0.7983675,0.65760676,-0.73285812,1.276815
4912,E020-05,0.47805799,-0.074161,0.14195296,-1.6876376,0.47805799,-0.79090669
4913,E020-05,0.011216904,-0.79189224,-0.45065948,-1.179164,0.011216904,-1.9095173
4914,E020-05,1.5701337,-0.6990769,-0.28441616,-0.11583646,1.5701337,-0.33994113
4915,E020-05,0.51318823,0.30324716,0.31911112,-0.87242002,0.51318823,-0.43201259
4916,E020-05,-0.25641073,-0.52444512,-0.34261427,-0.82718276,-0.25641073,-0.97298507
4917,E020-05,0.94118139,-0.58047247,-0.2818374,0.94118139,0.90059963,0.73171638
4918,E020-05,0.85471891,0.57808366,0.029029397,0.67139038,-2.9346582,0.85471891
4919,E020-05,-0.48228007,-0.69563927,-0.48228007,-1.0769314,-0.78737639,-1.2400699
4920,E020-05,1.4604507,-0.14652304,-0.201321,0.90822694,-1.2884467,1.4604507
4921,E020-05,0.4611912,0.32096061,0.44480112,-0.84363194,0.4611912,-0.044821126
4922,E020-05,1.0472232,-0.38307782,-0.59339929,1.0472232,-0.31243,0.7316885
4923,E020-05,2.700348,-0.99433596,-0.35002335,0.38387269,2.700348,0.50071031
4924,E020-05,-0.060782633,-1.1532425,-1.1405579,-0.37171952,-0.060782633,-0.11693278
4925,E020-05,2.5627694,-0.34433325,-0.012623801,0.034728248,2.5627694,-0.40129652
4926,E020-05,1.4922188,-0.77926467,-0.50765367,-0.2860394,1.4922188,-0.30364659
4927,E020-05,0.44025246,-1.1672677,-0.85359391,0.44025246,0.26984601,0.41468791
4928,E020-05,0.10357096,-2.7517623,-3.0808,0.10357096,-2.0795306,-0.17962996
4929,E020-05,0.57238809,0.15028592,0.43135176,0.22441091,0.57238809,0.4464016
4930,E020-05,-1.0458633,-1.1080087,-1.1153949,-1.8951817,-1.0458633,-1.1427554
4931,E020-05,0.5580115,0.5580115,0.49942571,-0.11827174,-0.30791563,-0.20328831
4932,E020-05,0.67361853,0.46865038,0.67361853,-0.31083368,-0.39612923,-0.46749498
4933,E020-05,1.7121758,-1.5881242,-0.97110962,-0.32072323,1.7121758,-0.1043373
4934,E020-05,-0.79481796,-1.4896385,-1.6343114,-0.79481796,-1.3347229,-0.8519784
4935,E020-05,1.4764981,-1.4122751,-1.0513377,-0.29765639,1.4764981,-0.21760793
4936,E020-05,-0.044887734,-2.0434956,-1.7416376,-0.044887734,-0.52079977,-0.74093512
4937,E020-05,0.79927021,0.064741904,0.04318061,-0.57421811,0.79927021,-0.47830332
4938,E020-05,0.50123619,0.50123619,0.025900395,-2.050482,-1.227276,-2.2830138
4939,E020-05,1.2510524,-0.27152219,-0.34453468,0.91184359,-1.0068449,1.2510524
4940,E020-05,0.75431968,-0.66271131,-0.078466712,-0.73376454,0.75431968,-0.80848445
4941,E020-05,2.6848963,-1.4298468,-1.3765335,2.4970696,-0.042153493,2.6848963
4942,E020-05,-0.14525669,-0.1617476,-0.37999594,-1.4697398,-0.14525669,-1.4391435
4943,E020-05,0.83321513,-0.38043066,-0.24572121,-0.84585393,0.83321513,-0.71250756
4944,E020-05,-0.21181772,-0.75982818,-1.1142853,-0.29865629,-0.58703439,-0.21181772
4945,E020-05,0.96257947,-1.1802057,-0.77953616,-0.45537955,0.96257947,0.22740629
4946,E020-05,2.1376087,-0.50792388,-0.23155411,2.1376087,1.5206764,2.1115503
4947,E020-05,0.80518379,-0.46487105,-0.44555367,0.80518379,0.15635708,0.6084157
4948,E020-05,0.78106922,-1.9011108,-1.8569339,-0.53985819,0.78106922,0.11890605
4949,E020-05,0.35889276,-2.161924,-1.8309208,0.33668049,0.22854278,0.35889276
4950,E020-05,-0.12087087,-0.26139119,-0.12087087,-0.76045562,-0.46030369,-0.66883527
4951,E020-05,1.139332,0.88934428,1.0173485,-0.33378499,1.139332,0.32109963
4952,E020-05,0.63876395,-1.3130405,-1.0320581,-0.55168606,0.63876395,-0.089425948
4953,E020-05,-0.2923856,-0.2923856,-0.55995764,-1.3076373,-0.70290836,-0.66186276
4954,E020-05,0.063430946,-1.9253091,-2.3341277,-0.6770526,-1.632141,0.063430946
4955,E020-05,-0.081615403,-0.52238657,-0.51901036,-0.17928755,-0.69637593,-0.081615403
4956,E020-05,1.3434481,-0.61033111,-0.10135577,-1.1616916,1.3434481,-0.66619288
4957,E020-05,0.2560252,0.18713304,-0.15122799,-0.31550824,-0.9518906,0.2560252
4958,E020-05,0.94695368,0.69899172,0.87016133,0.56840693,0.58133953,0.94695368
4959,E020-05,-0.040184809,-0.070892383,-0.040184809,-1.6451776,-0.25016779,-1.8726908
4960,E020-05,1.2817264,-2.0922856,-1.9881488,1.2817264,-0.42776522,1.0778692
4961,E020-05,0.83187511,0.83187511,0.50692888,-0.43108543,-1.3550014,-0.1903984
4962,E020-05,0.29949641,-0.2508882,-0.19031542,-0.33679397,0.29949641,0.11534936
4963,E020-05,-0.35551213,-2.3728056,-2.4229856,-0.46011059,-0.35551213,-0.77733099
4964,E020-05,0.96333947,-1.0355039,-0.74724828,0.69239671,0.68085069,0.96333947
4965,E020-05,0.32862982,0.31266783,0.32862982,-1.1789713,-0.42925975,-0.58363176
4966,E020-05,-0.072636997,-0.072636997,-0.13786255,-1.5279867,-1.6984135,-1.3022995
4967,E020-05,1.4706535,1.2907601,1.4706535,0.046457611,0.85700436,0.2577445
4968,E020-05,0.33582497,-1.4679848,-1.4716617,0.33582497,-0.81626527,0.28587167
4969,E020-05,0.65237257,-0.38396772,-0.52686865,0.47462641,-2.408866,0.65237257
4970,E020-05,1.4400873,-1.8233551,-1.7006992,0.66477326,1.4400873,0.58757504
4971,E020-05,0.92057213,0.86142223,0.92057213,0.30995472,0.43907556,0.88888352
4972,E020-05,0.14362998,-1.6442666,-1.8070741,-0.16328715,-0.095164644,0.14362998
4973,E020-05,2.0847918,-1.3435375,-1.0150609,1.5670335,1.7569438,2.0847918
4974,E020-05,0.023226857,-1.0683878,-1.0196759,-0.92403735,0.023226857,-0.72223336
4975,E020-05,0.071167157,-0.56715331,-0.68247456,-0.36355188,0.036362886,0.071167157
4976,E020-05,-0.69884074,-1.6739708,-2.0878124,-0.88693512,-1.7369623,-0.69884074
4977,E020-05,2.3205884,-0.52293026,0.00056076964,-0.27645096,2.3205884,0.052970952
4978,E020-05,-0.41108107,-0.41108107,-0.52113236,-1.6792352,-0.87204877,-1.0846664
4979,E020-05,1.7488646,1.7488646,1.462932,0.41891931,0.50951914,0.36352454
4980,E020-05,0.76347811,-0.78294985,-0.56089245,0.29729341,0.63683383,0.76347811
4981,E020-05,1.6116558,1.0766298,0.92196789,1.517928,-0.81441422,1.6116558
4982,E020-05,0.83232571,-2.0366557,-1.9232911,0.83232571,-0.077368094,0.48392132
4983,E020-05,1.1224289,-1.5823088,-1.055279,0.40719456,1.1224289,0.74156508
4984,E020-05,0.68153917,0.68153917,0.62513197,-1.1986414,-0.67502215,-0.67259122
4985,E020-05,1.73347,-1.5266765,-1.8109096,1.5480671,-2.2349261,1.73347
4986,E020-05,0.46181791,0.32114999,0.46181791,-0.29316622,0.21625567,-0.32343205
4987,E020-05,1.4300521,1.1032149,1.4300521,0.23373595,0.9432085,0.51695392
4988,E020-05,0.32027779,-1.7509456,-1.8877605,-0.14823189,0.32027779,0.074794672
4989,E020-05,1.0604611,-1.0796769,-0.39082379,-0.2775446,1.0604611,-0.21979167
4990,E020-05,0.99864308,0.99864308,0.46811433,-1.1216347,-1.8624134,-0.82969269
4991,E020-05,-0.34428001,-0.60842592,-0.60278591,-0.88969757,-0.34428001,-0.91513895
4992,E020-05,0.76445898,-0.70012026,-0.73590526,0.066502064,-0.61195921,0.76445898
4993,E020-05,-0.31402736,-1.8161059,-1.9982558,-0.34939289,-0.94625377,-0.31402736
4994,E020-05,0.41457593,-1.1363629,-1.3353695,0.31046594,-1.6899454,0.41457593
4995,E020-05,1.114123,1.114123,0.81436531,-0.35381668,-1.1268402,-0.39214325
4996,E020-05,2.7896081,0.35847832,0.89664748,2.5466702,1.3057578,2.7896081
4997,E020-05,0.97846516,0.89247876,0.97846516,-0.88532745,0.73859413,-1.0950992
4998,E020-05,1.798379,-0.55664935,-0.50417037,-0.27594117,1.798379,-0.017661507
4999,E020-05,1.3880273,-3.0267248,-2.7535152,0.9832385,0.47384885,1.3880273
5000,E020-05,-0.19836333,-0.19836333,-0.44775251,-1.3976059,-0.77585921,-1.425025
